{"received packets":237,"IAT_Mean":0.008429349253662932,"IAT_Std":0.005817023563126856,"IAT_Max":0.018125439077266493,"IAT_Min":0.0001629999933356885,"received_addresses":15,"max_pkt_from_sameId":22,"has_attacker":1}
{"received packets":436,"IAT_Mean":0.004582017160961903,"IAT_Std":0.003999033141117233,"IAT_Max":0.018125473263353343,"IAT_Min":0.00028001169994240627,"received_addresses":14,"max_pkt_from_sameId":186,"has_attacker":1}
{"received packets":640,"IAT_Mean":0.0031214946264469746,"IAT_Std":0.0019340036472667035,"IAT_Max":0.008750142817007145,"IAT_Min":0.00010649232717696577,"received_addresses":16,"max_pkt_from_sameId":380,"has_attacker":1}
{"received packets":630,"IAT_Mean":0.0031710515578327305,"IAT_Std":0.0020832728140699186,"IAT_Max":0.00876305639030761,"IAT_Min":0.00011657103095785715,"received_addresses":15,"max_pkt_from_sameId":376,"has_attacker":1}
{"received packets":464,"IAT_Mean":0.004305507941949302,"IAT_Std":0.004002046221672472,"IAT_Max":0.018131273005565164,"IAT_Min":0.00010948883937089704,"received_addresses":15,"max_pkt_from_sameId":194,"has_attacker":1}
{"received packets":281,"IAT_Mean":0.00710945823002767,"IAT_Std":0.006030718074971294,"IAT_Max":0.018131272998289206,"IAT_Min":0.0001629999933356885,"received_addresses":16,"max_pkt_from_sameId":20,"has_attacker":1}
{"received packets":674,"IAT_Mean":0.0029640252581647358,"IAT_Std":0.0019223784825878222,"IAT_Max":0.01251413176942151,"IAT_Min":0.0001644001495151315,"received_addresses":17,"max_pkt_from_sameId":375,"has_attacker":1}
{"received packets":534,"IAT_Mean":0.0037411195482102844,"IAT_Std":0.0037567603609343837,"IAT_Max":0.018131090102542659,"IAT_Min":0.00011303259088890627,"received_addresses":19,"max_pkt_from_sameId":195,"has_attacker":1}
{"received packets":374,"IAT_Mean":0.0053416150632380689,"IAT_Std":0.005908130378019826,"IAT_Max":0.01813109009890468,"IAT_Min":0.0001530529189039953,"received_addresses":18,"max_pkt_from_sameId":32,"has_attacker":1}
{"received packets":300,"IAT_Mean":0.006659202677037683,"IAT_Std":0.006406012088430276,"IAT_Max":0.018131272900063779,"IAT_Min":0.00016438464808743447,"received_addresses":15,"max_pkt_from_sameId":20,"has_attacker":0}
