{"received packets":460,"IAT_Mean":0.004344591496579676,"IAT_Std":0.0046378043235803909,"IAT_Max":0.02238010030851001,"IAT_Min":0.00016300231800414622,"received_addresses":23,"max_pkt_from_sameId":20,"has_attacker":0}
{"received packets":465,"IAT_Mean":0.004297893156520635,"IAT_Std":0.0046112844322040769,"IAT_Max":0.022380149901437109,"IAT_Min":0.00016300057177431881,"received_addresses":24,"max_pkt_from_sameId":20,"has_attacker":0}
{"received packets":490,"IAT_Mean":0.004078616095381332,"IAT_Std":0.003929092102072788,"IAT_Max":0.022380174494173845,"IAT_Min":0.0001630000042496249,"received_addresses":26,"max_pkt_from_sameId":20,"has_attacker":0}
{"received packets":530,"IAT_Mean":0.003770785695739488,"IAT_Std":0.0029811560239527809,"IAT_Max":0.01312400188180618,"IAT_Min":0.00016304297969327308,"received_addresses":27,"max_pkt_from_sameId":20,"has_attacker":0}
{"received packets":569,"IAT_Mean":0.003512321964841754,"IAT_Std":0.0029458486544852678,"IAT_Max":0.013124003300617915,"IAT_Min":0.0001631058839848265,"received_addresses":29,"max_pkt_from_sameId":20,"has_attacker":0}
{"received packets":551,"IAT_Mean":0.003627070427950467,"IAT_Std":0.0030310225619105777,"IAT_Max":0.013124014712957433,"IAT_Min":0.0001631236846151296,"received_addresses":29,"max_pkt_from_sameId":20,"has_attacker":0}
{"received packets":540,"IAT_Mean":0.0037009579181930924,"IAT_Std":0.0030289348411091114,"IAT_Max":0.013124280991178239,"IAT_Min":0.00016315092943841591,"received_addresses":27,"max_pkt_from_sameId":20,"has_attacker":0}
{"received packets":1653,"IAT_Mean":0.001209260434192505,"IAT_Std":0.001761189536316329,"IAT_Max":0.013124464858265128,"IAT_Min":0.00016300001516356133,"received_addresses":28,"max_pkt_from_sameId":208,"has_attacker":1}
{"received packets":2785,"IAT_Mean":0.0007177440048999774,"IAT_Std":0.0006745293234726603,"IAT_Max":0.0023860632281866858,"IAT_Min":0.00016300001516356133,"received_addresses":26,"max_pkt_from_sameId":400,"has_attacker":1}
{"received packets":832,"IAT_Mean":0.0024020656039126086,"IAT_Std":0.0018809992432900392,"IAT_Max":0.005287905518343905,"IAT_Min":0.00015135776629904285,"received_addresses":21,"max_pkt_from_sameId":367,"has_attacker":1}
{"received packets":548,"IAT_Mean":0.003645545714915612,"IAT_Std":0.0031501005494472377,"IAT_Max":0.02820089664965053,"IAT_Min":0.00016342771777999587,"received_addresses":17,"max_pkt_from_sameId":200,"has_attacker":1}
{"received packets":620,"IAT_Mean":0.003222201964995146,"IAT_Std":0.0018141890803760094,"IAT_Max":0.0057281732333649419,"IAT_Min":0.0001634338805160951,"received_addresses":14,"max_pkt_from_sameId":381,"has_attacker":1}
{"received packets":621,"IAT_Mean":0.00321700302162128,"IAT_Std":0.0043877420355495229,"IAT_Max":0.030165373365889537,"IAT_Min":0.00015285703557310626,"received_addresses":15,"max_pkt_from_sameId":144,"has_attacker":1}
{"received packets":449,"IAT_Mean":0.0044493631769268169,"IAT_Std":0.004942887496827225,"IAT_Max":0.025003371498314665,"IAT_Min":0.00015561549298581667,"received_addresses":16,"max_pkt_from_sameId":79,"has_attacker":1}
