{"received packets":317,"IAT_Mean":0.006302099121313183,"IAT_Std":0.056494871810503988,"IAT_Max":1.0101191132380337,"IAT_Min":0.0002800116744765546,"received_addresses":15,"max_pkt_from_sameId":189,"has_attacker":1}
{"received packets":568,"IAT_Mean":0.0035171811730795295,"IAT_Std":0.004492364738964977,"IAT_Max":0.03016537335133762,"IAT_Min":0.00015611124763381667,"received_addresses":16,"max_pkt_from_sameId":146,"has_attacker":1}
{"received packets":453,"IAT_Mean":0.004410074869104033,"IAT_Std":0.0046248218638040628,"IAT_Max":0.02500336824232363,"IAT_Min":0.00015549098679912277,"received_addresses":16,"max_pkt_from_sameId":79,"has_attacker":1}
{"received packets":198,"IAT_Mean":0.010089658791030437,"IAT_Std":0.009491604595122914,"IAT_Max":0.03523664977183216,"IAT_Min":0.00016300001516356133,"received_addresses":12,"max_pkt_from_sameId":20,"has_attacker":1}
{"received packets":579,"IAT_Mean":0.0034503558504867485,"IAT_Std":0.0016824128450178074,"IAT_Max":0.006354076263960451,"IAT_Min":0.00027996794233331457,"received_addresses":12,"max_pkt_from_sameId":379,"has_attacker":1}
{"received packets":594,"IAT_Mean":0.003363232264556469,"IAT_Std":0.0027242084121298058,"IAT_Max":0.01825822166938451,"IAT_Min":0.0001160479587269947,"received_addresses":13,"max_pkt_from_sameId":191,"has_attacker":1}
{"received packets":678,"IAT_Mean":0.0029465450087544518,"IAT_Std":0.003001747592984037,"IAT_Max":0.023257301563717193,"IAT_Min":0.00010697035395423882,"received_addresses":14,"max_pkt_from_sameId":274,"has_attacker":1}
{"received packets":504,"IAT_Mean":0.003963795210236438,"IAT_Std":0.0027690445530401338,"IAT_Max":0.017956259067432258,"IAT_Min":0.0002745207129919436,"received_addresses":16,"max_pkt_from_sameId":252,"has_attacker":1}
{"received packets":312,"IAT_Mean":0.006401949413441635,"IAT_Std":0.009373414184089851,"IAT_Max":0.04440396848440287,"IAT_Min":0.00011012727918568999,"received_addresses":15,"max_pkt_from_sameId":125,"has_attacker":1}
{"received packets":130,"IAT_Mean":0.01536466964378353,"IAT_Std":0.015185214254835909,"IAT_Max":0.04441677748400252,"IAT_Min":0.001710000531602418,"received_addresses":7,"max_pkt_from_sameId":20,"has_attacker":1}
{"received packets":502,"IAT_Mean":0.003978889878131138,"IAT_Std":0.004449823373568005,"IAT_Max":0.017132522549218267,"IAT_Min":0.0001511076116003096,"received_addresses":8,"max_pkt_from_sameId":192,"has_attacker":1}
{"received packets":492,"IAT_Mean":0.0040550963484917699,"IAT_Std":0.0030157184435931729,"IAT_Max":0.01713161318548373,"IAT_Min":0.00010710714923334308,"received_addresses":9,"max_pkt_from_sameId":187,"has_attacker":1}
{"received packets":3,"IAT_Mean":0.001702705338781622,"IAT_Std":0.00132609313454747,"IAT_Max":0.0033610000791668428,"IAT_Min":0.00011505390284582973,"received_addresses":2,"max_pkt_from_sameId":2,"has_attacker":1}
{"received packets":10,"IAT_Mean":0.19974081285472496,"IAT_Std":0.2992222245191446,"IAT_Max":1.097407486377051,"IAT_Min":0.09999563306337223,"received_addresses":1,"max_pkt_from_sameId":10,"has_attacker":0}
{"received packets":9,"IAT_Mean":0.21149738373666575,"IAT_Std":0.3153630851246672,"IAT_Max":1.1034788877732354,"IAT_Min":0.09998832073324593,"received_addresses":1,"max_pkt_from_sameId":9,"has_attacker":0}
{"received packets":286,"IAT_Mean":0.006975937888169315,"IAT_Std":0.0071604310743843429,"IAT_Max":0.0316407593418262,"IAT_Min":0.0002800212641886901,"received_addresses":7,"max_pkt_from_sameId":186,"has_attacker":1}
{"received packets":480,"IAT_Mean":0.004156482797331288,"IAT_Std":0.0018862709479438194,"IAT_Max":0.008759446896874579,"IAT_Min":0.00010562932220636867,"received_addresses":6,"max_pkt_from_sameId":380,"has_attacker":1}
{"received packets":288,"IAT_Mean":0.006936672109772089,"IAT_Std":0.0067560681788397989,"IAT_Max":0.02631819327143603,"IAT_Min":0.00011572461880859919,"received_addresses":14,"max_pkt_from_sameId":66,"has_attacker":1}
{"received packets":352,"IAT_Mean":0.0056754397682487419,"IAT_Std":0.005451195079887219,"IAT_Max":0.018131205408280949,"IAT_Min":0.00016315991524606943,"received_addresses":17,"max_pkt_from_sameId":31,"has_attacker":1}
{"received packets":362,"IAT_Mean":0.005518665562452731,"IAT_Std":0.005575233413784069,"IAT_Max":0.018131194370653249,"IAT_Min":0.00016300909919664264,"received_addresses":20,"max_pkt_from_sameId":20,"has_attacker":1}
{"received packets":735,"IAT_Mean":0.0027180302015238058,"IAT_Std":0.0020482399574865966,"IAT_Max":0.012514422487583943,"IAT_Min":0.00016300088100251742,"received_addresses":19,"max_pkt_from_sameId":375,"has_attacker":1}
{"received packets":622,"IAT_Mean":0.0032118279812324097,"IAT_Std":0.003441867593086723,"IAT_Max":0.01813099997161771,"IAT_Min":0.00011237656872253865,"received_addresses":21,"max_pkt_from_sameId":195,"has_attacker":1}
{"received packets":560,"IAT_Mean":0.003567434416981996,"IAT_Std":0.00457314556296788,"IAT_Max":0.018130999935237925,"IAT_Min":0.00016300001152558252,"received_addresses":19,"max_pkt_from_sameId":158,"has_attacker":1}
{"received packets":350,"IAT_Mean":0.005707886092526938,"IAT_Std":0.0060257646189231868,"IAT_Max":0.018131182721845108,"IAT_Min":0.00016300003699143417,"received_addresses":19,"max_pkt_from_sameId":20,"has_attacker":1}
