{"received packets":540,"IAT_Mean":0.003700949413164549,"IAT_Std":0.0037107441754308226,"IAT_Max":0.016355427043890815,"IAT_Min":0.00016300120842061006,"received_addresses":27,"max_pkt_from_sameId":20,"has_attacker":0}
{"received packets":540,"IAT_Mean":0.0037009646532708388,"IAT_Std":0.0037107391570087436,"IAT_Max":0.016352156868379099,"IAT_Min":0.00016300141578540206,"received_addresses":27,"max_pkt_from_sameId":20,"has_attacker":0}
{"received packets":560,"IAT_Mean":0.0035687901678621918,"IAT_Std":0.003322844724320934,"IAT_Max":0.016355822699551937,"IAT_Min":0.0001630057959118858,"received_addresses":29,"max_pkt_from_sameId":20,"has_attacker":0}
{"received packets":580,"IAT_Mean":0.003445719061741768,"IAT_Std":0.0029104390802422756,"IAT_Max":0.013124004639394116,"IAT_Min":0.00016307031910400838,"received_addresses":29,"max_pkt_from_sameId":20,"has_attacker":0}
{"received packets":590,"IAT_Mean":0.003387308283265033,"IAT_Std":0.002836355773221325,"IAT_Max":0.01312400542155956,"IAT_Min":0.00016334245810867287,"received_addresses":30,"max_pkt_from_sameId":20,"has_attacker":0}
{"received packets":610,"IAT_Mean":0.003276256665192138,"IAT_Std":0.0027609252631434816,"IAT_Max":0.013124017328664195,"IAT_Min":0.0001636731503822375,"received_addresses":31,"max_pkt_from_sameId":20,"has_attacker":0}
{"received packets":610,"IAT_Mean":0.0032762591844507145,"IAT_Std":0.002800626397486853,"IAT_Max":0.013124286590027623,"IAT_Min":0.00016401795801357366,"received_addresses":31,"max_pkt_from_sameId":20,"has_attacker":0}
{"received packets":1851,"IAT_Mean":0.0010799072748628083,"IAT_Std":0.0016343760213311924,"IAT_Max":0.013124477565725102,"IAT_Min":0.0001630000042496249,"received_addresses":30,"max_pkt_from_sameId":209,"has_attacker":1}
{"received packets":3163,"IAT_Mean":0.0006319690105905583,"IAT_Std":0.0006354781640381552,"IAT_Max":0.0032250668336928358,"IAT_Min":0.00016300047354889102,"received_addresses":27,"max_pkt_from_sameId":400,"has_attacker":1}
{"received packets":803,"IAT_Mean":0.0024888164008774616,"IAT_Std":0.003232749282354325,"IAT_Max":0.022435455735831057,"IAT_Min":0.00015253877063514665,"received_addresses":24,"max_pkt_from_sameId":272,"has_attacker":1}
{"received packets":461,"IAT_Mean":0.004333531415359727,"IAT_Std":0.006771405870315128,"IAT_Max":0.03266615801840089,"IAT_Min":0.00010845479482668452,"received_addresses":20,"max_pkt_from_sameId":80,"has_attacker":1}
{"received packets":334,"IAT_Mean":0.005981329545511744,"IAT_Std":0.00739474884627751,"IAT_Max":0.03266615801840089,"IAT_Min":0.000722000484529417,"received_addresses":18,"max_pkt_from_sameId":20,"has_attacker":1}
{"received packets":807,"IAT_Mean":0.002475536119830923,"IAT_Std":0.003066900409247375,"IAT_Max":0.029305034327990144,"IAT_Min":0.00015293468823074363,"received_addresses":20,"max_pkt_from_sameId":304,"has_attacker":1}
{"received packets":664,"IAT_Mean":0.003008678845250311,"IAT_Std":0.0032242233613457716,"IAT_Max":0.019307102520542686,"IAT_Min":0.00015297389836632647,"received_addresses":22,"max_pkt_from_sameId":159,"has_attacker":1}
{"received packets":523,"IAT_Mean":0.003819792293285707,"IAT_Std":0.0028633781581218636,"IAT_Max":0.01267728305538185,"IAT_Min":0.00016300239076372236,"received_addresses":18,"max_pkt_from_sameId":221,"has_attacker":1}
{"received packets":290,"IAT_Mean":0.006888810536186392,"IAT_Std":0.00610656712749715,"IAT_Max":0.022733158017217649,"IAT_Min":0.0009172374629997648,"received_addresses":15,"max_pkt_from_sameId":20,"has_attacker":0}
{"received packets":513,"IAT_Mean":0.0038942672023930355,"IAT_Std":0.004541538617278569,"IAT_Max":0.022733158017217649,"IAT_Min":0.00015599979815306142,"received_addresses":17,"max_pkt_from_sameId":143,"has_attacker":1}
{"received packets":853,"IAT_Mean":0.0023420360121448964,"IAT_Std":0.0023837543727228194,"IAT_Max":0.014543473273079144,"IAT_Min":0.00015599979815306142,"received_addresses":19,"max_pkt_from_sameId":316,"has_attacker":1}
{"received packets":572,"IAT_Mean":0.0034925735680527059,"IAT_Std":0.002357816547059089,"IAT_Max":0.00999809007771546,"IAT_Min":0.00016308816702803597,"received_addresses":19,"max_pkt_from_sameId":260,"has_attacker":1}
{"received packets":448,"IAT_Mean":0.004459270460236959,"IAT_Std":0.004113033927080098,"IAT_Max":0.017968937896512217,"IAT_Min":0.00011211948003619909,"received_addresses":18,"max_pkt_from_sameId":131,"has_attacker":1}
{"received packets":309,"IAT_Mean":0.006465217724467348,"IAT_Std":0.0057033177862052439,"IAT_Max":0.017968849217140816,"IAT_Min":0.00016323471936630085,"received_addresses":16,"max_pkt_from_sameId":20,"has_attacker":1}
{"received packets":765,"IAT_Mean":0.002611449891802158,"IAT_Std":0.0022631584186970576,"IAT_Max":0.0103300738192047,"IAT_Min":0.00015547124712611549,"received_addresses":18,"max_pkt_from_sameId":244,"has_attacker":1}
{"received packets":682,"IAT_Mean":0.002929261400446658,"IAT_Std":0.002288481075963624,"IAT_Max":0.010011090074840468,"IAT_Min":0.00015599979815306142,"received_addresses":21,"max_pkt_from_sameId":134,"has_attacker":1}
{"received packets":567,"IAT_Mean":0.0035233800629129415,"IAT_Std":0.00238324105976725,"IAT_Max":0.010011090078478447,"IAT_Min":0.00011631365487119183,"received_addresses":18,"max_pkt_from_sameId":239,"has_attacker":1}
{"received packets":302,"IAT_Mean":0.0066151104363008019,"IAT_Std":0.00599752003786216,"IAT_Max":0.0179683482638211,"IAT_Min":0.00011653422188828699,"received_addresses":17,"max_pkt_from_sameId":20,"has_attacker":1}
{"received packets":431,"IAT_Mean":0.004635155077604604,"IAT_Std":0.004806520826860554,"IAT_Max":0.017968609594390729,"IAT_Min":0.0001630738188396208,"received_addresses":17,"max_pkt_from_sameId":143,"has_attacker":1}
{"received packets":688,"IAT_Mean":0.002903709615640214,"IAT_Std":0.0024430097676571887,"IAT_Max":0.015537042589130579,"IAT_Min":0.0001630738188396208,"received_addresses":18,"max_pkt_from_sameId":317,"has_attacker":1}
{"received packets":597,"IAT_Mean":0.0033463223938131317,"IAT_Std":0.0026715004752340227,"IAT_Max":0.00999809007771546,"IAT_Min":0.00016308816339005716,"received_addresses":19,"max_pkt_from_sameId":282,"has_attacker":1}
{"received packets":469,"IAT_Mean":0.004259612546936271,"IAT_Std":0.004067381704780293,"IAT_Max":0.01796204004858737,"IAT_Min":0.0001145076603279449,"received_addresses":19,"max_pkt_from_sameId":136,"has_attacker":1}
{"received packets":368,"IAT_Mean":0.005428683347843063,"IAT_Std":0.0054038878371570919,"IAT_Max":0.01796204004858737,"IAT_Min":0.0001630011320230551,"received_addresses":20,"max_pkt_from_sameId":20,"has_attacker":1}
{"received packets":659,"IAT_Mean":0.003031504551693426,"IAT_Std":0.003511601933061831,"IAT_Max":0.015329073827160756,"IAT_Min":0.00016300111383316107,"received_addresses":21,"max_pkt_from_sameId":215,"has_attacker":1}
{"received packets":622,"IAT_Mean":0.0032118244580780399,"IAT_Std":0.003474301528217014,"IAT_Max":0.015536637303739554,"IAT_Min":0.00016300111019518226,"received_addresses":22,"max_pkt_from_sameId":137,"has_attacker":1}
{"received packets":640,"IAT_Mean":0.0031214952898437787,"IAT_Std":0.002710257276898778,"IAT_Max":0.01252726072925725,"IAT_Min":0.00011485147479106672,"received_addresses":20,"max_pkt_from_sameId":279,"has_attacker":1}
{"received packets":353,"IAT_Mean":0.005659354921173032,"IAT_Std":0.005701152568618981,"IAT_Max":0.01813104005123023,"IAT_Min":0.00011702405026881024,"received_addresses":19,"max_pkt_from_sameId":20,"has_attacker":1}
{"received packets":458,"IAT_Mean":0.004361915083989826,"IAT_Std":0.004929260496325309,"IAT_Max":0.018131040043954273,"IAT_Min":0.0001630011865927372,"received_addresses":19,"max_pkt_from_sameId":96,"has_attacker":1}
{"received packets":584,"IAT_Mean":0.0034208275752860897,"IAT_Std":0.004078335229009103,"IAT_Max":0.017955118826648687,"IAT_Min":0.0001630011793167796,"received_addresses":18,"max_pkt_from_sameId":201,"has_attacker":1}
{"received packets":617,"IAT_Mean":0.0032378607349611017,"IAT_Std":0.0025400461821335396,"IAT_Max":0.01252725157974055,