{"received packets":20,"IAT_Mean":0.0954212145321435,"IAT_Std":0.0199593126649037,"IAT_Max":0.10001078522327589,"IAT_Min":0.008420590944297146,"received_addresses":1,"max_pkt_from_sameId":20,"has_attacker":0}
{"received packets":60,"IAT_Mean":0.03326371527855372,"IAT_Std":0.03321745039627319,"IAT_Max":0.0874157446269237,"IAT_Min":0.004574827660690062,"received_addresses":4,"max_pkt_from_sameId":20,"has_attacker":0}
{"received packets":30,"IAT_Mean":0.06614500728768083,"IAT_Std":0.03249418100890933,"IAT_Max":0.10001048891354003,"IAT_Min":0.00842195428776904,"received_addresses":2,"max_pkt_from_sameId":20,"has_attacker":0}
{"received packets":40,"IAT_Mean":0.04875616483323029,"IAT_Std":0.019334186354746514,"IAT_Max":0.07451752350607421,"IAT_Min":0.008423862087511225,"received_addresses":3,"max_pkt_from_sameId":20,"has_attacker":0}
{"received packets":70,"IAT_Mean":0.027959036009789479,"IAT_Std":0.01868650682271323,"IAT_Max":0.08547968280618079,"IAT_Min":0.004831463476875797,"received_addresses":7,"max_pkt_from_sameId":20,"has_attacker":0}
{"received packets":80,"IAT_Mean":0.02446420974129069,"IAT_Std":0.0169234211862439,"IAT_Max":0.046352496447070738,"IAT_Min":0.00347167600193643,"received_addresses":5,"max_pkt_from_sameId":20,"has_attacker":0}
{"received packets":90,"IAT_Mean":0.02213559543698567,"IAT_Std":0.016646862816365683,"IAT_Max":0.04635026142204879,"IAT_Min":0.003476275745924795,"received_addresses":6,"max_pkt_from_sameId":20,"has_attacker":0}
{"received packets":106,"IAT_Mean":0.018372417641176244,"IAT_Std":0.016949809945190805,"IAT_Max":0.05615526238761959,"IAT_Min":0.0029038326829322615,"received_addresses":6,"max_pkt_from_sameId":20,"has_attacker":1}
{"received packets":260,"IAT_Mean":0.007681296574558544,"IAT_Std":0.010721280721053916,"IAT_Max":0.05615759647480445,"IAT_Min":0.00016300068091368303,"received_addresses":7,"max_pkt_from_sameId":150,"has_attacker":1}
{"received packets":261,"IAT_Mean":0.007461605022441269,"IAT_Std":0.007399831012309127,"IAT_Max":0.04780499949629302,"IAT_Min":0.00016155433331732638,"received_addresses":10,"max_pkt_from_sameId":95,"has_attacker":1}
{"received packets":179,"IAT_Mean":0.010879767236819943,"IAT_Std":0.012404277693493954,"IAT_Max":0.055996475712163377,"IAT_Min":0.00011203136091353372,"received_addresses":9,"max_pkt_from_sameId":59,"has_attacker":1}
{"received packets":120,"IAT_Mean":0.016228990370291287,"IAT_Std":0.016445229884927419,"IAT_Max":0.05279181356308982,"IAT_Min":0.00026965175857185386,"received_addresses":7,"max_pkt_from_sameId":20,"has_attacker":1}
{"received packets":606,"IAT_Mean":0.00329226007377554,"IAT_Std":0.002149334537930279,"IAT_Max":0.014997544531070162,"IAT_Min":0.00011189786528120749,"received_addresses":6,"max_pkt_from_sameId":373,"has_attacker":1}
{"received packets":252,"IAT_Mean":0.007728065352629139,"IAT_Std":0.012253012908497089,"IAT_Max":0.05600514395337086,"IAT_Min":0.00010547486454015598,"received_addresses":5,"max_pkt_from_sameId":108,"has_attacker":1}
{"received packets":66,"IAT_Mean":0.029507097263734924,"IAT_Std":0.02082689113316159,"IAT_Max":0.05600529387083952,"IAT_Min":0.0018082192473229953,"received_addresses":4,"max_pkt_from_sameId":20,"has_attacker":1}
{"received packets":60,"IAT_Mean":0.03245779587929671,"IAT_Std":0.019589701673957597,"IAT_Max":0.056011832821241117,"IAT_Min":0.003473713280982338,"received_addresses":3,"max_pkt_from_sameId":20,"has_attacker":0}
{"received packets":320,"IAT_Mean":0.006235231740890868,"IAT_Std":0.011051775224667033,"IAT_Max":0.056001899945840708,"IAT_Min":0.00015595000149914995,"received_addresses":5,"max_pkt_from_sameId":142,"has_attacker":1}
{"received packets":674,"IAT_Mean":0.0029635211659116238,"IAT_Std":0.0028995087596485936,"IAT_Max":0.013125050230883062,"IAT_Min":0.00010689766349969432,"received_addresses":8,"max_pkt_from_sameId":294,"has_attacker":1}
{"received packets":143,"IAT_Mean":0.013967916507452402,"IAT_Std":0.016424450673391996,"IAT_Max":0.04441557652899064,"IAT_Min":0.00011131602514069527,"received_addresses":8,"max_pkt_from_sameId":22,"has_attacker":1}
{"received packets":140,"IAT_Mean":0.014267202613986488,"IAT_Std":0.016469336185707823,"IAT_Max":0.044415372587536697,"IAT_Min":0.0017100377262977418,"received_addresses":7,"max_pkt_from_sameId":20,"has_attacker":1}
{"received packets":150,"IAT_Mean":0.013316048628815528,"IAT_Std":0.01497343455063169,"IAT_Max":0.04441716627115966,"IAT_Min":0.0017100377262977418,"received_addresses":8,"max_pkt_from_sameId":20,"has_attacker":1}
{"received packets":592,"IAT_Mean":0.0033739916411955289,"IAT_Std":0.0031839279418311879,"IAT_Max":0.013120377629093128,"IAT_Min":0.00015132343105506152,"received_addresses":10,"max_pkt_from_sameId":240,"has_attacker":1}
{"received packets":393,"IAT_Mean":0.005082452024910294,"IAT_Std":0.006985994634831823,"IAT_Max":0.03849192436609883,"IAT_Min":0.00010699006452341564,"received_addresses":10,"max_pkt_from_sameId":131,"has_attacker":1}
{"received packets":119,"IAT_Mean":0.016784947083196886,"IAT_Std":0.015738779355648884,"IAT_Max":0.04994148622790817,"IAT_Min":0.0028228162627783606,"received_addresses":9,"max_pkt_from_sameId":20,"has_attacker":1}
{"received packets":666,"IAT_Mean":0.002999645708435886,"IAT_Std":0.0019403948925525075,"IAT_Max":0.008512438947946066,"IAT_Min":0.00016334323299815878,"received_addresses":16,"max_pkt_from_sameId":377,"has_attacker":1}
{"received packets":634,"IAT_Mean":0.0031504857205581166,"IAT_Std":0.0025992817598552259,"IAT_Max":0.015564545374218142,"IAT_Min":0.00011105198791483417,"received_addresses":18,"max_pkt_from_sameId":193,"has_attacker":1}
{"received packets":491,"IAT_Mean":0.0040680405766814749,"IAT_Std":0.0018680775522018254,"IAT_Max":0.014999366612755694,"IAT_Min":0.00016425555804744363,"received_addresses":9,"max_pkt_from_sameId":379,"has_attacker":1}
{"received packets":123,"IAT_Mean":0.016239066625168224,"IAT_Std":0.015785993932584207,"IAT_Max":0.049945227063290079,"IAT_Min":0.00010607103831716813,"received_addresses":7,"max_pkt_from_sameId":20,"has_attacker":1}
{"received packets":120,"IAT_Mean":0.01664502718388879,"IAT_Std":0.015780353320170104,"IAT_Max":0.0499400008302473,"IAT_Min":0.003477385558653623,"received_addresses":6,"max_pkt_from_sameId":20,"has_attacker":0}
{"received packets":91,"IAT_Mean":0.021950701116661,"IAT_Std":0.02631007197105013,"IAT_Max":0.07111734162390349,"IAT_Min":0.0011329372500767932,"received_addresses":6,"max_pkt_from_sameId":20,"has_attacker":1}
{"received packets":456,"IAT_Mean":0.004380550774959901,"IAT_Std":0.0013698685857759046,"IAT_Max":0.0177727795780811,"IAT_Min":0.0013203982853156049,"received_addresses":5,"max_pkt_from_sameId":376,"has_attacker":1}
{"received packets":274,"IAT_Mean":0.0072902784162526229,"IAT_Std":0.012701941586240847,"IAT_Max":0.07112136584692053,"IAT_Min":0.00011215413906029426,"received_addresses":5,"max_pkt_from_sameId":194,"has_attacker":1}
{"received packets":100,"IAT_Mean":0.019975597391821796,"IAT_Std":0.026118446513966215,"IAT_Max":0.07091783842042787,"IAT_Min":0.00016300252900691703,"received_addresses":5,"max_pkt_from_sameId":20,"has_attacker":0}
{"received packets":100,"IAT_Mean":0.019975454124905809,"IAT_Std":0.025452066217077877,"IAT_Max":0.0683170347729174,"IAT_Min":0.00016308292470057495,"received_addresses":5,"max_pkt_from_sameId":20,"has_attacker":0}
{"received packets":275,"IAT_Mean":0.007263126035527834,"IAT_Std":0.012503725416041055,"IAT_Max":0.06831040139877587,"IAT_Min":0.00016341754599125125,"received_addresses":6,"max_pkt_from_sameId":185,"has_attacker":1}
{"received packets":480,"IAT_Mean":0.004161152625965769,"IAT_Std":0.0013874457579646466,"IAT_Max":0.006333207020361442,"IAT_Min":0.0001097325948649086,"received_addresses":6,"max_pkt_from_sameId":380,"has_attacker":1}
{"received packets":105,"IAT_Mean":0.019022381120538783,"IAT_Std":0.013689808528850599,"IAT_Max":0.034837347786378817,"IAT_Min":0.000116378581878962,"received_addresses":6,"max_pkt_from_sameId":20,"has_attacker":1}
