{"received packets":480,"IAT_Mean":0.004163566770565315,"IAT_Std":0.004396625091510915,"IAT_Max":0.02238005312756286,"IAT_Min":0.00016305018289131112,"received_addresses":24,"max_pkt_from_sameId":20,"has_attacker":0}
{"received packets":500,"IAT_Mean":0.003997040528767684,"IAT_Std":0.00418647219652006,"IAT_Max":0.02238008133281255,"IAT_Min":0.00016305605458910577,"received_addresses":25,"max_pkt_from_sameId":20,"has_attacker":0}
{"received packets":539,"IAT_Mean":0.0037078326687473566,"IAT_Std":0.003540590659144161,"IAT_Max":0.02238009582652012,"IAT_Min":0.00016303106895065866,"received_addresses":29,"max_pkt_from_sameId":20,"has_attacker":0}
{"received packets":580,"IAT_Mean":0.003445717777798689,"IAT_Std":0.002817109500404364,"IAT_Max":0.013124002423865023,"IAT_Min":0.00016300001152558252,"received_addresses":30,"max_pkt_from_sameId":20,"has_attacker":0}
{"received packets":541,"IAT_Mean":0.003694105466485928,"IAT_Std":0.0027602293068299105,"IAT_Max":0.0131240029768378,"IAT_Min":0.0001630001024750527,"received_addresses":28,"max_pkt_from_sameId":20,"has_attacker":0}
{"received packets":520,"IAT_Mean":0.0038432993511168416,"IAT_Std":0.0028269987104859166,"IAT_Max":0.013124013192282291,"IAT_Min":0.0001630003025638871,"received_addresses":26,"max_pkt_from_sameId":20,"has_attacker":0}
{"received packets":540,"IAT_Mean":0.0037009576643497524,"IAT_Std":0.0028477595545697419,"IAT_Max":0.013124217715812847,"IAT_Min":0.00016300257266266271,"received_addresses":27,"max_pkt_from_sameId":20,"has_attacker":0}
{"received packets":1641,"IAT_Mean":0.0012181031900929233,"IAT_Std":0.001723336650832558,"IAT_Max":0.01312424484785879,"IAT_Min":0.00016300042625516653,"received_addresses":27,"max_pkt_from_sameId":207,"has_attacker":1}
{"received packets":2789,"IAT_Mean":0.0007167145465606987,"IAT_Std":0.0006832089784784173,"IAT_Max":0.002386058353295084,"IAT_Min":0.00016300018614856526,"received_addresses":27,"max_pkt_from_sameId":400,"has_attacker":1}
{"received packets":791,"IAT_Mean":0.0025265718975905615,"IAT_Std":0.0020607915373014528,"IAT_Max":0.014230318025511224,"IAT_Min":0.0001513563547632657,"received_addresses":20,"max_pkt_from_sameId":326,"has_attacker":1}
{"received packets":529,"IAT_Mean":0.0037764825439897595,"IAT_Std":0.004664363024123159,"IAT_Max":0.03320024718414061,"IAT_Min":0.0001630007209314499,"received_addresses":17,"max_pkt_from_sameId":200,"has_attacker":1}
