{"received packets":300,"IAT_Mean":0.006659879200584935,"IAT_Std":0.005442100685998641,"IAT_Max":0.018401238976366586,"IAT_Min":0.00016306342513416894,"received_addresses":15,"max_pkt_from_sameId":20,"has_attacker":0}
{"received packets":290,"IAT_Mean":0.0068895469548367368,"IAT_Std":0.005399220059074484,"IAT_Max":0.018402155532385224,"IAT_Min":0.0001631174200156238,"received_addresses":15,"max_pkt_from_sameId":20,"has_attacker":0}
{"received packets":250,"IAT_Mean":0.007991026000367129,"IAT_Std":0.005118762251776984,"IAT_Max":0.018610056013130817,"IAT_Min":0.001200590340886265,"received_addresses":13,"max_pkt_from_sameId":20,"has_attacker":0}
{"received packets":200,"IAT_Mean":0.009988799147740792,"IAT_Std":0.008262373456122316,"IAT_Max":0.02975974269429571,"IAT_Min":0.001207348828756949,"received_addresses":10,"max_pkt_from_sameId":20,"has_attacker":0}
{"received packets":150,"IAT_Mean":0.013318393111452073,"IAT_Std":0.007679866973872019,"IAT_Max":0.029759596451185645,"IAT_Min":0.0036996223643654959,"received_addresses":8,"max_pkt_from_sameId":20,"has_attacker":0}
{"received packets":168,"IAT_Mean":0.011891427665540548,"IAT_Std":0.007237997513139305,"IAT_Max":0.029759449640550885,"IAT_Min":0.0025940006162272768,"received_addresses":9,"max_pkt_from_sameId":20,"has_attacker":0}
{"received packets":190,"IAT_Mean":0.010514499958126658,"IAT_Std":0.008056292708862202,"IAT_Max":0.029767218104097993,"IAT_Min":0.0012031900987494737,"received_addresses":10,"max_pkt_from_sameId":20,"has_attacker":0}
{"received packets":566,"IAT_Mean":0.0035300357975380917,"IAT_Std":0.004769711079553882,"IAT_Max":0.027834752268972808,"IAT_Min":0.0002331790055905003,"received_addresses":10,"max_pkt_from_sameId":209,"has_attacker":1}
{"received packets":960,"IAT_Mean":0.0020812467194673445,"IAT_Std":0.0016340107990552352,"IAT_Max":0.004490008639550069,"IAT_Min":0.00023325213260250166,"received_addresses":10,"max_pkt_from_sameId":400,"has_attacker":1}
{"received packets":550,"IAT_Mean":0.003632283537854991,"IAT_Std":0.0017011132052084937,"IAT_Max":0.00516874601089512,"IAT_Min":0.0002712519017222803,"received_addresses":10,"max_pkt_from_sameId":380,"has_attacker":1}
{"received packets":530,"IAT_Mean":0.003769354655433178,"IAT_Std":0.0016989062160891183,"IAT_Max":0.005167463896214031,"IAT_Min":0.00010841012044693343,"received_addresses":9,"max_pkt_from_sameId":200,"has_attacker":1}
{"received packets":548,"IAT_Mean":0.0036455548372404118,"IAT_Std":0.0017139416648803614,"IAT_Max":0.007354050863796147,"IAT_Min":0.0002800218280754052,"received_addresses":10,"max_pkt_from_sameId":380,"has_attacker":1}
{"received packets":493,"IAT_Mean":0.004052246712071386,"IAT_Std":0.005107276899901039,"IAT_Max":0.023263133320142516,"IAT_Min":0.00015122353215701878,"received_addresses":9,"max_pkt_from_sameId":178,"has_attacker":1}
{"received packets":470,"IAT_Mean":0.004250559002893885,"IAT_Std":0.0044409629272842928,"IAT_Max":0.018121232627891005,"IAT_Min":0.00011764362352550961,"received_addresses":14,"max_pkt_from_sameId":93,"has_attacker":1}
{"received packets":355,"IAT_Mean":0.005627468582976472,"IAT_Std":0.004966141888151692,"IAT_Max":0.018123306090274128,"IAT_Min":0.00016302863878081553,"received_addresses":14,"max_pkt_from_sameId":119,"has_attacker":1}
{"received packets":621,"IAT_Mean":0.0032169968326167476,"IAT_Std":0.002089092101219528,"IAT_Max":0.009721060927404324,"IAT_Min":0.00016396268620155752,"received_addresses":15,"max_pkt_from_sameId":379,"has_attacker":1}
{"received packets":553,"IAT_Mean":0.0036125841815279129,"IAT_Std":0.0032260072831151065,"IAT_Max":0.014531846391037107,"IAT_Min":0.00011513450226630084,"received_addresses":15,"max_pkt_from_sameId":191,"has_attacker":1}
{"received packets":528,"IAT_Mean":0.0037836301059101199,"IAT_Std":0.003961765102978606,"IAT_Max":0.014543514465913177,"IAT_Min":0.00015148107195273042,"received_addresses":14,"max_pkt_from_sameId":153,"has_attacker":1}
{"received packets":253,"IAT_Mean":0.007896253195601165,"IAT_Std":0.005814823026775892,"IAT_Max":0.01812643040830153,"IAT_Min":0.0001630737642699387,"received_addresses":16,"max_pkt_from_sameId":20,"has_attacker":1}
{"received packets":468,"IAT_Mean":0.004268703298604924,"IAT_Std":0.0039686762352510889,"IAT_Max":0.017957544176169905,"IAT_Min":0.00016333524763467722,"received_addresses":15,"max_pkt_from_sameId":188,"has_attacker":1}
{"received packets":663,"IAT_Mean":0.003013200987049896,"IAT_Std":0.0017979837307555425,"IAT_Max":0.005012000001443084,"IAT_Min":0.00011324519437039271,"received_addresses":16,"max_pkt_from_sameId":380,"has_attacker":1}
{"received packets":539,"IAT_Mean":0.0037064177083159955,"IAT_Std":0.0038830811359382335,"IAT_Max":0.017461113955505426,"IAT_Min":0.00011235586498514749,"received_addresses":17,"max_pkt_from_sameId":129,"has_attacker":1}
{"received packets":445,"IAT_Mean":0.0044893398936223139,"IAT_Std":0.004657547735369006,"IAT_Max":0.01794456389689003,"IAT_Min":0.00015710850129835308,"received_addresses":16,"max_pkt_from_sameId":83,"has_attacker":1}
{"received packets":294,"IAT_Mean":0.006795090045008791,"IAT_Std":0.005774322484305138,"IAT_Max":0.017956668401893695,"IAT_Min":0.00016320107170031406,"received_addresses":16,"max_pkt_from_sameId":20,"has_attacker":1}
{"received packets":669,"IAT_Mean":0.002986193317369433,"IAT_Std":0.0018387420175109012,"IAT_Max":0.009826521447394044,"IAT_Min":0.00016320106806233525,"received_addresses":17,"max_pkt_from_sameId":377,"has_attacker":1}
{"received packets":539,"IAT_Mean":0.0037064040816757925,"IAT_Std":0.003197276998062442,"IAT_Max":0.015532975747191813,"IAT_Min":0.00011043076665373519,"received_addresses":19,"max_pkt_from_sameId":193,"has_attacker":1}
{"received packets":426,"IAT_Mean":0.004689559067056408,"IAT_Std":0.0041293641607539539,"IAT_Max":0.015536989056272433,"IAT_Min":0.00015708182763773948,"received_addresses":18,"max_pkt_from_sameId":72,"has_attacker":1}
{"received packets":317,"IAT_Mean":0.006302064401246787,"IAT_Std":0.00569324924975791,"IAT_Max":0.017962333262403264,"IAT_Min":0.00011220994929317385,"received_addresses":20,"max_pkt_from_sameId":20,"has_attacker":1}
{"received packets":529,"IAT_Mean":0.003776480587052876,"IAT_Std":0.003696001875083542,"IAT_Max":0.017962283760425636,"IAT_Min":0.00016310589126078412,"received_addresses":19,"max_pkt_from_sameId":186,"has_attacker":1}
{"received packets":748,"IAT_Mean":0.002670795994469607,"IAT_Std":0.0019539068548312858,"IAT_Max":0.00875021272804588,"IAT_Min":0.00010535214460105635,"received_addresses":21,"max_pkt_from_sameId":380,"has_attacker":1}
{"received packets":512,"IAT_Mean":0.0039018777371992998,"IAT_Std":0.0046314996718044,"IAT_Max":0.015537147570285015,"IAT_Min":0.00011554383672773838,"received_addresses":22,"max_pkt_from_sameId":74,"has_attacker":1}
{"received packets":474,"IAT_Mean":0.004214672396742783,"IAT_Std":0.004465607262064243,"IAT_Max":0.018131182765500854,"IAT_Min":0.00016300003335345536,"received_addresses":19,"max_pkt_from_sameId":103,"has_attacker":1}
{"received packets":332,"IAT_Mean":0.00601734025725139,"IAT_Std":0.005726946820369612,"IAT_Max":0.018131182736397024,"IAT_Min":0.00016300000788760372,"received_addresses":19,"max_pkt_from_sameId":20,"has_attacker":1}
{"received packets":705,"IAT_Mean":0.0028336912819858499,"IAT_Std":0.002027029076840711,"IAT_Max":0.012514754889707547,"IAT_Min":0.0001630000479053706,"received_addresses":18,"max_pkt_from_sameId":375,"has_attacker":1}
{"received packets":435,"IAT_Mean":0.004592545438258796,"IAT_Std":0.005194923959683679,"IAT_Max":0.030308858506032267,"IAT_Min":0.00011264191925874911,"received_addresses":14,"max_pkt_from_sameId":195,"has_attacker":1}
{"received packets":181,"IAT_Mean":0.011037367678311549,"IAT_Std":0.008359342763816003,"IAT_Max":0.030308858658827377,"IAT_Min":0.0017880175437312574,"received_addresses":10,"max_pkt_from_sameId":20,"has_attacker":0}
{"received packets":160,"IAT_Mean":0.012486002563355215,"IAT_Std":0.008007440041829286,"IAT_Max":0.03031000538248918,