{"received packets":30,"IAT_Mean":0.06657832709679497,"IAT_Std":0.17611938379772078,"IAT_Max":1.0119883158149606,"IAT_Min":0.014624725248722826,"received_addresses":3,"max_pkt_from_sameId":10,"has_attacker":0}
{"received packets":60,"IAT_Mean":0.03328930539519206,"IAT_Std":0.014532365633601139,"IAT_Max":0.04988243204570608,"IAT_Min":0.011988511294475757,"received_addresses":3,"max_pkt_from_sameId":20,"has_attacker":0}
{"received packets":60,"IAT_Mean":0.033289168147045227,"IAT_Std":0.014532259235154499,"IAT_Max":0.04988240536113153,"IAT_Min":0.01197849250456784,"received_addresses":3,"max_pkt_from_sameId":20,"has_attacker":0}
{"received packets":80,"IAT_Mean":0.02496913973614028,"IAT_Std":0.014607992517225641,"IAT_Max":0.04988231896641082,"IAT_Min":0.00016377416613977402,"received_addresses":5,"max_pkt_from_sameId":20,"has_attacker":0}
{"received packets":80,"IAT_Mean":0.024969199577799373,"IAT_Std":0.01910078666478136,"IAT_Max":0.04988232534378767,"IAT_Min":0.00016343328752554953,"received_addresses":4,"max_pkt_from_sameId":20,"has_attacker":0}
{"received packets":90,"IAT_Mean":0.021638624810212706,"IAT_Std":0.021205704859602927,"IAT_Max":0.06452030553191435,"IAT_Min":0.00016325994511134923,"received_addresses":7,"max_pkt_from_sameId":20,"has_attacker":1}
{"received packets":20,"IAT_Mean":0.09880601829790976,"IAT_Std":0.0052038212654127919,"IAT_Max":0.10001091727099265,"IAT_Min":0.07612309618707514,"received_addresses":1,"max_pkt_from_sameId":20,"has_attacker":0}
{"received packets":20,"IAT_Mean":0.09880599433290627,"IAT_Std":0.005204940174936526,"IAT_Max":0.10001026326790452,"IAT_Min":0.07611819690646371,"received_addresses":1,"max_pkt_from_sameId":20,"has_attacker":0}
{"received packets":30,"IAT_Mean":0.06602837762305475,"IAT_Std":0.04356264306905489,"IAT_Max":0.10001142718465417,"IAT_Min":0.004713601167168235,"received_addresses":2,"max_pkt_from_sameId":20,"has_attacker":0}
{"received packets":60,"IAT_Mean":0.033290132310139598,"IAT_Std":0.032351865228717368,"IAT_Max":0.07872904673422454,"IAT_Min":0.004713529735454358,"received_addresses":3,"max_pkt_from_sameId":20,"has_attacker":0}
