{"received packets":480,"IAT_Mean":0.004163566788762788,"IAT_Std":0.004394187106294005,"IAT_Max":0.02238005053368397,"IAT_Min":0.0001630473961995449,"received_addresses":24,"max_pkt_from_sameId":20,"has_attacker":0}
{"received packets":490,"IAT_Mean":0.004078612802951117,"IAT_Std":0.004289153476734778,"IAT_Max":0.02238008560379967,"IAT_Min":0.00016305108147207648,"received_addresses":25,"max_pkt_from_sameId":20,"has_attacker":0}
{"received packets":529,"IAT_Mean":0.0037779240313839718,"IAT_Std":0.0035457085758056315,"IAT_Max":0.02238009817301645,"IAT_Min":0.0001630253937037196,"received_addresses":29,"max_pkt_from_sameId":20,"has_attacker":0}
{"received packets":560,"IAT_Mean":0.003568779115039433,"IAT_Std":0.0028033724592259675,"IAT_Max":0.013124000473908382,"IAT_Min":0.0001630002043384593,"received_addresses":29,"max_pkt_from_sameId":20,"has_attacker":0}
{"received packets":541,"IAT_Mean":0.003694105459620168,"IAT_Std":0.0027567583312286278,"IAT_Max":0.013124000852258178,"IAT_Min":0.00016300086281262338,"received_addresses":28,"max_pkt_from_sameId":20,"has_attacker":0}
{"received packets":520,"IAT_Mean":0.0038432993118966316,"IAT_Std":0.002823491127809879,"IAT_Max":0.013124008750310168,"IAT_Min":0.0001630012338864617,"received_addresses":26,"max_pkt_from_sameId":20,"has_attacker":0}
{"received packets":540,"IAT_Mean":0.003700957576519512,"IAT_Std":0.002844453128649266,"IAT_Max":0.013124130906362553,"IAT_Min":0.0001630012302484829,"received_addresses":27,"max_pkt_from_sameId":20,"has_attacker":0}
{"received packets":1468,"IAT_Mean":0.0013616534952928253,"IAT_Std":0.0018621485584731865,"IAT_Max":0.013124140881700442,"IAT_Min":0.00016300059360219166,"received_addresses":28,"max_pkt_from_sameId":207,"has_attacker":1}
{"received packets":2411,"IAT_Mean":0.0008290820659435891,"IAT_Std":0.0009494701014217293,"IAT_Max":0.003227938144846121,"IAT_Min":0.00016300018251058646,"received_addresses":27,"max_pkt_from_sameId":400,"has_attacker":1}
{"received packets":710,"IAT_Mean":0.0028148145156079976,"IAT_Std":0.0031961883101730744,"IAT_Max":0.02243524746518233,"IAT_Min":0.00015135606736293994,"received_addresses":21,"max_pkt_from_sameId":226,"has_attacker":1}
{"received packets":549,"IAT_Mean":0.0036389058936077817,"IAT_Std":0.004624398294148924,"IAT_Max":0.033200251000380379,"IAT_Min":0.00016300009519909509,"received_addresses":18,"max_pkt_from_sameId":200,"has_attacker":1}
