{"received packets":238,"IAT_Mean":0.008397114224205608,"IAT_Std":0.007071441625726707,"IAT_Max":0.02310918578223209,"IAT_Min":0.0012029999816149939,"received_addresses":13,"max_pkt_from_sameId":20,"has_attacker":0}
{"received packets":320,"IAT_Mean":0.006245379031338416,"IAT_Std":0.006150207618131204,"IAT_Max":0.02254312865261454,"IAT_Min":0.0005660527967847884,"received_addresses":17,"max_pkt_from_sameId":20,"has_attacker":0}
{"received packets":241,"IAT_Mean":0.008281430249153496,"IAT_Std":0.007720614839336345,"IAT_Max":0.027219978255743628,"IAT_Min":0.0006845172720204573,"received_addresses":15,"max_pkt_from_sameId":20,"has_attacker":0}
{"received packets":181,"IAT_Mean":0.011026696109344626,"IAT_Std":0.01077444427165087,"IAT_Max":0.03869478332126164,"IAT_Min":0.000684671806084225,"received_addresses":12,"max_pkt_from_sameId":20,"has_attacker":0}
{"received packets":180,"IAT_Mean":0.010899802158686119,"IAT_Std":0.011348824829788562,"IAT_Max":0.04150764609221369,"IAT_Min":0.0030490137869492175,"received_addresses":10,"max_pkt_from_sameId":20,"has_attacker":0}
{"received packets":120,"IAT_Mean":0.01630947454920412,"IAT_Std":0.0170247136878904,"IAT_Max":0.04635266894183587,"IAT_Min":0.0030493182748614346,"received_addresses":7,"max_pkt_from_sameId":20,"has_attacker":0}
{"received packets":110,"IAT_Mean":0.0177920796401767,"IAT_Std":0.01747991121376009,"IAT_Max":0.04634929333769833,"IAT_Min":0.0030496666695398746,"received_addresses":7,"max_pkt_from_sameId":20,"has_attacker":0}
{"received packets":279,"IAT_Mean":0.007158163918985895,"IAT_Std":0.009692486223207869,"IAT_Max":0.046353670659300408,"IAT_Min":0.0003399701017769985,"received_addresses":5,"max_pkt_from_sameId":199,"has_attacker":1}
{"received packets":500,"IAT_Mean":0.003994274453827529,"IAT_Std":0.001648671992047774,"IAT_Max":0.0050481935031712059,"IAT_Min":0.0003400580426387023,"received_addresses":7,"max_pkt_from_sameId":400,"has_attacker":1}
{"received packets":273,"IAT_Mean":0.007308684487372122,"IAT_Std":0.007783946373764714,"IAT_Max":0.047791849756322338,"IAT_Min":0.0001521300400781911,"received_addresses":8,"max_pkt_from_sameId":111,"has_attacker":1}
{"received packets":206,"IAT_Mean":0.009453778661409868,"IAT_Std":0.01331301633496673,"IAT_Max":0.05599656258345931,"IAT_Min":0.00016259338008239865,"received_addresses":7,"max_pkt_from_sameId":83,"has_attacker":1}
{"received packets":97,"IAT_Mean":0.020077101412022515,"IAT_Std":0.01860255936768397,"IAT_Max":0.05264056482701562,"IAT_Min":0.0001626771227165591,"received_addresses":6,"max_pkt_from_sameId":20,"has_attacker":1}
{"received packets":660,"IAT_Mean":0.0030231422196238509,"IAT_Std":0.002734463752648017,"IAT_Max":0.019840038916299819,"IAT_Min":0.00011188923599547707,"received_addresses":9,"max_pkt_from_sameId":349,"has_attacker":1}
{"received packets":544,"IAT_Mean":0.003668808938454383,"IAT_Std":0.003488324239732908,"IAT_Max":0.020556506678985899,"IAT_Min":0.00010540079165366478,"received_addresses":14,"max_pkt_from_sameId":150,"has_attacker":1}
{"received packets":403,"IAT_Mean":0.004952440932146811,"IAT_Std":0.0035499639467261796,"IAT_Max":0.02072889689952717,"IAT_Min":0.0001632112544029951,"received_addresses":12,"max_pkt_from_sameId":221,"has_attacker":1}
{"received packets":560,"IAT_Mean":0.003563972110857451,"IAT_Std":0.0015721144273672524,"IAT_Max":0.005012000001443084,"IAT_Min":0.00028001231476082467,"received_addresses":11,"max_pkt_from_sameId":379,"has_attacker":1}
{"received packets":637,"IAT_Mean":0.0031331686050451274,"IAT_Std":0.002384736356443396,"IAT_Max":0.014531922068272252,"IAT_Min":0.00011577483383007348,"received_addresses":14,"max_pkt_from_sameId":191,"has_attacker":1}
{"received packets":744,"IAT_Mean":0.002684695080172601,"IAT_Std":0.0023961990190761348,"IAT_Max":0.014543592325935606,"IAT_Min":0.0001563618498039432,"received_addresses":14,"max_pkt_from_sameId":279,"has_attacker":1}
{"received packets":485,"IAT_Mean":0.004118375122445436,"IAT_Std":0.0027296439700243435,"IAT_Max":0.019693517591804267,"IAT_Min":0.00011144234304083511,"received_addresses":15,"max_pkt_from_sameId":252,"has_attacker":1}
{"received packets":539,"IAT_Mean":0.003705766678651212,"IAT_Std":0.002754057556913892,"IAT_Max":0.0247054369901889,"IAT_Min":0.00011018692021025345,"received_addresses":14,"max_pkt_from_sameId":188,"has_attacker":1}
{"received packets":612,"IAT_Mean":0.0032637372029010035,"IAT_Std":0.0016565965301022733,"IAT_Max":0.005299369327985914,"IAT_Min":0.00011388552593416534,"received_addresses":14,"max_pkt_from_sameId":380,"has_attacker":1}
{"received packets":687,"IAT_Mean":0.002907427839069633,"IAT_Std":0.0024940620847283135,"IAT_Max":0.01360748236766085,"IAT_Min":0.00011299620018689893,"received_addresses":16,"max_pkt_from_sameId":262,"has_attacker":1}
{"received packets":659,"IAT_Mean":0.003030961334803573,"IAT_Std":0.0026454255322338759,"IAT_Max":0.015009999999165303,"IAT_Min":0.00015603981591993943,"received_addresses":17,"max_pkt_from_sameId":157,"has_attacker":1}
{"received packets":524,"IAT_Mean":0.0038125137356931936,"IAT_Std":0.002918388042733664,"IAT_Max":0.015004946690169163,"IAT_Min":0.00011477214502519928,"received_addresses":18,"max_pkt_from_sameId":257,"has_attacker":1}
{"received packets":670,"IAT_Mean":0.0029817373924688856,"IAT_Std":0.0019680658791789344,"IAT_Max":0.009999602269090247,"IAT_Min":0.00010678913167794235,"received_addresses":16,"max_pkt_from_sameId":377,"has_attacker":1}
{"received packets":314,"IAT_Mean":0.006353860501890759,"IAT_Std":0.007812401766291637,"IAT_Max":0.04711609127843985,"IAT_Min":0.00011106243255198933,"received_addresses":10,"max_pkt_from_sameId":201,"has_attacker":1}
{"received packets":460,"IAT_Mean":0.00433720151585199,"IAT_Std":0.0019936929589154529,"IAT_Max":0.014999367009295384,"IAT_Min":0.00011261079635005444,"received_addresses":6,"max_pkt_from_sameId":380,"has_attacker":1}
{"received packets":469,"IAT_Mean":0.004253967249894322,"IAT_Std":0.0013238048060819415,"IAT_Max":0.011132547740999144,"IAT_Min":0.000106247236544732,"received_addresses":7,"max_pkt_from_sameId":376,"has_attacker":1}
{"received packets":304,"IAT_Mean":0.0065702577163799448,"IAT_Std":0.006703576957171269,"IAT_Max":0.034405744590912949,"IAT_Min":0.00011668687511701137,"received_addresses":7,"max_pkt_from_sameId":194,"has_attacker":1}
{"received packets":121,"IAT_Mean":0.01650837982213654,"IAT_Std":0.011312204107197705,"IAT_Max":0.03440555314227822,"IAT_Min":0.00016398767184000462,"received_addresses":8,"max_pkt_from_sameId":20,"has_attacker":1}
{"received packets":80,"IAT_Mean":0.02496913890754513,"IAT_Std":0.01877863718463352,"IAT_Max":0.049960148167883747,"IAT_Min":0.0001637747736822348,"received_addresses":4,"max_pkt_from_sameId":20,"has_attacker":0}
{"received packets":90,"IAT_Mean":0.022194845068467356,"IAT_Std":0.018400233370354514,"IAT_Max":0.04996015294454992,"IAT_Min":0.00016343335300916806,"received_addresses":5,"max_pkt_from_sameId":20,"has_attacker":0}
{"received packets":80,"IAT_Mean":0.0249694915965847,"IAT_Std":0.01877821675341241,"IAT_Max":0.04996015126744169,"IAT_Min":0.0001630927981750574,"received_addresses":4,"max_pkt_from_sameId":20,"has_attacker":0}
{"received packets":60,"IAT_Mean":0.03329241357071926,"IAT_Std":0.02341478449192135,"IAT_Max":0.0499601550072839,"IAT_Min":0.00016300181596307084,"received_addresses":3,"max_pkt_from_sameId":20,"has_attacker":0}
