{"received packets":40,"IAT_Mean":0.04986460536447339,"IAT_Std":0.028367918394528497,"IAT_Max":0.07822758241673,"IAT_Min":0.0163675553885696,"received_addresses":2,"max_pkt_from_sameId":20,"has_attacker":0}
{"received packets":40,"IAT_Mean":0.04986441727196507,"IAT_Std":0.028365347956177637,"IAT_Max":0.07822376390322461,"IAT_Min":0.016360925055778354,"received_addresses":2,"max_pkt_from_sameId":20,"has_attacker":0}
{"received packets":40,"IAT_Mean":0.04986457484928906,"IAT_Std":0.02836571915399716,"IAT_Max":0.07822204074909678,"IAT_Min":0.016365511175536086,"received_addresses":2,"max_pkt_from_sameId":20,"has_attacker":0}
{"received packets":40,"IAT_Mean":0.04986461074195177,"IAT_Std":0.02836720769005351,"IAT_Max":0.07822759340706398,"IAT_Min":0.016367722335417058,"received_addresses":2,"max_pkt_from_sameId":20,"has_attacker":0}
{"received packets":40,"IAT_Mean":0.04986437812476652,"IAT_Std":0.028362556665006049,"IAT_Max":0.0782196131440287,"IAT_Min":0.016364746134058806,"received_addresses":2,"max_pkt_from_sameId":20,"has_attacker":0}
{"received packets":40,"IAT_Mean":0.04986459310912324,"IAT_Std":0.028366056779737547,"IAT_Max":0.0782225289804046,"IAT_Min":0.01636511059041368,"received_addresses":2,"max_pkt_from_sameId":20,"has_attacker":0}
{"received packets":40,"IAT_Mean":0.049864532189712918,"IAT_Std":0.028369997624234489,"IAT_Max":0.07822362236765912,"IAT_Min":0.01636396717367461,"received_addresses":2,"max_pkt_from_sameId":20,"has_attacker":0}
{"received packets":59,"IAT_Mean":0.033806523839734457,"IAT_Std":0.025679117464845789,"IAT_Max":0.07823024913159316,"IAT_Min":0.0065285255514027089,"received_addresses":4,"max_pkt_from_sameId":20,"has_attacker":0}
{"received packets":459,"IAT_Mean":0.004348196158016812,"IAT_Std":0.002620246988860316,"IAT_Max":0.010011090071202489,"IAT_Min":0.00028003599436488,"received_addresses":11,"max_pkt_from_sameId":188,"has_attacker":1}
{"received packets":645,"IAT_Mean":0.003097290272013169,"IAT_Std":0.00171746062314848,"IAT_Max":0.005012000161514152,"IAT_Min":0.00011333924339851364,"received_addresses":16,"max_pkt_from_sameId":380,"has_attacker":1}
{"received packets":630,"IAT_Mean":0.0031710462012958329,"IAT_Std":0.0025806097027776849,"IAT_Max":0.012677178190642735,"IAT_Min":0.00011239565719733946,"received_addresses":19,"max_pkt_from_sameId":111,"has_attacker":1}
{"received packets":478,"IAT_Mean":0.004179406306309327,"IAT_Std":0.0038471207114842318,"IAT_Max":0.015529625285125804,"IAT_Min":0.00016318502093781717,"received_addresses":18,"max_pkt_from_sameId":68,"has_attacker":1}
{"received packets":337,"IAT_Mean":0.0059280606378882,"IAT_Std":0.00491807987116099,"IAT_Max":0.015528782558249077,"IAT_Min":0.00040267841177410446,"received_addresses":18,"max_pkt_from_sameId":20,"has_attacker":1}
{"received packets":687,"IAT_Mean":0.0029079523887276415,"IAT_Std":0.0017580945084894888,"IAT_Max":0.006358005604852224,"IAT_Min":0.0002800075089908205,"received_addresses":17,"max_pkt_from_sameId":377,"has_attacker":1}
{"received packets":514,"IAT_Mean":0.0038866765922358295,"IAT_Std":0.0032192041919544939,"IAT_Max":0.015523948386544362,"IAT_Min":0.00011046041254303418,"received_addresses":18,"max_pkt_from_sameId":193,"has_attacker":1}
{"received packets":416,"IAT_Mean":0.004802288806034154,"IAT_Std":0.004148049729295127,"IAT_Max":0.015537013474386186,"IAT_Min":0.0001571009706822224,"received_addresses":18,"max_pkt_from_sameId":72,"has_attacker":1}
{"received packets":306,"IAT_Mean":0.006528609315864742,"IAT_Std":0.005676326156439853,"IAT_Max":0.018125370868801839,"IAT_Min":0.00011220304440939799,"received_addresses":19,"max_pkt_from_sameId":20,"has_attacker":1}
{"received packets":450,"IAT_Mean":0.0044394629795715448,"IAT_Std":0.003966328709353752,"IAT_Max":0.018125418060662925,"IAT_Min":0.00028002128601656295,"received_addresses":17,"max_pkt_from_sameId":186,"has_attacker":1}
{"received packets":506,"IAT_Mean":0.003942908547226403,"IAT_Std":0.0020329191438973818,"IAT_Max":0.008759450131037739,"IAT_Min":0.00010544289398239926,"received_addresses":8,"max_pkt_from_sameId":380,"has_attacker":1}
{"received packets":94,"IAT_Mean":0.0210029901198605,"IAT_Std":0.021004021746688373,"IAT_Max":0.057930208145990039,"IAT_Min":0.00011570636706892401,"received_addresses":6,"max_pkt_from_sameId":20,"has_attacker":1}
{"received packets":80,"IAT_Mean":0.02467855707941453,"IAT_Std":0.02104330517116747,"IAT_Max":0.05792641217703931,"IAT_Min":0.0035171342169633137,"received_addresses":5,"max_pkt_from_sameId":20,"has_attacker":1}
{"received packets":51,"IAT_Mean":0.038711505659282958,"IAT_Std":0.02446590707719317,"IAT_Max":0.06798709423674154,"IAT_Min":0.0035170872070011684,"received_addresses":3,"max_pkt_from_sameId":20,"has_attacker":0}
{"received packets":21,"IAT_Mean":0.09401344359814955,"IAT_Std":0.020761129789013047,"IAT_Max":0.10000626974579063,"IAT_Min":0.006306558236246929,"received_addresses":2,"max_pkt_from_sameId":20,"has_attacker":0}
{"received packets":40,"IAT_Mean":0.049357067612982068,"IAT_Std":0.004243967355500173,"IAT_Max":0.05217133223050041,"IAT_Min":0.02644050905655604,"received_addresses":2,"max_pkt_from_sameId":20,"has_attacker":0}
{"received packets":20,"IAT_Mean":0.09871373851510726,"IAT_Std":0.0056038516556829258,"IAT_Max":0.1000092487083748,"IAT_Min":0.07428712355977041,"received_addresses":1,"max_pkt_from_sameId":20,"has_attacker":0}
{"received packets":20,"IAT_Mean":0.09871400064403133,"IAT_Std":0.005605645308386682,"IAT_Max":0.10001023605582304,"IAT_Min":0.07427956717947382,"received_addresses":1,"max_pkt_from_sameId":20,"has_attacker":0}
