{"received packets":480,"IAT_Mean":0.0041635667689054879,"IAT_Std":0.004671850815358466,"IAT_Max":0.02238006441257312,"IAT_Min":0.00016304654127452523,"received_addresses":24,"max_pkt_from_sameId":20,"has_attacker":0}
{"received packets":500,"IAT_Mean":0.003997040524351177,"IAT_Std":0.004463439891156991,"IAT_Max":0.0223800856329035,"IAT_Min":0.00016305585450027138,"received_addresses":25,"max_pkt_from_sameId":20,"has_attacker":0}
{"received packets":539,"IAT_Mean":0.0037078326630845287,"IAT_Std":0.003827847995964784,"IAT_Max":0.02238009899156168,"IAT_Min":0.00016303761731251143,"received_addresses":29,"max_pkt_from_sameId":20,"has_attacker":0}
{"received packets":590,"IAT_Mean":0.003387315771088667,"IAT_Std":0.0030917329758034567,"IAT_Max":0.013124006105499575,"IAT_Min":0.00016300079005304724,"received_addresses":30,"max_pkt_from_sameId":20,"has_attacker":0}
{"received packets":541,"IAT_Mean":0.0036941054799282935,"IAT_Std":0.0031022637375379298,"IAT_Max":0.013124005978170317,"IAT_Min":0.00016300005881930701,"received_addresses":28,"max_pkt_from_sameId":20,"has_attacker":0}
{"received packets":520,"IAT_Mean":0.0038432993484373305,"IAT_Std":0.0031745585346924368,"IAT_Max":0.013124017023073975,"IAT_Min":0.00016300002971547656,"received_addresses":26,"max_pkt_from_sameId":20,"has_attacker":0}
{"received packets":530,"IAT_Mean":0.0037707870109580604,"IAT_Std":0.0031782827025159537,"IAT_Max":0.013124201967002591,"IAT_Min":0.00016300001880154014,"received_addresses":27,"max_pkt_from_sameId":20,"has_attacker":0}
{"received packets":1457,"IAT_Mean":0.001371602719369141,"IAT_Std":0.0019051548881403062,"IAT_Max":0.013124205350322882,"IAT_Min":0.0001630000006116461,"received_addresses":27,"max_pkt_from_sameId":207,"has_attacker":1}
{"received packets":2410,"IAT_Mean":0.0008292260135599331,"IAT_Std":0.0007785930318176383,"IAT_Max":0.0028682039519480897,"IAT_Min":0.00016300001516356133,"received_addresses":27,"max_pkt_from_sameId":400,"has_attacker":1}
{"received packets":773,"IAT_Mean":0.002585405344219752,"IAT_Std":0.002329473962543709,"IAT_Max":0.01423024633913883,"IAT_Min":0.0001513552815595176,"received_addresses":21,"max_pkt_from_sameId":290,"has_attacker":1}
{"received packets":549,"IAT_Mean":0.0036389058291711586,"IAT_Std":0.004624397514715101,"IAT_Max":0.03320025208086008,"IAT_Min":0.00016300018251058646,"received_addresses":18,"max_pkt_from_sameId":200,"has_attacker":1}
