{"received packets":247,"IAT_Mean":0.008091183641875024,"IAT_Std":0.0642201049875199,"IAT_Max":1.0130038275601692,"IAT_Min":0.0001630446349736303,"received_addresses":25,"max_pkt_from_sameId":10,"has_attacker":0}
{"received packets":520,"IAT_Mean":0.0038433013315205667,"IAT_Std":0.004198019083672586,"IAT_Max":0.02238808398396941,"IAT_Min":0.0001630023616598919,"received_addresses":26,"max_pkt_from_sameId":20,"has_attacker":0}
{"received packets":529,"IAT_Mean":0.0037779040973163577,"IAT_Std":0.0041841298768216339,"IAT_Max":0.022387698365491816,"IAT_Min":0.0001630010810913518,"received_addresses":27,"max_pkt_from_sameId":20,"has_attacker":0}
{"received packets":521,"IAT_Mean":0.0038359226070886528,"IAT_Std":0.004140664525975186,"IAT_Max":0.02238731731995358,"IAT_Min":0.00016300113929901272,"received_addresses":27,"max_pkt_from_sameId":20,"has_attacker":0}
{"received packets":529,"IAT_Mean":0.003777915234035999,"IAT_Std":0.004128300693885079,"IAT_Max":0.02238712748658145,"IAT_Min":0.00016300219067488797,"received_addresses":27,"max_pkt_from_sameId":20,"has_attacker":0}
{"received packets":1652,"IAT_Mean":0.0012099924488805986,"IAT_Std":0.002090954748466198,"IAT_Max":0.022387480676115957,"IAT_Min":0.0001630003134778235,"received_addresses":28,"max_pkt_from_sameId":207,"has_attacker":1}
{"received packets":2818,"IAT_Mean":0.0007093389793999675,"IAT_Std":0.000668668861885785,"IAT_Max":0.00252389618253801,"IAT_Min":0.00016300223069265485,"received_addresses":30,"max_pkt_from_sameId":400,"has_attacker":1}
{"received packets":510,"IAT_Mean":0.003918664582078254,"IAT_Std":0.0040961869571402779,"IAT_Max":0.022435456081439044,"IAT_Min":0.00016380367014789954,"received_addresses":24,"max_pkt_from_sameId":71,"has_attacker":1}
{"received packets":509,"IAT_Mean":0.003924869371799721,"IAT_Std":0.0046962455292654859,"IAT_Max":0.03336309142468963,"IAT_Min":0.0001645130578253884,"received_addresses":16,"max_pkt_from_sameId":200,"has_attacker":1}
{"received packets":661,"IAT_Mean":0.0030223365978153955,"IAT_Std":0.0017933447133856088,"IAT_Max":0.0057286090559500739,"IAT_Min":0.00016470838818349876,"received_addresses":17,"max_pkt_from_sameId":381,"has_attacker":1}
{"received packets":566,"IAT_Mean":0.003529607705934308,"IAT_Std":0.00479384648124202,"IAT_Max":0.03397569415756152,"IAT_Min":0.00015231868746923283,"received_addresses":20,"max_pkt_from_sameId":142,"has_attacker":1}
{"received packets":450,"IAT_Mean":0.004439473245955823,"IAT_Std":0.0045103722537641189,"IAT_Max":0.033975780268519887,"IAT_Min":0.0001556225870444905,"received_addresses":19,"max_pkt_from_sameId":66,"has_attacker":1}
{"received packets":291,"IAT_Mean":0.006865125357190785,"IAT_Std":0.006867209237643586,"IAT_Max":0.03398761545395246,"IAT_Min":0.0009171169222099707,"received_addresses":17,"max_pkt_from_sameId":20,"has_attacker":1}
{"received packets":669,"IAT_Mean":0.0029861810480004147,"IAT_Std":0.001729464255773477,"IAT_Max":0.006305316597718047,"IAT_Min":0.0002799971916829236,"received_addresses":16,"max_pkt_from_sameId":379,"has_attacker":1}
{"received packets":723,"IAT_Mean":0.00276315233084858,"IAT_Std":0.0023156552477511217,"IAT_Max":0.014531819066178287,"IAT_Min":0.00011512773562571965,"received_addresses":19,"max_pkt_from_sameId":191,"has_attacker":1}
{"received packets":870,"IAT_Mean":0.0022962721585001379,"IAT_Std":0.002379590634775137,"IAT_Max":0.014543487744958839,"IAT_Min":0.00010614091297611594,"received_addresses":18,"max_pkt_from_sameId":334,"has_attacker":1}
{"received packets":313,"IAT_Mean":0.006382594697972233,"IAT_Std":0.005369853834774231,"IAT_Max":0.017969346103200225,"IAT_Min":0.00011678364899125881,"received_addresses":19,"max_pkt_from_sameId":20,"has_attacker":1}
{"received packets":495,"IAT_Mean":0.004035865102468042,"IAT_Std":0.003711857995786881,"IAT_Max":0.017956163363123779,"IAT_Min":0.00016345385665772483,"received_addresses":18,"max_pkt_from_sameId":188,"has_attacker":1}
{"received packets":689,"IAT_Mean":0.002899495408406815,"IAT_Std":0.0017496004446223577,"IAT_Max":0.005012000001443084,"IAT_Min":0.00011323217404424213,"received_addresses":17,"max_pkt_from_sameId":380,"has_attacker":1}
{"received packets":826,"IAT_Mean":0.00241859470552123,"IAT_Std":0.0019896276556074399,"IAT_Max":0.010330048859032104,"IAT_Min":0.00011234284465899691,"received_addresses":19,"max_pkt_from_sameId":303,"has_attacker":1}
{"received packets":584,"IAT_Mean":0.003420815641507096,"IAT_Std":0.003663957058209683,"IAT_Max":0.017968537944398123,"IAT_Min":0.0001062325100065209,"received_addresses":19,"max_pkt_from_sameId":165,"has_attacker":1}
{"received packets":328,"IAT_Mean":0.006090721204899881,"IAT_Std":0.005341449124199862,"IAT_Max":0.017968497166293674,"IAT_Min":0.00016333557141479105,"received_addresses":17,"max_pkt_from_sameId":20,"has_attacker":1}
{"received packets":678,"IAT_Mean":0.002946553703974524,"IAT_Std":0.0017743343729562135,"IAT_Max":0.006358130107400939,"IAT_Min":0.00016333556777681224,"received_addresses":17,"max_pkt_from_sameId":377,"has_attacker":1}
{"received packets":632,"IAT_Mean":0.0031609998385808666,"IAT_Std":0.0024999768310697198,"IAT_Max":0.017964160135306885,"IAT_Min":0.00011041774632758461,"received_addresses":18,"max_pkt_from_sameId":193,"has_attacker":1}
{"received packets":673,"IAT_Mean":0.0029684283433818587,"IAT_Std":0.0028360415843066597,"IAT_Max":0.017955120511032875,"IAT_Min":0.00011190372970304452,"received_addresses":18,"max_pkt_from_sameId":312,"has_attacker":1}
{"received packets":315,"IAT_Mean":0.006342077868704644,"IAT_Std":0.0058131239100561939,"IAT_Max":0.01796220271353377,"IAT_Min":0.0001632265921216458,"received_addresses":18,"max_pkt_from_sameId":20,"has_attacker":1}
{"received packets":510,"IAT_Mean":0.0039171732236176399,"IAT_Std":0.003942209543964336,"IAT_Max":0.017962216919841013,"IAT_Min":0.00016324655734933913,"received_addresses":18,"max_pkt_from_sameId":186,"has_attacker":1}
{"received packets":708,"IAT_Mean":0.002821688603872557,"IAT_Std":0.0019824281857470824,"IAT_Max":0.008750131972192321,"IAT_Min":0.00010535049659665674,"received_addresses":19,"max_pkt_from_sameId":380,"has_attacker":1}
{"received packets":655,"IAT_Mean":0.0030500176474776384,"IAT_Std":0.003393107504233485,"IAT_Max":0.015329048856074224,"IAT_Min":0.00011553799049579538,"received_addresses":21,"max_pkt_from_sameId":251,"has_attacker":1}
{"received packets":501,"IAT_Mean":0.00398753467556899,"IAT_Std":0.004613577104215184,"IAT_Max":0.018131263212126215,"IAT_Min":0.00010856485096155666,"received_addresses":19,"max_pkt_from_sameId":130,"has_attacker":1}
{"received packets":341,"IAT_Mean":0.005858525058755254,"IAT_Std":0.005857239001350013,"IAT_Max":0.018131263212126215,"IAT_Min":0.00016304002929246053,"received_addresses":18,"max_pkt_from_sameId":20,"has_attacker":1}
{"received packets":715,"IAT_Mean":0.0027940592261723659,"IAT_Std":0.0020298931888711568,"IAT_Max":0.01251417181265424,"IAT_Min":0.00016304002929246053,"received_addresses":18,"max_pkt_from_sameId":375,"has_attacker":1}
{"received packets":718,"IAT_Mean":0.0027823915988897816,"IAT_Std":0.0021605202583767758,"IAT_Max":0.011279001231741859,"IAT_Min":0.00011235315832891501,"received_addresses":20,"max_pkt_from_sameId":195,"has_attacker":1}
{"received packets":701,"IAT_Mean":0.0028498764101269069,"IAT_Std":0.0024531225963752999,"IAT_Max":0.014542057240760187,"IAT_Min":0.00011717375673470087,"received_addresses":18,"max_pkt_from_sameId":318,"has_attacker":1}
{"received packets":354,"IAT_Mean":0.005643390206233115,"IAT_Std":0.005760043185305013,"IAT_Max":0.018131263212126215,"IAT_Min":0.00011036925207008608,"received_addresses":19,"max_pkt_from_sameId":20,"has_attacker":1}
