{"received packets":80,"IAT_Mean":0.024972043414072686,"IAT_Std":0.01906274441667122,"IAT_Max":0.055495682383480019,"IAT_Min":0.0031755245363456199,"received_addresses":4,"max_pkt_from_sameId":20,"has_attacker":0}
{"received packets":80,"IAT_Mean":0.02497190018220863,"IAT_Std":0.019062579027717846,"IAT_Max":0.05549317593613523,"IAT_Min":0.003167162500176346,"received_addresses":4,"max_pkt_from_sameId":20,"has_attacker":0}
{"received packets":108,"IAT_Mean":0.018497737107618714,"IAT_Std":0.01611164239140205,"IAT_Max":0.05549832604810945,"IAT_Min":0.003167187765939161,"received_addresses":7,"max_pkt_from_sameId":20,"has_attacker":1}
{"received packets":181,"IAT_Mean":0.01103734549431877,"IAT_Std":0.012577414466068379,"IAT_Max":0.04092517773824511,"IAT_Min":0.001244510855030967,"received_addresses":10,"max_pkt_from_sameId":20,"has_attacker":1}
{"received packets":690,"IAT_Mean":0.002895300118393936,"IAT_Std":0.0028156171747053266,"IAT_Max":0.02273099244121113,"IAT_Min":0.00015501788584515452,"received_addresses":16,"max_pkt_from_sameId":265,"has_attacker":1}
{"received packets":293,"IAT_Mean":0.006818267417722084,"IAT_Std":0.006163915611779568,"IAT_Max":0.022728954940248515,"IAT_Min":0.00011744858784368262,"received_addresses":18,"max_pkt_from_sameId":20,"has_attacker":1}
{"received packets":465,"IAT_Mean":0.004296243744809994,"IAT_Std":0.004087254029900907,"IAT_Max":0.022728599153197139,"IAT_Min":0.00044913966121384874,"received_addresses":16,"max_pkt_from_sameId":188,"has_attacker":1}
{"received packets":622,"IAT_Mean":0.003211820510707266,"IAT_Std":0.0016451660454395888,"IAT_Max":0.005012000230635749,"IAT_Min":0.00011363548037479632,"received_addresses":14,"max_pkt_from_sameId":380,"has_attacker":1}
{"received packets":791,"IAT_Mean":0.002525612074487474,"IAT_Std":0.0020191809982431118,"IAT_Max":0.010493402147403686,"IAT_Min":0.00011265544890193269,"received_addresses":17,"max_pkt_from_sameId":339,"has_attacker":1}
{"received packets":465,"IAT_Mean":0.004296249846021222,"IAT_Std":0.004256478762464866,"IAT_Max":0.022727909239620204,"IAT_Min":0.00010652957644197159,"received_addresses":18,"max_pkt_from_sameId":105,"has_attacker":1}
{"received packets":321,"IAT_Mean":0.0062235400916826649,"IAT_Std":0.006039594985694674,"IAT_Max":0.022727868119545748,"IAT_Min":0.00016303384836646728,"received_addresses":18,"max_pkt_from_sameId":20,"has_attacker":1}
{"received packets":669,"IAT_Mean":0.0029861931690932477,"IAT_Std":0.0017609196578893237,"IAT_Max":0.00635800531017594,"IAT_Min":0.00016302597941830754,"received_addresses":17,"max_pkt_from_sameId":377,"has_attacker":1}
{"received packets":602,"IAT_Mean":0.003318524430426162,"IAT_Std":0.0023624951350784239,"IAT_Max":0.015000172166764969,"IAT_Min":0.0001105203918996267,"received_addresses":17,"max_pkt_from_sameId":193,"has_attacker":1}
{"received packets":576,"IAT_Mean":0.0034683195906508345,"IAT_Std":0.0032657976442041936,"IAT_Max":0.015329000350902789,"IAT_Min":0.00011179597640875727,"received_addresses":18,"max_pkt_from_sameId":210,"has_attacker":1}
{"received packets":318,"IAT_Mean":0.006282246345171354,"IAT_Std":0.006402866073609291,"IAT_Max":0.020296659065934365,"IAT_Min":0.00011217300925636664,"received_addresses":20,"max_pkt_from_sameId":20,"has_attacker":1}
{"received packets":510,"IAT_Mean":0.0039171728493409539,"IAT_Std":0.004192670884096665,"IAT_Max":0.020309617324528518,"IAT_Min":0.00016310465798596852,"received_addresses":18,"max_pkt_from_sameId":186,"has_attacker":1}
{"received packets":708,"IAT_Mean":0.002821688334271608,"IAT_Std":0.001953310622706384,"IAT_Max":0.008750207038247027,"IAT_Min":0.0001054314743669238,"received_addresses":19,"max_pkt_from_sameId":380,"has_attacker":1}
{"received packets":759,"IAT_Mean":0.0026320966643219778,"IAT_Std":0.0024971883919145366,"IAT_Max":0.01532900034362683,"IAT_Min":0.00011561897190404125,"received_addresses":21,"max_pkt_from_sameId":342,"has_attacker":1}
{"received packets":552,"IAT_Mean":0.0036191207999618729,"IAT_Std":0.004152652500407997,"IAT_Max":0.02065054491686169,"IAT_Min":0.00010845701035577804,"received_addresses":19,"max_pkt_from_sameId":181,"has_attacker":1}
{"received packets":342,"IAT_Mean":0.005841394310393075,"IAT_Std":0.006132374961917191,"IAT_Max":0.02065054040940595,"IAT_Min":0.0001630011865927372,"received_addresses":19,"max_pkt_from_sameId":20,"has_attacker":1}
{"received packets":725,"IAT_Mean":0.0027555202149408708,"IAT_Std":0.0019912338710574267,"IAT_Max":0.012514585938333767,"IAT_Min":0.0001630011793167796,"received_addresses":19,"max_pkt_from_sameId":375,"has_attacker":1}
{"received packets":707,"IAT_Mean":0.002825681721530061,"IAT_Std":0.0027748378510733244,"IAT_Max":0.018131000684661559,"IAT_Min":0.00011243413973716088,"received_addresses":21,"max_pkt_from_sameId":195,"has_attacker":1}
{"received packets":684,"IAT_Mean":0.0029207063927161574,"IAT_Std":0.003390580250822456,"IAT_Max":0.018131000684661559,"IAT_Min":0.00011706591612892225,"received_addresses":19,"max_pkt_from_sameId":282,"has_attacker":1}
{"received packets":375,"IAT_Mean":0.005327359845677468,"IAT_Std":0.006088325449332188,"IAT_Max":0.020649720336223255,"IAT_Min":0.00011026141146430746,"received_addresses":19,"max_pkt_from_sameId":25,"has_attacker":1}
