{"received packets":60,"IAT_Mean":0.033296075892819017,"IAT_Std":0.03237649094322831,"IAT_Max":0.07822758569091093,"IAT_Min":0.003167188449879177,"received_addresses":3,"max_pkt_from_sameId":20,"has_attacker":0}
{"received packets":60,"IAT_Mean":0.03329596919441732,"IAT_Std":0.03237465836320773,"IAT_Max":0.07822376723197522,"IAT_Min":0.0031727505775052124,"received_addresses":3,"max_pkt_from_sameId":20,"has_attacker":0}
{"received packets":328,"IAT_Mean":0.006090741547434779,"IAT_Std":0.012121497617893797,"IAT_Max":0.0734561500212294,"IAT_Min":0.00028004046180285513,"received_addresses":8,"max_pkt_from_sameId":209,"has_attacker":1}
{"received packets":332,"IAT_Mean":0.006017324534093267,"IAT_Std":0.006976861441497853,"IAT_Max":0.031117540227569408,"IAT_Min":0.00011056909715989605,"received_addresses":11,"max_pkt_from_sameId":146,"has_attacker":1}
{"received packets":620,"IAT_Mean":0.0032221859935992645,"IAT_Std":0.0019086566814484399,"IAT_Max":0.009721071866806597,"IAT_Min":0.0002799538633553311,"received_addresses":16,"max_pkt_from_sameId":379,"has_attacker":1}
{"received packets":744,"IAT_Mean":0.0026851602381817256,"IAT_Std":0.0019088938938425259,"IAT_Max":0.007204454101156443,"IAT_Min":0.00011560752318473533,"received_addresses":17,"max_pkt_from_sameId":191,"has_attacker":1}
{"received packets":869,"IAT_Mean":0.0022989145486384309,"IAT_Std":0.00199786660104913,"IAT_Max":0.0072044547778205019,"IAT_Min":0.00010659058898454532,"received_addresses":15,"max_pkt_from_sameId":371,"has_attacker":1}
{"received packets":284,"IAT_Mean":0.007034338020147656,"IAT_Std":0.007334151770302739,"IAT_Max":0.029222443601611304,"IAT_Min":0.00011712044579326175,"received_addresses":18,"max_pkt_from_sameId":20,"has_attacker":1}
{"received packets":465,"IAT_Mean":0.004296243069045651,"IAT_Std":0.004655161395229858,"IAT_Max":0.029209258093032987,"IAT_Min":0.00029330881443456747,"received_addresses":16,"max_pkt_from_sameId":188,"has_attacker":1}
{"received packets":669,"IAT_Mean":0.0029861765837436318,"IAT_Std":0.0017886926542291619,"IAT_Max":0.005012000041460851,"IAT_Min":0.00011332453505019657,"received_addresses":16,"max_pkt_from_sameId":380,"has_attacker":1}
{"received packets":766,"IAT_Mean":0.0026080405024329325,"IAT_Std":0.002296128560262362,"IAT_Max":0.010613962745992467,"IAT_Min":0.00011242721666349098,"received_addresses":18,"max_pkt_from_sameId":266,"has_attacker":1}
{"received packets":532,"IAT_Mean":0.0037551807006383386,"IAT_Std":0.004624389474208041,"IAT_Max":0.02922162684626528,"IAT_Min":0.00010611376637825742,"received_addresses":18,"max_pkt_from_sameId":113,"has_attacker":1}
{"received packets":328,"IAT_Mean":0.006090720589338339,"IAT_Std":0.007107407029925468,"IAT_Max":0.029221586293715519,"IAT_Min":0.0001630420701985713,"received_addresses":17,"max_pkt_from_sameId":20,"has_attacker":1}
{"received packets":669,"IAT_Mean":0.0029861931381078914,"IAT_Std":0.0018315053377833285,"IAT_Max":0.006358003916830057,"IAT_Min":0.0001630420665605925,"received_addresses":17,"max_pkt_from_sameId":377,"has_attacker":1}
{"received packets":602,"IAT_Mean":0.003318524412091232,"IAT_Std":0.002567538050902077,"IAT_Max":0.014707061476656236,"IAT_Min":0.00011050156899727881,"received_addresses":17,"max_pkt_from_sameId":193,"has_attacker":1}
{"received packets":576,"IAT_Mean":0.00346831957151355,"IAT_Std":0.003518905860685803,"IAT_Max":0.015329000609199284,"IAT_Min":0.00011178497152286582,"received_addresses":18,"max_pkt_from_sameId":210,"has_attacker":1}
{"received packets":318,"IAT_Mean":0.006282246310496154,"IAT_Std":0.005926290861067306,"IAT_Max":0.01796232866399805,"IAT_Min":0.00011216208440600894,"received_addresses":20,"max_pkt_from_sameId":20,"has_attacker":1}
{"received packets":510,"IAT_Mean":0.003917172827734213,"IAT_Std":0.003982181593196054,"IAT_Max":0.01796228685998358,"IAT_Min":0.0001630974111321848,"received_addresses":18,"max_pkt_from_sameId":186,"has_attacker":1}
{"received packets":708,"IAT_Mean":0.0028216883187022919,"IAT_Std":0.001993494206590055,"IAT_Max":0.00875021212050342,"IAT_Min":0.00010543431562837213,"received_addresses":19,"max_pkt_from_sameId":380,"has_attacker":1}
{"received packets":750,"IAT_Mean":0.0026636818096012579,"IAT_Std":0.0026001572347463866,"IAT_Max":0.015329000609199284,"IAT_Min":0.00011562181316548958,"received_addresses":21,"max_pkt_from_sameId":343,"has_attacker":1}
{"received packets":553,"IAT_Mean":0.0036125762577929765,"IAT_Std":0.004701545042746033,"IAT_Max":0.027297656641167124,"IAT_Min":0.00010844608914339915,"received_addresses":19,"max_pkt_from_sameId":182,"has_attacker":1}
{"received packets":342,"IAT_Mean":0.005841394278172496,"IAT_Std":0.007180617960446779,"IAT_Max":0.02729777939748601,"IAT_Min":0.00016300258721457794,"received_addresses":19,"max_pkt_from_sameId":20,"has_attacker":1}
{"received packets":725,"IAT_Mean":0.0027555201997366285,"IAT_Std":0.0020490888912957046,"IAT_Max":0.012514583468146157,"IAT_Min":0.0001630025653867051,"received_addresses":19,"max_pkt_from_sameId":375,"has_attacker":1}
{"received packets":707,"IAT_Mean":0.002825681705943869,"IAT_Std":0.0028570877712431575,"IAT_Max":0.018131001204892529,"IAT_Min":0.00011243698099860922,"received_addresses":21,"max_pkt_from_sameId":195,"has_attacker":1}
{"received packets":684,"IAT_Mean":0.002920706376605868,"IAT_Std":0.003486885923038832,"IAT_Max":0.018131001204892529,"IAT_Min":0.00011705499127856456,"received_addresses":19,"max_pkt_from_sameId":282,"has_attacker":1}
{"received packets":375,"IAT_Mean":0.0053273598162826,"IAT_Std":0.007055790786129261,"IAT_Max":0.027297435099171709,"IAT_Min":0.00011025048661394976,"received_addresses":19,"max_pkt_from_sameId":25,"has_attacker":1}
