{"received packets":460,"IAT_Mean":0.0043445920774699878,"IAT_Std":0.004495916318116721,"IAT_Max":0.02238000744546298,"IAT_Min":0.0001632240746403113,"received_addresses":23,"max_pkt_from_sameId":20,"has_attacker":0}
{"received packets":460,"IAT_Mean":0.004344609825341689,"IAT_Std":0.004496126892294707,"IAT_Max":0.022380006172170398,"IAT_Min":0.00016315819812007248,"received_addresses":23,"max_pkt_from_sameId":20,"has_attacker":0}
{"received packets":480,"IAT_Mean":0.004163587462282218,"IAT_Std":0.0038191224387207785,"IAT_Max":0.022380005782906666,"IAT_Min":0.00016304518067045137,"received_addresses":25,"max_pkt_from_sameId":20,"has_attacker":0}
{"received packets":520,"IAT_Mean":0.003843300804909142,"IAT_Std":0.00290132453400531,"IAT_Max":0.013124429464369314,"IAT_Min":0.00016300331481033936,"received_addresses":26,"max_pkt_from_sameId":20,"has_attacker":0}
{"received packets":520,"IAT_Mean":0.003843290584224563,"IAT_Std":0.002901888966694772,"IAT_Max":0.01312426180447801,"IAT_Min":0.00016300235074595548,"received_addresses":26,"max_pkt_from_sameId":20,"has_attacker":0}
{"received packets":520,"IAT_Mean":0.0038432992829886926,"IAT_Std":0.002819724490725006,"IAT_Max":0.013124095057719387,"IAT_Min":0.0001630028673389461,"received_addresses":26,"max_pkt_from_sameId":20,"has_attacker":0}
{"received packets":529,"IAT_Mean":0.0037779152828289286,"IAT_Std":0.002828464407998251,"IAT_Max":0.013124292385327863,"IAT_Min":0.00016300734569085762,"received_addresses":27,"max_pkt_from_sameId":20,"has_attacker":0}
{"received packets":1642,"IAT_Mean":0.001217361460023155,"IAT_Std":0.00171675712469362,"IAT_Max":0.01312447342206724,"IAT_Min":0.0001630009173823055,"received_addresses":28,"max_pkt_from_sameId":207,"has_attacker":1}
{"received packets":2789,"IAT_Mean":0.0007167146731686224,"IAT_Std":0.000674216928911464,"IAT_Max":0.0023860666078689975,"IAT_Min":0.0001630056394787971,"received_addresses":27,"max_pkt_from_sameId":400,"has_attacker":1}
{"received packets":808,"IAT_Mean":0.0024734144898961817,"IAT_Std":0.0028695183509193698,"IAT_Max":0.022435456234234154,"IAT_Min":0.0001630019032745622,"received_addresses":24,"max_pkt_from_sameId":317,"has_attacker":1}
{"received packets":632,"IAT_Mean":0.003161010357739024,"IAT_Std":0.0029557616351464585,"IAT_Max":0.028200071148603457,"IAT_Min":0.00015888008420006372,"received_addresses":19,"max_pkt_from_sameId":200,"has_attacker":1}
{"received packets":660,"IAT_Mean":0.0030269159599728568,"IAT_Std":0.0017159513640199549,"IAT_Max":0.005716398674849188,"IAT_Min":0.00015166978118941188,"received_addresses":17,"max_pkt_from_sameId":381,"has_attacker":1}
{"received packets":534,"IAT_Mean":0.003741119876854662,"IAT_Std":0.004784674640607569,"IAT_Max":0.03397569552180357,"IAT_Min":0.00011153435116284527,"received_addresses":20,"max_pkt_from_sameId":102,"has_attacker":1}
{"received packets":610,"IAT_Mean":0.00327502134799734,"IAT_Std":0.0028093622825708186,"IAT_Max":0.03397578155636438,"IAT_Min":0.0001541292731417343,"received_addresses":19,"max_pkt_from_sameId":195,"has_attacker":1}
{"received packets":546,"IAT_Mean":0.003658885599895753,"IAT_Std":0.0035798053522761049,"IAT_Max":0.02447050542468787,"IAT_Min":0.00011002231985912658,"received_addresses":15,"max_pkt_from_sameId":305,"has_attacker":1}
{"received packets":649,"IAT_Mean":0.0030782051507355515,"IAT_Std":0.0017177926902625972,"IAT_Max":0.00630525922315428,"IAT_Min":0.0002799772446451243,"received_addresses":15,"max_pkt_from_sameId":379,"has_attacker":1}
{"received packets":695,"IAT_Mean":0.002874473578889357,"IAT_Std":0.0023584716248884129,"IAT_Max":0.015002186850324506,"IAT_Min":0.00011514690413605422,"received_addresses":18,"max_pkt_from_sameId":191,"has_attacker":1}
{"received packets":844,"IAT_Mean":0.002367010403388501,"IAT_Std":0.0024175351220014414,"IAT_Max":0.014836482281680219,"IAT_Min":0.00010613831545924768,"received_addresses":18,"max_pkt_from_sameId":334,"has_attacker":1}
{"received packets":532,"IAT_Mean":0.003755173201109147,"IAT_Std":0.002904887378066302,"IAT_Max":0.010011090078478447,"IAT_Min":0.000116781382530462,"received_addresses":19,"max_pkt_from_sameId":239,"has_attacker":1}
{"received packets":586,"IAT_Mean":0.003409135201798147,"IAT_Std":0.002385008532431497,"IAT_Max":0.00999809007771546,"IAT_Min":0.0002930000118794851,"received_addresses":18,"max_pkt_from_sameId":188,"has_attacker":1}
{"received packets":669,"IAT_Mean":0.002986176889274034,"IAT_Std":0.0017041984161682137,"IAT_Max":0.005012000001443084,"IAT_Min":0.00011323126454954036,"received_addresses":16,"max_pkt_from_sameId":380,"has_attacker":1}
{"received packets":807,"IAT_Mean":0.0024755380784294539,"IAT_Std":0.0019792393307714645,"IAT_Max":0.010330042907298776,"IAT_Min":0.00011234193152631633,"received_addresses":19,"max_pkt_from_sameId":303,"has_attacker":1}
{"received packets":674,"IAT_Mean":0.00296403017384596,"IAT_Std":0.0024270588040930538,"IAT_Max":0.010011090074840468,"IAT_Min":0.00010623021080391482,"received_addresses":19,"max_pkt_from_sameId":165,"has_attacker":1}
{"received packets":531,"IAT_Mean":0.003762253404398411,"IAT_Std":0.0028802991250550405,"IAT_Max":0.010011090078478447,"IAT_Min":0.00047509004070889205,"received_addresses":17,"max_pkt_from_sameId":223,"has_attacker":1}
{"received packets":660,"IAT_Mean":0.0030269142633738796,"IAT_Std":0.0017239598530088532,"IAT_Max":0.005012000001443084,"IAT_Min":0.00028001010286970995,"received_addresses":17,"max_pkt_from_sameId":377,"has_attacker":1}
{"received packets":612,"IAT_Mean":0.0032643004910318676,"IAT_Std":0.002475478734089806,"IAT_Max":0.01796415956778219,"IAT_Min":0.00011041683683288284,"received_addresses":17,"max_pkt_from_sameId":193,"has_attacker":1}
{"received packets":653,"IAT_Mean":0.003059344988705032,"IAT_Std":0.0028322804975681504,"IAT_Max":0.01795511994714616,"IAT_Min":0.00011190143050043844,"received_addresses":17,"max_pkt_from_sameId":312,"has_attacker":1}
{"received packets":494,"IAT_Mean":0.004044037512490603,"IAT_Std":0.002866976723326284,"IAT_Max":0.012516027603851399,"IAT_Min":0.00016300966308335774,"received_addresses":18,"max_pkt_from_sameId":199,"has_attacker":1}
{"received packets":603,"IAT_Mean":0.0033130320838756709,"IAT_Std":0.002323969588662134,"IAT_Max":0.012516116585175041,"IAT_Min":0.0001651152597332839,"received_addresses":18,"max_pkt_from_sameId":186,"has_attacker":1}
{"received packets":689,"IAT_Mean":0.0028995000494487167,"IAT_Std":0.0019882164114876797,"IAT_Max":0.008750125558435684,"IAT_Min":0.00010534958346397616,"received_addresses":19,"max_pkt_from_sameId":380,"has_attacker":1}
{"received packets":619,"IAT_Mean":0.0032274015535216258,"IAT_Std":0.0034517272676786814,"IAT_Max":0.015329042911616853,"IAT_Min":0.00011553708100109361,"received_addresses":18,"max_pkt_from_sameId":251,"has_attacker":1}
{"received packets":576,"IAT_Mean":0.0034683244357501688,"IAT_Std":0.003226551414427824,"IAT_Max":0.01795511967065977,"IAT_Min":0.00010856255175895058,"received_addresses":19,"max_pkt_from_sameId":130,"has_attacker":1}
{"received packets":511,"IAT_Mean":0.003909504985455136,"IAT_Std":0.0029686206777601328,"IAT_Max":0.01252713282519835,"IAT_Min":0.00016300965944537893,"received_addresses":18,"max_pkt_from_sameId":190,"has_attacker":1}
{"received packets":696,"IAT_Mean":0.0028703338351120674,"IAT_Std":0.002033969495014347,"IAT_Max":0.0125141746175359,"IAT_Min":0.00016304272503475659,"received_addresses":18,"max_pkt_from_sameId":375,"has_attacker":1}
{"received packets":688,"IAT_Mean":0.0029037168176379308,"IAT_Std":0.002166434442356223,"IAT_Max":0.011279000937065576,"IAT_Min":0.00011235224883421324,"received_addresses":19,"max_pkt_from_sameId":195,"has_attacker":1}
{"received packets":681,"IAT_Mean":0.0029335732247151174,"IAT_Std":0.0024683565425096,"IAT_Max":0.014542054032062879,"IAT_Min":0.00011717145389411598,"received_addresses":17,"max_pkt_from_sameId":318,"has_attacker":1}
{"received packets":489,"IAT_Mean":0.004085399050181096,"IAT_Std":0.0033959446126351469,