{"received packets":240,"IAT_Mean":0.008324844934062033,"IAT_Std":0.008396982084416994,"IAT_Max":0.03197403537706123,"IAT_Min":0.00020201636289129965,"received_addresses":12,"max_pkt_from_sameId":20,"has_attacker":0}
{"received packets":240,"IAT_Mean":0.008324865058193609,"IAT_Std":0.007515143502335612,"IAT_Max":0.03197022770837066,"IAT_Min":0.0002020507527049631,"received_addresses":13,"max_pkt_from_sameId":20,"has_attacker":0}
