{"received packets":327,"IAT_Mean":0.006109348013944122,"IAT_Std":0.055637251254069198,"IAT_Max":1.010111115527252,"IAT_Min":0.00016300012066494673,"received_addresses":15,"max_pkt_from_sameId":188,"has_attacker":1}
{"received packets":630,"IAT_Mean":0.003171051983591742,"IAT_Std":0.002082297403375997,"IAT_Max":0.008763057292526355,"IAT_Min":0.00011681102478178218,"received_addresses":15,"max_pkt_from_sameId":376,"has_attacker":1}
{"received packets":454,"IAT_Mean":0.004400343576204883,"IAT_Std":0.0042938501651422328,"IAT_Max":0.018131272972823355,"IAT_Min":0.00010975806799251586,"received_addresses":14,"max_pkt_from_sameId":194,"has_attacker":1}
{"received packets":281,"IAT_Mean":0.007109459352544803,"IAT_Std":0.00600679452028369,"IAT_Max":0.018131272969185376,"IAT_Min":0.0001629999969736673,"received_addresses":16,"max_pkt_from_sameId":20,"has_attacker":1}
{"received packets":655,"IAT_Mean":0.0030500050371711389,"IAT_Std":0.0020395837073417025,"IAT_Max":0.012514131674834062,"IAT_Min":0.00016300047354889102,"received_addresses":15,"max_pkt_from_sameId":375,"has_attacker":1}
{"received packets":640,"IAT_Mean":0.0031214969431516694,"IAT_Std":0.0019838138258482195,"IAT_Max":0.008776002363447333,"IAT_Min":0.00011330932829878293,"received_addresses":15,"max_pkt_from_sameId":195,"has_attacker":1}
{"received packets":630,"IAT_Mean":0.0031710542186215568,"IAT_Std":0.0020015846728837227,"IAT_Max":0.008776080332609127,"IAT_Min":0.00011805135000031441,"received_addresses":14,"max_pkt_from_sameId":380,"has_attacker":1}
{"received packets":265,"IAT_Mean":0.00753872020964682,"IAT_Std":0.006866070559120423,"IAT_Max":0.019069624173425838,"IAT_Min":0.00011116546738776378,"received_addresses":14,"max_pkt_from_sameId":20,"has_attacker":1}
