{"sendtime":25201.067887953366,"rcvtime":25201.067996370937,"senderID":52,"messageID":68117,"position":[5457.186798039958,5113.945360620813,0.0],"speed":[6.860672249990721,-11.160181379630947,0.0],"heading":-1.1236523399716945,"ddostype":0,"msgtype":0}
{"sendtime":25201.16788795337,"rcvtime":25201.16799658012,"senderID":52,"messageID":74537,"position":[5457.186798039958,5113.945360620813,0.0],"speed":[6.860672249990721,-11.160181379630947,0.0],"heading":-1.1236523399716945,"ddostype":0,"msgtype":0}
{"sendtime":25201.267887953367,"rcvtime":25201.2679967893,"senderID":52,"messageID":80957,"position":[5457.186798039958,5113.945360620813,0.0],"speed":[6.860672249990721,-11.160181379630947,0.0],"heading":-1.1236523399716945,"ddostype":0,"msgtype":0}
{"sendtime":25201.36788795337,"rcvtime":25201.36799699848,"senderID":52,"messageID":87376,"position":[5457.186798039958,5113.945360620813,0.0],"speed":[6.860672249990721,-11.160181379630947,0.0],"heading":-1.1236523399716945,"ddostype":0,"msgtype":0}
{"sendtime":25201.467887953368,"rcvtime":25201.467997207663,"senderID":52,"messageID":93796,"position":[5457.186798039958,5113.945360620813,0.0],"speed":[6.860672249990721,-11.160181379630947,0.0],"heading":-1.1236523399716945,"ddostype":0,"msgtype":0}
{"sendtime":25201.567887953366,"rcvtime":25201.567997416845,"senderID":52,"messageID":100215,"position":[5457.186798039958,5113.945360620813,0.0],"speed":[6.860672249990721,-11.160181379630947,0.0],"heading":-1.1236523399716945,"ddostype":0,"msgtype":0}
{"sendtime":25201.66788795337,"rcvtime":25201.667997626024,"senderID":52,"messageID":106635,"position":[5457.186798039958,5113.945360620813,0.0],"speed":[6.860672249990721,-11.160181379630947,0.0],"heading":-1.1236523399716945,"ddostype":0,"msgtype":0}
{"sendtime":25201.767887953367,"rcvtime":25201.767997835206,"senderID":52,"messageID":113055,"position":[5457.186798039958,5113.945360620813,0.0],"speed":[6.860672249990721,-11.160181379630947,0.0],"heading":-1.1236523399716945,"ddostype":0,"msgtype":0}
{"sendtime":25201.86788795337,"rcvtime":25201.86799804439,"senderID":52,"messageID":119475,"position":[5457.186798039958,5113.945360620813,0.0],"speed":[6.860672249990721,-11.160181379630947,0.0],"heading":-1.1236523399716945,"ddostype":0,"msgtype":0}
{"sendtime":25201.967887953368,"rcvtime":25201.967998253567,"senderID":52,"messageID":125895,"position":[5457.186798039958,5113.945360620813,0.0],"speed":[6.860672249990721,-11.160181379630947,0.0],"heading":-1.1236523399716945,"ddostype":0,"msgtype":0}
{"sendtime":25202.067887953366,"rcvtime":25202.067997485447,"senderID":52,"messageID":132348,"position":[5464.830860364109,5101.813281261921,0.0],"speed":[7.672268757844898,-12.139711881625905,0.0],"heading":-1.1236523399716945,"ddostype":0,"msgtype":0}
{"sendtime":25202.16788795337,"rcvtime":25202.167993976534,"senderID":52,"messageID":138800,"position":[5464.830860364109,5101.813281261921,0.0],"speed":[7.672268757844898,-12.139711881625905,0.0],"heading":-1.1236523399716945,"ddostype":0,"msgtype":0}
{"sendtime":25202.267887953367,"rcvtime":25202.26800346762,"senderID":52,"messageID":145252,"position":[5464.830860364109,5101.813281261921,0.0],"speed":[7.672268757844898,-12.139711881625905,0.0],"heading":-1.1236523399716945,"ddostype":0,"msgtype":0}
{"sendtime":25202.36788795337,"rcvtime":25202.367999958704,"senderID":52,"messageID":151703,"position":[5464.830860364109,5101.813281261921,0.0],"speed":[7.672268757844898,-12.139711881625905,0.0],"heading":-1.1236523399716945,"ddostype":0,"msgtype":0}
{"sendtime":25202.467887953368,"rcvtime":25202.467996449792,"senderID":52,"messageID":158154,"position":[5464.830860364109,5101.813281261921,0.0],"speed":[7.672268757844898,-12.139711881625905,0.0],"heading":-1.1236523399716945,"ddostype":0,"msgtype":0}
{"sendtime":25202.567887953366,"rcvtime":25202.568005940877,"senderID":52,"messageID":164605,"position":[5464.830860364109,5101.813281261921,0.0],"speed":[7.672268757844898,-12.139711881625905,0.0],"heading":-1.1236523399716945,"ddostype":0,"msgtype":0}
{"sendtime":25202.66788795337,"rcvtime":25202.66800243196,"senderID":52,"messageID":171058,"position":[5464.830860364109,5101.813281261921,0.0],"speed":[7.672268757844898,-12.139711881625905,0.0],"heading":-1.1236523399716945,"ddostype":0,"msgtype":0}
{"sendtime":25202.767887953367,"rcvtime":25202.76799892305,"senderID":52,"messageID":177510,"position":[5464.830860364109,5101.813281261921,0.0],"speed":[7.672268757844898,-12.139711881625905,0.0],"heading":-1.1236523399716945,"ddostype":0,"msgtype":0}
{"sendtime":25202.86788795337,"rcvtime":25202.86799541413,"senderID":52,"messageID":183962,"position":[5464.830860364109,5101.813281261921,0.0],"speed":[7.672268757844898,-12.139711881625905,0.0],"heading":-1.1236523399716945,"ddostype":0,"msgtype":0}
{"sendtime":25202.967887953368,"rcvtime":25202.96800490522,"senderID":52,"messageID":190414,"position":[5464.830860364109,5101.813281261921,0.0],"speed":[7.672268757844898,-12.139711881625905,0.0],"heading":-1.1236523399716945,"ddostype":0,"msgtype":0}
{"sendtime":25212.01187277143,"rcvtime":25212.011981236912,"senderID":154,"messageID":701812,"position":[5828.511878097714,5076.134448782041,0.0],"speed":[-5.654412706207962,-13.26435163577701,0.0],"heading":0.4801018200989003,"ddostype":0,"msgtype":0}
{"sendtime":25212.111872771427,"rcvtime":25212.11198966559,"senderID":154,"messageID":707157,"position":[5828.511878097714,5076.134448782041,0.0],"speed":[-5.654412706207962,-13.26435163577701,0.0],"heading":0.4801018200989003,"ddostype":0,"msgtype":0}
{"sendtime":25212.211872771426,"rcvtime":25212.211991115582,"senderID":154,"messageID":712502,"position":[5828.511878097714,5076.134448782041,0.0],"speed":[-5.654412706207962,-13.26435163577701,0.0],"heading":0.4801018200989003,"ddostype":0,"msgtype":0}
{"sendtime":25212.311872771428,"rcvtime":25212.31197956558,"senderID":154,"messageID":717847,"position":[5828.511878097714,5076.134448782041,0.0],"speed":[-5.654412706207962,-13.26435163577701,0.0],"heading":0.4801018200989003,"ddostype":0,"msgtype":0}
{"sendtime":25212.411872771427,"rcvtime":25212.411981015575,"senderID":154,"messageID":723192,"position":[5828.511878097714,5076.134448782041,0.0],"speed":[-5.654412706207962,-13.26435163577701,0.0],"heading":0.4801018200989003,"ddostype":0,"msgtype":0}
{"sendtime":25212.51187277143,"rcvtime":25212.511982465567,"senderID":154,"messageID":728537,"position":[5828.511878097714,5076.134448782041,0.0],"speed":[-5.654412706207962,-13.26435163577701,0.0],"heading":0.4801018200989003,"ddostype":0,"msgtype":0}
{"sendtime":25212.611872771427,"rcvtime":25212.611983915558,"senderID":154,"messageID":733882,"position":[5828.511878097714,5076.134448782041,0.0],"speed":[-5.654412706207962,-13.26435163577701,0.0],"heading":0.4801018200989003,"ddostype":0,"msgtype":0}
{"sendtime":25212.711872771426,"rcvtime":25212.711985365557,"senderID":154,"messageID":739227,"position":[5828.511878097714,5076.134448782041,0.0],"speed":[-5.654412706207962,-13.26435163577701,0.0],"heading":0.4801018200989003,"ddostype":0,"msgtype":0}
{"sendtime":25212.811872771428,"rcvtime":25212.811986815548,"senderID":154,"messageID":744572,"position":[5828.511878097714,5076.134448782041,0.0],"speed":[-5.654412706207962,-13.26435163577701,0.0],"heading":0.4801018200989003,"ddostype":0,"msgtype":0}
{"sendtime":25212.911872771427,"rcvtime":25212.91198826554,"senderID":154,"messageID":749916,"position":[5828.511878097714,5076.134448782041,0.0],"speed":[-5.654412706207962,-13.26435163577701,0.0],"heading":0.4801018200989003,"ddostype":0,"msgtype":0}
