{"received packets":227,"IAT_Mean":0.008792192177683688,"IAT_Std":0.008305090142952797,"IAT_Max":0.034030352529953237,"IAT_Min":0.0010093044147652109,"received_addresses":13,"max_pkt_from_sameId":20,"has_attacker":0}
{"received packets":291,"IAT_Mean":0.006867769583431633,"IAT_Std":0.006231047360548728,"IAT_Max":0.02310918218427105,"IAT_Min":0.0005660625647578854,"received_addresses":16,"max_pkt_from_sameId":20,"has_attacker":0}
{"received packets":221,"IAT_Mean":0.009043088415045,"IAT_Std":0.007154522839748341,"IAT_Max":0.027219978328503204,"IAT_Min":0.002685000898054568,"received_addresses":14,"max_pkt_from_sameId":20,"has_attacker":0}
{"received packets":180,"IAT_Mean":0.010899975818372494,"IAT_Std":0.01132403978615077,"IAT_Max":0.041507642268697967,"IAT_Min":0.0015681752520322335,"received_addresses":11,"max_pkt_from_sameId":20,"has_attacker":0}
{"received packets":160,"IAT_Mean":0.012320175327795369,"IAT_Std":0.010778329471023528,"IAT_Max":0.04150763290817849,"IAT_Min":0.0016397599938500207,"received_addresses":10,"max_pkt_from_sameId":20,"has_attacker":0}
{"received packets":130,"IAT_Mean":0.01505490214980315,"IAT_Std":0.01424567396016897,"IAT_Max":0.04635266821787809,"IAT_Min":0.0034721929077932147,"received_addresses":9,"max_pkt_from_sameId":20,"has_attacker":0}
{"received packets":110,"IAT_Mean":0.018044679808636747,"IAT_Std":0.014726599002853575,"IAT_Max":0.046350431817700158,"IAT_Min":0.001014487996144453,"received_addresses":7,"max_pkt_from_sameId":20,"has_attacker":0}
{"received packets":501,"IAT_Mean":0.003989278339924237,"IAT_Std":0.0057383796260204078,"IAT_Max":0.028850514729128919,"IAT_Min":0.00016394069825764745,"received_addresses":9,"max_pkt_from_sameId":199,"has_attacker":1}
{"received packets":902,"IAT_Mean":0.0022141220254257045,"IAT_Std":0.0014859412769386658,"IAT_Max":0.0050481930702517279,"IAT_Min":0.00016375576160498895,"received_addresses":9,"max_pkt_from_sameId":400,"has_attacker":1}
{"received packets":231,"IAT_Mean":0.008430649435562278,"IAT_Std":0.0077433299834366408,"IAT_Max":0.04763941606870503,"IAT_Min":0.00016331845108652487,"received_addresses":10,"max_pkt_from_sameId":85,"has_attacker":1}
