{"received packets":480,"IAT_Mean":0.004163566810060123,"IAT_Std":0.004462572093954031,"IAT_Max":0.02238008731728769,"IAT_Min":0.00016301540745189413,"received_addresses":24,"max_pkt_from_sameId":20,"has_attacker":0}
{"received packets":480,"IAT_Mean":0.004163583946910876,"IAT_Std":0.004462737273977738,"IAT_Max":0.02238013635360403,"IAT_Min":0.0001630127262615133,"received_addresses":24,"max_pkt_from_sameId":20,"has_attacker":0}
{"received packets":510,"IAT_Mean":0.0039186702930629848,"IAT_Std":0.003635913603704988,"IAT_Max":0.02238016153933131,"IAT_Min":0.00016300508650601842,"received_addresses":27,"max_pkt_from_sameId":20,"has_attacker":0}
{"received packets":549,"IAT_Mean":0.003640284831537581,"IAT_Std":0.002893132636892636,"IAT_Max":0.013124002089170972,"IAT_Min":0.00016300217248499393,"received_addresses":29,"max_pkt_from_sameId":20,"has_attacker":0}
{"received packets":590,"IAT_Mean":0.003387307011532465,"IAT_Std":0.0028473288538754715,"IAT_Max":0.013124003227858339,"IAT_Min":0.0001630082115298137,"received_addresses":30,"max_pkt_from_sameId":20,"has_attacker":0}
{"received packets":521,"IAT_Mean":0.0038359227364219417,"IAT_Std":0.0029214323403903058,"IAT_Max":0.013124014152708697,"IAT_Min":0.0001630123188078869,"received_addresses":27,"max_pkt_from_sameId":20,"has_attacker":0}
{"received packets":549,"IAT_Mean":0.0036402863637296754,"IAT_Std":0.0029417600286039248,"IAT_Max":0.013124276436428773,"IAT_Min":0.00016303740994771942,"received_addresses":28,"max_pkt_from_sameId":20,"has_attacker":0}
{"received packets":1644,"IAT_Mean":0.0012158804181221625,"IAT_Std":0.0017473624615230788,"IAT_Max":0.013124399258231279,"IAT_Min":0.00016300053539453074,"received_addresses":28,"max_pkt_from_sameId":208,"has_attacker":1}
{"received packets":2785,"IAT_Mean":0.000717743967221751,"IAT_Std":0.0006862964909190844,"IAT_Max":0.0023933033226057889,"IAT_Min":0.00016300004062941298,"received_addresses":26,"max_pkt_from_sameId":400,"has_attacker":1}
{"received packets":720,"IAT_Mean":0.0027757200905549935,"IAT_Std":0.00324956952268826,"IAT_Max":0.02243545419332804,"IAT_Min":0.00015135607463889755,"received_addresses":21,"max_pkt_from_sameId":246,"has_attacker":1}
{"received packets":543,"IAT_Mean":0.0036791144586633464,"IAT_Std":0.003394660324823203,"IAT_Max":0.02336396277678432,"IAT_Min":0.00016041640992625616,"received_addresses":19,"max_pkt_from_sameId":200,"has_attacker":1}
{"received packets":620,"IAT_Mean":0.0032222021073340008,"IAT_Std":0.001736211970744787,"IAT_Max":0.005728170563088497,"IAT_Min":0.00016325083925039507,"received_addresses":14,"max_pkt_from_sameId":381,"has_attacker":1}
{"received packets":661,"IAT_Mean":0.003022328226215244,"IAT_Std":0.004225920248467341,"IAT_Max":0.030165373365889537,"IAT_Min":0.0001516021293355152,"received_addresses":15,"max_pkt_from_sameId":177,"has_attacker":1}
