{"received packets":308,"IAT_Mean":0.006488676814823721,"IAT_Std":0.006567456282955956,"IAT_Max":0.02254314970195992,"IAT_Min":0.0005660369461111259,"received_addresses":17,"max_pkt_from_sameId":20,"has_attacker":0}
{"received packets":371,"IAT_Mean":0.005386847867086392,"IAT_Std":0.005534240604139936,"IAT_Max":0.022543130959093106,"IAT_Min":0.0005660502247337718,"received_addresses":20,"max_pkt_from_sameId":20,"has_attacker":0}
{"received packets":341,"IAT_Mean":0.0058607682732302259,"IAT_Std":0.005954222146354728,"IAT_Max":0.022388315865100595,"IAT_Min":0.00016301260984619148,"received_addresses":19,"max_pkt_from_sameId":20,"has_attacker":0}
{"received packets":320,"IAT_Mean":0.00623697271863648,"IAT_Std":0.007855788726317032,"IAT_Max":0.033862448879517618,"IAT_Min":0.00016300529750878923,"received_addresses":16,"max_pkt_from_sameId":20,"has_attacker":0}
{"received packets":399,"IAT_Mean":0.005002069826817964,"IAT_Std":0.007181594533993358,"IAT_Max":0.03386225716531044,"IAT_Min":0.00016305272220051847,"received_addresses":21,"max_pkt_from_sameId":20,"has_attacker":0}
{"received packets":610,"IAT_Mean":0.003276255481692029,"IAT_Std":0.0030023724951455555,"IAT_Max":0.013124011602485553,"IAT_Min":0.00016313206651830114,"received_addresses":31,"max_pkt_from_sameId":20,"has_attacker":0}
{"received packets":600,"IAT_Mean":0.0033308622998144226,"IAT_Std":0.0030793830590674965,"IAT_Max":0.013124278582836269,"IAT_Min":0.00016329421123373322,"received_addresses":30,"max_pkt_from_sameId":20,"has_attacker":0}
{"received packets":1522,"IAT_Mean":0.0013133427352976005,"IAT_Std":0.0018087765551001842,"IAT_Max":0.013124467692250619,"IAT_Min":0.00016300002607749775,"received_addresses":30,"max_pkt_from_sameId":207,"has_attacker":1}
{"received packets":2460,"IAT_Mean":0.0008125679908982598,"IAT_Std":0.0006837127998982011,"IAT_Max":0.002386063199082855,"IAT_Min":0.0001630000006116461,"received_addresses":29,"max_pkt_from_sameId":400,"has_attacker":1}
{"received packets":718,"IAT_Mean":0.002783452433033648,"IAT_Std":0.003077389220568935,"IAT_Max":0.02243545413875836,"IAT_Min":0.00016300932111334987,"received_addresses":24,"max_pkt_from_sameId":203,"has_attacker":1}
{"received packets":616,"IAT_Mean":0.003243114778218693,"IAT_Std":0.003199988891537283,"IAT_Max":0.02336349053075537,"IAT_Min":0.0001641227827349212,"received_addresses":22,"max_pkt_from_sameId":200,"has_attacker":1}
{"received packets":696,"IAT_Mean":0.002870351705522567,"IAT_Std":0.0016438625875170425,"IAT_Max":0.005721303259633714,"IAT_Min":0.0001642135757720098,"received_addresses":18,"max_pkt_from_sameId":380,"has_attacker":1}
{"received packets":451,"IAT_Mean":0.004429619434855449,"IAT_Std":0.0053238109530243499,"IAT_Max":0.03335874300682917,"IAT_Min":0.0001574528905621264,"received_addresses":19,"max_pkt_from_sameId":81,"has_attacker":1}
{"received packets":466,"IAT_Mean":0.004287046066764455,"IAT_Std":0.0042631955041917989,"IAT_Max":0.030551991556421855,"IAT_Min":0.00015728009020676836,"received_addresses":19,"max_pkt_from_sameId":96,"has_attacker":1}
{"received packets":467,"IAT_Mean":0.004277841718652102,"IAT_Std":0.0033810790209501827,"IAT_Max":0.020728920986584855,"IAT_Min":0.0002846925563062541,"received_addresses":15,"max_pkt_from_sameId":221,"has_attacker":1}
{"received packets":609,"IAT_Mean":0.003280387140737085,"IAT_Std":0.0015517852078578698,"IAT_Max":0.005012000001443084,"IAT_Min":0.0002800120200845413,"received_addresses":13,"max_pkt_from_sameId":379,"has_attacker":1}
{"received packets":551,"IAT_Mean":0.0036256983448980405,"IAT_Std":0.0024311698035965796,"IAT_Max":0.015001215440861415,"IAT_Min":0.00011578201520023867,"received_addresses":15,"max_pkt_from_sameId":191,"has_attacker":1}
{"received packets":545,"IAT_Mean":0.0036656099661849354,"IAT_Std":0.0027516153000508687,"IAT_Max":0.01454361674041138,"IAT_Min":0.00027005711308447644,"received_addresses":17,"max_pkt_from_sameId":177,"has_attacker":1}
{"received packets":534,"IAT_Mean":0.003741110101387601,"IAT_Std":0.0026605433801186468,"IAT_Max":0.017956261264771457,"IAT_Min":0.00011142537550767884,"received_addresses":17,"max_pkt_from_sameId":252,"has_attacker":1}
{"received packets":593,"IAT_Mean":0.003368893557168615,"IAT_Std":0.002464036543042938,"IAT_Max":0.017956167055672269,"IAT_Min":0.00011017019278369844,"received_addresses":16,"max_pkt_from_sameId":188,"has_attacker":1}
{"received packets":690,"IAT_Mean":0.0028952941885095706,"IAT_Std":0.0016205223809313628,"IAT_Max":0.005012000001443084,"IAT_Min":0.00011389271094230935,"received_addresses":18,"max_pkt_from_sameId":380,"has_attacker":1}
{"received packets":525,"IAT_Mean":0.0038052569151235126,"IAT_Std":0.0032574605465738677,"IAT_Max":0.016186711320187898,"IAT_Min":0.00011300338519504294,"received_addresses":20,"max_pkt_from_sameId":108,"has_attacker":1}
{"received packets":592,"IAT_Mean":0.003374589506835479,"IAT_Std":0.002817920133469266,"IAT_Max":0.016176355038624025,"IAT_Min":0.0001633443207538221,"received_addresses":20,"max_pkt_from_sameId":140,"has_attacker":1}
{"received packets":539,"IAT_Mean":0.00370641416489089,"IAT_Std":0.0031661996259054736,"IAT_Max":0.01618513810171862,"IAT_Min":0.0001147499424405396,"received_addresses":17,"max_pkt_from_sameId":257,"has_attacker":1}
{"received packets":620,"IAT_Mean":0.003222200240675339,"IAT_Std":0.0019234238069904034,"IAT_Max":0.008133601801091573,"IAT_Min":0.00010679411207092926,"received_addresses":14,"max_pkt_from_sameId":377,"has_attacker":1}
{"received packets":462,"IAT_Mean":0.004324140092751399,"IAT_Std":0.0033323908577524675,"IAT_Max":0.017955122730199947,"IAT_Min":0.0001111611672968138,"received_addresses":15,"max_pkt_from_sameId":193,"has_attacker":1}
{"received packets":280,"IAT_Mean":0.007134832829030659,"IAT_Std":0.00547159266295199,"IAT_Max":0.019061223949393026,"IAT_Min":0.0001632633175177034,"received_addresses":12,"max_pkt_from_sameId":58,"has_attacker":1}
{"received packets":216,"IAT_Mean":0.00924886824762965,"IAT_Std":0.006979554353354864,"IAT_Max":0.019064656145928894,"IAT_Min":0.00016300006609526463,"received_addresses":13,"max_pkt_from_sameId":20,"has_attacker":1}
{"received packets":436,"IAT_Mean":0.004582017054442552,"IAT_Std":0.004262259508327673,"IAT_Max":0.018125473012332806,"IAT_Min":0.00016310849605361,"received_addresses":15,"max_pkt_from_sameId":186,"has_attacker":1}
{"received packets":630,"IAT_Mean":0.003171042300649181,"IAT_Std":0.0021682570286676399,"IAT_Max":0.010001476784964325,"IAT_Min":0.00010644721260177903,"received_addresses":15,"max_pkt_from_sameId":380,"has_attacker":1}
