{"received packets":460,"IAT_Mean":0.004344591523065743,"IAT_Std":0.0046544946468214999,"IAT_Max":0.022380094640539029,"IAT_Min":0.00016300351126119494,"received_addresses":23,"max_pkt_from_sameId":20,"has_attacker":0}
{"received packets":460,"IAT_Mean":0.004344609404854608,"IAT_Std":0.004654680985436434,"IAT_Max":0.022380144022463356,"IAT_Min":0.00016300227798637934,"received_addresses":23,"max_pkt_from_sameId":20,"has_attacker":0}
{"received packets":480,"IAT_Mean":0.004163587284415371,"IAT_Std":0.003997061841886186,"IAT_Max":0.022380169633834158,"IAT_Min":0.0001630003134778235,"received_addresses":25,"max_pkt_from_sameId":20,"has_attacker":0}
{"received packets":530,"IAT_Mean":0.0037707856983615784,"IAT_Std":0.003003626346133726,"IAT_Max":0.013124000801326475,"IAT_Min":0.00016304141172440723,"received_addresses":27,"max_pkt_from_sameId":20,"has_attacker":0}
{"received packets":569,"IAT_Mean":0.003512321957974989,"IAT_Std":0.0029667227077709876,"IAT_Max":0.013124002049153205,"IAT_Min":0.000163099160999991,"received_addresses":29,"max_pkt_from_sameId":20,"has_attacker":0}
{"received packets":551,"IAT_Mean":0.003627070409496473,"IAT_Std":0.0030521896045559106,"IAT_Max":0.013124012846674305,"IAT_Min":0.00016311291983583942,"received_addresses":29,"max_pkt_from_sameId":20,"has_attacker":0}
{"received packets":540,"IAT_Mean":0.0037009579053052155,"IAT_Std":0.003050491617159497,"IAT_Max":0.01312427677839878,"IAT_Min":0.0001631364029890392,"received_addresses":27,"max_pkt_from_sameId":20,"has_attacker":0}
{"received packets":1466,"IAT_Mean":0.0013635112273902362,"IAT_Std":0.001833812278169198,"IAT_Max":0.013124450408213307,"IAT_Min":0.00016300016432069242,"received_addresses":28,"max_pkt_from_sameId":208,"has_attacker":1}
{"received packets":2405,"IAT_Mean":0.0008311505211379743,"IAT_Std":0.0007042154504679035,"IAT_Max":0.0023860628898546567,"IAT_Min":0.0001630000551813282,"received_addresses":26,"max_pkt_from_sameId":400,"has_attacker":1}
{"received packets":852,"IAT_Mean":0.0023456790046034708,"IAT_Std":0.001818344464820297,"IAT_Max":0.005287915893859463,"IAT_Min":0.0001513572788098827,"received_addresses":22,"max_pkt_from_sameId":367,"has_attacker":1}
{"received packets":569,"IAT_Mean":0.003511000215999151,"IAT_Std":0.003318928798201678,"IAT_Max":0.023202036445582054,"IAT_Min":0.00016043461073422804,"received_addresses":18,"max_pkt_from_sameId":200,"has_attacker":1}
{"received packets":640,"IAT_Mean":0.003121508263711803,"IAT_Std":0.0017664712909841968,"IAT_Max":0.0057281722147308759,"IAT_Min":0.0001632925523153972,"received_addresses":15,"max_pkt_from_sameId":381,"has_attacker":1}
{"received packets":505,"IAT_Mean":0.00395595831732412,"IAT_Std":0.004626071705433038,"IAT_Max":0.030165373365889537,"IAT_Min":0.00016110416254377924,"received_addresses":15,"max_pkt_from_sameId":144,"has_attacker":1}
