{"received packets":320,"IAT_Mean":0.00624363664626344,"IAT_Std":0.00632544461720025,"IAT_Max":0.0204908962805348,"IAT_Min":0.00016306369070662186,"received_addresses":16,"max_pkt_from_sameId":20,"has_attacker":0}
{"received packets":310,"IAT_Mean":0.006445059946899193,"IAT_Std":0.006328908552076869,"IAT_Max":0.020490965122007766,"IAT_Min":0.0001631176819500979,"received_addresses":16,"max_pkt_from_sameId":20,"has_attacker":0}
{"received packets":250,"IAT_Mean":0.007991025856885244,"IAT_Std":0.006360290529498026,"IAT_Max":0.021894911049457734,"IAT_Min":0.001200583908939734,"received_addresses":13,"max_pkt_from_sameId":20,"has_attacker":0}
{"received packets":527,"IAT_Mean":0.003792252572467842,"IAT_Std":0.003871723386378505,"IAT_Max":0.02335776724066818,"IAT_Min":0.0001630680744710844,"received_addresses":35,"max_pkt_from_sameId":20,"has_attacker":0}
{"received packets":601,"IAT_Mean":0.0033253110324916086,"IAT_Std":0.002850069716907745,"IAT_Max":0.013124005559802754,"IAT_Min":0.0001633417487028055,"received_addresses":32,"max_pkt_from_sameId":20,"has_attacker":0}
{"received packets":132,"IAT_Mean":0.015110451751008275,"IAT_Std":0.0073584126661168929,"IAT_Max":0.026579070759908065,"IAT_Min":0.0026070006970257966,"received_addresses":9,"max_pkt_from_sameId":20,"has_attacker":0}
{"received packets":59,"IAT_Mean":0.03335602640744567,"IAT_Std":0.018486825147631323,"IAT_Max":0.07354893023875775,"IAT_Min":0.014970260985137429,"received_addresses":4,"max_pkt_from_sameId":20,"has_attacker":0}
{"received packets":217,"IAT_Mean":0.009207375637378463,"IAT_Std":0.015130450571959746,"IAT_Max":0.07355349540011957,"IAT_Min":0.0014479550918622409,"received_addresses":2,"max_pkt_from_sameId":197,"has_attacker":1}
{"received packets":420,"IAT_Mean":0.0047571361605930309,"IAT_Std":0.0008071801745148328,"IAT_Max":0.0051629182235046759,"IAT_Min":0.0014481417274510023,"received_addresses":2,"max_pkt_from_sameId":400,"has_attacker":1}
{"received packets":1,"IAT_Mean":2.0,"IAT_Std":0.0,"IAT_Max":2.0,"IAT_Min":2.0,"received_addresses":1,"max_pkt_from_sameId":1,"has_attacker":1}
{"received packets":10,"IAT_Mean":0.1934466848284501,"IAT_Std":0.2803392331710013,"IAT_Max":1.0344643843382074,"IAT_Min":0.09999954206432449,"received_addresses":1,"max_pkt_from_sameId":10,"has_attacker":0}
{"received packets":20,"IAT_Mean":0.09986775194411166,"IAT_Std":0.0005780243931868713,"IAT_Max":0.10001064566313289,"IAT_Min":0.09734830263187178,"received_addresses":1,"max_pkt_from_sameId":20,"has_attacker":0}
{"received packets":251,"IAT_Mean":0.007957595456386356,"IAT_Std":0.019317762605545437,"IAT_Max":0.10001234109950019,"IAT_Min":0.0001560000928293448,"received_addresses":3,"max_pkt_from_sameId":118,"has_attacker":1}
{"received packets":557,"IAT_Mean":0.003585909083416893,"IAT_Std":0.003999588279377503,"IAT_Max":0.014835037767625181,"IAT_Min":0.00010734955867519602,"received_addresses":5,"max_pkt_from_sameId":261,"has_attacker":1}
{"received packets":510,"IAT_Mean":0.003916380770455113,"IAT_Std":0.0014031848390090045,"IAT_Max":0.005152033660124289,"IAT_Min":0.00011163299859617837,"received_addresses":9,"max_pkt_from_sameId":378,"has_attacker":1}
{"received packets":312,"IAT_Mean":0.006365236566556958,"IAT_Std":0.008451145895160788,"IAT_Max":0.03848190238204552,"IAT_Min":0.00011034026101697236,"received_addresses":7,"max_pkt_from_sameId":192,"has_attacker":1}
{"received packets":130,"IAT_Mean":0.015276561932786046,"IAT_Std":0.013753571315744709,"IAT_Max":0.03848192330406164,"IAT_Min":0.0017100376935559326,"received_addresses":7,"max_pkt_from_sameId":20,"has_attacker":1}
{"received packets":572,"IAT_Mean":0.0034919634136058197,"IAT_Std":0.003603956318456494,"IAT_Max":0.01713254199057701,"IAT_Min":0.00015135977810132317,"received_addresses":8,"max_pkt_from_sameId":260,"has_attacker":1}
