{"received packets":239,"IAT_Mean":0.008357358461831746,"IAT_Std":0.06495154212347912,"IAT_Max":1.010110963605257,"IAT_Min":0.0001629999969736673,"received_addresses":7,"max_pkt_from_sameId":189,"has_attacker":1}
{"received packets":103,"IAT_Mean":0.019392317018588357,"IAT_Std":0.01587156419650035,"IAT_Max":0.04994000006627175,"IAT_Min":0.00010808110528159887,"received_addresses":6,"max_pkt_from_sameId":20,"has_attacker":1}
{"received packets":307,"IAT_Mean":0.006506215917652417,"IAT_Std":0.008764506874499093,"IAT_Max":0.04994000006627175,"IAT_Min":0.0013240642183518503,"received_addresses":7,"max_pkt_from_sameId":187,"has_attacker":1}
{"received packets":490,"IAT_Mean":0.004076343804589836,"IAT_Std":0.0018893199294661007,"IAT_Max":0.014999366223491962,"IAT_Min":0.00011370060747140087,"received_addresses":7,"max_pkt_from_sameId":380,"has_attacker":1}
{"received packets":479,"IAT_Mean":0.004169949758607706,"IAT_Std":0.0018155418851220193,"IAT_Max":0.013120733809046215,"IAT_Min":0.00010701487553888,"received_addresses":7,"max_pkt_from_sameId":376,"has_attacker":1}
{"received packets":300,"IAT_Mean":0.006658012955437395,"IAT_Std":0.008893765679783094,"IAT_Max":0.04994000030637835,"IAT_Min":0.00011697928493958898,"received_addresses":7,"max_pkt_from_sameId":194,"has_attacker":1}
{"received packets":92,"IAT_Mean":0.021712111612348808,"IAT_Std":0.02557857604141727,"IAT_Max":0.0711180658727244,"IAT_Min":0.00016300136485369876,"received_addresses":7,"max_pkt_from_sameId":20,"has_attacker":1}
{"received packets":436,"IAT_Mean":0.004581494176935339,"IAT_Std":0.001850643956589697,"IAT_Max":0.02164105667543481,"IAT_Min":0.001320000006671762,"received_addresses":4,"max_pkt_from_sameId":376,"has_attacker":1}
{"received packets":449,"IAT_Mean":0.004448856203991843,"IAT_Std":0.0015859993379115777,"IAT_Max":0.011325366969686002,"IAT_Min":0.00011246239591855556,"received_addresses":6,"max_pkt_from_sameId":194,"has_attacker":1}
{"received packets":470,"IAT_Mean":0.0042501271386773879,"IAT_Std":0.0014388059126685298,"IAT_Max":0.006326291124423733,"IAT_Min":0.00011743977665901184,"received_addresses":6,"max_pkt_from_sameId":380,"has_attacker":1}
