{"received packets":40,"IAT_Mean":0.0499337782512157,"IAT_Std":0.005601205565203431,"IAT_Max":0.05565682280212059,"IAT_Min":0.04434419991230243,"received_addresses":2,"max_pkt_from_sameId":20,"has_attacker":0}
{"received packets":40,"IAT_Mean":0.0499338450531468,"IAT_Std":0.005592954898442922,"IAT_Max":0.05565377220773371,"IAT_Min":0.044344052195810949,"received_addresses":2,"max_pkt_from_sameId":20,"has_attacker":0}
{"received packets":40,"IAT_Mean":0.04993371158598166,"IAT_Std":0.005599339397569557,"IAT_Max":0.055656714266660859,"IAT_Min":0.04434403643972473,"received_addresses":2,"max_pkt_from_sameId":20,"has_attacker":0}
{"received packets":65,"IAT_Mean":0.030728428402093976,"IAT_Std":0.016537665961896286,"IAT_Max":0.04435725653092959,"IAT_Min":0.0001629999933356885,"received_addresses":4,"max_pkt_from_sameId":20,"has_attacker":1}
{"received packets":402,"IAT_Mean":0.004968529635945416,"IAT_Std":0.0060276300984314248,"IAT_Max":0.024838156499754406,"IAT_Min":0.0001513733368483372,"received_addresses":3,"max_pkt_from_sameId":192,"has_attacker":1}
{"received packets":471,"IAT_Mean":0.004240656080741335,"IAT_Std":0.003275014393029385,"IAT_Max":0.0170774464677379,"IAT_Min":0.00010748454224085435,"received_addresses":7,"max_pkt_from_sameId":187,"has_attacker":1}
{"received packets":23,"IAT_Mean":0.08684135989428994,"IAT_Std":0.033015118023232339,"IAT_Max":0.10001052188817994,"IAT_Min":0.00011510802869452164,"received_addresses":3,"max_pkt_from_sameId":20,"has_attacker":1}
{"received packets":10,"IAT_Mean":0.09973531562172866,"IAT_Std":0.0007954999206498464,"IAT_Max":0.10001058787020156,"IAT_Min":0.09734886543083121,"received_addresses":1,"max_pkt_from_sameId":10,"has_attacker":0}
{"received packets":20,"IAT_Mean":0.09986750195548666,"IAT_Std":0.22571261458034834,"IAT_Max":1.0761256771620538,"IAT_Min":0.02123094156922889,"received_addresses":2,"max_pkt_from_sameId":10,"has_attacker":0}
{"received packets":30,"IAT_Mean":0.06587073489887795,"IAT_Std":0.0327511634220579,"IAT_Max":0.10000532228878001,"IAT_Min":0.021230966718576384,"received_addresses":2,"max_pkt_from_sameId":20,"has_attacker":0}
{"received packets":20,"IAT_Mean":0.09880601801814919,"IAT_Std":0.005204647090917998,"IAT_Max":0.1000103793485323,"IAT_Min":0.0761194984879694,"received_addresses":1,"max_pkt_from_sameId":20,"has_attacker":0}
{"received packets":20,"IAT_Mean":0.09880593636771665,"IAT_Std":0.005205081984021655,"IAT_Max":0.10000611331270193,"IAT_Min":0.0761175254410773,"received_addresses":1,"max_pkt_from_sameId":20,"has_attacker":0}
{"received packets":20,"IAT_Mean":0.09880635743629682,"IAT_Std":0.005203483952561465,"IAT_Max":0.10000708056395524,"IAT_Min":0.07612491248801234,"received_addresses":1,"max_pkt_from_sameId":20,"has_attacker":0}
{"received packets":20,"IAT_Mean":0.09880627397997159,"IAT_Std":0.005203933004827038,"IAT_Max":0.10001062463925337,"IAT_Min":0.07612286863513873,"received_addresses":1,"max_pkt_from_sameId":20,"has_attacker":0}
{"received packets":10,"IAT_Mean":0.09761285686945484,"IAT_Std":0.007163228142471022,"IAT_Max":0.10001071008446161,"IAT_Min":0.07612317794701085,"received_addresses":1,"max_pkt_from_sameId":10,"has_attacker":0}
