{"received packets":558,"IAT_Mean":0.003581562876649928,"IAT_Std":0.004104916052807683,"IAT_Max":0.02238001689693192,"IAT_Min":0.000163208635058254,"received_addresses":28,"max_pkt_from_sameId":20,"has_attacker":0}
{"received packets":532,"IAT_Mean":0.0037566170157901127,"IAT_Std":0.004167912341770293,"IAT_Max":0.022380066257028376,"IAT_Min":0.00016311818035319448,"received_addresses":28,"max_pkt_from_sameId":20,"has_attacker":0}
{"received packets":500,"IAT_Mean":0.003997043808405578,"IAT_Std":0.0037352877916681187,"IAT_Max":0.022380155711289264,"IAT_Min":0.00016301577488775365,"received_addresses":27,"max_pkt_from_sameId":20,"has_attacker":0}
{"received packets":530,"IAT_Mean":0.003770785976618908,"IAT_Std":0.0030049715427571679,"IAT_Max":0.013124006567522884,"IAT_Min":0.00016307123587466776,"received_addresses":27,"max_pkt_from_sameId":20,"has_attacker":0}
{"received packets":560,"IAT_Mean":0.0035687705368608088,"IAT_Std":0.0028704710644569645,"IAT_Max":0.013124005796271377,"IAT_Min":0.00016334256724803708,"received_addresses":28,"max_pkt_from_sameId":20,"has_attacker":0}
{"received packets":571,"IAT_Mean":0.0035000285151941198,"IAT_Std":0.002815965782953024,"IAT_Max":0.013124017397785792,"IAT_Min":0.00016367313219234347,"received_addresses":30,"max_pkt_from_sameId":20,"has_attacker":0}
{"received packets":590,"IAT_Mean":0.003387318510684023,"IAT_Std":0.0028439019542224979,"IAT_Max":0.013124286488164217,"IAT_Min":0.00016401789980591275,"received_addresses":30,"max_pkt_from_sameId":20,"has_attacker":0}
{"received packets":1851,"IAT_Mean":0.0010799072328226319,"IAT_Std":0.0016336925532886814,"IAT_Max":0.013124477431119886,"IAT_Min":0.00016300001880154014,"received_addresses":30,"max_pkt_from_sameId":209,"has_attacker":1}
{"received packets":3163,"IAT_Mean":0.0006319690051640695,"IAT_Std":0.0006471645677877784,"IAT_Max":0.003225066320737824,"IAT_Min":0.00016300079369102605,"received_addresses":27,"max_pkt_from_sameId":400,"has_attacker":1}
{"received packets":909,"IAT_Mean":0.002198591385505378,"IAT_Std":0.0017704770276838773,"IAT_Max":0.0098420000031183,"IAT_Min":0.00015253935271175578,"received_addresses":24,"max_pkt_from_sameId":378,"has_attacker":1}
{"received packets":751,"IAT_Mean":0.0026601304678130429,"IAT_Std":0.0018129376114626255,"IAT_Max":0.007355442412517732,"IAT_Min":0.00010844875214388594,"received_addresses":20,"max_pkt_from_sameId":200,"has_attacker":1}
{"received packets":696,"IAT_Mean":0.00287035067018307,"IAT_Std":0.0016918130816856933,"IAT_Max":0.007360588206211105,"IAT_Min":0.00010502483564778231,"received_addresses":19,"max_pkt_from_sameId":381,"has_attacker":1}
{"received packets":739,"IAT_Mean":0.002703325637579867,"IAT_Std":0.003715402934505803,"IAT_Max":0.029470660665538163,"IAT_Min":0.0001529322071291972,"received_addresses":19,"max_pkt_from_sameId":256,"has_attacker":1}
{"received packets":739,"IAT_Mean":0.0027033325438371154,"IAT_Std":0.0023072724993069418,"IAT_Max":0.022723644855432214,"IAT_Min":0.00015297142090275884,"received_addresses":22,"max_pkt_from_sameId":170,"has_attacker":1}
{"received packets":651,"IAT_Mean":0.0030687424974354556,"IAT_Std":0.0020960809125915205,"IAT_Max":0.009101000021473738,"IAT_Min":0.0001629999969736673,"received_addresses":17,"max_pkt_from_sameId":359,"has_attacker":1}
{"received packets":659,"IAT_Mean":0.003031494767733096,"IAT_Std":0.001708046967567074,"IAT_Max":0.006305432667431887,"IAT_Min":0.0003064310112677049,"received_addresses":16,"max_pkt_from_sameId":379,"has_attacker":1}
{"received packets":704,"IAT_Mean":0.002837725953502906,"IAT_Std":0.0023702378507586446,"IAT_Max":0.014531811852066312,"IAT_Min":0.00011506651935633272,"received_addresses":18,"max_pkt_from_sameId":191,"has_attacker":1}
{"received packets":833,"IAT_Mean":0.0023982673647035,"IAT_Std":0.0023940631281503378,"IAT_Max":0.01454348051265697,"IAT_Min":0.00015599731705151498,"received_addresses":18,"max_pkt_from_sameId":316,"has_attacker":1}
{"received packets":637,"IAT_Mean":0.003136188504502676,"IAT_Std":0.0018482613396827127,"IAT_Max":0.009841999999480322,"IAT_Min":0.0001561224380566273,"received_addresses":18,"max_pkt_from_sameId":345,"has_attacker":1}
{"received packets":667,"IAT_Mean":0.002995132177858849,"IAT_Std":0.0018240050357704139,"IAT_Max":0.00686767955266987,"IAT_Min":0.00011211663877475075,"received_addresses":18,"max_pkt_from_sameId":188,"has_attacker":1}
{"received packets":669,"IAT_Mean":0.0029861767911791169,"IAT_Std":0.0018125382043795694,"IAT_Max":0.00686767955266987,"IAT_Min":0.0001131772150984034,"received_addresses":16,"max_pkt_from_sameId":380,"has_attacker":1}
{"received packets":747,"IAT_Mean":0.002674376390451231,"IAT_Std":0.0023536429115088234,"IAT_Max":0.010330082881409908,"IAT_Min":0.00011228788207517937,"received_addresses":18,"max_pkt_from_sameId":244,"has_attacker":1}
{"received packets":721,"IAT_Mean":0.0027708131366805516,"IAT_Std":0.002063529151150455,"IAT_Max":0.008427716966252774,"IAT_Min":0.0001559973243274726,"received_addresses":20,"max_pkt_from_sameId":178,"has_attacker":1}
{"received packets":662,"IAT_Mean":0.003017759051525765,"IAT_Std":0.0018782277655821402,"IAT_Max":0.008518432932760334,"IAT_Min":0.0001163108208857011,"received_addresses":17,"max_pkt_from_sameId":354,"has_attacker":1}
{"received packets":660,"IAT_Mean":0.003026914163946816,"IAT_Std":0.0017466929639110999,"IAT_Max":0.005157398063602159,"IAT_Min":0.00011653138426481746,"received_addresses":17,"max_pkt_from_sameId":377,"has_attacker":1}
{"received packets":601,"IAT_Mean":0.003324046314286195,"IAT_Std":0.0024996394864187814,"IAT_Max":0.017955120070837439,"IAT_Min":0.00011036278738174587,"received_addresses":18,"max_pkt_from_sameId":193,"has_attacker":1}
{"received packets":614,"IAT_Mean":0.003253668097718056,"IAT_Std":0.0024148106770401445,"IAT_Max":0.015537033643340692,"IAT_Min":0.00016308153135469183,"received_addresses":17,"max_pkt_from_sameId":296,"has_attacker":1}
{"received packets":656,"IAT_Mean":0.0030453574169946589,"IAT_Std":0.001967438407588672,"IAT_Max":0.0098420000031183,"IAT_Min":0.00016309006969095208,"received_addresses":18,"max_pkt_from_sameId":361,"has_attacker":1}
{"received packets":686,"IAT_Mean":0.0029121840830197227,"IAT_Std":0.0018741639918199744,"IAT_Max":0.00875220700254431,"IAT_Min":0.00011450482270447537,"received_addresses":19,"max_pkt_from_sameId":187,"has_attacker":1}
{"received packets":728,"IAT_Mean":0.002744169599516901,"IAT_Std":0.0019587197063265649,"IAT_Max":0.008750126649829327,"IAT_Min":0.0001052955340128392,"received_addresses":20,"max_pkt_from_sameId":380,"has_attacker":1}
{"received packets":624,"IAT_Mean":0.0032015408589872189,"IAT_Std":0.003548893990370278,"IAT_Max":0.015329082882090006,"IAT_Min":0.00011548303154995665,"received_addresses":21,"max_pkt_from_sameId":196,"has_attacker":1}
{"received packets":627,"IAT_Mean":0.0031862118171716066,"IAT_Std":0.003301446122049419,"IAT_Max":0.01553664542734623,"IAT_Min":0.0001630000042496249,"received_addresses":21,"max_pkt_from_sameId":172,"has_attacker":1}
{"received packets":706,"IAT_Mean":0.0028296841103995398,"IAT_Std":0.002280498348233349,"IAT_Max":0.01252726021266426,"IAT_Min":0.000114848640805576,"received_addresses":19,"max_pkt_from_sameId":365,"has_attacker":1}
{"received packets":719,"IAT_Mean":0.002778514998075295,"IAT_Std":0.002014454997393688,"IAT_Max":0.01251430191041436,"IAT_Min":0.00011702121628331952,"received_addresses":19,"max_pkt_from_sameId":375,"has_attacker":1}
{"received packets":623,"IAT_Mean":0.003206672720566669,"IAT_Std":0.0030622269244277276,"IAT_Max":0.01795511960881413,"IAT_Min":0.00011229819938307628,"received_addresses":19,"max_pkt_from_sameId":195,"has_attacker":1}
{"received packets":554,"IAT_Mean":0.0036060709393666665,"IAT_Std":0.004117303317946341,"IAT_Max":0.01795511960881413,"IAT_Min":0.0001630000006116461,"received_addresses":18,"max_pkt_from_sameId":181,"has_attacker":1}
{"received packets":660,"IAT_Mean":0.003026909196843476,"IAT_Std":0.002169648652421014,