{"received packets":60,"IAT_Mean":0.03329599763825778,"IAT_Std":0.1285824406815465,"IAT_Max":1.0163613570875896,"IAT_Min":0.003175524794642115,"received_addresses":6,"max_pkt_from_sameId":10,"has_attacker":0}
{"received packets":120,"IAT_Mean":0.01664797890995639,"IAT_Std":0.012389578018989734,"IAT_Max":0.040919515824498379,"IAT_Min":0.003175524816469988,"received_addresses":6,"max_pkt_from_sameId":20,"has_attacker":0}
{"received packets":120,"IAT_Mean":0.016647940260675874,"IAT_Std":0.01239081372015842,"IAT_Max":0.04092128673073603,"IAT_Min":0.0031671864635427484,"received_addresses":6,"max_pkt_from_sameId":20,"has_attacker":0}
{"received packets":120,"IAT_Mean":0.016647949304266758,"IAT_Std":0.012389550098381337,"IAT_Max":0.04092848102300195,"IAT_Min":0.0031671880424255507,"received_addresses":6,"max_pkt_from_sameId":20,"has_attacker":0}
{"received packets":130,"IAT_Mean":0.015367330978299903,"IAT_Std":0.01252212175602045,"IAT_Max":0.04092392993698013,"IAT_Min":0.0024510219918738587,"received_addresses":7,"max_pkt_from_sameId":20,"has_attacker":0}
{"received packets":120,"IAT_Mean":0.016647999312893567,"IAT_Std":0.012389468121461654,"IAT_Max":0.04092797829434858,"IAT_Min":0.003175524889229564,"received_addresses":6,"max_pkt_from_sameId":20,"has_attacker":0}
{"received packets":120,"IAT_Mean":0.0166479752118903,"IAT_Std":0.012391190832065302,"IAT_Max":0.04092861851313501,"IAT_Min":0.003175524892867543,"received_addresses":6,"max_pkt_from_sameId":20,"has_attacker":0}
{"received packets":120,"IAT_Mean":0.016647977049918457,"IAT_Std":0.012389502528227546,"IAT_Max":0.040927722984633877,"IAT_Min":0.0031801864606677556,"received_addresses":6,"max_pkt_from_sameId":20,"has_attacker":0}
{"received packets":120,"IAT_Mean":0.01664803418404214,"IAT_Std":0.012390337057919622,"IAT_Max":0.0409199277528387,"IAT_Min":0.0031671880460635295,"received_addresses":6,"max_pkt_from_sameId":20,"has_attacker":0}
{"received packets":120,"IAT_Mean":0.01664793823971801,"IAT_Std":0.012391158465313253,"IAT_Max":0.0409295326389838,"IAT_Min":0.0031671858596382664,"received_addresses":6,"max_pkt_from_sameId":20,"has_attacker":0}
{"received packets":130,"IAT_Mean":0.015367330506761881,"IAT_Std":0.010428791760657017,"IAT_Max":0.04093004752576235,"IAT_Min":0.003167202859913232,"received_addresses":7,"max_pkt_from_sameId":20,"has_attacker":0}
{"received packets":140,"IAT_Mean":0.01426968013880209,"IAT_Std":0.008231514736823204,"IAT_Max":0.029215417616796914,"IAT_Min":0.0031672335098846817,"received_addresses":7,"max_pkt_from_sameId":20,"has_attacker":0}
{"received packets":130,"IAT_Mean":0.015367377191012985,"IAT_Std":0.012472027719066298,"IAT_Max":0.04092803554885904,"IAT_Min":0.0024251971080957448,"received_addresses":7,"max_pkt_from_sameId":20,"has_attacker":0}
{"received packets":130,"IAT_Mean":0.015367355556372786,"IAT_Std":0.012471825938679049,"IAT_Max":0.04092571469664108,"IAT_Min":0.0024252704497484958,"received_addresses":7,"max_pkt_from_sameId":20,"has_attacker":0}
{"received packets":120,"IAT_Mean":0.01664801874906819,"IAT_Std":0.012391018352231248,"IAT_Max":0.04092651557584759,"IAT_Min":0.0031747024149808569,"received_addresses":6,"max_pkt_from_sameId":20,"has_attacker":0}
{"received packets":119,"IAT_Mean":0.016787861876023159,"IAT_Std":0.012336570147399433,"IAT_Max":0.040928216054453517,"IAT_Min":0.0031767295258759988,"received_addresses":7,"max_pkt_from_sameId":20,"has_attacker":0}
{"received packets":130,"IAT_Mean":0.015367367198632565,"IAT_Std":0.012563328185686972,"IAT_Max":0.04091769403021317,"IAT_Min":0.0031767416548973417,"received_addresses":7,"max_pkt_from_sameId":20,"has_attacker":0}
{"received packets":140,"IAT_Mean":0.014269664553544967,"IAT_Std":0.01188664618417765,"IAT_Max":0.040917361209722,"IAT_Min":0.003176762318616966,"received_addresses":7,"max_pkt_from_sameId":20,"has_attacker":0}
{"received packets":130,"IAT_Mean":0.015367368144563023,"IAT_Std":0.012187391163281611,"IAT_Max":0.040930180803115948,"IAT_Min":0.0031767763575771825,"received_addresses":7,"max_pkt_from_sameId":20,"has_attacker":0}
{"received packets":140,"IAT_Mean":0.01426974324492351,"IAT_Std":0.011886496094658798,"IAT_Max":0.0409257502615219,"IAT_Min":0.003170853615301894,"received_addresses":7,"max_pkt_from_sameId":20,"has_attacker":0}
{"received packets":140,"IAT_Mean":0.014269720169977518,"IAT_Std":0.011885893599372855,"IAT_Max":0.040925132165284597,"IAT_Min":0.003171838052367093,"received_addresses":7,"max_pkt_from_sameId":20,"has_attacker":0}
