{"sendtime":25211.061693399864,"rcvtime":25211.061801944412,"senderID":76,"messageID":652337,"position":[5653.962916385077,4931.872103753147,0.0],"speed":[-12.54511878359698,4.975879046938927,0.0],"heading":2.1106201420750327,"ddostype":0,"msgtype":0}
{"sendtime":25211.10710360587,"rcvtime":25211.107211300958,"senderID":34,"messageID":654126,"position":[5652.178351302863,4929.035222362508,0.0],"speed":[-12.245638308170376,4.863297161851189,0.0],"heading":2.1106201420750327,"ddostype":0,"msgtype":0}
{"sendtime":25211.161693399863,"rcvtime":25211.161799443653,"senderID":76,"messageID":657601,"position":[5653.962916385077,4931.872103753147,0.0],"speed":[-12.54511878359698,4.975879046938927,0.0],"heading":2.1106201420750327,"ddostype":0,"msgtype":0}
{"sendtime":25211.207103605873,"rcvtime":25211.207221800203,"senderID":34,"messageID":659391,"position":[5652.178351302863,4929.035222362508,0.0],"speed":[-12.245638308170376,4.863297161851189,0.0],"heading":2.1106201420750327,"ddostype":0,"msgtype":0}
{"sendtime":25211.261693399865,"rcvtime":25211.261809942895,"senderID":76,"messageID":662867,"position":[5653.962916385077,4931.872103753147,0.0],"speed":[-12.54511878359698,4.975879046938927,0.0],"heading":2.1106201420750327,"ddostype":0,"msgtype":0}
{"sendtime":25211.307103605872,"rcvtime":25211.307219299444,"senderID":34,"messageID":664656,"position":[5652.178351302863,4929.035222362508,0.0],"speed":[-12.245638308170376,4.863297161851189,0.0],"heading":2.1106201420750327,"ddostype":0,"msgtype":0}
{"sendtime":25211.361693399864,"rcvtime":25211.361807442136,"senderID":76,"messageID":668132,"position":[5653.962916385077,4931.872103753147,0.0],"speed":[-12.54511878359698,4.975879046938927,0.0],"heading":2.1106201420750327,"ddostype":0,"msgtype":0}
{"sendtime":25211.40710360587,"rcvtime":25211.40721679869,"senderID":34,"messageID":669921,"position":[5652.178351302863,4929.035222362508,0.0],"speed":[-12.245638308170376,4.863297161851189,0.0],"heading":2.1106201420750327,"ddostype":0,"msgtype":0}
{"sendtime":25211.461693399862,"rcvtime":25211.461804941384,"senderID":76,"messageID":673397,"position":[5653.962916385077,4931.872103753147,0.0],"speed":[-12.54511878359698,4.975879046938927,0.0],"heading":2.1106201420750327,"ddostype":0,"msgtype":0}
{"sendtime":25211.507103605873,"rcvtime":25211.507214297926,"senderID":34,"messageID":675186,"position":[5652.178351302863,4929.035222362508,0.0],"speed":[-12.245638308170376,4.863297161851189,0.0],"heading":2.1106201420750327,"ddostype":0,"msgtype":0}
{"sendtime":25211.561693399864,"rcvtime":25211.561802440625,"senderID":76,"messageID":678662,"position":[5653.962916385077,4931.872103753147,0.0],"speed":[-12.54511878359698,4.975879046938927,0.0],"heading":2.1106201420750327,"ddostype":0,"msgtype":0}
{"sendtime":25211.60710360587,"rcvtime":25211.60721179717,"senderID":34,"messageID":680451,"position":[5652.178351302863,4929.035222362508,0.0],"speed":[-12.245638308170376,4.863297161851189,0.0],"heading":2.1106201420750327,"ddostype":0,"msgtype":0}
{"sendtime":25211.661693399863,"rcvtime":25211.661799939862,"senderID":76,"messageID":683926,"position":[5653.962916385077,4931.872103753147,0.0],"speed":[-12.54511878359698,4.975879046938927,0.0],"heading":2.1106201420750327,"ddostype":0,"msgtype":0}
{"sendtime":25211.707103605873,"rcvtime":25211.707209296415,"senderID":34,"messageID":685716,"position":[5652.178351302863,4929.035222362508,0.0],"speed":[-12.245638308170376,4.863297161851189,0.0],"heading":2.1106201420750327,"ddostype":0,"msgtype":0}
{"sendtime":25211.761693399865,"rcvtime":25211.761810439108,"senderID":76,"messageID":689192,"position":[5653.962916385077,4931.872103753147,0.0],"speed":[-12.54511878359698,4.975879046938927,0.0],"heading":2.1106201420750327,"ddostype":0,"msgtype":0}
{"sendtime":25211.807103605872,"rcvtime":25211.807219795657,"senderID":34,"messageID":690981,"position":[5652.178351302863,4929.035222362508,0.0],"speed":[-12.245638308170376,4.863297161851189,0.0],"heading":2.1106201420750327,"ddostype":0,"msgtype":0}
{"sendtime":25211.861693399864,"rcvtime":25211.861807938352,"senderID":76,"messageID":694457,"position":[5653.962916385077,4931.872103753147,0.0],"speed":[-12.54511878359698,4.975879046938927,0.0],"heading":2.1106201420750327,"ddostype":0,"msgtype":0}
{"sendtime":25211.90710360587,"rcvtime":25211.907217294898,"senderID":34,"messageID":696246,"position":[5652.178351302863,4929.035222362508,0.0],"speed":[-12.245638308170376,4.863297161851189,0.0],"heading":2.1106201420750327,"ddostype":0,"msgtype":0}
{"sendtime":25211.961693399862,"rcvtime":25211.961805437593,"senderID":76,"messageID":699722,"position":[5653.962916385077,4931.872103753147,0.0],"speed":[-12.54511878359698,4.975879046938927,0.0],"heading":2.1106201420750327,"ddostype":0,"msgtype":0}
{"sendtime":25212.007103605873,"rcvtime":25212.007214794143,"senderID":34,"messageID":701511,"position":[5652.178351302863,4929.035222362508,0.0],"speed":[-12.245638308170376,4.863297161851189,0.0],"heading":2.1106201420750327,"ddostype":0,"msgtype":0}
