{"received packets":247,"IAT_Mean":0.008091183648355633,"IAT_Std":0.06415095056639245,"IAT_Max":1.0130038286479249,"IAT_Min":0.00016304429664160125,"received_addresses":25,"max_pkt_from_sameId":10,"has_attacker":0}
{"received packets":510,"IAT_Mean":0.003918660240122014,"IAT_Std":0.003109604431352521,"IAT_Max":0.01312507771217497,"IAT_Min":0.0001630027254577726,"received_addresses":26,"max_pkt_from_sameId":20,"has_attacker":0}
{"received packets":520,"IAT_Mean":0.003843290998114613,"IAT_Std":0.0030321956569401566,"IAT_Max":0.01312469815093209,"IAT_Min":0.00016300106653943658,"received_addresses":26,"max_pkt_from_sameId":20,"has_attacker":0}
{"received packets":529,"IAT_Mean":0.00377791256499743,"IAT_Std":0.0029581661679760156,"IAT_Max":0.01312431584301521,"IAT_Min":0.0001630010738153942,"received_addresses":27,"max_pkt_from_sameId":20,"has_attacker":0}
{"received packets":521,"IAT_Mean":0.003835925295645766,"IAT_Std":0.002953349176182538,"IAT_Max":0.013124126973707462,"IAT_Min":0.00016300156130455434,"received_addresses":27,"max_pkt_from_sameId":20,"has_attacker":0}
{"received packets":1643,"IAT_Mean":0.0012166204636591329,"IAT_Std":0.00175296039259431,"IAT_Max":0.013124290457199095,"IAT_Min":0.00016300049537676387,"received_addresses":27,"max_pkt_from_sameId":208,"has_attacker":1}
{"received packets":2777,"IAT_Mean":0.0007198117138350862,"IAT_Std":0.0006734059594668059,"IAT_Max":0.002386066444159951,"IAT_Min":0.00016300070274155587,"received_addresses":26,"max_pkt_from_sameId":400,"has_attacker":1}
{"received packets":750,"IAT_Mean":0.002664691745589759,"IAT_Std":0.0028934234638045115,"IAT_Max":0.02243545617966447,"IAT_Min":0.00015135488138184883,"received_addresses":23,"max_pkt_from_sameId":316,"has_attacker":1}
{"received packets":607,"IAT_Mean":0.0032912004125072748,"IAT_Std":0.0032757003397658765,"IAT_Max":0.02336354228827986,"IAT_Min":0.00016356458581867628,"received_addresses":20,"max_pkt_from_sameId":200,"has_attacker":1}
{"received packets":656,"IAT_Mean":0.003045372938492242,"IAT_Std":0.0016760240453613967,"IAT_Max":0.005721474048186792,"IAT_Min":0.0001644120093260426,"received_addresses":17,"max_pkt_from_sameId":381,"has_attacker":1}
{"received packets":609,"IAT_Mean":0.0032803910282430067,"IAT_Std":0.004473099505977343,"IAT_Max":0.029837999994924759,"IAT_Min":0.0001520775658718776,"received_addresses":18,"max_pkt_from_sameId":205,"has_attacker":1}
{"received packets":642,"IAT_Mean":0.00311178060330683,"IAT_Std":0.0031093050876344759,"IAT_Max":0.02500200635404326,"IAT_Min":0.00010560467489995062,"received_addresses":19,"max_pkt_from_sameId":170,"has_attacker":1}
{"received packets":237,"IAT_Mean":0.008429331951497126,"IAT_Std":0.010504822584770507,"IAT_Max":0.033987611590418968,"IAT_Min":0.00016300012066494673,"received_addresses":14,"max_pkt_from_sameId":20,"has_attacker":1}
{"received packets":609,"IAT_Mean":0.0032803863293662585,"IAT_Std":0.0017887653887445304,"IAT_Max":0.006305122817138908,"IAT_Min":0.0002799689282255713,"received_addresses":14,"max_pkt_from_sameId":379,"has_attacker":1}
{"received packets":691,"IAT_Mean":0.002891113187698622,"IAT_Std":0.0023879447156802014,"IAT_Max":0.015002193154941779,"IAT_Min":0.00011528113464009948,"received_addresses":17,"max_pkt_from_sameId":191,"has_attacker":1}
{"received packets":851,"IAT_Mean":0.0023475403163592896,"IAT_Std":0.002426061558741254,"IAT_Max":0.014543491270160303,"IAT_Min":0.00010621590263326652,"received_addresses":18,"max_pkt_from_sameId":334,"has_attacker":1}
{"received packets":661,"IAT_Mean":0.0030223179431957106,"IAT_Std":0.0019106285583456507,"IAT_Max":0.010011090071202489,"IAT_Min":0.0001168145754490979,"received_addresses":19,"max_pkt_from_sameId":368,"has_attacker":1}
{"received packets":667,"IAT_Mean":0.002995132301839203,"IAT_Std":0.0017428040334200718,"IAT_Max":0.005012009693018626,"IAT_Min":0.00011216088751098141,"received_addresses":18,"max_pkt_from_sameId":192,"has_attacker":1}
{"received packets":670,"IAT_Mean":0.0029817199343135636,"IAT_Std":0.0017827189974061677,"IAT_Max":0.005012000001443084,"IAT_Min":0.00011325200466671959,"received_addresses":17,"max_pkt_from_sameId":380,"has_attacker":1}
{"received packets":806,"IAT_Mean":0.0024786094867969329,"IAT_Std":0.0020325899211894439,"IAT_Max":0.010330050077755005,"IAT_Min":0.00011236266800551675,"received_addresses":18,"max_pkt_from_sameId":303,"has_attacker":1}
{"received packets":733,"IAT_Mean":0.0027254520521663519,"IAT_Std":0.002037315388091034,"IAT_Max":0.010011090074840468,"IAT_Min":0.00010625158392940648,"received_addresses":19,"max_pkt_from_sameId":169,"has_attacker":1}
{"received packets":651,"IAT_Mean":0.0030687504989323395,"IAT_Std":0.0020702201158009005,"IAT_Max":0.010011090074840468,"IAT_Min":0.00011635465489234775,"received_addresses":17,"max_pkt_from_sameId":343,"has_attacker":1}
{"received packets":661,"IAT_Mean":0.003022334993791463,"IAT_Std":0.0018029365319601698,"IAT_Max":0.005012000001443084,"IAT_Min":0.00011657522190944292,"received_addresses":17,"max_pkt_from_sameId":377,"has_attacker":1}
{"received packets":615,"IAT_Mean":0.00324837710175756,"IAT_Std":0.002531693665676893,"IAT_Max":0.017964160262636143,"IAT_Min":0.00011043756967410445,"received_addresses":18,"max_pkt_from_sameId":193,"has_attacker":1}
{"received packets":651,"IAT_Mean":0.003068743924255214,"IAT_Std":0.0028782983256499126,"IAT_Max":0.017955120638362133,"IAT_Min":0.0001119227999879513,"received_addresses":17,"max_pkt_from_sameId":312,"has_attacker":1}
{"received packets":656,"IAT_Mean":0.0030453575430484066,"IAT_Std":0.002012037806321572,"IAT_Max":0.010011090078478447,"IAT_Min":0.0001630000006116461,"received_addresses":18,"max_pkt_from_sameId":361,"has_attacker":1}
{"received packets":665,"IAT_Mean":0.0030041479152468424,"IAT_Std":0.001970582049675817,"IAT_Max":0.010011090074840468,"IAT_Min":0.00011454866034910083,"received_addresses":18,"max_pkt_from_sameId":186,"has_attacker":1}
{"received packets":690,"IAT_Mean":0.002895297900202264,"IAT_Std":0.0019491925467845814,"IAT_Max":0.008750133769353852,"IAT_Min":0.00010537031994317658,"received_addresses":19,"max_pkt_from_sameId":380,"has_attacker":1}
{"received packets":621,"IAT_Mean":0.0032170073731008776,"IAT_Std":0.00341650376107118,"IAT_Max":0.015329050082073082,"IAT_Min":0.00011555781384231523,"received_addresses":19,"max_pkt_from_sameId":251,"has_attacker":1}
{"received packets":642,"IAT_Mean":0.003111767744632738,"IAT_Std":0.002836317689712244,"IAT_Max":0.017955120358237765,"IAT_Min":0.00010858392124646343,"received_addresses":19,"max_pkt_from_sameId":162,"has_attacker":1}
{"received packets":657,"IAT_Mean":0.0030407261257681817,"IAT_Std":0.002173414486559507,"IAT_Max":0.012691575539065525,"IAT_Min":0.00011489247481222264,"received_addresses":18,"max_pkt_from_sameId":336,"has_attacker":1}
{"received packets":699,"IAT_Mean":0.00285801483019656,"IAT_Std":0.001999243370431056,"IAT_Max":0.008940349147451343,"IAT_Min":0.00011706505028996617,"received_addresses":18,"max_pkt_from_sameId":375,"has_attacker":1}
{"received packets":698,"IAT_Mean":0.002862116314614119,"IAT_Std":0.0021583455846719489,"IAT_Max":0.01127900147184846,"IAT_Min":0.00011237298167543486,"received_addresses":19,"max_pkt_from_sameId":195,"has_attacker":1}
{"received packets":681,"IAT_Mean":0.002933573249774968,"IAT_Std":0.0024564789125447524,"IAT_Max":0.014542058728693519,"IAT_Min":0.00011719282338162884,"received_addresses":17,"max_pkt_from_sameId":318,"has_attacker":1}
{"received packets":678,"IAT_Mean":0.002946548897651847,"IAT_Std":0.0018619775322872073,"IAT_Max":0.008940385636378779,"IAT_Min":0.00011038831871701404,"received_addresses":19,"max_pkt_from_sameId":354,"has_attacker":1}
