{"received packets":60,"IAT_Mean":0.03324301376960648,"IAT_Std":0.006313551450418081,"IAT_Max":0.04157907632543356,"IAT_Min":0.02642561152606504,"received_addresses":3,"max_pkt_from_sameId":20,"has_attacker":0}
{"received packets":250,"IAT_Mean":0.007991874637213187,"IAT_Std":0.007811568760939999,"IAT_Max":0.0319991707947338,"IAT_Min":0.00020216362827341072,"received_addresses":15,"max_pkt_from_sameId":20,"has_attacker":0}
{"received packets":230,"IAT_Mean":0.008685897909036494,"IAT_Std":0.007314923408961231,"IAT_Max":0.028819382401707118,"IAT_Min":0.0013980031762912404,"received_addresses":12,"max_pkt_from_sameId":20,"has_attacker":0}
{"received packets":190,"IAT_Mean":0.010514525512840727,"IAT_Std":0.009573286279289164,"IAT_Max":0.028816559071856319,"IAT_Min":0.0012073383768438362,"received_addresses":10,"max_pkt_from_sameId":20,"has_attacker":0}
{"received packets":140,"IAT_Mean":0.014269707032430494,"IAT_Std":0.00935035411399907,"IAT_Max":0.02881647300819168,"IAT_Min":0.003167592702084221,"received_addresses":7,"max_pkt_from_sameId":20,"has_attacker":0}
{"received packets":120,"IAT_Mean":0.016647998879458709,"IAT_Std":0.008736894944443285,"IAT_Max":0.028816382997320035,"IAT_Min":0.0031673722514824478,"received_addresses":6,"max_pkt_from_sameId":20,"has_attacker":0}
{"received packets":109,"IAT_Mean":0.018328027611385034,"IAT_Std":0.00910593322186792,"IAT_Max":0.028819676783314209,"IAT_Min":0.003170598061842611,"received_addresses":6,"max_pkt_from_sameId":20,"has_attacker":0}
{"received packets":317,"IAT_Mean":0.006302839982935631,"IAT_Std":0.005726912891487786,"IAT_Max":0.026579008426779184,"IAT_Min":0.000233174749155296,"received_addresses":7,"max_pkt_from_sameId":197,"has_attacker":1}
{"received packets":927,"IAT_Mean":0.0021553364227321319,"IAT_Std":0.0016742705074475949,"IAT_Max":0.0050099107502319388,"IAT_Min":0.00023324797803070396,"received_addresses":9,"max_pkt_from_sameId":400,"has_attacker":1}
{"received packets":540,"IAT_Mean":0.003699548079243363,"IAT_Std":0.0017493316109837294,"IAT_Max":0.005168746043636929,"IAT_Min":0.0002712650857574772,"received_addresses":9,"max_pkt_from_sameId":380,"has_attacker":1}
{"received packets":510,"IAT_Mean":0.00391338497072723,"IAT_Std":0.001716505298261312,"IAT_Max":0.005167452902242076,"IAT_Min":0.00010842330448213033,"received_addresses":8,"max_pkt_from_sameId":200,"has_attacker":1}
{"received packets":549,"IAT_Mean":0.003638914513013318,"IAT_Std":0.0017786777323245212,"IAT_Max":0.005111158770887414,"IAT_Min":0.00028002204635413364,"received_addresses":10,"max_pkt_from_sameId":380,"has_attacker":1}
{"received packets":513,"IAT_Mean":0.0038942644177578265,"IAT_Std":0.005104821731528914,"IAT_Max":0.022722891873854679,"IAT_Min":0.00015121690012165345,"received_addresses":10,"max_pkt_from_sameId":178,"has_attacker":1}
{"received packets":426,"IAT_Mean":0.004689583918217738,"IAT_Std":0.005365732704521406,"IAT_Max":0.021442217323055958,"IAT_Min":0.00011765680756070651,"received_addresses":12,"max_pkt_from_sameId":93,"has_attacker":1}
{"received packets":286,"IAT_Mean":0.0069851446324891018,"IAT_Std":0.007355092122886629,"IAT_Max":0.03173365176553489,"IAT_Min":0.00016304553719237447,"received_addresses":12,"max_pkt_from_sameId":101,"has_attacker":1}
{"received packets":591,"IAT_Mean":0.003380296194568927,"IAT_Std":0.002165878855343913,"IAT_Max":0.009721060705487617,"IAT_Min":0.0001639849397179205,"received_addresses":14,"max_pkt_from_sameId":379,"has_attacker":1}
{"received packets":553,"IAT_Mean":0.0036125842139671058,"IAT_Std":0.003264973895824168,"IAT_Max":0.014531851003994234,"IAT_Min":0.00011514886500663124,"received_addresses":15,"max_pkt_from_sameId":191,"has_attacker":1}
{"received packets":508,"IAT_Mean":0.003932591956416175,"IAT_Std":0.004310768565839277,"IAT_Max":0.014543519020662643,"IAT_Min":0.0001514744399173651,"received_addresses":13,"max_pkt_from_sameId":153,"has_attacker":1}
{"received packets":252,"IAT_Mean":0.007927587604864953,"IAT_Std":0.006218091788873034,"IAT_Max":0.019056635133892997,"IAT_Min":0.00016306510588037781,"received_addresses":16,"max_pkt_from_sameId":20,"has_attacker":1}
{"received packets":468,"IAT_Mean":0.00426870333693585,"IAT_Std":0.004141308699208363,"IAT_Max":0.017957533156732099,"IAT_Min":0.00016335430700564757,"received_addresses":15,"max_pkt_from_sameId":188,"has_attacker":1}
{"received packets":653,"IAT_Mean":0.0030593449806435386,"IAT_Std":0.001823586582786311,"IAT_Max":0.005012000001443084,"IAT_Min":0.00011325955711072311,"received_addresses":16,"max_pkt_from_sameId":380,"has_attacker":1}
{"received packets":529,"IAT_Mean":0.003776482349203159,"IAT_Std":0.004065302258535628,"IAT_Max":0.017461105566326297,"IAT_Min":0.00011237022772547789,"received_addresses":17,"max_pkt_from_sameId":129,"has_attacker":1}
{"received packets":445,"IAT_Mean":0.004489339933942564,"IAT_Std":0.004821761687872489,"IAT_Max":0.017944552750122967,"IAT_Min":0.00015710186926298775,"received_addresses":16,"max_pkt_from_sameId":83,"has_attacker":1}
{"received packets":294,"IAT_Mean":0.0067950901060253678,"IAT_Std":0.006071093495420588,"IAT_Max":0.01795665725148865,"IAT_Min":0.0001632202292967122,"received_addresses":16,"max_pkt_from_sameId":20,"has_attacker":1}
{"received packets":669,"IAT_Mean":0.0029861933441893307,"IAT_Std":0.001963198401480957,"IAT_Max":0.009826535591855646,"IAT_Min":0.0001632202256587334,"received_addresses":17,"max_pkt_from_sameId":377,"has_attacker":1}
{"received packets":551,"IAT_Mean":0.0036256839017458338,"IAT_Std":0.0032872292929229287,"IAT_Max":0.015523896039667307,"IAT_Min":0.0001104451330320444,"received_addresses":17,"max_pkt_from_sameId":193,"has_attacker":1}
{"received packets":458,"IAT_Mean":0.00436190433575619,"IAT_Std":0.00453392234251425,"IAT_Max":0.015536985483777244,"IAT_Min":0.00015101414828677662,"received_addresses":16,"max_pkt_from_sameId":94,"has_attacker":1}
{"received packets":310,"IAT_Mean":0.006444369137299814,"IAT_Std":0.005817360517670685,"IAT_Max":0.017962329504371156,"IAT_Min":0.00011222425382584333,"received_addresses":19,"max_pkt_from_sameId":20,"has_attacker":1}
{"received packets":521,"IAT_Mean":0.003834468805259755,"IAT_Std":0.003929264932385968,"IAT_Max":0.017962303769309075,"IAT_Min":0.00016309189231833443,"received_addresses":19,"max_pkt_from_sameId":186,"has_attacker":1}
{"received packets":742,"IAT_Mean":0.0026923927632424855,"IAT_Std":0.0021271130349874128,"IAT_Max":0.010005244374042377,"IAT_Min":0.00010535546243772842,"received_addresses":21,"max_pkt_from_sameId":380,"has_attacker":1}
{"received packets":522,"IAT_Mean":0.003827129188094063,"IAT_Std":0.0048564569458675759,"IAT_Max":0.015537228558969219,"IAT_Min":0.00011554117008927278,"received_addresses":22,"max_pkt_from_sameId":74,"has_attacker":1}
{"received packets":422,"IAT_Mean":0.004734015908755786,"IAT_Std":0.005478263708894818,"IAT_Max":0.01813118308200501,"IAT_Min":0.000163001794135198,"received_addresses":21,"max_pkt_from_sameId":31,"has_attacker":1}
{"received packets":342,"IAT_Mean":0.005841394422627912,"IAT_Std":0.006018325648967361,"IAT_Max":0.018131182816432557,"IAT_Min":0.0001630000042496249,"received_addresses":19,"max_pkt_from_sameId":20,"has_attacker":1}
{"received packets":705,"IAT_Mean":0.002833691162438254,"IAT_Std":0.0020939675114422554,"IAT_Max":0.015428069378685905,"IAT_Min":0.00016300000788760372,"received_addresses":18,"max_pkt_from_sameId":375,"has_attacker":1}
{"received packets":602,"IAT_Mean":0.003318533515788737,"IAT_Std":0.003224414369547209,"IAT_Max":0.01795511981617892,"IAT_Min":0.00011255671051912941,"received_addresses":19,"max_pkt_from_sameId":195,"has_attacker":1}
{"received packets":461,"IAT_Mean":0.004333543299263371,"IAT_Std":0.004524572398906546,"IAT_Max":0.017955119736143389,"IAT_Min":0.0001630004626349546,"received_addresses":18,"max_pkt_from_sameId":161,"has_attacker":1}
{"received packets":210,"IAT_Mean":0.009513144365267916,"IAT_Std":0.00873086946556042,"IAT_Max":0.03031000620467239,"IAT_Min":0.001344502335996367,