{"received packets":30,"IAT_Mean":0.0664861843141504,"IAT_Std":0.1768801478030641,"IAT_Max":1.0163573289755732,"IAT_Min":0.021780763072456467,"received_addresses":3,"max_pkt_from_sameId":10,"has_attacker":0}
{"received packets":60,"IAT_Mean":0.033242892082732098,"IAT_Std":0.013369216248297348,"IAT_Max":0.05193969565516454,"IAT_Min":0.016366247004043545,"received_addresses":3,"max_pkt_from_sameId":20,"has_attacker":0}
{"received packets":60,"IAT_Mean":0.03324309245654149,"IAT_Std":0.01336244999035388,"IAT_Max":0.051938879365479809,"IAT_Min":0.016367445979994956,"received_addresses":3,"max_pkt_from_sameId":20,"has_attacker":0}
{"received packets":60,"IAT_Mean":0.033242989487674397,"IAT_Std":0.013367664675078302,"IAT_Max":0.05194143085827818,"IAT_Min":0.01636178782064235,"received_addresses":3,"max_pkt_from_sameId":20,"has_attacker":0}
{"received packets":60,"IAT_Mean":0.033242939544895,"IAT_Std":0.013366033395290904,"IAT_Max":0.0519414464761212,"IAT_Min":0.016355588853912196,"received_addresses":3,"max_pkt_from_sameId":20,"has_attacker":0}
{"received packets":70,"IAT_Mean":0.028493950071632365,"IAT_Std":0.015475227077436817,"IAT_Max":0.05193785929805017,"IAT_Min":0.012097888655262068,"received_addresses":4,"max_pkt_from_sameId":20,"has_attacker":0}
{"received packets":80,"IAT_Mean":0.024932290866399855,"IAT_Std":0.015974968752321494,"IAT_Max":0.051943381477030928,"IAT_Min":0.012110941406717757,"received_addresses":4,"max_pkt_from_sameId":20,"has_attacker":0}
{"received packets":60,"IAT_Mean":0.03324307774643482,"IAT_Std":0.0133681908108741,"IAT_Max":0.05194325960474089,"IAT_Min":0.016360696390620434,"received_addresses":3,"max_pkt_from_sameId":20,"has_attacker":0}
{"received packets":326,"IAT_Mean":0.006128074251455194,"IAT_Std":0.0072349556633309899,"IAT_Max":0.033989417974225947,"IAT_Min":0.00016305293320328929,"received_addresses":13,"max_pkt_from_sameId":158,"has_attacker":1}
{"received packets":286,"IAT_Mean":0.006985155240898904,"IAT_Std":0.006210516716524213,"IAT_Max":0.017962495581741679,"IAT_Min":0.00016307374971802346,"received_addresses":19,"max_pkt_from_sameId":20,"has_attacker":1}
{"received packets":529,"IAT_Mean":0.003776480584061343,"IAT_Std":0.0038535536299926806,"IAT_Max":0.01796241970077972,"IAT_Min":0.00016312774823745713,"received_addresses":19,"max_pkt_from_sameId":186,"has_attacker":1}
{"received packets":672,"IAT_Mean":0.0029728504319748375,"IAT_Std":0.002023380781765073,"IAT_Max":0.0087594703763898,"IAT_Min":0.00010535841647651978,"received_addresses":17,"max_pkt_from_sameId":380,"has_attacker":1}
{"received packets":274,"IAT_Mean":0.007279506644568012,"IAT_Std":0.00783345218809466,"IAT_Max":0.0339854396370356,"IAT_Min":0.00011559607446542941,"received_addresses":13,"max_pkt_from_sameId":100,"has_attacker":1}
{"received packets":80,"IAT_Mean":0.024001336383071248,"IAT_Std":0.025877859525972183,"IAT_Max":0.08619729138445109,"IAT_Min":0.003517134773574071,"received_addresses":6,"max_pkt_from_sameId":20,"has_attacker":1}
{"received packets":70,"IAT_Mean":0.0277499193825601,"IAT_Std":0.030341112992468914,"IAT_Max":0.08619713850930566,"IAT_Min":0.0035170737173757518,"received_addresses":4,"max_pkt_from_sameId":20,"has_attacker":1}
{"received packets":257,"IAT_Mean":0.0075583453798632178,"IAT_Std":0.012106401089270445,"IAT_Max":0.06380702752358047,"IAT_Min":0.00028002076578559354,"received_addresses":4,"max_pkt_from_sameId":197,"has_attacker":1}
{"received packets":42,"IAT_Mean":0.046250085049905468,"IAT_Std":0.03434003941852796,"IAT_Max":0.08395536991156405,"IAT_Min":0.003517050212394679,"received_addresses":4,"max_pkt_from_sameId":20,"has_attacker":0}
{"received packets":20,"IAT_Mean":0.09712453671309049,"IAT_Std":0.012532877342421568,"IAT_Max":0.10001142718465417,"IAT_Min":0.04249500210426049,"received_addresses":1,"max_pkt_from_sameId":20,"has_attacker":0}
{"received packets":20,"IAT_Mean":0.09712504474264279,"IAT_Std":0.012533476924830933,"IAT_Max":0.10001023605218507,"IAT_Min":0.042492889075219867,"received_addresses":1,"max_pkt_from_sameId":20,"has_attacker":0}
