{"received packets":240,"IAT_Mean":0.00832484492589174,"IAT_Std":0.008375923539612635,"IAT_Max":0.0319740446684591,"IAT_Min":0.00016301865252899006,"received_addresses":12,"max_pkt_from_sameId":20,"has_attacker":0}
{"received packets":240,"IAT_Mean":0.008324865213504987,"IAT_Std":0.007030968515758015,"IAT_Max":0.031970235981134468,"IAT_Min":0.00016308998601743951,"received_addresses":13,"max_pkt_from_sameId":20,"has_attacker":0}
{"received packets":190,"IAT_Mean":0.01049777155115551,"IAT_Std":0.005390231846372287,"IAT_Max":0.021790938430058305,"IAT_Min":0.0013980040785099846,"received_addresses":10,"max_pkt_from_sameId":20,"has_attacker":0}
{"received packets":140,"IAT_Mean":0.014246999967716485,"IAT_Std":0.007292583548948149,"IAT_Max":0.0278012276685331,"IAT_Min":0.0068191195096005689,"received_addresses":7,"max_pkt_from_sameId":20,"has_attacker":0}
{"received packets":70,"IAT_Mean":0.02849398864491377,"IAT_Std":0.016956100665928746,"IAT_Max":0.0643094183797075,"IAT_Min":0.013904472489230102,"received_addresses":4,"max_pkt_from_sameId":20,"has_attacker":0}
{"received packets":90,"IAT_Mean":0.022162001775601918,"IAT_Std":0.01058395476061873,"IAT_Max":0.037455453235452299,"IAT_Min":0.009649850249843439,"received_addresses":5,"max_pkt_from_sameId":20,"has_attacker":0}
{"received packets":359,"IAT_Mean":0.005566904515118878,"IAT_Std":0.005812335794266674,"IAT_Max":0.027219583567784868,"IAT_Min":0.0001641906565055251,"received_addresses":22,"max_pkt_from_sameId":20,"has_attacker":0}
{"received packets":1629,"IAT_Mean":0.0012270772957153052,"IAT_Std":0.0017590689502467576,"IAT_Max":0.013124477496603504,"IAT_Min":0.0001630000006116461,"received_addresses":28,"max_pkt_from_sameId":207,"has_attacker":1}
{"received packets":2760,"IAT_Mean":0.0007242458187792563,"IAT_Std":0.0006890363430144364,"IAT_Max":0.003225065353035461,"IAT_Min":0.0001630006117920857,"received_addresses":26,"max_pkt_from_sameId":400,"has_attacker":1}
{"received packets":828,"IAT_Mean":0.002413671471601451,"IAT_Std":0.002175391063455946,"IAT_Max":0.014075250241148752,"IAT_Min":0.00015253931996994652,"received_addresses":21,"max_pkt_from_sameId":347,"has_attacker":1}
{"received packets":599,"IAT_Mean":0.00333193094977442,"IAT_Std":0.004441174380101307,"IAT_Max":0.03266603618612862,"IAT_Min":0.0001630001606827136,"received_addresses":16,"max_pkt_from_sameId":200,"has_attacker":1}
{"received packets":662,"IAT_Mean":0.0030148531618015719,"IAT_Std":0.001978022429162779,"IAT_Max":0.00928698730058386,"IAT_Min":0.00016565957776037976,"received_addresses":19,"max_pkt_from_sameId":381,"has_attacker":1}
{"received packets":657,"IAT_Mean":0.0030377875831330504,"IAT_Std":0.003627469488825215,"IAT_Max":0.022723270780261374,"IAT_Min":0.00015297281424864195,"received_addresses":19,"max_pkt_from_sameId":158,"has_attacker":1}
{"received packets":614,"IAT_Mean":0.0032505400511593535,"IAT_Std":0.003238000066480689,"IAT_Max":0.017960467343073107,"IAT_Min":0.00015300476661650464,"received_addresses":23,"max_pkt_from_sameId":89,"has_attacker":1}
{"received packets":317,"IAT_Mean":0.006296003835544498,"IAT_Std":0.004847653819499487,"IAT_Max":0.01796053865837166,"IAT_Min":0.00016300270726787858,"received_addresses":18,"max_pkt_from_sameId":20,"has_attacker":1}
{"received packets":679,"IAT_Mean":0.002939357735094116,"IAT_Std":0.0016602372795265866,"IAT_Max":0.005012000001443084,"IAT_Min":0.00028001455939374864,"received_addresses":17,"max_pkt_from_sameId":379,"has_attacker":1}
{"received packets":700,"IAT_Mean":0.0028511827449463976,"IAT_Std":0.001921233364526019,"IAT_Max":0.010000642432714813,"IAT_Min":0.00011520885891513899,"received_addresses":19,"max_pkt_from_sameId":191,"has_attacker":1}
{"received packets":782,"IAT_Mean":0.0025522066048522349,"IAT_Std":0.0022275798271664409,"IAT_Max":0.01000064231993747,"IAT_Min":0.00010601049871183932,"received_addresses":18,"max_pkt_from_sameId":214,"has_attacker":1}
{"received packets":314,"IAT_Mean":0.006356117603709035,"IAT_Std":0.005094145681436814,"IAT_Max":0.01796935279344325,"IAT_Min":0.00011665403144434094,"received_addresses":19,"max_pkt_from_sameId":20,"has_attacker":1}
{"received packets":485,"IAT_Mean":0.004115096933659065,"IAT_Std":0.003560692349747067,"IAT_Max":0.017956167663214729,"IAT_Min":0.00029329378594411537,"received_addresses":17,"max_pkt_from_sameId":188,"has_attacker":1}
{"received packets":689,"IAT_Mean":0.0028966924869307136,"IAT_Std":0.0017235597801843533,"IAT_Max":0.005012000001443084,"IAT_Min":0.00011331955101923086,"received_addresses":17,"max_pkt_from_sameId":380,"has_attacker":1}
{"received packets":786,"IAT_Mean":0.0025392213916838447,"IAT_Std":0.0022345279469147686,"IAT_Max":0.010613950449624099,"IAT_Min":0.00011243022527196445,"received_addresses":19,"max_pkt_from_sameId":266,"has_attacker":1}
{"received packets":551,"IAT_Mean":0.0036221871537987476,"IAT_Std":0.0037214136273825187,"IAT_Max":0.017968526230106364,"IAT_Min":0.00010610289973556064,"received_addresses":18,"max_pkt_from_sameId":121,"has_attacker":1}
{"received packets":334,"IAT_Mean":0.005975524976965536,"IAT_Std":0.005239453766364281,"IAT_Max":0.01796848503363435,"IAT_Min":0.0001563196419738233,"received_addresses":18,"max_pkt_from_sameId":20,"has_attacker":1}
{"received packets":679,"IAT_Mean":0.0029393699534575746,"IAT_Std":0.001783747424087289,"IAT_Max":0.006358006510708947,"IAT_Min":0.0001630494043638464,"received_addresses":18,"max_pkt_from_sameId":377,"has_attacker":1}
{"received packets":602,"IAT_Mean":0.003315338347314283,"IAT_Std":0.0023859757404022586,"IAT_Max":0.014707083315443015,"IAT_Min":0.00011050512694055215,"received_addresses":17,"max_pkt_from_sameId":193,"has_attacker":1}
{"received packets":576,"IAT_Mean":0.0034649671218668724,"IAT_Std":0.0032630632691938094,"IAT_Max":0.015329000929341419,"IAT_Min":0.00011177411943208426,"received_addresses":18,"max_pkt_from_sameId":210,"has_attacker":1}
{"received packets":327,"IAT_Mean":0.006103435216345347,"IAT_Std":0.005881917273141237,"IAT_Max":0.017962333437026247,"IAT_Min":0.00011215123231522739,"received_addresses":20,"max_pkt_from_sameId":20,"has_attacker":1}
{"received packets":516,"IAT_Mean":0.003867882037101403,"IAT_Std":0.003961466490077029,"IAT_Max":0.017962294736207697,"IAT_Min":0.0001630901824682951,"received_addresses":19,"max_pkt_from_sameId":186,"has_attacker":1}
{"received packets":708,"IAT_Mean":0.0028213479076865269,"IAT_Std":0.0019693406764251244,"IAT_Max":0.008750216886255658,"IAT_Min":0.00010543786993366666,"received_addresses":19,"max_pkt_from_sameId":380,"has_attacker":1}
{"received packets":750,"IAT_Mean":0.0026612457949328628,"IAT_Std":0.0025198723395423174,"IAT_Max":0.01532900092570344,"IAT_Min":0.00011562537110876292,"received_addresses":21,"max_pkt_from_sameId":343,"has_attacker":1}
{"received packets":562,"IAT_Mean":0.003551542098862115,"IAT_Std":0.0038657414616062306,"IAT_Max":0.018131184642697919,"IAT_Min":0.0001084352406905964,"received_addresses":19,"max_pkt_from_sameId":191,"has_attacker":1}
{"received packets":362,"IAT_Mean":0.005513618320811319,"IAT_Std":0.005477371055602059,"IAT_Max":0.018131184646335897,"IAT_Min":0.00016300450079143047,"received_addresses":20,"max_pkt_from_sameId":20,"has_attacker":1}
{"received packets":735,"IAT_Mean":0.0027155443997433977,"IAT_Std":0.002016775184646851,"IAT_Max":0.012110405830753735,"IAT_Min":0.0001630044571356848,"received_addresses":19,"max_pkt_from_sameId":375,"has_attacker":1}
{"received packets":697,"IAT_Mean":0.002863638386086865,"IAT_Std":0.0028199222177425198,"IAT_Max":0.018131001845176799,"IAT_Min":0.00011244053894188255,"received_addresses":21,"max_pkt_from_sameId":195,"has_attacker":1}
{"received packets":684,"IAT_Mean":0.00291807331958866,"IAT_Std":0.003414592597611867,"IAT_Max":0.018131001848814777,"IAT_Min":0.00011704414282576181,"received_addresses":19,"max_pkt_from_sameId":282,"has_attacker":1}
{"received packets":375,"IAT_Mean":0.005326266453630523,"IAT_Std":0.005737227436368227,"IAT_Max":0.018131184646335897,