{"received packets":50,"IAT_Mean":0.03995511668312247,"IAT_Std":0.14075799711601928,"IAT_Max":1.0163683275823133,"IAT_Min":0.003180187861289596,"received_addresses":5,"max_pkt_from_sameId":10,"has_attacker":0}
{"received packets":110,"IAT_Mean":0.01816145297360146,"IAT_Std":0.01867065677745937,"IAT_Max":0.05549276350575383,"IAT_Min":0.002854601676517632,"received_addresses":6,"max_pkt_from_sameId":20,"has_attacker":0}
{"received packets":120,"IAT_Mean":0.01664797891080525,"IAT_Std":0.018369768424846095,"IAT_Max":0.055492633840913189,"IAT_Min":0.002850940942153102,"received_addresses":6,"max_pkt_from_sameId":20,"has_attacker":0}
{"received packets":120,"IAT_Mean":0.016647940264192586,"IAT_Std":0.018368779711459755,"IAT_Max":0.055501297989394519,"IAT_Min":0.0028485835828178098,"received_addresses":6,"max_pkt_from_sameId":20,"has_attacker":0}
{"received packets":120,"IAT_Mean":0.016647949308026,"IAT_Std":0.018368674283050686,"IAT_Max":0.05549581892773858,"IAT_Min":0.0028505606060207357,"received_addresses":6,"max_pkt_from_sameId":20,"has_attacker":0}
{"received packets":130,"IAT_Mean":0.015367330981769975,"IAT_Std":0.01582018354986888,"IAT_Max":0.05549538957711775,"IAT_Min":0.002850764023605734,"received_addresses":7,"max_pkt_from_sameId":20,"has_attacker":0}
{"received packets":120,"IAT_Mean":0.01664799931665281,"IAT_Std":0.018369180732939598,"IAT_Max":0.05549830108793685,"IAT_Min":0.0028460784633352889,"received_addresses":6,"max_pkt_from_sameId":20,"has_attacker":0}
{"received packets":120,"IAT_Mean":0.016647975215649543,"IAT_Std":0.018368171795454983,"IAT_Max":0.0554956300984486,"IAT_Min":0.0028460784706112465,"received_addresses":6,"max_pkt_from_sameId":20,"has_attacker":0}
{"received packets":120,"IAT_Mean":0.016647977053738336,"IAT_Std":0.0183674617426532,"IAT_Max":0.055494734577223429,"IAT_Min":0.0028485369657573757,"received_addresses":6,"max_pkt_from_sameId":20,"has_attacker":0}
{"received packets":120,"IAT_Mean":0.016648034187801386,"IAT_Std":0.0183686586243254,"IAT_Max":0.05549993934255326,"IAT_Min":0.0028462283335102258,"received_addresses":6,"max_pkt_from_sameId":20,"has_attacker":0}
{"received packets":120,"IAT_Mean":0.016647938243507574,"IAT_Std":0.018369592034668416,"IAT_Max":0.05550134247096139,"IAT_Min":0.002846186122042127,"received_addresses":6,"max_pkt_from_sameId":20,"has_attacker":0}
{"received packets":130,"IAT_Mean":0.015367330510259937,"IAT_Std":0.014597796908405577,"IAT_Max":0.055501347975223328,"IAT_Min":0.002853464859072119,"received_addresses":7,"max_pkt_from_sameId":20,"has_attacker":0}
{"received packets":140,"IAT_Mean":0.014269680141998314,"IAT_Std":0.010187789152657298,"IAT_Max":0.029215417584055105,"IAT_Min":0.0028508718678494917,"received_addresses":7,"max_pkt_from_sameId":20,"has_attacker":0}
{"received packets":140,"IAT_Mean":0.014269707394877124,"IAT_Std":0.017672815991180096,"IAT_Max":0.055495047137810619,"IAT_Min":0.0024251398390333636,"received_addresses":7,"max_pkt_from_sameId":20,"has_attacker":0}
{"received packets":130,"IAT_Mean":0.015367355559842859,"IAT_Std":0.018036136889860424,"IAT_Max":0.0555020857063937,"IAT_Min":0.002425270256935619,"received_addresses":7,"max_pkt_from_sameId":20,"has_attacker":0}
{"received packets":120,"IAT_Mean":0.016648018752827438,"IAT_Std":0.0183694183296178,"IAT_Max":0.055501021935924658,"IAT_Min":0.0028523787077574527,"received_addresses":6,"max_pkt_from_sameId":20,"has_attacker":0}
{"received packets":139,"IAT_Mean":0.014372342184876727,"IAT_Std":0.01752617541377133,"IAT_Max":0.05549783949390985,"IAT_Min":0.002849239877832588,"received_addresses":7,"max_pkt_from_sameId":20,"has_attacker":0}
{"received packets":140,"IAT_Mean":0.014269698116264149,"IAT_Std":0.01748634369001033,"IAT_Max":0.05549770561628975,"IAT_Min":0.002849506556231063,"received_addresses":7,"max_pkt_from_sameId":20,"has_attacker":0}
{"received packets":140,"IAT_Mean":0.014269664556767176,"IAT_Std":0.017486604367164265,"IAT_Max":0.05549724396041711,"IAT_Min":0.0028494992475316396,"received_addresses":7,"max_pkt_from_sameId":20,"has_attacker":0}
{"received packets":140,"IAT_Mean":0.01426969899460216,"IAT_Std":0.017486237931778119,"IAT_Max":0.0554971923957055,"IAT_Min":0.002849615611921763,"received_addresses":7,"max_pkt_from_sameId":20,"has_attacker":0}
{"received packets":140,"IAT_Mean":0.014269743248145719,"IAT_Std":0.01748672575799231,"IAT_Max":0.055498416688351429,"IAT_Min":0.0028495010774349795,"received_addresses":7,"max_pkt_from_sameId":20,"has_attacker":0}
{"received packets":140,"IAT_Mean":0.014269720173199727,"IAT_Std":0.017485755134872273,"IAT_Max":0.055492143761512128,"IAT_Min":0.002849589756806381,"received_addresses":7,"max_pkt_from_sameId":20,"has_attacker":0}
