{"received packets":509,"IAT_Mean":0.003926349935658854,"IAT_Std":0.00442689367118634,"IAT_Max":0.022380012367648307,"IAT_Min":0.0001632234525459353,"received_addresses":26,"max_pkt_from_sameId":20,"has_attacker":0}
{"received packets":560,"IAT_Mean":0.003568786192304937,"IAT_Std":0.004257905010844748,"IAT_Max":0.022380018286639826,"IAT_Min":0.00016315931497956626,"received_addresses":28,"max_pkt_from_sameId":20,"has_attacker":0}
{"received packets":550,"IAT_Mean":0.0036336759855211395,"IAT_Std":0.0037137561126978719,"IAT_Max":0.02238003464299254,"IAT_Min":0.00016304773816955276,"received_addresses":29,"max_pkt_from_sameId":20,"has_attacker":0}
{"received packets":571,"IAT_Mean":0.0035000287182328389,"IAT_Std":0.002989764292238352,"IAT_Max":0.013124013243213995,"IAT_Min":0.00016301438154187053,"received_addresses":29,"max_pkt_from_sameId":20,"has_attacker":0}
{"received packets":540,"IAT_Mean":0.0037009468587173076,"IAT_Std":0.00299334616630414,"IAT_Max":0.013124007426085882,"IAT_Min":0.0001631775921850931,"received_addresses":27,"max_pkt_from_sameId":20,"has_attacker":0}
{"received packets":530,"IAT_Mean":0.0037707850436214907,"IAT_Std":0.0030782811854580306,"IAT_Max":0.013124017910740804,"IAT_Min":0.00016350010264432058,"received_addresses":27,"max_pkt_from_sameId":20,"has_attacker":0}
{"received packets":550,"IAT_Mean":0.0036336685474948769,"IAT_Std":0.0030585154401064965,"IAT_Max":0.013124286797392415,"IAT_Min":0.00016384721311624162,"received_addresses":28,"max_pkt_from_sameId":20,"has_attacker":0}
{"received packets":1857,"IAT_Mean":0.0010764179086978515,"IAT_Std":0.001555123787371169,"IAT_Max":0.013124477678502445,"IAT_Min":0.00016300001152558252,"received_addresses":30,"max_pkt_from_sameId":209,"has_attacker":1}
{"received packets":3180,"IAT_Mean":0.0006285904913863117,"IAT_Std":0.0006198544006415531,"IAT_Max":0.0023860650981077926,"IAT_Min":0.0001630010228836909,"received_addresses":27,"max_pkt_from_sameId":400,"has_attacker":1}
{"received packets":662,"IAT_Mean":0.003018911544708718,"IAT_Std":0.0036825020669912897,"IAT_Max":0.022435455768572866,"IAT_Min":0.00015237660045386292,"received_addresses":23,"max_pkt_from_sameId":158,"has_attacker":1}
{"received packets":590,"IAT_Mean":0.0033860305923970035,"IAT_Std":0.004478027141209066,"IAT_Max":0.032666267037711808,"IAT_Min":0.00016311486979248002,"received_addresses":20,"max_pkt_from_sameId":200,"has_attacker":1}
{"received packets":694,"IAT_Mean":0.002878622638954845,"IAT_Std":0.001700382737876145,"IAT_Max":0.007360578907537274,"IAT_Min":0.00016555625916225836,"received_addresses":18,"max_pkt_from_sameId":381,"has_attacker":1}
{"received packets":732,"IAT_Mean":0.00272917717273012,"IAT_Std":0.003711946602489037,"IAT_Max":0.02947071126982337,"IAT_Min":0.00015291676027118228,"received_addresses":19,"max_pkt_from_sameId":249,"has_attacker":1}
{"received packets":631,"IAT_Mean":0.0031660266142609627,"IAT_Std":0.0033746583695218889,"IAT_Max":0.029470796223904473,"IAT_Min":0.00015295598132070154,"received_addresses":22,"max_pkt_from_sameId":129,"has_attacker":1}
{"received packets":517,"IAT_Mean":0.003864122648698429,"IAT_Std":0.0028019833719728395,"IAT_Max":0.012677361868554727,"IAT_Min":0.00010979425860568881,"received_addresses":17,"max_pkt_from_sameId":225,"has_attacker":1}
{"received packets":649,"IAT_Mean":0.0030782050777741767,"IAT_Std":0.0016984815510839046,"IAT_Max":0.006305387636530213,"IAT_Min":0.00028001235477859154,"received_addresses":15,"max_pkt_from_sameId":379,"has_attacker":1}
{"received packets":713,"IAT_Mean":0.0028019061918780005,"IAT_Std":0.002314750448121127,"IAT_Max":0.01453181728720665,"IAT_Min":0.00011510186232044362,"received_addresses":18,"max_pkt_from_sameId":191,"has_attacker":1}
{"received packets":852,"IAT_Mean":0.0023447849276345327,"IAT_Std":0.0023901453555110108,"IAT_Max":0.014543485995091033,"IAT_Min":0.00010612487676553428,"received_addresses":19,"max_pkt_from_sameId":334,"has_attacker":1}
{"received packets":294,"IAT_Mean":0.006795075241194466,"IAT_Std":0.005311406537072012,"IAT_Max":0.017969346066820436,"IAT_Min":0.0001167684058600571,"received_addresses":19,"max_pkt_from_sameId":20,"has_attacker":1}
{"received packets":475,"IAT_Mean":0.004205796223518279,"IAT_Std":0.0037152567670626537,"IAT_Max":0.017956163181224839,"IAT_Min":0.00016342435264959931,"received_addresses":17,"max_pkt_from_sameId":188,"has_attacker":1}
{"received packets":669,"IAT_Mean":0.002986176856260328,"IAT_Std":0.0017251946696597168,"IAT_Max":0.005012000001443084,"IAT_Min":0.00011321255806251429,"received_addresses":16,"max_pkt_from_sameId":380,"has_attacker":1}
{"received packets":814,"IAT_Mean":0.0024542496403027029,"IAT_Std":0.0019892316075881316,"IAT_Max":0.010330048022296979,"IAT_Min":0.00011232322867726907,"received_addresses":18,"max_pkt_from_sameId":311,"has_attacker":1}
{"received packets":569,"IAT_Mean":0.003510995281346235,"IAT_Std":0.003684643284955818,"IAT_Max":0.017968537944398123,"IAT_Min":0.0001062172741512768,"received_addresses":18,"max_pkt_from_sameId":170,"has_attacker":1}
{"received packets":308,"IAT_Mean":0.0064862225183657889,"IAT_Std":0.0053039310253991289,"IAT_Max":0.017968497228139314,"IAT_Min":0.00016330432845279574,"received_addresses":16,"max_pkt_from_sameId":20,"has_attacker":1}
{"received packets":658,"IAT_Mean":0.003036114577118889,"IAT_Std":0.001748215201995344,"IAT_Max":0.006358090085996082,"IAT_Min":0.00016330432117683813,"received_addresses":16,"max_pkt_from_sameId":377,"has_attacker":1}
{"received packets":613,"IAT_Mean":0.0032589753318639635,"IAT_Std":0.002491626601042829,"IAT_Max":0.017964159986149754,"IAT_Min":0.00011039813034585677,"received_addresses":18,"max_pkt_from_sameId":193,"has_attacker":1}
{"received packets":653,"IAT_Mean":0.0030593449548879856,"IAT_Std":0.002845361077977478,"IAT_Max":0.017955120361875744,"IAT_Min":0.00011188849384780042,"received_addresses":17,"max_pkt_from_sameId":312,"has_attacker":1}
{"received packets":298,"IAT_Mean":0.006703874191582096,"IAT_Std":0.005794935040711528,"IAT_Max":0.017962196528969799,"IAT_Min":0.00016304003293043934,"received_addresses":18,"max_pkt_from_sameId":20,"has_attacker":1}
{"received packets":490,"IAT_Mean":0.004077057805083388,"IAT_Std":0.003959613932791748,"IAT_Max":0.017962204747163925,"IAT_Min":0.00016322785813827068,"received_addresses":17,"max_pkt_from_sameId":186,"has_attacker":1}
{"received packets":696,"IAT_Mean":0.002870338379297805,"IAT_Std":0.0019739876998485156,"IAT_Max":0.0087501296584378,"IAT_Min":0.0001053308806149289,"received_addresses":19,"max_pkt_from_sameId":380,"has_attacker":1}
{"received packets":638,"IAT_Mean":0.0031312876795413088,"IAT_Std":0.003397770405065726,"IAT_Max":0.015329048022977077,"IAT_Min":0.00011551837451406755,"received_addresses":20,"max_pkt_from_sameId":251,"has_attacker":1}
{"received packets":481,"IAT_Mean":0.0041533364925279169,"IAT_Std":0.004637932284753086,"IAT_Max":0.01813123232932412,"IAT_Min":0.00010854961510631256,"received_addresses":18,"max_pkt_from_sameId":130,"has_attacker":1}
{"received packets":322,"IAT_Mean":0.006204214364860384,"IAT_Std":0.005849956913643432,"IAT_Max":0.01813123232932412,"IAT_Min":0.00016304003293043934,"received_addresses":18,"max_pkt_from_sameId":20,"has_attacker":1}
{"received packets":695,"IAT_Mean":0.0028744637800850439,"IAT_Std":0.002006645427475731,"IAT_Max":0.012514211844973034,"IAT_Min":0.00016432055053883232,"received_addresses":17,"max_pkt_from_sameId":375,"has_attacker":1}
{"received packets":698,"IAT_Mean":0.0028621162585277437,"IAT_Std":0.0021430750171252119,"IAT_Max":0.011279000980721321,"IAT_Min":0.00011233354234718718,"received_addresses":19,"max_pkt_from_sameId":195,"has_attacker":1}
{"received packets":691,"IAT_Mean":0.0028911191663508878,"IAT_Std":0.0024439932629615149,"IAT_Max":0.014542055530910148,"IAT_Min":0.00011715851724147797,"received_addresses":18,"max_pkt_from_sameId":318,"has_attacker":1}
{"received packets":334,"IAT_Mean":0.005981317704958158,"IAT_Std":0.005760065897228859,