{"received packets":10,"IAT_Mean":0.1940831542498927,"IAT_Std":0.2822475656596604,"IAT_Max":1.040825851228874,"IAT_Min":0.10000063235929702,"received_addresses":1,"max_pkt_from_sameId":10,"has_attacker":0}
{"received packets":20,"IAT_Mean":0.09704167670461175,"IAT_Std":0.012895349274608389,"IAT_Max":0.10000618807316642,"IAT_Min":0.04083215698847198,"received_addresses":1,"max_pkt_from_sameId":20,"has_attacker":1}
{"received packets":49,"IAT_Mean":0.039608825341001279,"IAT_Std":0.03500100601619481,"IAT_Max":0.09364930318042753,"IAT_Min":0.0063535229783155959,"received_addresses":3,"max_pkt_from_sameId":20,"has_attacker":1}
{"received packets":430,"IAT_Mean":0.004639810254525929,"IAT_Std":0.0010495361729101784,"IAT_Max":0.0053205040203465618,"IAT_Min":0.000644895997538697,"received_addresses":5,"max_pkt_from_sameId":389,"has_attacker":1}
{"received packets":263,"IAT_Mean":0.007404862155875779,"IAT_Std":0.010407216933652581,"IAT_Max":0.055996393457462548,"IAT_Min":0.00011247970178374089,"received_addresses":6,"max_pkt_from_sameId":194,"has_attacker":1}
{"received packets":108,"IAT_Mean":0.01849402293804882,"IAT_Std":0.016913486429149865,"IAT_Max":0.052640566256741298,"IAT_Min":0.0027577495311561508,"received_addresses":7,"max_pkt_from_sameId":20,"has_attacker":1}
{"received packets":296,"IAT_Mean":0.006747816034304206,"IAT_Std":0.0059684674734123139,"IAT_Max":0.032082049663586079,"IAT_Min":0.00011222684042877518,"received_addresses":7,"max_pkt_from_sameId":186,"has_attacker":1}
{"received packets":367,"IAT_Mean":0.005436288009462555,"IAT_Std":0.0034393763650676248,"IAT_Max":0.027083098833827536,"IAT_Min":0.00010570543236099184,"received_addresses":6,"max_pkt_from_sameId":190,"has_attacker":1}
{"received packets":447,"IAT_Mean":0.004463341648832862,"IAT_Std":0.0011306427680274638,"IAT_Max":0.006638487189775333,"IAT_Min":0.00011669970990624279,"received_addresses":5,"max_pkt_from_sameId":381,"has_attacker":1}
{"received packets":61,"IAT_Mean":0.031925701288259247,"IAT_Std":0.019860523188141835,"IAT_Max":0.05601183294857037,"IAT_Min":0.00011271719631622545,"received_addresses":4,"max_pkt_from_sameId":20,"has_attacker":1}
{"received packets":198,"IAT_Mean":0.010077142333304638,"IAT_Std":0.011785201615300187,"IAT_Max":0.05048040619294625,"IAT_Min":0.0017100379700423219,"received_addresses":5,"max_pkt_from_sameId":118,"has_attacker":1}
{"received packets":370,"IAT_Mean":0.005398414299791487,"IAT_Std":0.003170466943821462,"IAT_Max":0.014999885701399763,"IAT_Min":0.00010692257637856528,"received_addresses":7,"max_pkt_from_sameId":261,"has_attacker":1}
{"received packets":520,"IAT_Mean":0.003841177087815595,"IAT_Std":0.0013507263102541358,"IAT_Max":0.005012000001443084,"IAT_Min":0.0002745598249020986,"received_addresses":8,"max_pkt_from_sameId":378,"has_attacker":1}
{"received packets":332,"IAT_Mean":0.006016290334507603,"IAT_Std":0.008766835210609286,"IAT_Max":0.044404315973224587,"IAT_Min":0.00011008566434611566,"received_addresses":8,"max_pkt_from_sameId":192,"has_attacker":1}
{"received packets":170,"IAT_Mean":0.011749454820143429,"IAT_Std":0.011288414187365884,"IAT_Max":0.03549715750705218,"IAT_Min":0.001710037966404343,"received_addresses":9,"max_pkt_from_sameId":20,"has_attacker":1}
{"received packets":352,"IAT_Mean":0.005674440558767525,"IAT_Std":0.0035904752140177226,"IAT_Max":0.017104268896218856,"IAT_Min":0.0008469389504170977,"received_addresses":9,"max_pkt_from_sameId":192,"has_attacker":1}
{"received packets":449,"IAT_Mean":0.004448560514227531,"IAT_Std":0.0024542313281315359,"IAT_Max":0.011449804780568229,"IAT_Min":0.00010701488645281643,"received_addresses":10,"max_pkt_from_sameId":187,"has_attacker":1}
{"received packets":499,"IAT_Mean":0.0040028231318016819,"IAT_Std":0.0014723024837724789,"IAT_Max":0.008139079651300563,"IAT_Min":0.0001146708891610615,"received_addresses":9,"max_pkt_from_sameId":381,"has_attacker":1}
{"received packets":123,"IAT_Mean":0.01623909409072513,"IAT_Std":0.015534967395315987,"IAT_Max":0.04994128919497598,"IAT_Min":0.00010674270015442744,"received_addresses":7,"max_pkt_from_sameId":20,"has_attacker":1}
{"received packets":348,"IAT_Mean":0.0057406681854476559,"IAT_Std":0.005862174034426619,"IAT_Max":0.024388356923736866,"IAT_Min":0.00016332208542735316,"received_addresses":19,"max_pkt_from_sameId":54,"has_attacker":1}
{"received packets":335,"IAT_Mean":0.005962411931510875,"IAT_Std":0.0058507916546449369,"IAT_Max":0.02951619465602562,"IAT_Min":0.00016329643403878435,"received_addresses":18,"max_pkt_from_sameId":76,"has_attacker":1}
{"received packets":496,"IAT_Mean":0.004027026749921084,"IAT_Std":0.001371829061081068,"IAT_Max":0.009252882551663788,"IAT_Min":0.0013213711681601126,"received_addresses":7,"max_pkt_from_sameId":376,"has_attacker":1}
{"received packets":314,"IAT_Mean":0.0063611566507507598,"IAT_Std":0.008598993136004039,"IAT_Max":0.04994000113583752,"IAT_Min":0.00011627006460912526,"received_addresses":7,"max_pkt_from_sameId":194,"has_attacker":1}
{"received packets":101,"IAT_Mean":0.019777363669154604,"IAT_Std":0.025519954138064388,"IAT_Max":0.07111720040484215,"IAT_Min":0.0009699358706711791,"received_addresses":6,"max_pkt_from_sameId":20,"has_attacker":1}
{"received packets":80,"IAT_Mean":0.02496913871827928,"IAT_Std":0.02710241628491582,"IAT_Max":0.07112051210424397,"IAT_Min":0.003475101628282573,"received_addresses":4,"max_pkt_from_sameId":20,"has_attacker":0}
{"received packets":275,"IAT_Mean":0.007263768196399641,"IAT_Std":0.012752130331008633,"IAT_Max":0.0711078811364132,"IAT_Min":0.000163002303452231,"received_addresses":6,"max_pkt_from_sameId":185,"has_attacker":1}
{"received packets":490,"IAT_Mean":0.004076652513856748,"IAT_Std":0.001487549947628458,"IAT_Max":0.0052012373016623318,"IAT_Min":0.00011731972699635662,"received_addresses":7,"max_pkt_from_sameId":380,"has_attacker":1}
{"received packets":95,"IAT_Mean":0.021026793963392265,"IAT_Std":0.026323948174909935,"IAT_Max":0.07092261921206955,"IAT_Min":0.00011475239807623439,"received_addresses":6,"max_pkt_from_sameId":20,"has_attacker":1}
{"received packets":90,"IAT_Mean":0.022192885503924725,"IAT_Std":0.025901296042701546,"IAT_Max":0.06831793432866107,"IAT_Min":0.00016341770606231876,"received_addresses":5,"max_pkt_from_sameId":20,"has_attacker":0}
{"received packets":90,"IAT_Mean":0.022192814655298006,"IAT_Std":0.02029546236510444,"IAT_Max":0.06831232408876531,"IAT_Min":0.002597734783194028,"received_addresses":5,"max_pkt_from_sameId":20,"has_attacker":0}
{"received packets":494,"IAT_Mean":0.004043218817011956,"IAT_Std":0.001720931655333084,"IAT_Max":0.022962508290220286,"IAT_Min":0.001112068654038012,"received_addresses":7,"max_pkt_from_sameId":374,"has_attacker":1}
