{"received packets":20,"IAT_Mean":0.09640813394034922,"IAT_Std":0.015656524193451865,"IAT_Max":0.10001093773462344,"IAT_Min":0.028162930146208966,"received_addresses":1,"max_pkt_from_sameId":20,"has_attacker":0}
{"received packets":20,"IAT_Mean":0.0964080285079035,"IAT_Std":0.01565702963120995,"IAT_Max":0.10001094638573704,"IAT_Min":0.02816062156125554,"received_addresses":1,"max_pkt_from_sameId":20,"has_attacker":0}
{"received packets":20,"IAT_Mean":0.09640793849503098,"IAT_Std":0.0156574892901172,"IAT_Max":0.10001096219275496,"IAT_Min":0.028158527940831847,"received_addresses":1,"max_pkt_from_sameId":20,"has_attacker":0}
{"received packets":20,"IAT_Mean":0.0964078569531921,"IAT_Std":0.015657880863998217,"IAT_Max":0.10001096966880141,"IAT_Min":0.02815673956865794,"received_addresses":1,"max_pkt_from_sameId":20,"has_attacker":0}
{"received packets":40,"IAT_Mean":0.04993516854692644,"IAT_Std":0.01931356030079224,"IAT_Max":0.06925724897519103,"IAT_Min":0.028155077547125985,"received_addresses":2,"max_pkt_from_sameId":20,"has_attacker":0}
{"received packets":30,"IAT_Mean":0.06427181797019634,"IAT_Std":0.03525161944763898,"IAT_Max":0.10000033883625292,"IAT_Min":0.018045746513962514,"received_addresses":2,"max_pkt_from_sameId":20,"has_attacker":1}
{"received packets":30,"IAT_Mean":0.033660574879468187,"IAT_Std":0.034667437066592979,"IAT_Max":0.08167097450132133,"IAT_Min":0.00028002103499602526,"received_addresses":3,"max_pkt_from_sameId":10,"has_attacker":1}
{"received packets":30,"IAT_Mean":0.06427199387750686,"IAT_Std":0.042810345475285439,"IAT_Max":0.10000493862025906,"IAT_Min":0.006917779952345882,"received_addresses":2,"max_pkt_from_sameId":20,"has_attacker":0}
{"received packets":267,"IAT_Mean":0.0074809301547114899,"IAT_Std":0.018130704955384014,"IAT_Max":0.1000043160856876,"IAT_Min":0.0003203052583558019,"received_addresses":7,"max_pkt_from_sameId":198,"has_attacker":1}
{"received packets":479,"IAT_Mean":0.004169949553680892,"IAT_Std":0.0012931410517157199,"IAT_Max":0.009251199207938044,"IAT_Min":0.00010690120689105242,"received_addresses":7,"max_pkt_from_sameId":376,"has_attacker":1}
{"received packets":300,"IAT_Mean":0.006658012616026099,"IAT_Std":0.009100937028359022,"IAT_Max":0.04994000051738112,"IAT_Min":0.00011688094309647568,"received_addresses":7,"max_pkt_from_sameId":194,"has_attacker":1}
{"received packets":72,"IAT_Mean":0.027743252268565913,"IAT_Std":0.030317704895569,"IAT_Max":0.07631206622318132,"IAT_Min":0.00016300122297252528,"received_addresses":6,"max_pkt_from_sameId":20,"has_attacker":1}
{"received packets":436,"IAT_Mean":0.004581493925739578,"IAT_Std":0.0012202437753724867,"IAT_Max":0.0177723639026226,"IAT_Min":0.001632358518691035,"received_addresses":4,"max_pkt_from_sameId":376,"has_attacker":1}
{"received packets":449,"IAT_Mean":0.004448855955547869,"IAT_Std":0.0014659001739371115,"IAT_Max":0.008874231883964967,"IAT_Min":0.00011235271813347936,"received_addresses":6,"max_pkt_from_sameId":194,"has_attacker":1}
{"received packets":476,"IAT_Mean":0.004196553813192875,"IAT_Std":0.0017002890216262002,"IAT_Max":0.008874266968632583,"IAT_Min":0.00011733085557352751,"received_addresses":7,"max_pkt_from_sameId":380,"has_attacker":1}
{"received packets":75,"IAT_Mean":0.026633935033751188,"IAT_Std":0.03387084769741061,"IAT_Max":0.09388590442176792,"IAT_Min":0.00011486689254525118,"received_addresses":5,"max_pkt_from_sameId":20,"has_attacker":1}
{"received packets":305,"IAT_Mean":0.00654938298617022,"IAT_Std":0.007334323279763503,"IAT_Max":0.03178781499809702,"IAT_Min":0.00016341814625775442,"received_addresses":7,"max_pkt_from_sameId":185,"has_attacker":1}
{"received packets":480,"IAT_Mean":0.004161547079570482,"IAT_Std":0.001805718432458135,"IAT_Max":0.00894242763024522,"IAT_Min":0.00011017495125997812,"received_addresses":6,"max_pkt_from_sameId":380,"has_attacker":1}
{"received packets":459,"IAT_Mean":0.0043515234241000969,"IAT_Std":0.0012064298719110488,"IAT_Max":0.008942377698986093,"IAT_Min":0.00011698077651089989,"received_addresses":6,"max_pkt_from_sameId":374,"has_attacker":1}
