{"received packets":70,"IAT_Mean":0.028571406574961396,"IAT_Std":0.02179008227054378,"IAT_Max":0.07357461118590436,"IAT_Min":0.01144493933315971,"received_addresses":4,"max_pkt_from_sameId":20,"has_attacker":0}
{"received packets":70,"IAT_Mean":0.027900010648331126,"IAT_Std":0.021106104586760229,"IAT_Max":0.07357045997559908,"IAT_Min":0.011442860661190935,"received_addresses":4,"max_pkt_from_sameId":20,"has_attacker":0}
{"received packets":80,"IAT_Mean":0.024932199853537896,"IAT_Std":0.012300038004008007,"IAT_Max":0.04158523684964166,"IAT_Min":0.011442884184361902,"received_addresses":4,"max_pkt_from_sameId":20,"has_attacker":0}
{"received packets":90,"IAT_Mean":0.022161992999382268,"IAT_Std":0.01210302893242629,"IAT_Max":0.04158851081592729,"IAT_Min":0.010206101458607009,"received_addresses":5,"max_pkt_from_sameId":20,"has_attacker":0}
{"received packets":100,"IAT_Mean":0.019945785843810884,"IAT_Std":0.011518438606090418,"IAT_Max":0.04158833720794064,"IAT_Min":0.010202151876001154,"received_addresses":5,"max_pkt_from_sameId":20,"has_attacker":0}
{"received packets":148,"IAT_Mean":0.01347688915919551,"IAT_Std":0.008802275729932665,"IAT_Max":0.033990431191341489,"IAT_Min":0.0025940005471056795,"received_addresses":8,"max_pkt_from_sameId":20,"has_attacker":0}
{"received packets":170,"IAT_Mean":0.011732850073787953,"IAT_Std":0.008854379833009865,"IAT_Max":0.03398324566660449,"IAT_Min":0.0012031918813590892,"received_addresses":9,"max_pkt_from_sameId":20,"has_attacker":0}
{"received packets":389,"IAT_Mean":0.005134491359516556,"IAT_Std":0.0055083477943483039,"IAT_Max":0.03277424512634752,"IAT_Min":0.0004905486857751384,"received_addresses":10,"max_pkt_from_sameId":209,"has_attacker":1}
{"received packets":580,"IAT_Mean":0.0034436891864280717,"IAT_Std":0.001729291737752032,"IAT_Max":0.005173488298169104,"IAT_Min":0.0004907278780592606,"received_addresses":10,"max_pkt_from_sameId":400,"has_attacker":1}
{"received packets":530,"IAT_Mean":0.003765706202940014,"IAT_Std":0.0020574621040429844,"IAT_Max":0.009451747202547267,"IAT_Min":0.00028010705500491895,"received_addresses":9,"max_pkt_from_sameId":380,"has_attacker":1}
{"received packets":530,"IAT_Mean":0.0037657102827890998,"IAT_Std":0.0020463531889649679,"IAT_Max":0.009445566553040408,"IAT_Min":0.00028001724058412947,"received_addresses":9,"max_pkt_from_sameId":200,"has_attacker":1}
{"received packets":520,"IAT_Mean":0.003838139760346866,"IAT_Std":0.002039775214483806,"IAT_Max":0.009286998196330388,"IAT_Min":0.0002800172478600871,"received_addresses":8,"max_pkt_from_sameId":380,"has_attacker":1}
{"received packets":355,"IAT_Mean":0.005627485974841426,"IAT_Std":0.005741218318980243,"IAT_Max":0.02946824511673185,"IAT_Min":0.0003190028182871174,"received_addresses":10,"max_pkt_from_sameId":175,"has_attacker":1}
{"received packets":378,"IAT_Mean":0.0052850863457212069,"IAT_Std":0.005156050413871159,"IAT_Max":0.02430601643573027,"IAT_Min":0.0001630124606890604,"received_addresses":13,"max_pkt_from_sameId":92,"has_attacker":1}
{"received packets":211,"IAT_Mean":0.009468015452244946,"IAT_Std":0.009438586213530366,"IAT_Max":0.03398750849737553,"IAT_Min":0.0001630105143703986,"received_addresses":12,"max_pkt_from_sameId":20,"has_attacker":1}
{"received packets":579,"IAT_Mean":0.003450353966572932,"IAT_Std":0.0021214427153656127,"IAT_Max":0.009822593674471137,"IAT_Min":0.0002800172514980659,"received_addresses":11,"max_pkt_from_sameId":379,"has_attacker":1}
{"received packets":449,"IAT_Mean":0.004449351817325838,"IAT_Std":0.003563867027475451,"IAT_Max":0.015165585929935333,"IAT_Min":0.00011522273052833043,"received_addresses":12,"max_pkt_from_sameId":191,"has_attacker":1}
{"received packets":335,"IAT_Mean":0.005963452565716145,"IAT_Std":0.0046994417619833478,"IAT_Max":0.014999881434050622,"IAT_Min":0.00048236761722364463,"received_addresses":11,"max_pkt_from_sameId":135,"has_attacker":1}
{"received packets":222,"IAT_Mean":0.00899888275714008,"IAT_Std":0.007097994073363071,"IAT_Max":0.02272868703948916,"IAT_Min":0.00016308542035403661,"received_addresses":13,"max_pkt_from_sameId":20,"has_attacker":1}
{"received packets":408,"IAT_Mean":0.004896453571924283,"IAT_Std":0.0047144885545544758,"IAT_Max":0.022728489642759088,"IAT_Min":0.00047503659516223706,"received_addresses":12,"max_pkt_from_sameId":188,"has_attacker":1}
{"received packets":620,"IAT_Mean":0.003222180916154391,"IAT_Std":0.0017557923776466917,"IAT_Max":0.005012000001443084,"IAT_Min":0.0001133334226324223,"received_addresses":13,"max_pkt_from_sameId":380,"has_attacker":1}
{"received packets":370,"IAT_Mean":0.005399348806443143,"IAT_Std":0.004221639417675836,"IAT_Max":0.017624402025830933,"IAT_Min":0.00011244409688515589,"received_addresses":14,"max_pkt_from_sameId":128,"has_attacker":1}
{"received packets":342,"IAT_Mean":0.005841392299005652,"IAT_Std":0.0050819588004046068,"IAT_Max":0.017968504354939797,"IAT_Min":0.00016308088015648536,"received_addresses":14,"max_pkt_from_sameId":82,"has_attacker":1}
{"received packets":260,"IAT_Mean":0.0076836784108728849,"IAT_Std":0.00629044677097421,"IAT_Max":0.017968467553146185,"IAT_Min":0.00016308057092828676,"received_addresses":13,"max_pkt_from_sameId":20,"has_attacker":0}
{"received packets":637,"IAT_Mean":0.0031362060328385466,"IAT_Std":0.0018248122747047233,"IAT_Max":0.009826614255871391,"IAT_Min":0.00016308056729030795,"received_addresses":14,"max_pkt_from_sameId":377,"has_attacker":1}
{"received packets":490,"IAT_Mean":0.004077044346120936,"IAT_Std":0.0033626351617277859,"IAT_Max":0.01795513271645177,"IAT_Min":0.00011051899855374359,"received_addresses":15,"max_pkt_from_sameId":193,"has_attacker":1}
{"received packets":344,"IAT_Mean":0.005807418914871452,"IAT_Std":0.004668974651210274,"IAT_Max":0.01795513266188209,"IAT_Min":0.00016300755305564962,"received_addresses":14,"max_pkt_from_sameId":84,"has_attacker":1}
{"received packets":287,"IAT_Mean":0.00696081658627788,"IAT_Std":0.005939023860523308,"IAT_Max":0.017962347625143594,"IAT_Min":0.0001630011320230551,"received_addresses":17,"max_pkt_from_sameId":20,"has_attacker":1}
{"received packets":456,"IAT_Mean":0.004381048630843827,"IAT_Std":0.004151802947541158,"IAT_Max":0.017962326768611093,"IAT_Min":0.00016306198813254014,"received_addresses":15,"max_pkt_from_sameId":186,"has_attacker":1}
{"received packets":640,"IAT_Mean":0.003121492754934252,"IAT_Std":0.0020549195081028218,"IAT_Max":0.008759460364672123,"IAT_Min":0.00010545174518483691,"received_addresses":14,"max_pkt_from_sameId":380,"has_attacker":1}
{"received packets":326,"IAT_Mean":0.006128102425525399,"IAT_Std":0.005103508054760989,"IAT_Max":0.017962487265322126,"IAT_Min":0.00011563924272195436,"received_addresses":15,"max_pkt_from_sameId":74,"has_attacker":1}
{"received packets":291,"IAT_Mean":0.006865136440136951,"IAT_Std":0.005586028297449622,"IAT_Max":0.01813118848076556,"IAT_Min":0.0009174106671707705,"received_addresses":14,"max_pkt_from_sameId":31,"has_attacker":1}
{"received packets":262,"IAT_Mean":0.00762502624677607,"IAT_Std":0.005926293743026012,"IAT_Max":0.018131188484403539,"IAT_Min":0.00016308542035403661,"received_addresses":15,"max_pkt_from_sameId":20,"has_attacker":1}
{"received packets":625,"IAT_Mean":0.003196403485321207,"IAT_Std":0.002039516869147696,"IAT_Max":0.012514551668573404,"IAT_Min":0.0002800172514980659,"received_addresses":14,"max_pkt_from_sameId":375,"has_attacker":1}
{"received packets":447,"IAT_Mean":0.004469255032712868,"IAT_Std":0.004091874524827705,"IAT_Max":0.01813100568324444,"IAT_Min":0.00011245441055507399,"received_addresses":14,"max_pkt_from_sameId":195,"has_attacker":1}
{"received packets":282,"IAT_Mean":0.007084266649357271,"IAT_Std":0.005973958252443593,"IAT_Max":0.01813100568324444,"IAT_Min":0.0006526408178615384,"received_addresses":12,"max_pkt_from_sameId":62,"has_attacker":1}
{"received packets":211,"IAT_Mean":0.009468056704390103,"IAT_Std":0.0061269654160324119,"IAT_Max":0.018131188484403539,"IAT_Min":0.0009174106635327917,"received_addresses":11,