{"received packets":9,"IAT_Mean":0.2114966565653352,"IAT_Std":0.3153635702146472,"IAT_Max":1.1034795326377208,"IAT_Min":0.0999887327743636,"received_addresses":1,"max_pkt_from_sameId":9,"has_attacker":0}
{"received packets":11,"IAT_Mean":0.09122521287347561,"IAT_Std":0.027750117000763284,"IAT_Max":0.10000941983162193,"IAT_Min":0.0034716418631433045,"received_addresses":1,"max_pkt_from_sameId":11,"has_attacker":0}
{"received packets":14,"IAT_Mean":0.06643665920923273,"IAT_Std":0.04504681496269235,"IAT_Max":0.10000576367019676,"IAT_Min":0.004998999775125412,"received_addresses":1,"max_pkt_from_sameId":14,"has_attacker":1}
