{"received packets":80,"IAT_Mean":0.02493226096280523,"IAT_Std":0.006146397801079842,"IAT_Max":0.0319955199083779,"IAT_Min":0.014996617999713635,"received_addresses":4,"max_pkt_from_sameId":20,"has_attacker":0}
{"received packets":100,"IAT_Mean":0.01994572626252193,"IAT_Std":0.006469215731210867,"IAT_Max":0.026588597018417205,"IAT_Min":0.010197674459050177,"received_addresses":5,"max_pkt_from_sameId":20,"has_attacker":0}
{"received packets":219,"IAT_Mean":0.00910765204238296,"IAT_Std":0.00464138044942732,"IAT_Max":0.020957214717782337,"IAT_Min":0.002598600523924688,"received_addresses":12,"max_pkt_from_sameId":20,"has_attacker":0}
{"received packets":218,"IAT_Mean":0.009149446188964307,"IAT_Std":0.006006056440780694,"IAT_Max":0.026579202738503228,"IAT_Min":0.002606999874842586,"received_addresses":12,"max_pkt_from_sameId":20,"has_attacker":0}
{"received packets":200,"IAT_Mean":0.009972892756668444,"IAT_Std":0.007734374703985373,"IAT_Max":0.026579208963084967,"IAT_Min":0.0025939999395632187,"received_addresses":10,"max_pkt_from_sameId":20,"has_attacker":0}
{"received packets":210,"IAT_Mean":0.009503955875334213,"IAT_Std":0.00866999733207709,"IAT_Max":0.026579211866192055,"IAT_Min":0.0012031794321956114,"received_addresses":11,"max_pkt_from_sameId":20,"has_attacker":0}
{"received packets":220,"IAT_Mean":0.009071922212768352,"IAT_Std":0.008648713560806095,"IAT_Max":0.02657921212448855,"IAT_Min":0.0012031911574013066,"received_addresses":11,"max_pkt_from_sameId":20,"has_attacker":0}
{"received packets":586,"IAT_Mean":0.0034095565821909816,"IAT_Std":0.004865762147432474,"IAT_Max":0.026579212128126529,"IAT_Min":0.00016303562370012514,"received_addresses":11,"max_pkt_from_sameId":209,"has_attacker":1}
{"received packets":980,"IAT_Mean":0.002038772190243602,"IAT_Std":0.0016200934589202354,"IAT_Max":0.004490217961574672,"IAT_Min":0.0001630356564419344,"received_addresses":11,"max_pkt_from_sameId":400,"has_attacker":1}
{"received packets":550,"IAT_Mean":0.003628771402092587,"IAT_Std":0.0017253748805595847,"IAT_Max":0.0051652977454068609,"IAT_Min":0.0002711476590775419,"received_addresses":10,"max_pkt_from_sameId":380,"has_attacker":1}
{"received packets":420,"IAT_Mean":0.00475196769725049,"IAT_Std":0.006773164916253736,"IAT_Max":0.03403584174157004,"IAT_Min":0.00010830587052623741,"received_addresses":11,"max_pkt_from_sameId":200,"has_attacker":1}
{"received packets":569,"IAT_Mean":0.003511008692483378,"IAT_Std":0.0017179129686360534,"IAT_Max":0.007648166163562564,"IAT_Min":0.00026820107086678036,"received_addresses":11,"max_pkt_from_sameId":380,"has_attacker":1}
{"received packets":679,"IAT_Mean":0.00294220548818077,"IAT_Std":0.003359417738053623,"IAT_Max":0.024306019437062788,"IAT_Min":0.000151416224980494,"received_addresses":12,"max_pkt_from_sameId":314,"has_attacker":1}
{"received packets":554,"IAT_Mean":0.0036060697384265214,"IAT_Std":0.004279407090890885,"IAT_Max":0.024306019437062788,"IAT_Min":0.0001175393808807712,"received_addresses":14,"max_pkt_from_sameId":165,"has_attacker":1}
{"received packets":242,"IAT_Mean":0.008255170469657203,"IAT_Std":0.008475667844687819,"IAT_Max":0.03398751172426273,"IAT_Min":0.00016300895367749035,"received_addresses":13,"max_pkt_from_sameId":26,"has_attacker":1}
{"received packets":581,"IAT_Mean":0.0034384766606148735,"IAT_Std":0.0017587884922291588,"IAT_Max":0.006352697502734372,"IAT_Min":0.00028001706596114673,"received_addresses":12,"max_pkt_from_sameId":379,"has_attacker":1}
{"received packets":596,"IAT_Mean":0.003351944562333582,"IAT_Std":0.0023557376885682925,"IAT_Max":0.01123538131287205,"IAT_Min":0.0001152046061179135,"received_addresses":13,"max_pkt_from_sameId":191,"has_attacker":1}
{"received packets":642,"IAT_Mean":0.0031117704091632159,"IAT_Std":0.0027455533283910836,"IAT_Max":0.011235384285100736,"IAT_Min":0.00010598429071251303,"received_addresses":12,"max_pkt_from_sameId":307,"has_attacker":1}
{"received packets":244,"IAT_Mean":0.008187508054315465,"IAT_Std":0.006952211703401951,"IAT_Max":0.022728664793248755,"IAT_Min":0.00011662782708299346,"received_addresses":14,"max_pkt_from_sameId":22,"has_attacker":1}
{"received packets":422,"IAT_Mean":0.004734011968040245,"IAT_Std":0.0045572482644219108,"IAT_Max":0.02272847518179333,"IAT_Min":0.00016320674330927432,"received_addresses":14,"max_pkt_from_sameId":188,"has_attacker":1}
{"received packets":623,"IAT_Mean":0.003206664785206418,"IAT_Std":0.001685457612691631,"IAT_Max":0.005012000001443084,"IAT_Min":0.00011331530185998417,"received_addresses":14,"max_pkt_from_sameId":380,"has_attacker":1}
{"received packets":688,"IAT_Mean":0.002903719551674184,"IAT_Std":0.0027088015727977155,"IAT_Max":0.014997000002040295,"IAT_Min":0.00011242597247473896,"received_addresses":16,"max_pkt_from_sameId":309,"has_attacker":1}
{"received packets":500,"IAT_Mean":0.003995512318862893,"IAT_Std":0.004528662207651821,"IAT_Max":0.01796851797553245,"IAT_Min":0.00010607669537421316,"received_addresses":15,"max_pkt_from_sameId":167,"has_attacker":1}
{"received packets":256,"IAT_Mean":0.007803735859354788,"IAT_Std":0.006389964797088201,"IAT_Max":0.017968478536204203,"IAT_Min":0.0001630829538044054,"received_addresses":13,"max_pkt_from_sameId":20,"has_attacker":1}
{"received packets":646,"IAT_Mean":0.0030925127493591794,"IAT_Std":0.001785041119604806,"IAT_Max":0.009826596320635872,"IAT_Min":0.0001630829538044054,"received_addresses":15,"max_pkt_from_sameId":377,"has_attacker":1}
{"received packets":639,"IAT_Mean":0.0031263720231154495,"IAT_Std":0.0023353473039835145,"IAT_Max":0.013607446759124287,"IAT_Min":0.00011050087414332666,"received_addresses":16,"max_pkt_from_sameId":193,"has_attacker":1}
{"received packets":630,"IAT_Mean":0.0031710350791804055,"IAT_Std":0.003136865171701722,"IAT_Max":0.015329002584621776,"IAT_Min":0.00011174791143275797,"received_addresses":15,"max_pkt_from_sameId":296,"has_attacker":1}
{"received packets":290,"IAT_Mean":0.006888808115287122,"IAT_Std":0.0056957302017980149,"IAT_Max":0.017962346115382389,"IAT_Min":0.00011212502795387991,"received_addresses":17,"max_pkt_from_sameId":23,"has_attacker":1}
{"received packets":466,"IAT_Mean":0.004287034697065796,"IAT_Std":0.003949079196950434,"IAT_Max":0.01796231899425038,"IAT_Min":0.00016306922407238744,"received_addresses":15,"max_pkt_from_sameId":186,"has_attacker":1}
{"received packets":640,"IAT_Mean":0.0031214927442704267,"IAT_Std":0.0017702462840761278,"IAT_Max":0.005012000001443084,"IAT_Min":0.00010543362441239879,"received_addresses":14,"max_pkt_from_sameId":380,"has_attacker":1}
{"received packets":679,"IAT_Mean":0.0029422111692034697,"IAT_Std":0.002374580823034136,"IAT_Max":0.015329002584621776,"IAT_Min":0.00011562111831153743,"received_addresses":16,"max_pkt_from_sameId":363,"has_attacker":1}
{"received packets":474,"IAT_Mean":0.004214672357062718,"IAT_Std":0.004036978965290643,"IAT_Max":0.018131187953258633,"IAT_Min":0.00010840903269127011,"received_addresses":14,"max_pkt_from_sameId":203,"has_attacker":1}
{"received packets":262,"IAT_Mean":0.00762502622069926,"IAT_Std":0.005646430803740552,"IAT_Max":0.018131187949620654,"IAT_Min":0.00016308600606862456,"received_addresses":15,"max_pkt_from_sameId":20,"has_attacker":1}
{"received packets":616,"IAT_Mean":0.003243104174514458,"IAT_Std":0.0019928331847031725,"IAT_Max":0.008776158916589339,"IAT_Min":0.0002800170623231679,"received_addresses":14,"max_pkt_from_sameId":375,"has_attacker":1}
{"received packets":596,"IAT_Mean":0.0033519412630713559,"IAT_Std":0.0028541833384676167,"IAT_Max":0.018131005152099534,"IAT_Min":0.00011243628614465706,"received_addresses":15,"max_pkt_from_sameId":195,"has_attacker":1}
{"received packets":603,"IAT_Mean":0.0033130401132448197,"IAT_Std":0.0034101901001691848,"IAT_Max":0.018131005144823577,"IAT_Min":0.00011701793482643552,"received_addresses":14,"max_pkt_from_sameId":301,"has_attacker":1}
{"received packets":266,"IAT_Mean":0.0075103757811948329,"IAT_Std":0.005901711918822435,"IAT_Max":0.018131187949620654,