{"received packets":509,"IAT_Mean":0.003926349946422697,"IAT_Std":0.004263287294484666,"IAT_Max":0.02238001515797805,"IAT_Min":0.00016322072769980878,"received_addresses":26,"max_pkt_from_sameId":20,"has_attacker":0}
{"received packets":540,"IAT_Mean":0.003700963452798465,"IAT_Std":0.004120811720979844,"IAT_Max":0.0223800286075857,"IAT_Min":0.0001631605628062971,"received_addresses":27,"max_pkt_from_sameId":20,"has_attacker":0}
{"received packets":541,"IAT_Mean":0.0036941253980841725,"IAT_Std":0.0035728248027114665,"IAT_Max":0.02238006920379121,"IAT_Min":0.00016305512690450996,"received_addresses":29,"max_pkt_from_sameId":20,"has_attacker":0}
{"received packets":550,"IAT_Mean":0.003633666330186481,"IAT_Std":0.0028748567177090684,"IAT_Max":0.013124011984473328,"IAT_Min":0.0001630757687962614,"received_addresses":28,"max_pkt_from_sameId":20,"has_attacker":0}
{"received packets":560,"IAT_Mean":0.003568770356585966,"IAT_Std":0.002888574943248214,"IAT_Max":0.013124007447913755,"IAT_Min":0.00016333992607542314,"received_addresses":28,"max_pkt_from_sameId":20,"has_attacker":0}
{"received packets":551,"IAT_Mean":0.003627071075510695,"IAT_Std":0.00315004574201444,"IAT_Max":0.013124018449161668,"IAT_Min":0.00016366574709536508,"received_addresses":30,"max_pkt_from_sameId":20,"has_attacker":0}
{"received packets":560,"IAT_Mean":0.0035687817509304816,"IAT_Std":0.0030319563775144306,"IAT_Max":0.013124287281243597,"IAT_Min":0.00016400642562075518,"received_addresses":28,"max_pkt_from_sameId":20,"has_attacker":0}
{"received packets":1660,"IAT_Mean":0.001204161523101979,"IAT_Std":0.0017595447786643009,"IAT_Max":0.013124478122335859,"IAT_Min":0.00016300001880154014,"received_addresses":29,"max_pkt_from_sameId":207,"has_attacker":1}
{"received packets":2785,"IAT_Mean":0.0007177442841909415,"IAT_Std":0.0006512143961488309,"IAT_Max":0.0032250676849798767,"IAT_Min":0.0001630012375244405,"received_addresses":27,"max_pkt_from_sameId":400,"has_attacker":1}
{"received packets":703,"IAT_Mean":0.0028428442364878678,"IAT_Std":0.0035910282967809949,"IAT_Max":0.022435455852246379,"IAT_Min":0.00015250477736117318,"received_addresses":25,"max_pkt_from_sameId":159,"has_attacker":1}
{"received packets":620,"IAT_Mean":0.0032221903609224095,"IAT_Std":0.004399209137536942,"IAT_Max":0.0326661978942866,"IAT_Min":0.00016303198208333924,"received_addresses":21,"max_pkt_from_sameId":200,"has_attacker":1}
{"received packets":714,"IAT_Mean":0.0027979889463360036,"IAT_Std":0.0017199399435649135,"IAT_Max":0.007360575997154228,"IAT_Min":0.00016558373681618832,"received_addresses":19,"max_pkt_from_sameId":381,"has_attacker":1}
{"received packets":513,"IAT_Mean":0.0038942644983039535,"IAT_Std":0.004905799283451362,"IAT_Max":0.03397572888570721,"IAT_Min":0.0001586703656357713,"received_addresses":20,"max_pkt_from_sameId":93,"has_attacker":1}
{"received packets":505,"IAT_Mean":0.0039559659236102109,"IAT_Std":0.004133203079071996,"IAT_Max":0.033975813843426298,"IAT_Min":0.00015855337915127166,"received_addresses":21,"max_pkt_from_sameId":71,"has_attacker":1}
{"received packets":523,"IAT_Mean":0.0038197923658644277,"IAT_Std":0.002863388694709371,"IAT_Max":0.012677357328357175,"IAT_Min":0.00016304229575325735,"received_addresses":18,"max_pkt_from_sameId":221,"has_attacker":1}
{"received packets":669,"IAT_Mean":0.0029861810066557916,"IAT_Std":0.0017294664674739635,"IAT_Max":0.006305392897047568,"IAT_Min":0.00028000954262097366,"received_addresses":16,"max_pkt_from_sameId":379,"has_attacker":1}
{"received packets":561,"IAT_Mean":0.0035610679372239928,"IAT_Std":0.0032311593645918009,"IAT_Max":0.019312373689899688,"IAT_Min":0.00011509553951327689,"received_addresses":17,"max_pkt_from_sameId":191,"has_attacker":1}
{"received packets":527,"IAT_Mean":0.0037908097842851375,"IAT_Std":0.0035194391465885527,"IAT_Max":0.01947554018261144,"IAT_Min":0.00016431985932285897,"received_addresses":18,"max_pkt_from_sameId":139,"has_attacker":1}
{"received packets":313,"IAT_Mean":0.0063825946290366028,"IAT_Std":0.0053687650654082289,"IAT_Max":0.01796934422600316,"IAT_Min":0.0001630495098652318,"received_addresses":19,"max_pkt_from_sameId":20,"has_attacker":1}
{"received packets":495,"IAT_Mean":0.004035865058885791,"IAT_Std":0.0037118564555947235,"IAT_Max":0.017956161063921173,"IAT_Min":0.0001634125510463491,"received_addresses":18,"max_pkt_from_sameId":188,"has_attacker":1}
{"received packets":689,"IAT_Mean":0.002899495377090629,"IAT_Std":0.0017496029344700635,"IAT_Max":0.005012000001443084,"IAT_Min":0.00011320623161736876,"received_addresses":17,"max_pkt_from_sameId":380,"has_attacker":1}
{"received packets":523,"IAT_Mean":0.00381980727568582,"IAT_Std":0.0030167371939632495,"IAT_Max":0.01795828202739358,"IAT_Min":0.00011231690223212354,"received_addresses":18,"max_pkt_from_sameId":111,"has_attacker":1}
{"received packets":419,"IAT_Mean":0.004767914828313345,"IAT_Std":0.004410015965406471,"IAT_Max":0.01796853783162078,"IAT_Min":0.0001632950152270496,"received_addresses":18,"max_pkt_from_sameId":62,"has_attacker":1}
{"received packets":328,"IAT_Mean":0.006090721139116795,"IAT_Std":0.005341443778329208,"IAT_Max":0.01796849736274453,"IAT_Min":0.00016329473510268144,"received_addresses":17,"max_pkt_from_sameId":20,"has_attacker":1}
{"received packets":678,"IAT_Mean":0.002946553672150258,"IAT_Std":0.001774339248674126,"IAT_Max":0.006358081132930238,"IAT_Min":0.00016329473146470264,"received_addresses":17,"max_pkt_from_sameId":377,"has_attacker":1}
{"received packets":481,"IAT_Mean":0.004153330304371345,"IAT_Std":0.003745973309522044,"IAT_Max":0.017964159309485696,"IAT_Min":0.00011039180753869005,"received_addresses":17,"max_pkt_from_sameId":193,"has_attacker":1}
{"received packets":361,"IAT_Mean":0.0055339397604408269,"IAT_Std":0.004959180921572407,"IAT_Max":0.017963772726943718,"IAT_Min":0.00016321964722010307,"received_addresses":17,"max_pkt_from_sameId":47,"has_attacker":1}
{"received packets":315,"IAT_Mean":0.006342077800206699,"IAT_Std":0.0058244815215605619,"IAT_Max":0.017962182690098417,"IAT_Min":0.00016304951350321062,"received_addresses":18,"max_pkt_from_sameId":20,"has_attacker":1}
{"received packets":510,"IAT_Mean":0.003917173181310086,"IAT_Std":0.003942206300727449,"IAT_Max":0.017962187914235984,"IAT_Min":0.0001632351995795034,"received_addresses":18,"max_pkt_from_sameId":186,"has_attacker":1}
{"received packets":718,"IAT_Mean":0.002782389289644733,"IAT_Std":0.0019931273721065418,"IAT_Max":0.00875012071992387,"IAT_Min":0.00010532455416978337,"received_addresses":20,"max_pkt_from_sameId":380,"has_attacker":1}
{"received packets":407,"IAT_Mean":0.004908505006203044,"IAT_Std":0.0049006241949548479,"IAT_Max":0.01553728543149191,"IAT_Min":0.00011551205170690082,"received_addresses":20,"max_pkt_from_sameId":74,"has_attacker":1}
{"received packets":371,"IAT_Mean":0.005384783964644775,"IAT_Std":0.005505121367462232,"IAT_Max":0.01813122284875135,"IAT_Min":0.00016300685820169747,"received_addresses":18,"max_pkt_from_sameId":31,"has_attacker":1}
{"received packets":342,"IAT_Mean":0.005841394805434764,"IAT_Std":0.005856775093794706,"IAT_Max":0.01813122284511337,"IAT_Min":0.00016300694187521003,"received_addresses":19,"max_pkt_from_sameId":20,"has_attacker":1}
{"received packets":715,"IAT_Mean":0.0027940591959898619,"IAT_Std":0.0020298978495623886,"IAT_Max":0.012514223115431378,"IAT_Min":0.00016300693459925242,"received_addresses":18,"max_pkt_from_sameId":375,"has_attacker":1}
{"received packets":547,"IAT_Mean":0.0036522068490420676,"IAT_Std":0.003811221969231875,"IAT_Max":0.01813104004759225,"IAT_Min":0.00011232721954002045,"received_addresses":19,"max_pkt_from_sameId":195,"has_attacker":1}
{"received packets":383,"IAT_Mean":0.005216092276559032,"IAT_Std":0.005530263223649626,"IAT_Max":0.018131040043954273,"IAT_Min":0.00016300693459925242,"received_addresses":17,"max_pkt_from_sameId":63,"has_attacker":1}
{"received packets":330,"IAT_Mean":0.006053818519494874,"IAT_Std":0.006145682224843447,"IAT_Max":0.01813122284875135,