{"received packets":468,"IAT_Mean":0.004270324951382781,"IAT_Std":0.004468108170815925,"IAT_Max":0.0223800810672401,"IAT_Min":0.00016301787763950415,"received_addresses":24,"max_pkt_from_sameId":20,"has_attacker":0}
{"received packets":480,"IAT_Mean":0.004163583965131086,"IAT_Std":0.004405313804803527,"IAT_Max":0.022380131984391484,"IAT_Min":0.000163011958647985,"received_addresses":24,"max_pkt_from_sameId":20,"has_attacker":0}
{"received packets":500,"IAT_Mean":0.003997043718081841,"IAT_Std":0.0036783360465017327,"IAT_Max":0.022380157555744519,"IAT_Min":0.0001630016959097702,"received_addresses":27,"max_pkt_from_sameId":20,"has_attacker":0}
{"received packets":549,"IAT_Mean":0.003640284824003188,"IAT_Std":0.0028150268651092695,"IAT_Max":0.013124000743118814,"IAT_Min":0.00016300608695019037,"received_addresses":29,"max_pkt_from_sameId":20,"has_attacker":0}
{"received packets":571,"IAT_Mean":0.0035000194811880254,"IAT_Std":0.0027913814408171294,"IAT_Max":0.01312400160895777,"IAT_Min":0.00016300900097121485,"received_addresses":30,"max_pkt_from_sameId":20,"has_attacker":0}
{"received packets":520,"IAT_Mean":0.0038432994817062888,"IAT_Std":0.00283919059829333,"IAT_Max":0.013124011653417256,"IAT_Min":0.0001630096485314425,"received_addresses":26,"max_pkt_from_sameId":20,"has_attacker":0}
{"received packets":549,"IAT_Mean":0.0036402863487669139,"IAT_Std":0.002865016761199034,"IAT_Max":0.013124267821694957,"IAT_Min":0.00016302598669426516,"received_addresses":28,"max_pkt_from_sameId":20,"has_attacker":0}
{"received packets":1456,"IAT_Mean":0.0013728759554621549,"IAT_Std":0.0017747190128564886,"IAT_Max":0.013124370721925516,"IAT_Min":0.00016300034985761158,"received_addresses":28,"max_pkt_from_sameId":207,"has_attacker":1}
{"received packets":2405,"IAT_Mean":0.0008311504926770299,"IAT_Std":0.0006692953249727636,"IAT_Max":0.0023860618312028238,"IAT_Min":0.00016300016432069242,"received_addresses":26,"max_pkt_from_sameId":400,"has_attacker":1}
{"received packets":679,"IAT_Mean":0.0029433261242448095,"IAT_Std":0.0032394494450925499,"IAT_Max":0.02243544840530376,"IAT_Min":0.00015355938376160339,"received_addresses":21,"max_pkt_from_sameId":229,"has_attacker":1}
{"received packets":576,"IAT_Mean":0.003468331935165578,"IAT_Std":0.00395154893700762,"IAT_Max":0.0332001823153405,"IAT_Min":0.000163000870088581,"received_addresses":18,"max_pkt_from_sameId":200,"has_attacker":1}
{"received packets":640,"IAT_Mean":0.003121508381605054,"IAT_Std":0.0017664761659846418,"IAT_Max":0.005728171454393305,"IAT_Min":0.00016314920867444016,"received_addresses":15,"max_pkt_from_sameId":381,"has_attacker":1}
