{"received packets":539,"IAT_Mean":0.0037078146294885919,"IAT_Std":0.004293891803417605,"IAT_Max":0.0223800324529293,"IAT_Min":0.00016317003610311076,"received_addresses":27,"max_pkt_from_sameId":20,"has_attacker":0}
{"received packets":521,"IAT_Mean":0.003835931416136622,"IAT_Std":0.00432319967322761,"IAT_Max":0.02238004971513874,"IAT_Min":0.00016315175162162632,"received_addresses":27,"max_pkt_from_sameId":20,"has_attacker":0}
{"received packets":550,"IAT_Mean":0.0036336760240771005,"IAT_Std":0.0037465772902774898,"IAT_Max":0.022380071597581265,"IAT_Min":0.00016305392273352481,"received_addresses":29,"max_pkt_from_sameId":20,"has_attacker":0}
{"received packets":580,"IAT_Mean":0.0034457178739605049,"IAT_Std":0.0030374391345401559,"IAT_Max":0.01312402883922914,"IAT_Min":0.00016302363655995578,"received_addresses":29,"max_pkt_from_sameId":20,"has_attacker":0}
{"received packets":550,"IAT_Mean":0.003633656717713827,"IAT_Std":0.003152018168253926,"IAT_Max":0.013124017114023446,"IAT_Min":0.00016306175530189648,"received_addresses":28,"max_pkt_from_sameId":20,"has_attacker":0}
{"received packets":522,"IAT_Mean":0.0038285744664800856,"IAT_Std":0.0032167687876265484,"IAT_Max":0.013124023345881142,"IAT_Min":0.00016318856069119647,"received_addresses":28,"max_pkt_from_sameId":20,"has_attacker":0}
{"received packets":510,"IAT_Mean":0.003918661583156791,"IAT_Std":0.0032096291045226289,"IAT_Max":0.01312429050449282,"IAT_Min":0.0001633512911212165,"received_addresses":26,"max_pkt_from_sameId":20,"has_attacker":0}
{"received packets":1406,"IAT_Mean":0.0014216982008952494,"IAT_Std":0.0019442525597792704,"IAT_Max":0.01312448040698655,"IAT_Min":0.0001630008737265598,"received_addresses":25,"max_pkt_from_sameId":207,"has_attacker":1}
{"received packets":2347,"IAT_Mean":0.0008516903641150643,"IAT_Std":0.000731645951334181,"IAT_Max":0.002386735399340978,"IAT_Min":0.0001630018996365834,"received_addresses":23,"max_pkt_from_sameId":400,"has_attacker":1}
{"received packets":654,"IAT_Mean":0.003055839255694777,"IAT_Std":0.0035388076278809268,"IAT_Max":0.02243545617602649,"IAT_Min":0.00015099754091352224,"received_addresses":19,"max_pkt_from_sameId":205,"has_attacker":1}
{"received packets":426,"IAT_Mean":0.004605423249668434,"IAT_Std":0.006620069972199852,"IAT_Max":0.05007402141200146,"IAT_Min":0.0001631227132747881,"received_addresses":16,"max_pkt_from_sameId":150,"has_attacker":1}
{"received packets":221,"IAT_Mean":0.00887745055751609,"IAT_Std":0.00978194368404925,"IAT_Max":0.03835930745844962,"IAT_Min":0.00016305502140312456,"received_addresses":14,"max_pkt_from_sameId":20,"has_attacker":1}
{"received packets":697,"IAT_Mean":0.0028624240768481436,"IAT_Std":0.0019529123848472355,"IAT_Max":0.014099330473982264,"IAT_Min":0.0001544703045510687,"received_addresses":14,"max_pkt_from_sameId":367,"has_attacker":1}
{"received packets":544,"IAT_Mean":0.0036723592736373526,"IAT_Std":0.003382526920115208,"IAT_Max":0.022641855477559149,"IAT_Min":0.00010545171608100645,"received_addresses":12,"max_pkt_from_sameId":175,"has_attacker":1}
{"received packets":525,"IAT_Mean":0.003805242019831591,"IAT_Std":0.001464651605621516,"IAT_Max":0.005156215924216667,"IAT_Min":0.00016317279369104654,"received_addresses":8,"max_pkt_from_sameId":399,"has_attacker":1}
{"received packets":122,"IAT_Mean":0.016375047102510658,"IAT_Std":0.016846029187208356,"IAT_Max":0.05028801711523556,"IAT_Min":0.00011268985690549016,"received_addresses":7,"max_pkt_from_sameId":20,"has_attacker":1}
{"received packets":341,"IAT_Mean":0.0058585330376535889,"IAT_Std":0.009682961786115942,"IAT_Max":0.0502878998813685,"IAT_Min":0.000155903551785741,"received_addresses":8,"max_pkt_from_sameId":118,"has_attacker":1}
{"received packets":653,"IAT_Mean":0.0030593528474356526,"IAT_Std":0.0034265635213300918,"IAT_Max":0.014836789265245898,"IAT_Min":0.00010687463509384543,"received_addresses":10,"max_pkt_from_sameId":261,"has_attacker":1}
{"received packets":560,"IAT_Mean":0.003567415664175704,"IAT_Std":0.0016160021420541325,"IAT_Max":0.005012000001443084,"IAT_Min":0.00011133945008623414,"received_addresses":10,"max_pkt_from_sameId":397,"has_attacker":1}
{"received packets":371,"IAT_Mean":0.005384781286249068,"IAT_Std":0.007961618230439675,"IAT_Max":0.0444042190683831,"IAT_Min":0.0001100839908758644,"received_addresses":9,"max_pkt_from_sameId":211,"has_attacker":1}
{"received packets":190,"IAT_Mean":0.01051448930459293,"IAT_Std":0.013509174057615682,"IAT_Max":0.04441711947947624,"IAT_Min":0.00016304644668707624,"received_addresses":10,"max_pkt_from_sameId":20,"has_attacker":1}
{"received packets":546,"IAT_Mean":0.003658900839269043,"IAT_Std":0.004134114614363844,"IAT_Max":0.017132877066615039,"IAT_Min":0.00015127697770367377,"received_addresses":11,"max_pkt_from_sameId":192,"has_attacker":1}
{"received packets":591,"IAT_Mean":0.0033802994347461397,"IAT_Std":0.003176757342215594,"IAT_Max":0.016176356712094277,"IAT_Min":0.00010696703611756675,"received_addresses":19,"max_pkt_from_sameId":148,"has_attacker":1}
{"received packets":536,"IAT_Mean":0.003727158928588541,"IAT_Std":0.0030180162027792446,"IAT_Max":0.016176446897588904,"IAT_Min":0.00011467682270449586,"received_addresses":18,"max_pkt_from_sameId":257,"has_attacker":1}
{"received packets":630,"IAT_Mean":0.003170489603663944,"IAT_Std":0.0019882053074421447,"IAT_Max":0.00813357658626046,"IAT_Min":0.00010675312296370976,"received_addresses":16,"max_pkt_from_sameId":377,"has_attacker":1}
{"received packets":309,"IAT_Mean":0.006464103150260025,"IAT_Std":0.008681886490616345,"IAT_Max":0.04994079926837003,"IAT_Min":0.00011106038073194213,"received_addresses":9,"max_pkt_from_sameId":187,"has_attacker":1}
{"received packets":497,"IAT_Mean":0.004018929245243385,"IAT_Std":0.0014530724630015344,"IAT_Max":0.008283227965875995,"IAT_Min":0.0001126770002883859,"received_addresses":7,"max_pkt_from_sameId":390,"has_attacker":1}
{"received packets":489,"IAT_Mean":0.004084673306515432,"IAT_Std":0.001354097445717905,"IAT_Max":0.00812600010613096,"IAT_Min":0.00010615947030601092,"received_addresses":8,"max_pkt_from_sameId":377,"has_attacker":1}
{"received packets":295,"IAT_Mean":0.006770858879426052,"IAT_Std":0.012262573994191584,"IAT_Max":0.0709696980411536,"IAT_Min":0.00011629022264969535,"received_addresses":7,"max_pkt_from_sameId":194,"has_attacker":1}
{"received packets":72,"IAT_Mean":0.02774324883466761,"IAT_Std":0.027515618211796767,"IAT_Max":0.071117570529168,"IAT_Min":0.0001630005172046367,"received_addresses":6,"max_pkt_from_sameId":20,"has_attacker":1}
{"received packets":436,"IAT_Mean":0.00458149375771669,"IAT_Std":0.0013436267601827407,"IAT_Max":0.021247691896860489,"IAT_Min":0.0013201508518250194,"received_addresses":4,"max_pkt_from_sameId":376,"has_attacker":1}
{"received packets":439,"IAT_Mean":0.004550196861762448,"IAT_Std":0.001079561160058871,"IAT_Max":0.006137202351965243,"IAT_Min":0.00011227844515815377,"received_addresses":5,"max_pkt_from_sameId":194,"has_attacker":1}
{"received packets":460,"IAT_Mean":0.004342521495330046,"IAT_Std":0.0013891511066588159,"IAT_Max":0.005201288775424473,"IAT_Min":0.00011742232891265303,"received_addresses":5,"max_pkt_from_sameId":380,"has_attacker":1}
{"received packets":75,"IAT_Mean":0.026633940976316808,"IAT_Std":0.028242334366870217,"IAT_Max":0.07092261842262815,"IAT_Min":0.00011488780728541315,"received_addresses":5,"max_pkt_from_sameId":20,"has_attacker":1}
{"received packets":265,"IAT_Mean":0.007537206903691426,"IAT_Std":0.012175985385092648,"IAT_Max":0.06345511585095665,"IAT_Min":0.001060000136931194,"received_addresses":6,"max_pkt_from_sameId":185,"has_attacker":1}
{"received packets":460,"IAT_Mean":0.004342072704868928,"IAT_Std":0.0013355284263748167,"IAT_Max":0.006333324552542763,"IAT_Min":0.00010982994353980757,"received_addresses":6,"max_pkt_from_sameId":380,"has_attacker":1}
{"received packets":459,"IAT_Mean":0.004351525505309306,"IAT_Std":0.001255146507250513,"IAT_Max":0.006333508194074966,"IAT_Min":0.00011644451296888292,