{"received packets":19,"IAT_Mean":0.1018139984074591,"IAT_Std":0.22036514177618955,"IAT_Max":1.0344730395590887,"IAT_Min":0.034191048791399229,"received_addresses":2,"max_pkt_from_sameId":10,"has_attacker":1}
{"received packets":420,"IAT_Mean":0.004750261924519215,"IAT_Std":0.0009611133804651466,"IAT_Max":0.005170373544387985,"IAT_Min":0.0002757343099801801,"received_addresses":2,"max_pkt_from_sameId":400,"has_attacker":1}
{"received packets":222,"IAT_Mean":0.008713829330805017,"IAT_Std":0.01886119439142043,"IAT_Max":0.10000691179084243,"IAT_Min":0.0002692431953619234,"received_addresses":2,"max_pkt_from_sameId":202,"has_attacker":1}
{"received packets":20,"IAT_Mean":0.09765024366552097,"IAT_Std":0.010243895595005432,"IAT_Max":0.10001064565949491,"IAT_Min":0.05299814365571365,"received_addresses":1,"max_pkt_from_sameId":20,"has_attacker":0}
{"received packets":20,"IAT_Mean":0.09765031076058221,"IAT_Std":0.010243139123487027,"IAT_Max":0.10000462052994408,"IAT_Min":0.05300150325638242,"received_addresses":1,"max_pkt_from_sameId":20,"has_attacker":0}
{"received packets":40,"IAT_Mean":0.049648900752890769,"IAT_Std":0.016838112063048834,"IAT_Max":0.0670567519373435,"IAT_Min":0.03294919938707608,"received_addresses":2,"max_pkt_from_sameId":20,"has_attacker":0}
{"received packets":40,"IAT_Mean":0.049648644401258937,"IAT_Std":0.016839418508332098,"IAT_Max":0.06706177442538319,"IAT_Min":0.03294904997528647,"received_addresses":2,"max_pkt_from_sameId":20,"has_attacker":0}
{"received packets":20,"IAT_Mean":0.09929767052399256,"IAT_Std":0.003061921935497711,"IAT_Max":0.10000517609660165,"IAT_Min":0.08595107728251605,"received_addresses":1,"max_pkt_from_sameId":20,"has_attacker":0}
{"received packets":20,"IAT_Mean":0.09929763589225331,"IAT_Std":0.0030603000518256938,"IAT_Max":0.10000460651281174,"IAT_Min":0.08595811975828838,"received_addresses":1,"max_pkt_from_sameId":20,"has_attacker":0}
{"received packets":20,"IAT_Mean":0.0992976855208326,"IAT_Std":0.0030618221681194227,"IAT_Max":0.10000314312128467,"IAT_Min":0.08595151346526109,"received_addresses":1,"max_pkt_from_sameId":20,"has_attacker":0}
{"received packets":20,"IAT_Mean":0.09929768867878011,"IAT_Std":0.0030612940251434617,"IAT_Max":0.10000925954955165,"IAT_Min":0.08595383194187889,"received_addresses":1,"max_pkt_from_sameId":20,"has_attacker":0}
{"received packets":20,"IAT_Mean":0.09929780083075457,"IAT_Std":0.003062183655537918,"IAT_Max":0.10001052188454196,"IAT_Min":0.08595007474286831,"received_addresses":1,"max_pkt_from_sameId":20,"has_attacker":0}
{"received packets":10,"IAT_Mean":0.09859578622563277,"IAT_Std":0.004214074702006473,"IAT_Max":0.10001058786656358,"IAT_Min":0.08595357147714822,"received_addresses":1,"max_pkt_from_sameId":10,"has_attacker":0}
{"received packets":10,"IAT_Mean":0.19474700739119728,"IAT_Std":0.28424305635744698,"IAT_Max":1.0474761763580319,"IAT_Min":0.09999175113262027,"received_addresses":1,"max_pkt_from_sameId":10,"has_attacker":0}
{"received packets":40,"IAT_Mean":0.04868667947102949,"IAT_Std":0.015486874061864373,"IAT_Max":0.0645235049087205,"IAT_Min":0.011987005254923134,"received_addresses":2,"max_pkt_from_sameId":20,"has_attacker":0}
{"received packets":60,"IAT_Mean":0.033099242805231677,"IAT_Std":0.01794284863521918,"IAT_Max":0.06451540704802028,"IAT_Min":0.004068663991347421,"received_addresses":4,"max_pkt_from_sameId":20,"has_attacker":0}
{"received packets":70,"IAT_Mean":0.028312401539057776,"IAT_Std":0.010684186820396635,"IAT_Max":0.03549876810211572,"IAT_Min":0.0040728208114160229,"received_addresses":4,"max_pkt_from_sameId":20,"has_attacker":0}
{"received packets":70,"IAT_Mean":0.02853591466924367,"IAT_Std":0.008781432470244237,"IAT_Max":0.035497000157192818,"IAT_Min":0.01197828979275073,"received_addresses":4,"max_pkt_from_sameId":20,"has_attacker":0}
{"received packets":80,"IAT_Mean":0.024969137751304515,"IAT_Std":0.009997960147588812,"IAT_Max":0.035497147946443877,"IAT_Min":0.011989973769232165,"received_addresses":4,"max_pkt_from_sameId":20,"has_attacker":0}
{"received packets":113,"IAT_Mean":0.017677307996676877,"IAT_Std":0.011643693107397416,"IAT_Max":0.03549715149711119,"IAT_Min":0.001138366264058277,"received_addresses":7,"max_pkt_from_sameId":20,"has_attacker":1}
{"received packets":507,"IAT_Mean":0.003939958403377619,"IAT_Std":0.0013715340886871655,"IAT_Max":0.010110475086548832,"IAT_Min":0.001125053870055126,"received_addresses":8,"max_pkt_from_sameId":378,"has_attacker":1}
{"received packets":105,"IAT_Mean":0.01902423319975025,"IAT_Std":0.016067113082510004,"IAT_Max":0.05008305548108183,"IAT_Min":0.00011565837485250086,"received_addresses":6,"max_pkt_from_sameId":20,"has_attacker":1}
{"received packets":271,"IAT_Mean":0.007371074992451754,"IAT_Std":0.012447864661788669,"IAT_Max":0.07112305925693363,"IAT_Min":0.0010616443651088048,"received_addresses":6,"max_pkt_from_sameId":185,"has_attacker":1}
{"received packets":480,"IAT_Mean":0.004161546391029939,"IAT_Std":0.0013849939451479757,"IAT_Max":0.006332001052214764,"IAT_Min":0.00011066243314417079,"received_addresses":6,"max_pkt_from_sameId":380,"has_attacker":1}
{"received packets":399,"IAT_Mean":0.005006919207699413,"IAT_Std":0.004336361938288098,"IAT_Max":0.021316004367690767,"IAT_Min":0.00011731093036360107,"received_addresses":18,"max_pkt_from_sameId":186,"has_attacker":1}
