{"received packets":559,"IAT_Mean":0.003575155791056622,"IAT_Std":0.004077574837020136,"IAT_Max":0.02238001186924521,"IAT_Min":0.0005660000097122975,"received_addresses":28,"max_pkt_from_sameId":20,"has_attacker":0}
{"received packets":541,"IAT_Mean":0.0036941224445698956,"IAT_Std":0.004105099395102,"IAT_Max":0.02238004147511674,"IAT_Min":0.0005660273018293083,"received_addresses":28,"max_pkt_from_sameId":20,"has_attacker":0}
{"received packets":531,"IAT_Mean":0.003763694615983983,"IAT_Std":0.003526846361281808,"IAT_Max":0.022380090311344249,"IAT_Min":0.0005661074355884921,"received_addresses":29,"max_pkt_from_sameId":20,"has_attacker":0}
{"received packets":540,"IAT_Mean":0.003700956423111805,"IAT_Std":0.0027333797512621488,"IAT_Max":0.013124009070452303,"IAT_Min":0.0005661117065756116,"received_addresses":27,"max_pkt_from_sameId":20,"has_attacker":0}
{"received packets":540,"IAT_Mean":0.0037009470185862655,"IAT_Std":0.0027338943535174318,"IAT_Max":0.013124006229190855,"IAT_Min":0.0005660998031089548,"received_addresses":27,"max_pkt_from_sameId":20,"has_attacker":0}
{"received packets":550,"IAT_Mean":0.0036336657455897445,"IAT_Std":0.002835722014312276,"IAT_Max":0.013124017645168351,"IAT_Min":0.0002506219389033504,"received_addresses":28,"max_pkt_from_sameId":20,"has_attacker":0}
{"received packets":571,"IAT_Mean":0.003500031146797129,"IAT_Std":0.002762308850633503,"IAT_Max":0.013124286644597305,"IAT_Min":0.0002505832235328853,"received_addresses":30,"max_pkt_from_sameId":20,"has_attacker":0}
{"received packets":1849,"IAT_Mean":0.0010810752498256567,"IAT_Std":0.0016150934612276154,"IAT_Max":0.013124477562087123,"IAT_Min":0.00016300001516356133,"received_addresses":29,"max_pkt_from_sameId":209,"has_attacker":1}
{"received packets":3164,"IAT_Mean":0.0006317692300784542,"IAT_Std":0.0006338729215979455,"IAT_Max":0.003225066804589005,"IAT_Min":0.0001630009246582631,"received_addresses":27,"max_pkt_from_sameId":400,"has_attacker":1}
{"received packets":544,"IAT_Mean":0.0036737491040893849,"IAT_Std":0.003785405134432463,"IAT_Max":0.022435455717641163,"IAT_Min":0.00016395399870816618,"received_addresses":24,"max_pkt_from_sameId":131,"has_attacker":1}
{"received packets":570,"IAT_Mean":0.0035048386017335457,"IAT_Std":0.004491790606333636,"IAT_Max":0.03266616660403088,"IAT_Min":0.00016552706802031025,"received_addresses":20,"max_pkt_from_sameId":200,"has_attacker":1}
{"received packets":715,"IAT_Mean":0.002794075645235696,"IAT_Std":0.001712336443985326,"IAT_Max":0.007360580199019751,"IAT_Min":0.00016562089513172396,"received_addresses":19,"max_pkt_from_sameId":381,"has_attacker":1}
{"received packets":758,"IAT_Mean":0.0026355642029098856,"IAT_Std":0.0036723044927571065,"IAT_Max":0.02947068619323545,"IAT_Min":0.00015293093747459352,"received_addresses":20,"max_pkt_from_sameId":255,"has_attacker":1}
{"received packets":589,"IAT_Mean":0.003391787384106556,"IAT_Std":0.003554822339059255,"IAT_Max":0.022723631860571915,"IAT_Min":0.00015297014761017635,"received_addresses":22,"max_pkt_from_sameId":135,"has_attacker":1}
{"received packets":312,"IAT_Mean":0.006403049311174049,"IAT_Std":0.005806038247277793,"IAT_Max":0.022733150104613743,"IAT_Min":0.00091730167332571,"received_addresses":17,"max_pkt_from_sameId":20,"has_attacker":1}
{"received packets":679,"IAT_Mean":0.0029422018721530667,"IAT_Std":0.0017418506838132683,"IAT_Max":0.006305412651272491,"IAT_Min":0.0002800138609018177,"received_addresses":17,"max_pkt_from_sameId":379,"has_attacker":1}
{"received packets":733,"IAT_Mean":0.0027254557851594375,"IAT_Std":0.0023137329540878195,"IAT_Max":0.014531814595102333,"IAT_Min":0.00011507835006341338,"received_addresses":19,"max_pkt_from_sameId":191,"has_attacker":1}
{"received packets":871,"IAT_Mean":0.0022936357451823618,"IAT_Std":0.0023790840037329074,"IAT_Max":0.014543483281158843,"IAT_Min":0.00010613563426886685,"received_addresses":19,"max_pkt_from_sameId":334,"has_attacker":1}
{"received packets":313,"IAT_Mean":0.006382594557904238,"IAT_Std":0.005368869224651679,"IAT_Max":0.017969346012250754,"IAT_Min":0.00011677917063934729,"received_addresses":19,"max_pkt_from_sameId":20,"has_attacker":1}
{"received packets":505,"IAT_Mean":0.003955946894827077,"IAT_Std":0.0037129331209646567,"IAT_Max":0.01795616290473845,"IAT_Min":0.00016337941997335292,"received_addresses":18,"max_pkt_from_sameId":188,"has_attacker":1}
{"received packets":689,"IAT_Mean":0.0028994953447817868,"IAT_Std":0.0017496029353287365,"IAT_Max":0.005012000001443084,"IAT_Min":0.00011318904216750525,"received_addresses":17,"max_pkt_from_sameId":380,"has_attacker":1}
{"received packets":844,"IAT_Mean":0.002367013249908639,"IAT_Std":0.0019641927614990099,"IAT_Max":0.010330053893994773,"IAT_Min":0.00011229971278226003,"received_addresses":20,"max_pkt_from_sameId":311,"has_attacker":1}
{"received packets":579,"IAT_Mean":0.003450356288087218,"IAT_Std":0.003668149372912318,"IAT_Max":0.01796853791529429,"IAT_Min":0.00010622803529258817,"received_addresses":19,"max_pkt_from_sameId":160,"has_attacker":1}
{"received packets":328,"IAT_Mean":0.006090721071237434,"IAT_Std":0.005341439396219047,"IAT_Max":0.01796849730089889,"IAT_Min":0.00016325682372553274,"received_addresses":17,"max_pkt_from_sameId":20,"has_attacker":1}
{"received packets":678,"IAT_Mean":0.0029465536393225965,"IAT_Std":0.0017743405744926979,"IAT_Max":0.006358040056511527,"IAT_Min":0.00016325682008755393,"received_addresses":17,"max_pkt_from_sameId":377,"has_attacker":1}
{"received packets":632,"IAT_Mean":0.0031609997692117486,"IAT_Std":0.0024999757630187605,"IAT_Max":0.01796415974968113,"IAT_Min":0.00011037461445084773,"received_addresses":18,"max_pkt_from_sameId":193,"has_attacker":1}
{"received packets":701,"IAT_Mean":0.002849860529607287,"IAT_Std":0.002380042093170084,"IAT_Max":0.015537037776084617,"IAT_Min":0.0001118992549891118,"received_addresses":18,"max_pkt_from_sameId":330,"has_attacker":1}
{"received packets":315,"IAT_Mean":0.006342077729537518,"IAT_Std":0.005810388685008364,"IAT_Max":0.017962194768188057,"IAT_Min":0.0001631579980312381,"received_addresses":18,"max_pkt_from_sameId":20,"has_attacker":1}
{"received packets":510,"IAT_Mean":0.003917173137661474,"IAT_Std":0.003942204552682514,"IAT_Max":0.017962192490813324,"IAT_Min":0.0001632002713449765,"received_addresses":18,"max_pkt_from_sameId":186,"has_attacker":1}
{"received packets":733,"IAT_Mean":0.002725450869991986,"IAT_Std":0.0019943456326068935,"IAT_Max":0.008750125765800476,"IAT_Min":0.00010530736471991986,"received_addresses":21,"max_pkt_from_sameId":380,"has_attacker":1}
{"received packets":679,"IAT_Mean":0.002942211362686077,"IAT_Std":0.00333784894319786,"IAT_Max":0.015329053894674871,"IAT_Min":0.00011549486225703731,"received_addresses":21,"max_pkt_from_sameId":251,"has_attacker":1}
{"received packets":487,"IAT_Mean":0.004102165972530635,"IAT_Std":0.004880068376929726,"IAT_Max":0.018131192486180227,"IAT_Min":0.00010856037624762394,"received_addresses":20,"max_pkt_from_sameId":106,"has_attacker":1}
{"received packets":341,"IAT_Mean":0.005858524930199111,"IAT_Std":0.00585781768652854,"IAT_Max":0.018131192493456184,"IAT_Min":0.0001630000006116461,"received_addresses":18,"max_pkt_from_sameId":20,"has_attacker":1}
{"received packets":715,"IAT_Mean":0.0027940591648558867,"IAT_Std":0.002029899722770732,"IAT_Max":0.012514261874457589,"IAT_Min":0.0001629999969736673,"received_addresses":18,"max_pkt_from_sameId":375,"has_attacker":1}
{"received packets":718,"IAT_Mean":0.002782391537839633,"IAT_Std":0.002160524587773241,"IAT_Max":0.01127900064602727,"IAT_Min":0.00011231003009015694,"received_addresses":20,"max_pkt_from_sameId":195,"has_attacker":1}
{"received packets":711,"IAT_Mean":0.0028097936985442405,"IAT_Std":0.0024525199627786406,"IAT_Max":0.014542052889737534,"IAT_Min":0.00011716927838278934,"received_addresses":19,"max_pkt_from_sameId":318,"has_attacker":1}
{"received packets":354,"IAT_Mean":0.005643390082408237,"IAT_Std":0.005760036251520988,"IAT_Max":0.018131192493456184,