{"received packets":451,"IAT_Mean":0.0044296144469848429,"IAT_Std":0.004359332850287298,"IAT_Max":0.01813127295099548,"IAT_Min":0.00016300053539453074,"received_addresses":14,"max_pkt_from_sameId":192,"has_attacker":1}
{"received packets":281,"IAT_Mean":0.007109459862612736,"IAT_Std":0.006070230966518401,"IAT_Max":0.018131272947357503,"IAT_Min":0.0001630000006116461,"received_addresses":16,"max_pkt_from_sameId":20,"has_attacker":1}
{"received packets":655,"IAT_Mean":0.003050005273661978,"IAT_Std":0.0021109014190669598,"IAT_Max":0.012514131696661935,"IAT_Min":0.00016300032802973874,"received_addresses":15,"max_pkt_from_sameId":375,"has_attacker":1}
{"received packets":650,"IAT_Mean":0.0030734741675181658,"IAT_Std":0.0020564742485840554,"IAT_Max":0.008776002414379036,"IAT_Min":0.0001134642370743677,"received_addresses":16,"max_pkt_from_sameId":195,"has_attacker":1}
{"received packets":630,"IAT_Mean":0.0031710545076734095,"IAT_Std":0.0021018918137697478,"IAT_Max":0.008776080394454766,"IAT_Min":0.00011821675070677884,"received_addresses":14,"max_pkt_from_sameId":380,"has_attacker":1}
{"received packets":255,"IAT_Mean":0.007834357026320719,"IAT_Std":0.006928525266535754,"IAT_Max":0.019069624173425838,"IAT_Min":0.0001113476901082322,"received_addresses":14,"max_pkt_from_sameId":20,"has_attacker":1}
