{"received packets":40,"IAT_Mean":0.049938546531029717,"IAT_Std":0.028529328254960366,"IAT_Max":0.07861266891268315,"IAT_Min":0.021391572121501669,"received_addresses":2,"max_pkt_from_sameId":20,"has_attacker":0}
{"received packets":40,"IAT_Mean":0.04993518650162514,"IAT_Std":0.028588948773717854,"IAT_Max":0.07872944347036537,"IAT_Min":0.02128102370625129,"received_addresses":2,"max_pkt_from_sameId":20,"has_attacker":0}
