{"received packets":558,"IAT_Mean":0.0035815628824263604,"IAT_Std":0.00416544004778936,"IAT_Max":0.0223800006097008,"IAT_Min":0.00016317211702698842,"received_addresses":28,"max_pkt_from_sameId":20,"has_attacker":0}
{"received packets":541,"IAT_Mean":0.003694122481575066,"IAT_Std":0.0041935309773511509,"IAT_Max":0.02238000076613389,"IAT_Min":0.00016312262232531793,"received_addresses":28,"max_pkt_from_sameId":20,"has_attacker":0}
{"received packets":550,"IAT_Mean":0.0036336759907466,"IAT_Std":0.003613160458667591,"IAT_Max":0.022380009140761105,"IAT_Min":0.00016302796575473621,"received_addresses":29,"max_pkt_from_sameId":20,"has_attacker":0}
{"received packets":570,"IAT_Mean":0.0035061690319452556,"IAT_Std":0.002905839063697299,"IAT_Max":0.01312400038659689,"IAT_Min":0.0001630000006116461,"received_addresses":29,"max_pkt_from_sameId":20,"has_attacker":0}
{"received packets":590,"IAT_Mean":0.003387307079759983,"IAT_Std":0.002875097892964164,"IAT_Max":0.013124000848620199,"IAT_Min":0.00016302871154039167,"received_addresses":30,"max_pkt_from_sameId":20,"has_attacker":0}
{"received packets":610,"IAT_Mean":0.0032762554996195118,"IAT_Std":0.0029179248243420914,"IAT_Max":0.013124011777108536,"IAT_Min":0.00016315140601363964,"received_addresses":31,"max_pkt_from_sameId":20,"has_attacker":0}
{"received packets":600,"IAT_Mean":0.0033308623181255829,"IAT_Std":0.0029571019499437629,"IAT_Max":0.013124278786563082,"IAT_Min":0.00016331586084561422,"received_addresses":30,"max_pkt_from_sameId":20,"has_attacker":0}
{"received packets":1701,"IAT_Mean":0.0011751367749070663,"IAT_Std":0.0017121160119188289,"IAT_Max":0.013124468037858606,"IAT_Min":0.00016300001516356133,"received_addresses":30,"max_pkt_from_sameId":207,"has_attacker":1}
{"received packets":2840,"IAT_Mean":0.0007038441086645524,"IAT_Std":0.000667332808298323,"IAT_Max":0.0023860631954448765,"IAT_Min":0.0001630000042496249,"received_addresses":29,"max_pkt_from_sameId":400,"has_attacker":1}
{"received packets":700,"IAT_Mean":0.0028550269398848677,"IAT_Std":0.0031407017328863625,"IAT_Max":0.022435454131482403,"IAT_Min":0.00016300524293910712,"received_addresses":24,"max_pkt_from_sameId":203,"has_attacker":1}
{"received packets":592,"IAT_Mean":0.003374592385834812,"IAT_Std":0.0032499126635330266,"IAT_Max":0.023363479667750654,"IAT_Min":0.00016414465790148824,"received_addresses":21,"max_pkt_from_sameId":200,"has_attacker":1}
{"received packets":659,"IAT_Mean":0.0030315095236290786,"IAT_Std":0.0016988861866577396,"IAT_Max":0.005721312281821156,"IAT_Min":0.000163012562552467,"received_addresses":17,"max_pkt_from_sameId":380,"has_attacker":1}
{"received packets":771,"IAT_Mean":0.0025911262699663108,"IAT_Std":0.0023837802589085248,"IAT_Max":0.019840021872369108,"IAT_Min":0.0001563429250381887,"received_addresses":19,"max_pkt_from_sameId":342,"has_attacker":1}
{"received packets":592,"IAT_Mean":0.003374600432662929,"IAT_Std":0.0033569017707182405,"IAT_Max":0.020556507257424529,"IAT_Min":0.00010537611524341628,"received_addresses":19,"max_pkt_from_sameId":148,"has_attacker":1}
{"received packets":463,"IAT_Mean":0.004314799290795654,"IAT_Std":0.003454485091291442,"IAT_Max":0.02072891169882496,"IAT_Min":0.00016320291615556926,"received_addresses":15,"max_pkt_from_sameId":221,"has_attacker":1}
{"received packets":591,"IAT_Mean":0.0033802973904113414,"IAT_Std":0.0015977029546549575,"IAT_Max":0.005012000001443084,"IAT_Min":0.0002800120382744353,"received_addresses":13,"max_pkt_from_sameId":379,"has_attacker":1}
{"received packets":647,"IAT_Mean":0.0030877276307002138,"IAT_Std":0.002343533892365152,"IAT_Max":0.01483795874446514,"IAT_Min":0.00011577113400562666,"received_addresses":14,"max_pkt_from_sameId":191,"has_attacker":1}
{"received packets":784,"IAT_Mean":0.0025481599752533747,"IAT_Std":0.0023472709056468505,"IAT_Max":0.014543607223458821,"IAT_Min":0.00015636803436791524,"received_addresses":16,"max_pkt_from_sameId":279,"has_attacker":1}
{"received packets":525,"IAT_Mean":0.0038052433965120667,"IAT_Std":0.0028064709308511686,"IAT_Max":0.0179562613084272,"IAT_Min":0.00011142400035168976,"received_addresses":17,"max_pkt_from_sameId":252,"has_attacker":1}
{"received packets":579,"IAT_Mean":0.0034503521043676075,"IAT_Std":0.002558175675904018,"IAT_Max":0.017956167084776099,"IAT_Min":0.0001101685847970657,"received_addresses":16,"max_pkt_from_sameId":188,"has_attacker":1}
{"received packets":672,"IAT_Mean":0.002972846695083068,"IAT_Std":0.0017053733661348279,"IAT_Max":0.005012000001443084,"IAT_Min":0.00011388182974769734,"received_addresses":17,"max_pkt_from_sameId":380,"has_attacker":1}
{"received packets":747,"IAT_Mean":0.0026743773352932559,"IAT_Std":0.0022136977705413966,"IAT_Max":0.013607482120278292,"IAT_Min":0.00011299250400043093,"received_addresses":19,"max_pkt_from_sameId":262,"has_attacker":1}
{"received packets":729,"IAT_Mean":0.0027404073754903836,"IAT_Std":0.0023723545368806839,"IAT_Max":0.013594538271718193,"IAT_Min":0.00015604599684593268,"received_addresses":20,"max_pkt_from_sameId":157,"has_attacker":1}
{"received packets":544,"IAT_Mean":0.003672347788277447,"IAT_Std":0.002876256220921464,"IAT_Max":0.01470124558545649,"IAT_Min":0.00011474425991764292,"received_addresses":18,"max_pkt_from_sameId":257,"has_attacker":1}
{"received packets":124,"IAT_Mean":0.015549744521370984,"IAT_Std":0.021643995126155867,"IAT_Max":0.07532190618076129,"IAT_Min":0.0001067441662598867,"received_addresses":10,"max_pkt_from_sameId":20,"has_attacker":1}
{"received packets":267,"IAT_Mean":0.007472330659871755,"IAT_Std":0.0135175300457599,"IAT_Max":0.07531826582635404,"IAT_Min":0.0009713434919831343,"received_addresses":5,"max_pkt_from_sameId":187,"has_attacker":1}
{"received packets":470,"IAT_Mean":0.004244920815085123,"IAT_Std":0.0015176563758976126,"IAT_Max":0.008283557399408892,"IAT_Min":0.00011269937385804951,"received_addresses":6,"max_pkt_from_sameId":390,"has_attacker":1}
{"received packets":478,"IAT_Mean":0.004178556237352058,"IAT_Std":0.001342114010113927,"IAT_Max":0.009253547530533979,"IAT_Min":0.00010633304918883368,"received_addresses":8,"max_pkt_from_sameId":376,"has_attacker":1}
{"received packets":305,"IAT_Mean":0.00654871561949773,"IAT_Std":0.009507028267000883,"IAT_Max":0.05543374478293117,"IAT_Min":0.00011677386646624655,"received_addresses":7,"max_pkt_from_sameId":194,"has_attacker":1}
{"received packets":70,"IAT_Mean":0.028535914748811464,"IAT_Std":0.026631949959323908,"IAT_Max":0.06990255344499019,"IAT_Min":0.00016412076001870446,"received_addresses":4,"max_pkt_from_sameId":20,"has_attacker":0}
{"received packets":90,"IAT_Mean":0.0221947909551899,"IAT_Std":0.024693574503218717,"IAT_Max":0.06990128647521488,"IAT_Min":0.0001637747227505315,"received_addresses":5,"max_pkt_from_sameId":20,"has_attacker":0}
{"received packets":90,"IAT_Mean":0.022194845913812365,"IAT_Std":0.02469524623097433,"IAT_Max":0.06988933176035062,"IAT_Min":0.00016343323295586742,"received_addresses":5,"max_pkt_from_sameId":20,"has_attacker":0}
{"received packets":80,"IAT_Mean":0.02496949254177707,"IAT_Std":0.026626006651453053,"IAT_Max":0.06990186264374643,"IAT_Min":0.00016309281636495143,"received_addresses":4,"max_pkt_from_sameId":20,"has_attacker":0}
