{"received packets":500,"IAT_Mean":0.00399702409128804,"IAT_Std":0.004286056296369119,"IAT_Max":0.022946076140215156,"IAT_Min":0.00016308617341564968,"received_addresses":25,"max_pkt_from_sameId":20,"has_attacker":0}
{"received packets":529,"IAT_Mean":0.003777921063597884,"IAT_Std":0.004237027476738507,"IAT_Max":0.022946109009353678,"IAT_Min":0.00016311206491081975,"received_addresses":27,"max_pkt_from_sameId":20,"has_attacker":0}
{"received packets":560,"IAT_Mean":0.003568788867135351,"IAT_Std":0.003609436705119467,"IAT_Max":0.022946123233850814,"IAT_Min":0.00016303578013321385,"received_addresses":30,"max_pkt_from_sameId":20,"has_attacker":0}
{"received packets":511,"IAT_Mean":0.003910990732326377,"IAT_Std":0.0030567057664488037,"IAT_Max":0.013690134885109729,"IAT_Min":0.00016300003335345536,"received_addresses":27,"max_pkt_from_sameId":20,"has_attacker":0}
{"received packets":520,"IAT_Mean":0.0038432904385654884,"IAT_Std":0.0029784632905152485,"IAT_Max":0.013690110990864924,"IAT_Min":0.00016300012430292554,"received_addresses":26,"max_pkt_from_sameId":20,"has_attacker":0}
{"received packets":520,"IAT_Mean":0.003843299291188137,"IAT_Std":0.0028984083746966466,"IAT_Max":0.013690096919162898,"IAT_Min":0.00016300034621963277,"received_addresses":26,"max_pkt_from_sameId":20,"has_attacker":0}
{"received packets":540,"IAT_Mean":0.003700957572874796,"IAT_Std":0.002915996897860281,"IAT_Max":0.013690089464944322,"IAT_Min":0.00016300053539453074,"received_addresses":27,"max_pkt_from_sameId":20,"has_attacker":0}
{"received packets":1651,"IAT_Mean":0.0012107252573759556,"IAT_Std":0.0017292517110346568,"IAT_Max":0.013690090032469016,"IAT_Min":0.00016300001152558252,"received_addresses":28,"max_pkt_from_sameId":207,"has_attacker":1}
{"received packets":2780,"IAT_Mean":0.0007190348684934107,"IAT_Std":0.0006755586833880675,"IAT_Max":0.002386005682637915,"IAT_Min":0.00016300018251058646,"received_addresses":26,"max_pkt_from_sameId":400,"has_attacker":1}
{"received packets":633,"IAT_Mean":0.0031572169370920855,"IAT_Std":0.003886113904011906,"IAT_Max":0.026376529945991935,"IAT_Min":0.00015135581998038106,"received_addresses":20,"max_pkt_from_sameId":169,"has_attacker":1}
