{"received packets":558,"IAT_Mean":0.003581562884154074,"IAT_Std":0.004113920142394973,"IAT_Max":0.022380021433491494,"IAT_Min":0.00016320024587912485,"received_addresses":28,"max_pkt_from_sameId":20,"has_attacker":0}
{"received packets":532,"IAT_Mean":0.003756617035039944,"IAT_Std":0.004155974815727682,"IAT_Max":0.022380075250111987,"IAT_Min":0.00016311502622556873,"received_addresses":28,"max_pkt_from_sameId":20,"has_attacker":0}
{"received packets":510,"IAT_Mean":0.003918670402430614,"IAT_Std":0.0037344041904826764,"IAT_Max":0.02238015269540483,"IAT_Min":0.0001630205151741393,"received_addresses":28,"max_pkt_from_sameId":20,"has_attacker":0}
{"received packets":540,"IAT_Mean":0.0037009565900748217,"IAT_Std":0.0030294950374697806,"IAT_Max":0.01312400895767496,"IAT_Min":0.00016307323676301166,"received_addresses":27,"max_pkt_from_sameId":20,"has_attacker":0}
{"received packets":551,"IAT_Mean":0.0036270625807839627,"IAT_Std":0.0029765218977994246,"IAT_Max":0.013124006825819379,"IAT_Min":0.00016334297833964229,"received_addresses":29,"max_pkt_from_sameId":20,"has_attacker":0}
{"received packets":560,"IAT_Mean":0.003568779024668142,"IAT_Std":0.0028083636895779595,"IAT_Max":0.013124018143571448,"IAT_Min":0.00016367311036447063,"received_addresses":28,"max_pkt_from_sameId":20,"has_attacker":0}
{"received packets":560,"IAT_Mean":0.0035687819346549079,"IAT_Std":0.0028082335374208318,"IAT_Max":0.013124287081154762,"IAT_Min":0.0001640177688386757,"received_addresses":28,"max_pkt_from_sameId":20,"has_attacker":0}
{"received packets":1851,"IAT_Mean":0.0010799072062345295,"IAT_Std":0.0016178578239134036,"IAT_Max":0.013124477958626813,"IAT_Min":0.00016300001516356133,"received_addresses":30,"max_pkt_from_sameId":209,"has_attacker":1}
{"received packets":3163,"IAT_Mean":0.0006319689959857353,"IAT_Std":0.0006455783660463829,"IAT_Max":0.003225067150196992,"IAT_Min":0.00016300027709803544,"received_addresses":27,"max_pkt_from_sameId":400,"has_attacker":1}
{"received packets":794,"IAT_Mean":0.0025170271400789575,"IAT_Std":0.0032331730267821697,"IAT_Max":0.02243545575765893,"IAT_Min":0.00015253850506269373,"received_addresses":24,"max_pkt_from_sameId":260,"has_attacker":1}
{"received packets":612,"IAT_Mean":0.0032643104614002297,"IAT_Std":0.004456414420369431,"IAT_Max":0.032666152706951837,"IAT_Min":0.0001084719697246328,"received_addresses":20,"max_pkt_from_sameId":200,"has_attacker":1}
{"received packets":695,"IAT_Mean":0.002874480702041392,"IAT_Std":0.0016798990027782452,"IAT_Max":0.007360575727943797,"IAT_Min":0.00016562458768021315,"received_addresses":18,"max_pkt_from_sameId":381,"has_attacker":1}
{"received packets":787,"IAT_Mean":0.0025384468464033644,"IAT_Std":0.003175265919708552,"IAT_Max":0.029305023734195858,"IAT_Min":0.00015293478281819262,"received_addresses":19,"max_pkt_from_sameId":304,"has_attacker":1}
{"received packets":644,"IAT_Mean":0.0031021161059515808,"IAT_Std":0.003447908992505304,"IAT_Max":0.01930712848843541,"IAT_Min":0.00015297399659175426,"received_addresses":21,"max_pkt_from_sameId":159,"has_attacker":1}
{"received packets":503,"IAT_Mean":0.003971672740062316,"IAT_Std":0.0033710478736640118,"IAT_Max":0.014107032562606037,"IAT_Min":0.0001630105180083774,"received_addresses":17,"max_pkt_from_sameId":221,"has_attacker":1}
{"received packets":649,"IAT_Mean":0.003078205045234166,"IAT_Std":0.001713111521032796,"IAT_Max":0.006305412913206965,"IAT_Min":0.00028000819293083623,"received_addresses":15,"max_pkt_from_sameId":379,"has_attacker":1}
{"received packets":693,"IAT_Mean":0.002882769254959465,"IAT_Std":0.0023544962050282625,"IAT_Max":0.015002221127360827,"IAT_Min":0.00011507551971590146,"received_addresses":17,"max_pkt_from_sameId":191,"has_attacker":1}
{"received packets":842,"IAT_Mean":0.0023726327045398064,"IAT_Std":0.002408907631920722,"IAT_Max":0.014836516635114095,"IAT_Min":0.00010613280755933374,"received_addresses":18,"max_pkt_from_sameId":335,"has_attacker":1}
{"received packets":513,"IAT_Mean":0.003894253605826643,"IAT_Std":0.0027798803091628775,"IAT_Max":0.010005111926147947,"IAT_Min":0.00011677634392981417,"received_addresses":19,"max_pkt_from_sameId":220,"has_attacker":1}
{"received packets":604,"IAT_Mean":0.003307538385842844,"IAT_Std":0.0022773156490231494,"IAT_Max":0.010011090074840468,"IAT_Min":0.00011210763841518201,"received_addresses":18,"max_pkt_from_sameId":188,"has_attacker":1}
{"received packets":669,"IAT_Mean":0.002986176824693113,"IAT_Std":0.0017390580578350954,"IAT_Max":0.005012000001443084,"IAT_Min":0.00011318621181999333,"received_addresses":16,"max_pkt_from_sameId":380,"has_attacker":1}
{"received packets":814,"IAT_Mean":0.00245424961435864,"IAT_Std":0.0020374523903545587,"IAT_Max":0.014835077272437048,"IAT_Min":0.0001122968787967693,"received_addresses":18,"max_pkt_from_sameId":311,"has_attacker":1}
{"received packets":668,"IAT_Mean":0.0029906531346819474,"IAT_Std":0.002372373947881306,"IAT_Max":0.010011090074840468,"IAT_Min":0.00010622520858305506,"received_addresses":19,"max_pkt_from_sameId":160,"has_attacker":1}
{"received packets":528,"IAT_Mean":0.0037836297623691668,"IAT_Std":0.002750308242956076,"IAT_Max":0.010011090078478447,"IAT_Min":0.00011630182052613236,"received_addresses":17,"max_pkt_from_sameId":220,"has_attacker":1}
{"received packets":659,"IAT_Mean":0.003031507390928868,"IAT_Std":0.0017645154642214022,"IAT_Max":0.00635804245757754,"IAT_Min":0.00011652238390524872,"received_addresses":17,"max_pkt_from_sameId":377,"has_attacker":1}
{"received packets":620,"IAT_Mean":0.003222180415011075,"IAT_Std":0.0024346932077916095,"IAT_Max":0.01795511960517615,"IAT_Min":0.00011037178410333581,"received_addresses":17,"max_pkt_from_sameId":193,"has_attacker":1}
{"received packets":688,"IAT_Mean":0.0029037096430519617,"IAT_Std":0.002454995455656489,"IAT_Max":0.015537045994278742,"IAT_Min":0.00011189642827957869,"received_addresses":17,"max_pkt_from_sameId":337,"has_attacker":1}
{"received packets":527,"IAT_Mean":0.003790805480010857,"IAT_Std":0.0031736857692014478,"IAT_Max":0.010005104697484058,"IAT_Min":0.0001630803817533888,"received_addresses":18,"max_pkt_from_sameId":232,"has_attacker":1}
{"received packets":616,"IAT_Mean":0.0032431141288512875,"IAT_Std":0.0024097332198247274,"IAT_Max":0.009998090074077482,"IAT_Min":0.00011449582234490663,"received_addresses":18,"max_pkt_from_sameId":186,"has_attacker":1}
{"received packets":708,"IAT_Mean":0.0028216885464253775,"IAT_Std":0.0019895717431855505,"IAT_Max":0.008750114870053949,"IAT_Min":0.00010530453073442914,"received_addresses":19,"max_pkt_from_sameId":380,"has_attacker":1}
{"received packets":658,"IAT_Mean":0.003036111730135088,"IAT_Std":0.003559191500727776,"IAT_Max":0.01724941023348947,"IAT_Min":0.0001154920319095254,"received_addresses":20,"max_pkt_from_sameId":251,"has_attacker":1}
{"received packets":608,"IAT_Mean":0.003285780973328656,"IAT_Std":0.003396032137048374,"IAT_Max":0.017249219159566566,"IAT_Min":0.00010855754590011202,"received_addresses":20,"max_pkt_from_sameId":130,"has_attacker":1}
{"received packets":561,"IAT_Mean":0.0035610641788935838,"IAT_Std":0.00311296237198226,"IAT_Max":0.012527220926131122,"IAT_Min":0.00011483964044600725,"received_addresses":18,"max_pkt_from_sameId":240,"has_attacker":1}
{"received packets":698,"IAT_Mean":0.0028621093209699147,"IAT_Std":0.0020170308333784809,"IAT_Max":0.012514262740296545,"IAT_Min":0.00011701221592375077,"received_addresses":18,"max_pkt_from_sameId":375,"has_attacker":1}
{"received packets":688,"IAT_Mean":0.0029037167548352069,"IAT_Std":0.0021460466580844157,"IAT_Max":0.011279000409558649,"IAT_Min":0.00011230719974264503,"received_addresses":19,"max_pkt_from_sameId":195,"has_attacker":1}
{"received packets":681,"IAT_Mean":0.002933573161272186,"IAT_Std":0.0024502923636245787,"IAT_Max":0.014542049029842019,"IAT_Min":0.00011716644803527743,"received_addresses":17,"max_pkt_from_sameId":318,"has_attacker":1}
{"received packets":537,"IAT_Mean":0.0037202236356311355,"IAT_Std":0.0029882641925346958,