{"received packets":457,"IAT_Mean":0.004365662687632721,"IAT_Std":0.0017783185258940695,"IAT_Max":0.010168927285121754,"IAT_Min":0.00028010526511934586,"received_addresses":7,"max_pkt_from_sameId":379,"has_attacker":1}
{"received packets":480,"IAT_Mean":0.004157973025583791,"IAT_Std":0.0015642049902921938,"IAT_Max":0.005167697367141955,"IAT_Min":0.00010899791232077405,"received_addresses":7,"max_pkt_from_sameId":200,"has_attacker":1}
{"received packets":479,"IAT_Mean":0.004166666331670844,"IAT_Std":0.00157938292761821,"IAT_Max":0.005111839152959874,"IAT_Min":0.0002800180664053187,"received_addresses":6,"max_pkt_from_sameId":380,"has_attacker":1}
{"received packets":433,"IAT_Mean":0.004609299736120241,"IAT_Std":0.006064223482438699,"IAT_Max":0.02984524512430653,"IAT_Min":0.00015145072029554285,"received_addresses":6,"max_pkt_from_sameId":178,"has_attacker":1}
{"received packets":455,"IAT_Mean":0.004390687692608521,"IAT_Std":0.004088244149178112,"IAT_Max":0.024846017695381307,"IAT_Min":0.00011791592260124162,"received_addresses":8,"max_pkt_from_sameId":180,"has_attacker":1}
{"received packets":241,"IAT_Mean":0.00828942501232696,"IAT_Std":0.009011247630633445,"IAT_Max":0.03398738668329315,"IAT_Min":0.0002799862231768202,"received_addresses":8,"max_pkt_from_sameId":111,"has_attacker":1}
{"received packets":541,"IAT_Mean":0.003692707987724396,"IAT_Std":0.0021213363017000108,"IAT_Max":0.009721064456243767,"IAT_Min":0.0002799720205075573,"received_addresses":11,"max_pkt_from_sameId":379,"has_attacker":1}
{"received packets":605,"IAT_Mean":0.003302080976332524,"IAT_Std":0.0022973549434502384,"IAT_Max":0.009842000930802897,"IAT_Min":0.00011531134805409238,"received_addresses":12,"max_pkt_from_sameId":191,"has_attacker":1}
{"received packets":682,"IAT_Mean":0.00292926191062251,"IAT_Std":0.0022955637164661505,"IAT_Max":0.009842000621574698,"IAT_Min":0.00010600004679872654,"received_addresses":11,"max_pkt_from_sameId":367,"has_attacker":1}
{"received packets":223,"IAT_Mean":0.00895852908306633,"IAT_Std":0.0073595225394191749,"IAT_Max":0.03398201567324577,"IAT_Min":0.00011662961696856655,"received_addresses":13,"max_pkt_from_sameId":22,"has_attacker":1}
{"received packets":408,"IAT_Mean":0.004896453604862259,"IAT_Std":0.0047832155643408509,"IAT_Max":0.02272850103327073,"IAT_Min":0.0002800003239826765,"received_addresses":12,"max_pkt_from_sameId":188,"has_attacker":1}
{"received packets":620,"IAT_Mean":0.0032221809378297037,"IAT_Std":0.0018378908973700006,"IAT_Max":0.005012000001443084,"IAT_Min":0.00011335323506500572,"received_addresses":13,"max_pkt_from_sameId":380,"has_attacker":1}
{"received packets":720,"IAT_Mean":0.0027746653775314676,"IAT_Std":0.0023699391666988924,"IAT_Max":0.014996999998402316,"IAT_Min":0.0001124639056797605,"received_addresses":14,"max_pkt_from_sameId":370,"has_attacker":1}
{"received packets":519,"IAT_Mean":0.003849241194031338,"IAT_Std":0.004373027230853788,"IAT_Max":0.017968489530176158,"IAT_Min":0.000106078357930528,"received_addresses":14,"max_pkt_from_sameId":197,"has_attacker":1}
{"received packets":260,"IAT_Mean":0.00768367846257416,"IAT_Std":0.006338556955757774,"IAT_Max":0.01796845695207594,"IAT_Min":0.00016307866826537065,"received_addresses":13,"max_pkt_from_sameId":20,"has_attacker":1}
{"received packets":637,"IAT_Mean":0.003136206053941108,"IAT_Std":0.001884048289639345,"IAT_Max":0.009826633904594928,"IAT_Min":0.00016307866098941304,"received_addresses":14,"max_pkt_from_sameId":377,"has_attacker":1}
{"received packets":661,"IAT_Mean":0.0030223173117174407,"IAT_Std":0.002032012721836314,"IAT_Max":0.010330003045964986,"IAT_Min":0.00011053881098632701,"received_addresses":15,"max_pkt_from_sameId":193,"has_attacker":1}
{"received packets":665,"IAT_Mean":0.0030041385265480804,"IAT_Std":0.002738244013934945,"IAT_Max":0.015329003046645085,"IAT_Min":0.00011174957398907281,"received_addresses":14,"max_pkt_from_sameId":341,"has_attacker":1}
{"received packets":290,"IAT_Mean":0.006888808185186494,"IAT_Std":0.0056804447468992449,"IAT_Max":0.017962348720175215,"IAT_Min":0.00011212669051019475,"received_addresses":17,"max_pkt_from_sameId":23,"has_attacker":1}
{"received packets":456,"IAT_Mean":0.004381048660314646,"IAT_Std":0.003962333773864951,"IAT_Max":0.01796233369896072,"IAT_Min":0.000163055559823988,"received_addresses":15,"max_pkt_from_sameId":186,"has_attacker":1}
{"received packets":640,"IAT_Mean":0.0031214927759435795,"IAT_Std":0.0018431835250940798,"IAT_Max":0.005012000001443084,"IAT_Min":0.00010547156125539914,"received_addresses":14,"max_pkt_from_sameId":380,"has_attacker":1}
{"received packets":661,"IAT_Mean":0.003022331927624771,"IAT_Std":0.002427155764846886,"IAT_Max":0.015329003043007106,"IAT_Min":0.00011565905515453778,"received_addresses":14,"max_pkt_from_sameId":363,"has_attacker":1}
{"received packets":473,"IAT_Mean":0.004223582912301366,"IAT_Std":0.004042423629593474,"IAT_Max":0.018131188986444614,"IAT_Min":0.00010841069524758495,"received_addresses":14,"max_pkt_from_sameId":203,"has_attacker":1}
{"received packets":262,"IAT_Mean":0.0076250262980687949,"IAT_Std":0.005630052570517169,"IAT_Max":0.018131188990082593,"IAT_Min":0.00016308485646732152,"received_addresses":15,"max_pkt_from_sameId":20,"has_attacker":1}
{"received packets":596,"IAT_Mean":0.003351933207670678,"IAT_Std":0.0020491641897468725,"IAT_Max":0.008776156428211835,"IAT_Min":0.0002800174115691334,"received_addresses":13,"max_pkt_from_sameId":375,"has_attacker":1}
{"received packets":596,"IAT_Mean":0.003351941297088899,"IAT_Std":0.0021493926955991266,"IAT_Max":0.011279037207714282,"IAT_Min":0.00011247422298765741,"received_addresses":13,"max_pkt_from_sameId":195,"has_attacker":1}
{"received packets":643,"IAT_Mean":0.0031069412263780439,"IAT_Std":0.002109363260928376,"IAT_Max":0.011279037204076304,"IAT_Min":0.00011701960102072917,"received_addresses":12,"max_pkt_from_sameId":381,"has_attacker":1}
{"received packets":207,"IAT_Mean":0.009651014386822615,"IAT_Std":0.006775629895383085,"IAT_Max":0.01906978412080207,"IAT_Min":0.00011021509635611437,"received_addresses":11,"max_pkt_from_sameId":26,"has_attacker":1}
