{"received packets":564,"IAT_Mean":0.003537717951056696,"IAT_Std":0.003939002655183608,"IAT_Max":0.014836618225672283,"IAT_Min":0.00015573235214105807,"received_addresses":5,"max_pkt_from_sameId":259,"has_attacker":1}
{"received packets":470,"IAT_Mean":0.004244927286848171,"IAT_Std":0.0012434310023274444,"IAT_Max":0.005151816083525773,"IAT_Min":0.00011265783177805133,"received_addresses":7,"max_pkt_from_sameId":378,"has_attacker":1}
{"received packets":332,"IAT_Mean":0.005882545882357875,"IAT_Std":0.008265160207167527,"IAT_Max":0.050476734064432097,"IAT_Min":0.000111296700197272,"received_addresses":8,"max_pkt_from_sameId":192,"has_attacker":1}
{"received packets":160,"IAT_Mean":0.01220627665425127,"IAT_Std":0.01529154666279124,"IAT_Max":0.050476718231948328,"IAT_Min":0.0017100027907872573,"received_addresses":8,"max_pkt_from_sameId":20,"has_attacker":1}
{"received packets":502,"IAT_Mean":0.003965006224570536,"IAT_Std":0.004725111638948875,"IAT_Max":0.01984411101875594,"IAT_Min":0.00015110577442101203,"received_addresses":8,"max_pkt_from_sameId":192,"has_attacker":1}
{"received packets":503,"IAT_Mean":0.003966417138404979,"IAT_Std":0.0032372115316311679,"IAT_Max":0.02320554909238126,"IAT_Min":0.00010769987420644611,"received_addresses":9,"max_pkt_from_sameId":187,"has_attacker":1}
{"received packets":478,"IAT_Mean":0.004173876566383267,"IAT_Std":0.0014389524222528194,"IAT_Max":0.008139251836837503,"IAT_Min":0.00011547133908607066,"received_addresses":8,"max_pkt_from_sameId":380,"has_attacker":1}
{"received packets":103,"IAT_Mean":0.01890745591151147,"IAT_Std":0.018252716202990798,"IAT_Max":0.056009612257184929,"IAT_Min":0.00010740754078142345,"received_addresses":6,"max_pkt_from_sameId":20,"has_attacker":1}
{"received packets":287,"IAT_Mean":0.0069516117369978389,"IAT_Std":0.009888736346385329,"IAT_Max":0.05600580027385149,"IAT_Min":0.0009704362455522642,"received_addresses":6,"max_pkt_from_sameId":187,"has_attacker":1}
{"received packets":499,"IAT_Mean":0.0039982218877193669,"IAT_Std":0.0015791572954229198,"IAT_Max":0.00828323133464437,"IAT_Min":0.00011298249592073262,"received_addresses":8,"max_pkt_from_sameId":390,"has_attacker":1}
{"received packets":490,"IAT_Mean":0.0040716534111012079,"IAT_Std":0.0013701073659194308,"IAT_Max":0.009252506930351956,"IAT_Min":0.00010627280789776705,"received_addresses":8,"max_pkt_from_sameId":386,"has_attacker":1}
{"received packets":297,"IAT_Mean":0.006557158595823658,"IAT_Std":0.009389217718540608,"IAT_Max":0.05600553257318097,"IAT_Min":0.00011621895100688562,"received_addresses":7,"max_pkt_from_sameId":194,"has_attacker":1}
{"received packets":428,"IAT_Mean":0.004667654611915159,"IAT_Std":0.00865383432382376,"IAT_Max":0.056005716822255639,"IAT_Min":0.0001637736459088046,"received_addresses":21,"max_pkt_from_sameId":188,"has_attacker":1}
{"received packets":495,"IAT_Mean":0.004035059864044241,"IAT_Std":0.0031588546570119927,"IAT_Max":0.017962476049433464,"IAT_Min":0.00011618712233030237,"received_addresses":23,"max_pkt_from_sameId":222,"has_attacker":1}
{"received packets":519,"IAT_Mean":0.003848477046136984,"IAT_Std":0.0013765974778840839,"IAT_Max":0.0061375475488603119,"IAT_Min":0.00011256148354732431,"received_addresses":9,"max_pkt_from_sameId":194,"has_attacker":1}
{"received packets":510,"IAT_Mean":0.003916386007810669,"IAT_Std":0.0013574084583265402,"IAT_Max":0.0052010184663231488,"IAT_Min":0.00011798448031186126,"received_addresses":8,"max_pkt_from_sameId":380,"has_attacker":1}
{"received packets":105,"IAT_Mean":0.019022432006022429,"IAT_Std":0.015973542833723866,"IAT_Max":0.0498912471884978,"IAT_Min":0.00011561373685253784,"received_addresses":6,"max_pkt_from_sameId":20,"has_attacker":1}
{"received packets":51,"IAT_Mean":0.039163902461843789,"IAT_Std":0.026163440368234978,"IAT_Max":0.0709220859243942,"IAT_Min":0.00346878543132334,"received_addresses":4,"max_pkt_from_sameId":20,"has_attacker":0}
{"received packets":62,"IAT_Mean":0.032215367698529829,"IAT_Std":0.010415709142288904,"IAT_Max":0.0458720006972726,"IAT_Min":0.003816465545241954,"received_addresses":4,"max_pkt_from_sameId":20,"has_attacker":0}
{"received packets":70,"IAT_Mean":0.028312548632467434,"IAT_Std":0.03427645676699689,"IAT_Max":0.09044211139189429,"IAT_Min":0.003816397143964423,"received_addresses":4,"max_pkt_from_sameId":20,"has_attacker":0}
