{"received packets":510,"IAT_Mean":0.0039133863208453659,"IAT_Std":0.004272852182431475,"IAT_Max":0.02238002726153354,"IAT_Min":0.0001630864426260814,"received_addresses":26,"max_pkt_from_sameId":20,"has_attacker":0}
{"received packets":539,"IAT_Mean":0.0037028241566748334,"IAT_Std":0.0042219769107784709,"IAT_Max":0.022380023492587499,"IAT_Min":0.00016312489242409356,"received_addresses":27,"max_pkt_from_sameId":20,"has_attacker":0}
{"received packets":550,"IAT_Mean":0.003628770439979483,"IAT_Std":0.003641506838421029,"IAT_Max":0.022380020032869653,"IAT_Min":0.0001630415026738774,"received_addresses":29,"max_pkt_from_sameId":20,"has_attacker":0}
{"received packets":511,"IAT_Mean":0.0039057362832410019,"IAT_Std":0.0031272744893470446,"IAT_Max":0.013124026045261417,"IAT_Min":0.00016300100469379686,"received_addresses":27,"max_pkt_from_sameId":20,"has_attacker":0}
{"received packets":520,"IAT_Mean":0.003838126919023265,"IAT_Std":0.0030494420282676855,"IAT_Max":0.01312401347240666,"IAT_Min":0.00016300012794090435,"received_addresses":26,"max_pkt_from_sameId":20,"has_attacker":0}
{"received packets":520,"IAT_Mean":0.003838135757688668,"IAT_Std":0.002971344792629138,"IAT_Max":0.013124021086696303,"IAT_Min":0.0001630001061130315,"received_addresses":26,"max_pkt_from_sameId":20,"has_attacker":0}
{"received packets":530,"IAT_Mean":0.0037693510373122444,"IAT_Std":0.0029214434213717347,"IAT_Max":0.013124077679094626,"IAT_Min":0.00016300003699143417,"received_addresses":27,"max_pkt_from_sameId":20,"has_attacker":0}
{"received packets":1652,"IAT_Mean":0.0012099923496686,"IAT_Std":0.0017222538083228004,"IAT_Max":0.013124079538101796,"IAT_Min":0.00016300001880154014,"received_addresses":28,"max_pkt_from_sameId":207,"has_attacker":1}
{"received packets":2786,"IAT_Mean":0.0007174863215414888,"IAT_Std":0.0006732402904764805,"IAT_Max":0.0023860139917815106,"IAT_Min":0.00016300001152558252,"received_addresses":27,"max_pkt_from_sameId":400,"has_attacker":1}
{"received packets":658,"IAT_Mean":0.003036105263113576,"IAT_Std":0.003463731636187652,"IAT_Max":0.02243518039540504,"IAT_Min":0.00015135520516196266,"received_addresses":20,"max_pkt_from_sameId":195,"has_attacker":1}
