{"received packets":460,"IAT_Mean":0.0043445915986803419,"IAT_Std":0.004551242074878401,"IAT_Max":0.02238009908614913,"IAT_Min":0.00016300134666380472,"received_addresses":23,"max_pkt_from_sameId":20,"has_attacker":0}
{"received packets":460,"IAT_Mean":0.004344609437374975,"IAT_Std":0.0045513392607296168,"IAT_Max":0.022380151334800759,"IAT_Min":0.0001630000006116461,"received_addresses":23,"max_pkt_from_sameId":20,"has_attacker":0}
{"received packets":480,"IAT_Mean":0.004163587317119285,"IAT_Std":0.0038811171936081699,"IAT_Max":0.022380177928425839,"IAT_Min":0.00016300216884701513,"received_addresses":25,"max_pkt_from_sameId":20,"has_attacker":0}
{"received packets":540,"IAT_Mean":0.0037009563733186548,"IAT_Std":0.0027510389041648429,"IAT_Max":0.013124003271514085,"IAT_Min":0.00016306223551509902,"received_addresses":27,"max_pkt_from_sameId":20,"has_attacker":0}
{"received packets":550,"IAT_Mean":0.0036336567825426097,"IAT_Std":0.002756412898167968,"IAT_Max":0.013124003824486863,"IAT_Min":0.0001631481572985649,"received_addresses":28,"max_pkt_from_sameId":20,"has_attacker":0}
{"received packets":549,"IAT_Mean":0.00364028391307715,"IAT_Std":0.0028749866695378558,"IAT_Max":0.013124015011271695,"IAT_Min":0.00016322805458912626,"received_addresses":28,"max_pkt_from_sameId":20,"has_attacker":0}
{"received packets":571,"IAT_Mean":0.0035000303637397116,"IAT_Std":0.0028939296802733538,"IAT_Max":0.013124280267220457,"IAT_Min":0.00016328465062542818,"received_addresses":30,"max_pkt_from_sameId":20,"has_attacker":0}
{"received packets":1643,"IAT_Mean":0.0012166205450564177,"IAT_Std":0.0017289481611509777,"IAT_Max":0.013124467783200089,"IAT_Min":0.00016300008064717986,"received_addresses":27,"max_pkt_from_sameId":208,"has_attacker":1}
{"received packets":2782,"IAT_Mean":0.0007185180138856492,"IAT_Std":0.0006752053148153783,"IAT_Max":0.0023860633991716897,"IAT_Min":0.0001630000515433494,"received_addresses":26,"max_pkt_from_sameId":400,"has_attacker":1}
{"received packets":716,"IAT_Mean":0.0027912271565298538,"IAT_Std":0.0030768924421239057,"IAT_Max":0.022435454189690064,"IAT_Min":0.00015135882858885452,"received_addresses":21,"max_pkt_from_sameId":294,"has_attacker":1}
{"received packets":548,"IAT_Mean":0.003645545581890394,"IAT_Std":0.0030766870999347909,"IAT_Max":0.02820075941781397,"IAT_Min":0.00016357335698558018,"received_addresses":16,"max_pkt_from_sameId":200,"has_attacker":1}
{"received packets":620,"IAT_Mean":0.0032222018405351968,"IAT_Std":0.0017640591786025244,"IAT_Max":0.0057281747249362528,"IAT_Min":0.00016358618449885398,"received_addresses":14,"max_pkt_from_sameId":381,"has_attacker":1}
{"received packets":555,"IAT_Mean":0.0035995654056941029,"IAT_Std":0.00466758055536289,"IAT_Max":0.030165373365889537,"IAT_Min":0.000155907455337001,"received_addresses":15,"max_pkt_from_sameId":144,"has_attacker":1}
{"received packets":449,"IAT_Mean":0.004449362984794541,"IAT_Std":0.00482762375842945,"IAT_Max":0.02500337159654009,"IAT_Min":0.000155451605678536,"received_addresses":16,"max_pkt_from_sameId":79,"has_attacker":1}
{"received packets":198,"IAT_Mean":0.010089659958582777,"IAT_Std":0.009769241920763722,"IAT_Max":0.03523664999374887,"IAT_Min":0.00016300011338898912,"received_addresses":12,"max_pkt_from_sameId":20,"has_attacker":1}
