{"received packets":560,"IAT_Mean":0.003568782088937691,"IAT_Std":0.003072724546740014,"IAT_Max":0.01087391847249819,"IAT_Min":0.00016300991774187423,"received_addresses":28,"max_pkt_from_sameId":20,"has_attacker":0}
{"received packets":530,"IAT_Mean":0.0037707746078939517,"IAT_Std":0.0033816872010509746,"IAT_Max":0.011642113287962275,"IAT_Min":0.00016300094284815714,"received_addresses":27,"max_pkt_from_sameId":20,"has_attacker":0}
{"received packets":500,"IAT_Mean":0.003997024934120418,"IAT_Std":0.003540767367030551,"IAT_Max":0.011642052300885553,"IAT_Min":0.00016300065180985257,"received_addresses":27,"max_pkt_from_sameId":20,"has_attacker":0}
{"received packets":530,"IAT_Mean":0.003770781961553302,"IAT_Std":0.003318478852339171,"IAT_Max":0.010362537577748299,"IAT_Min":0.00016300027709803544,"received_addresses":27,"max_pkt_from_sameId":20,"has_attacker":0}
{"received packets":560,"IAT_Mean":0.0035687715903869896,"IAT_Std":0.0032570085843523779,"IAT_Max":0.010362905490183039,"IAT_Min":0.00016300007337122224,"received_addresses":28,"max_pkt_from_sameId":20,"has_attacker":0}
{"received packets":570,"IAT_Mean":0.003506168696772524,"IAT_Std":0.003561336784471599,"IAT_Max":0.01151928172839689,"IAT_Min":0.0001630000988370739,"received_addresses":29,"max_pkt_from_sameId":20,"has_attacker":0}
{"received packets":590,"IAT_Mean":0.003387323772693566,"IAT_Std":0.003467501105506783,"IAT_Max":0.011519441151904175,"IAT_Min":0.00016300006245728582,"received_addresses":30,"max_pkt_from_sameId":20,"has_attacker":0}
{"received packets":1110,"IAT_Mean":0.0018017440815644994,"IAT_Std":0.002230361259025803,"IAT_Max":0.011519524996401742,"IAT_Min":0.0001630000479053706,"received_addresses":30,"max_pkt_from_sameId":108,"has_attacker":1}
{"received packets":1634,"IAT_Mean":0.001223956970515421,"IAT_Std":0.0011059774103199323,"IAT_Max":0.004135084545850987,"IAT_Min":0.00016300029164995067,"received_addresses":29,"max_pkt_from_sameId":200,"has_attacker":1}
{"received packets":619,"IAT_Mean":0.003228630219053344,"IAT_Std":0.0036969884658306897,"IAT_Max":0.019833641315926799,"IAT_Min":0.0001549217413412407,"received_addresses":22,"max_pkt_from_sameId":128,"has_attacker":1}
{"received packets":512,"IAT_Mean":0.0039033498921625666,"IAT_Std":0.004524213980400901,"IAT_Max":0.021849216773262016,"IAT_Min":0.00015199327026493847,"received_addresses":21,"max_pkt_from_sameId":75,"has_attacker":1}
{"received packets":380,"IAT_Mean":0.005259254438734436,"IAT_Std":0.005285591379278544,"IAT_Max":0.021686485793907197,"IAT_Min":0.0001559189367981162,"received_addresses":19,"max_pkt_from_sameId":66,"has_attacker":1}
{"received packets":305,"IAT_Mean":0.006552529803331231,"IAT_Std":0.00663348151191727,"IAT_Max":0.03221296611809521,"IAT_Min":0.00016300514471367933,"received_addresses":18,"max_pkt_from_sameId":72,"has_attacker":1}
{"received packets":385,"IAT_Mean":0.005190964606138893,"IAT_Std":0.004965970337248283,"IAT_Max":0.03221294421382481,"IAT_Min":0.0001548443869978655,"received_addresses":21,"max_pkt_from_sameId":47,"has_attacker":1}
{"received packets":394,"IAT_Mean":0.005064782813620733,"IAT_Std":0.005347979603901653,"IAT_Max":0.031847420934354889,"IAT_Min":0.0001108867691073101,"received_addresses":14,"max_pkt_from_sameId":81,"has_attacker":1}
{"received packets":296,"IAT_Mean":0.00674166539824541,"IAT_Std":0.008438866959062092,"IAT_Max":0.044582384420209567,"IAT_Min":0.0001630028200452216,"received_addresses":17,"max_pkt_from_sameId":64,"has_attacker":1}
{"received packets":273,"IAT_Mean":0.007309617805824531,"IAT_Std":0.00920955614192607,"IAT_Max":0.046948516162956369,"IAT_Min":0.00016300362403853796,"received_addresses":16,"max_pkt_from_sameId":29,"has_attacker":1}
{"received packets":283,"IAT_Mean":0.007051326175485227,"IAT_Std":0.006202420494268212,"IAT_Max":0.030002273288118887,"IAT_Min":0.00016300515198963694,"received_addresses":15,"max_pkt_from_sameId":61,"has_attacker":1}
{"received packets":438,"IAT_Mean":0.0045560097219738749,"IAT_Std":0.006146761125353235,"IAT_Max":0.039836599466070769,"IAT_Min":0.00016300012430292554,"received_addresses":17,"max_pkt_from_sameId":93,"has_attacker":1}
{"received packets":321,"IAT_Mean":0.006200548208432346,"IAT_Std":0.007646104202244789,"IAT_Max":0.039901848351291849,"IAT_Min":0.00010699133054004051,"received_addresses":16,"max_pkt_from_sameId":44,"has_attacker":1}
{"received packets":243,"IAT_Mean":0.00819082993050724,"IAT_Std":0.010211679041645128,"IAT_Max":0.03990876544412458,"IAT_Min":0.00016305084864143282,"received_addresses":13,"max_pkt_from_sameId":20,"has_attacker":1}
{"received packets":255,"IAT_Mean":0.007805666133550831,"IAT_Std":0.0096356722109038,"IAT_Max":0.03967414785802248,"IAT_Min":0.0001630000006116461,"received_addresses":13,"max_pkt_from_sameId":33,"has_attacker":1}
{"received packets":353,"IAT_Mean":0.005638617850600088,"IAT_Std":0.0075697691624364879,"IAT_Max":0.0396741478543845,"IAT_Min":0.00016218443124671467,"received_addresses":17,"max_pkt_from_sameId":62,"has_attacker":1}
{"received packets":480,"IAT_Mean":0.004146737176567209,"IAT_Std":0.004208192900453771,"IAT_Max":0.019670426001539455,"IAT_Min":0.00011111512867501006,"received_addresses":15,"max_pkt_from_sameId":126,"has_attacker":1}
{"received packets":195,"IAT_Mean":0.010207032369772862,"IAT_Std":0.008951256674623987,"IAT_Max":0.03187942966542323,"IAT_Min":0.00011285861546639353,"received_addresses":12,"max_pkt_from_sameId":20,"has_attacker":1}
{"received packets":203,"IAT_Mean":0.00980515629443437,"IAT_Std":0.01177028131738329,"IAT_Max":0.0521098129938764,"IAT_Min":0.00016303743541357107,"received_addresses":13,"max_pkt_from_sameId":23,"has_attacker":1}
{"received packets":255,"IAT_Mean":0.0078057713072328129,"IAT_Std":0.010121224755541697,"IAT_Max":0.03967413488499005,"IAT_Min":0.00016303743541357107,"received_addresses":13,"max_pkt_from_sameId":39,"has_attacker":1}
{"received packets":356,"IAT_Mean":0.005591182787366358,"IAT_Std":0.00604440936860934,"IAT_Max":0.03221044785823324,"IAT_Min":0.00016301896539516747,"received_addresses":15,"max_pkt_from_sameId":97,"has_attacker":1}
{"received packets":342,"IAT_Mean":0.0058348703659094479,"IAT_Std":0.0065049242695636119,"IAT_Max":0.03221044727979461,"IAT_Min":0.00011408616774133407,"received_addresses":19,"max_pkt_from_sameId":51,"has_attacker":1}
{"received packets":310,"IAT_Mean":0.006437192423465838,"IAT_Std":0.006157283552235854,"IAT_Max":0.0289273494927329,"IAT_Min":0.00010870029655052349,"received_addresses":18,"max_pkt_from_sameId":20,"has_attacker":1}
{"received packets":339,"IAT_Mean":0.0058865330358463239,"IAT_Std":0.004504291180182769,"IAT_Max":0.022369542213709793,"IAT_Min":0.00015332301336457022,"received_addresses":15,"max_pkt_from_sameId":84,"has_attacker":1}
{"received packets":443,"IAT_Mean":0.00450457070969123,"IAT_Std":0.003156838604544958,"IAT_Max":0.012215160339110298,"IAT_Min":0.00015346805957960896,"received_addresses":19,"max_pkt_from_sameId":72,"has_attacker":1}
{"received packets":492,"IAT_Mean":0.004055946950867975,"IAT_Std":0.0031959005619765364,"IAT_Max":0.022206343706784538,"IAT_Min":0.00010784639016492292,"received_addresses":17,"max_pkt_from_sameId":133,"has_attacker":1}
{"received packets":265,"IAT_Mean":0.007530316868401572,"IAT_Std":0.006551098770949183,"IAT_Max":0.027250105791608804,"IAT_Min":0.0001089190918719396,"received_addresses":16,"max_pkt_from_sameId":20,"has_attacker":1}
{"received packets":288,"IAT_Mean":0.006928904690893332,"IAT_Std":0.005443178128564091,"IAT_Max":0.027250105787970825,"IAT_Min":0.00020203744134050794,"received_addresses":13,"max_pkt_from_sameId":48,"has_attacker":1}
{"received packets":343,"IAT_Mean":0.00581785706669902,"IAT_Std":0.003396082936919809,"IAT_Max":0.013873720683477587,"IAT_Min":0.0001760374361765571,"received_addresses":14,"max_pkt_from_sameId":102,"has_attacker":1}
{"received packets":465,"IAT_Mean":0.004291458620984916,"IAT_Std":0.003789389477581002,"IAT_Max":0.022212291783944239,"IAT_Min":0.00016301175855915062,