{"received packets":219,"IAT_Mean":0.00908800339175494,"IAT_Std":0.0022408420507725216,"IAT_Max":0.010171605383220595,"IAT_Min":0.002178573293349473,"received_addresses":2,"max_pkt_from_sameId":199,"has_attacker":1}
{"received packets":42,"IAT_Mean":0.04614109479587655,"IAT_Std":0.032902901857464649,"IAT_Max":0.0822028473012324,"IAT_Min":0.00010838815796887502,"received_addresses":2,"max_pkt_from_sameId":22,"has_attacker":1}
{"received packets":40,"IAT_Mean":0.04844787378215187,"IAT_Std":0.03210673909259205,"IAT_Max":0.08235271122975974,"IAT_Min":0.017648103912506487,"received_addresses":2,"max_pkt_from_sameId":20,"has_attacker":0}
{"received packets":30,"IAT_Mean":0.06545137870913702,"IAT_Std":0.03124154220412526,"IAT_Max":0.10000643659805064,"IAT_Min":0.025608972242480378,"received_addresses":2,"max_pkt_from_sameId":20,"has_attacker":0}
{"received packets":218,"IAT_Mean":0.009129692565025884,"IAT_Std":0.004571233539500281,"IAT_Max":0.030117189497104847,"IAT_Min":0.0021855759296158796,"received_addresses":3,"max_pkt_from_sameId":178,"has_attacker":1}
{"received packets":237,"IAT_Mean":0.00828495908671691,"IAT_Std":0.0074256064880949229,"IAT_Max":0.058699508612335197,"IAT_Min":0.00011569546768441796,"received_addresses":7,"max_pkt_from_sameId":92,"has_attacker":1}
{"received packets":22,"IAT_Mean":0.08808736917787676,"IAT_Std":0.030682549962587945,"IAT_Max":0.10001052189181792,"IAT_Min":0.00011749118493753485,"received_addresses":3,"max_pkt_from_sameId":20,"has_attacker":1}
{"received packets":10,"IAT_Mean":0.09379239677582518,"IAT_Std":0.018624240690165974,"IAT_Max":0.1000105878811155,"IAT_Min":0.0379196768226393,"received_addresses":1,"max_pkt_from_sameId":10,"has_attacker":0}
{"received packets":20,"IAT_Mean":0.09689593606217387,"IAT_Std":0.21791988706283572,"IAT_Max":1.0299235113780015,"IAT_Min":0.007997633856575704,"received_addresses":2,"max_pkt_from_sameId":10,"has_attacker":0}
{"received packets":30,"IAT_Mean":0.06433071273168026,"IAT_Std":0.041642642425583558,"IAT_Max":0.10000021726591513,"IAT_Min":0.007991343078174396,"received_addresses":2,"max_pkt_from_sameId":20,"has_attacker":0}
{"received packets":20,"IAT_Mean":0.09649611919576273,"IAT_Std":0.01527325978635241,"IAT_Max":0.10001037908659782,"IAT_Min":0.02992152705701301,"received_addresses":1,"max_pkt_from_sameId":20,"has_attacker":0}
{"received packets":20,"IAT_Mean":0.09649605598606286,"IAT_Std":0.01527369936477763,"IAT_Max":0.10001005811864161,"IAT_Min":0.02991954873141367,"received_addresses":1,"max_pkt_from_sameId":20,"has_attacker":0}
{"received packets":20,"IAT_Mean":0.09649619649062516,"IAT_Std":0.015274029726673317,"IAT_Max":0.1000051638657169,"IAT_Min":0.029918247175373837,"received_addresses":1,"max_pkt_from_sameId":20,"has_attacker":0}
{"received packets":20,"IAT_Mean":0.09649581580270024,"IAT_Std":0.015274485227555592,"IAT_Max":0.10001212227143697,"IAT_Min":0.029915881201304729,"received_addresses":1,"max_pkt_from_sameId":20,"has_attacker":0}
{"received packets":10,"IAT_Mean":0.09299258049286437,"IAT_Std":0.021025690471785525,"IAT_Max":0.10000954694260145,"IAT_Min":0.029915512055595174,"received_addresses":1,"max_pkt_from_sameId":10,"has_attacker":0}
