{"received packets":480,"IAT_Mean":0.00416357888047969,"IAT_Std":0.0036052532989836727,"IAT_Max":0.011642022131127306,"IAT_Min":0.0001630031802051235,"received_addresses":24,"max_pkt_from_sameId":20,"has_attacker":0}
{"received packets":480,"IAT_Mean":0.004163563505956821,"IAT_Std":0.00360547591474006,"IAT_Max":0.011642023811873515,"IAT_Min":0.00016300258721457794,"received_addresses":24,"max_pkt_from_sameId":20,"has_attacker":0}
{"received packets":510,"IAT_Mean":0.003918651890439922,"IAT_Std":0.003555783709051032,"IAT_Max":0.011642025965556968,"IAT_Min":0.00016300239803967997,"received_addresses":27,"max_pkt_from_sameId":20,"has_attacker":0}
{"received packets":560,"IAT_Mean":0.003568775598413205,"IAT_Std":0.003257185248960178,"IAT_Max":0.01162322098389268,"IAT_Min":0.00016300258721457794,"received_addresses":29,"max_pkt_from_sameId":20,"has_attacker":0}
{"received packets":590,"IAT_Mean":0.0033873082153643167,"IAT_Std":0.0031749874902030847,"IAT_Max":0.011623522732406855,"IAT_Min":0.0001630036931601353,"received_addresses":30,"max_pkt_from_sameId":20,"has_attacker":0}
{"received packets":520,"IAT_Mean":0.0038432995227244998,"IAT_Std":0.0035592451779346454,"IAT_Max":0.011642017001577188,"IAT_Min":0.00016300673451041803,"received_addresses":26,"max_pkt_from_sameId":20,"has_attacker":0}
{"received packets":540,"IAT_Mean":0.0037009638279279766,"IAT_Std":0.0035478406467709135,"IAT_Max":0.011642041747109034,"IAT_Min":0.00016303706433973275,"received_addresses":28,"max_pkt_from_sameId":20,"has_attacker":0}
{"received packets":876,"IAT_Mean":0.0022815239824373987,"IAT_Std":0.002580795254703632,"IAT_Max":0.011642049248621334,"IAT_Min":0.00016300156858051196,"received_addresses":27,"max_pkt_from_sameId":107,"has_attacker":1}
{"received packets":1214,"IAT_Mean":0.0016463028179288927,"IAT_Std":0.001584289967269641,"IAT_Max":0.006120081488916185,"IAT_Min":0.00016300185961881652,"received_addresses":26,"max_pkt_from_sameId":200,"has_attacker":1}
{"received packets":607,"IAT_Mean":0.003292456832551599,"IAT_Std":0.003547253728087376,"IAT_Max":0.013633753744215938,"IAT_Min":0.00015272715609171428,"received_addresses":22,"max_pkt_from_sameId":124,"has_attacker":1}
{"received packets":530,"IAT_Mean":0.0037707816042694627,"IAT_Std":0.003884786018612195,"IAT_Max":0.016570006551773987,"IAT_Min":0.00015057115888339467,"received_addresses":19,"max_pkt_from_sameId":91,"has_attacker":1}
{"received packets":380,"IAT_Mean":0.005259251863916641,"IAT_Std":0.004387938107867143,"IAT_Max":0.02023731377266813,"IAT_Min":0.00016308737031067722,"received_addresses":17,"max_pkt_from_sameId":129,"has_attacker":1}
