{"received packets":240,"IAT_Mean":0.008333303035836555,"IAT_Std":0.009779716335235644,"IAT_Max":0.03783106117043644,"IAT_Min":0.0006960073878872208,"received_addresses":12,"max_pkt_from_sameId":20,"has_attacker":0}
{"received packets":249,"IAT_Mean":0.008023965446895945,"IAT_Std":0.009478404287401854,"IAT_Max":0.03783108079005615,"IAT_Min":0.0006960073951631784,"received_addresses":13,"max_pkt_from_sameId":20,"has_attacker":0}
