{"sendtime":25211.033739616163,"rcvtime":25211.03384985749,"senderID":34,"messageID":650888,"position":[5652.178351302863,4929.035222362508,0.0],"speed":[-12.245638308170376,4.863297161851189,0.0],"heading":2.1106201420750327,"ddostype":0,"msgtype":0}
{"sendtime":25211.090259847137,"rcvtime":25211.09051473599,"senderID":76,"messageID":654964,"position":[5653.962916385077,4931.872103753147,0.0],"speed":[-12.54511878359698,4.975879046938927,0.0],"heading":2.1106201420750327,"ddostype":0,"msgtype":0}
{"sendtime":25211.133739616165,"rcvtime":25211.133848327256,"senderID":34,"messageID":656147,"position":[5652.178351302863,4929.035222362508,0.0],"speed":[-12.245638308170376,4.863297161851189,0.0],"heading":2.1106201420750327,"ddostype":0,"msgtype":0}
{"sendtime":25211.190259847135,"rcvtime":25211.190552205764,"senderID":76,"messageID":660223,"position":[5653.962916385077,4931.872103753147,0.0],"speed":[-12.54511878359698,4.975879046938927,0.0],"heading":2.1106201420750327,"ddostype":0,"msgtype":0}
{"sendtime":25211.233739616164,"rcvtime":25211.233846797026,"senderID":34,"messageID":661406,"position":[5652.178351302863,4929.035222362508,0.0],"speed":[-12.245638308170376,4.863297161851189,0.0],"heading":2.1106201420750327,"ddostype":0,"msgtype":0}
{"sendtime":25211.290259847134,"rcvtime":25211.290511675536,"senderID":76,"messageID":665482,"position":[5653.962916385077,4931.872103753147,0.0],"speed":[-12.54511878359698,4.975879046938927,0.0],"heading":2.1106201420750327,"ddostype":0,"msgtype":0}
{"sendtime":25211.333739616162,"rcvtime":25211.333845266796,"senderID":34,"messageID":666665,"position":[5652.178351302863,4929.035222362508,0.0],"speed":[-12.245638308170376,4.863297161851189,0.0],"heading":2.1106201420750327,"ddostype":0,"msgtype":0}
{"sendtime":25211.390259847136,"rcvtime":25211.390536145303,"senderID":76,"messageID":670741,"position":[5653.962916385077,4931.872103753147,0.0],"speed":[-12.54511878359698,4.975879046938927,0.0],"heading":2.1106201420750327,"ddostype":0,"msgtype":0}
{"sendtime":25211.433739616165,"rcvtime":25211.433856736567,"senderID":34,"messageID":671924,"position":[5652.178351302863,4929.035222362508,0.0],"speed":[-12.245638308170376,4.863297161851189,0.0],"heading":2.1106201420750327,"ddostype":0,"msgtype":0}
{"sendtime":25211.490259847134,"rcvtime":25211.490534615077,"senderID":76,"messageID":676000,"position":[5653.962916385077,4931.872103753147,0.0],"speed":[-12.54511878359698,4.975879046938927,0.0],"heading":2.1106201420750327,"ddostype":0,"msgtype":0}
{"sendtime":25211.533739616163,"rcvtime":25211.53385520634,"senderID":34,"messageID":677183,"position":[5652.178351302863,4929.035222362508,0.0],"speed":[-12.245638308170376,4.863297161851189,0.0],"heading":2.1106201420750327,"ddostype":0,"msgtype":0}
{"sendtime":25211.590259847137,"rcvtime":25211.59050708484,"senderID":76,"messageID":681259,"position":[5653.962916385077,4931.872103753147,0.0],"speed":[-12.54511878359698,4.975879046938927,0.0],"heading":2.1106201420750327,"ddostype":0,"msgtype":0}
{"sendtime":25211.633739616165,"rcvtime":25211.633853676103,"senderID":34,"messageID":682442,"position":[5652.178351302863,4929.035222362508,0.0],"speed":[-12.245638308170376,4.863297161851189,0.0],"heading":2.1106201420750327,"ddostype":0,"msgtype":0}
{"sendtime":25211.690259847135,"rcvtime":25211.69050555461,"senderID":76,"messageID":686518,"position":[5653.962916385077,4931.872103753147,0.0],"speed":[-12.54511878359698,4.975879046938927,0.0],"heading":2.1106201420750327,"ddostype":0,"msgtype":0}
{"sendtime":25211.733739616164,"rcvtime":25211.733852145866,"senderID":34,"messageID":687701,"position":[5652.178351302863,4929.035222362508,0.0],"speed":[-12.245638308170376,4.863297161851189,0.0],"heading":2.1106201420750327,"ddostype":0,"msgtype":0}
{"sendtime":25211.790259847134,"rcvtime":25211.79055602437,"senderID":76,"messageID":691777,"position":[5653.962916385077,4931.872103753147,0.0],"speed":[-12.54511878359698,4.975879046938927,0.0],"heading":2.1106201420750327,"ddostype":0,"msgtype":0}
{"sendtime":25211.833739616162,"rcvtime":25211.833850615636,"senderID":34,"messageID":692960,"position":[5652.178351302863,4929.035222362508,0.0],"speed":[-12.245638308170376,4.863297161851189,0.0],"heading":2.1106201420750327,"ddostype":0,"msgtype":0}
{"sendtime":25211.890259847136,"rcvtime":25211.890528494143,"senderID":76,"messageID":697036,"position":[5653.962916385077,4931.872103753147,0.0],"speed":[-12.54511878359698,4.975879046938927,0.0],"heading":2.1106201420750327,"ddostype":0,"msgtype":0}
{"sendtime":25211.933739616165,"rcvtime":25211.933849085402,"senderID":34,"messageID":698219,"position":[5652.178351302863,4929.035222362508,0.0],"speed":[-12.245638308170376,4.863297161851189,0.0],"heading":2.1106201420750327,"ddostype":0,"msgtype":0}
{"sendtime":25211.990259847134,"rcvtime":25211.990526963913,"senderID":76,"messageID":702295,"position":[5653.962916385077,4931.872103753147,0.0],"speed":[-12.54511878359698,4.975879046938927,0.0],"heading":2.1106201420750327,"ddostype":0,"msgtype":0}
