{"received packets":540,"IAT_Mean":0.00370096007541347,"IAT_Std":0.0032578116816028388,"IAT_Max":0.01151913809007965,"IAT_Min":0.0001630037440918386,"received_addresses":27,"max_pkt_from_sameId":20,"has_attacker":0}
{"received packets":540,"IAT_Mean":0.003700946403592685,"IAT_Std":0.0032579402954069304,"IAT_Max":0.011519112667883747,"IAT_Min":0.00016300311472150497,"received_addresses":27,"max_pkt_from_sameId":20,"has_attacker":0}
{"received packets":560,"IAT_Mean":0.0035687732840415265,"IAT_Std":0.0032579200122223345,"IAT_Max":0.0115190701726533,"IAT_Min":0.0001630011247470975,"received_addresses":29,"max_pkt_from_sameId":20,"has_attacker":0}
{"received packets":580,"IAT_Mean":0.0034457153899673925,"IAT_Std":0.003252975534108732,"IAT_Max":0.011519051513459999,"IAT_Min":0.00016300026982207783,"received_addresses":29,"max_pkt_from_sameId":20,"has_attacker":0}
{"received packets":590,"IAT_Mean":0.003387309282605479,"IAT_Std":0.0032505126890840327,"IAT_Max":0.011519129115185934,"IAT_Min":0.00016300004062941298,"received_addresses":30,"max_pkt_from_sameId":20,"has_attacker":0}
{"received packets":610,"IAT_Mean":0.0032762564601711587,"IAT_Std":0.003245672454038296,"IAT_Max":0.011519281706569018,"IAT_Min":0.00016300003335345536,"received_addresses":31,"max_pkt_from_sameId":20,"has_attacker":0}
{"received packets":610,"IAT_Mean":0.003276264274042705,"IAT_Std":0.0032735950952198008,"IAT_Max":0.01151944101729896,"IAT_Min":0.0001629999933356885,"received_addresses":31,"max_pkt_from_sameId":20,"has_attacker":0}
{"received packets":1110,"IAT_Mean":0.0018017441516332822,"IAT_Std":0.0022129438404790448,"IAT_Max":0.011519524814502802,"IAT_Min":0.0001629999969736673,"received_addresses":30,"max_pkt_from_sameId":108,"has_attacker":1}
{"received packets":1634,"IAT_Mean":0.0012239569810130159,"IAT_Std":0.0011090286755123908,"IAT_Max":0.004109163572138641,"IAT_Min":0.00016300042989314534,"received_addresses":29,"max_pkt_from_sameId":200,"has_attacker":1}
{"received packets":510,"IAT_Mean":0.003918670796887383,"IAT_Std":0.004373262023134502,"IAT_Max":0.02374454599339515,"IAT_Min":0.00015774252824485302,"received_addresses":22,"max_pkt_from_sameId":87,"has_attacker":1}
{"received packets":500,"IAT_Mean":0.003997030290796829,"IAT_Std":0.004276014642028784,"IAT_Max":0.025435204090172193,"IAT_Min":0.0001591790460224729,"received_addresses":21,"max_pkt_from_sameId":98,"has_attacker":1}
{"received packets":491,"IAT_Mean":0.004070298752111222,"IAT_Std":0.004146829960592146,"IAT_Max":0.021686485401005485,"IAT_Min":0.00015592090858262964,"received_addresses":19,"max_pkt_from_sameId":160,"has_attacker":1}
{"received packets":441,"IAT_Mean":0.0045317949898863829,"IAT_Std":0.004951484735171036,"IAT_Max":0.03220371397037525,"IAT_Min":0.00016300098650390282,"received_addresses":17,"max_pkt_from_sameId":120,"has_attacker":1}
{"received packets":394,"IAT_Mean":0.0050723892737241749,"IAT_Std":0.005266950102583425,"IAT_Max":0.03405248804119765,"IAT_Min":0.00015485524272662587,"received_addresses":20,"max_pkt_from_sameId":58,"has_attacker":1}
{"received packets":323,"IAT_Mean":0.00617809420689939,"IAT_Std":0.006290905262627633,"IAT_Max":0.03184743123711087,"IAT_Min":0.00011089757390436716,"received_addresses":14,"max_pkt_from_sameId":71,"has_attacker":1}
{"received packets":385,"IAT_Mean":0.0051832024887009139,"IAT_Std":0.005169674662236295,"IAT_Max":0.03999028449470643,"IAT_Min":0.00016300060815410689,"received_addresses":17,"max_pkt_from_sameId":143,"has_attacker":1}
{"received packets":322,"IAT_Mean":0.00619728466232988,"IAT_Std":0.008092784727145928,"IAT_Max":0.0469485150752007,"IAT_Min":0.00016300099014188163,"received_addresses":16,"max_pkt_from_sameId":56,"has_attacker":1}
{"received packets":410,"IAT_Mean":0.004867134897456087,"IAT_Std":0.0048124639705126709,"IAT_Max":0.01984595207613893,"IAT_Min":0.00010866128286579624,"received_addresses":15,"max_pkt_from_sameId":109,"has_attacker":1}
{"received packets":365,"IAT_Mean":0.005467211667355389,"IAT_Std":0.00685711829595898,"IAT_Max":0.04237277401625761,"IAT_Min":0.0001083079660020303,"received_addresses":17,"max_pkt_from_sameId":68,"has_attacker":1}
{"received packets":297,"IAT_Mean":0.006701602618680285,"IAT_Std":0.008084998391556598,"IAT_Max":0.042372773357783447,"IAT_Min":0.00010700213533709757,"received_addresses":16,"max_pkt_from_sameId":39,"has_attacker":1}
{"received packets":263,"IAT_Mean":0.007567953140497652,"IAT_Std":0.009993994141255939,"IAT_Max":0.03990875722229248,"IAT_Min":0.00016305326425936073,"received_addresses":14,"max_pkt_from_sameId":20,"has_attacker":1}
{"received packets":367,"IAT_Mean":0.005423555495621486,"IAT_Std":0.005576444118193283,"IAT_Max":0.030110918160062285,"IAT_Min":0.00016300098650390282,"received_addresses":14,"max_pkt_from_sameId":109,"has_attacker":1}
{"received packets":362,"IAT_Mean":0.005498431226794074,"IAT_Std":0.005765910558234598,"IAT_Max":0.03177590270570363,"IAT_Min":0.00011087507664342411,"received_addresses":18,"max_pkt_from_sameId":52,"has_attacker":1}
{"received packets":374,"IAT_Mean":0.005322015635267069,"IAT_Std":0.004734192308697193,"IAT_Max":0.02024339182753465,"IAT_Min":0.00016303337179124355,"received_addresses":15,"max_pkt_from_sameId":72,"has_attacker":1}
{"received packets":213,"IAT_Mean":0.009344466267339586,"IAT_Std":0.008963878757175486,"IAT_Max":0.031879428159300008,"IAT_Min":0.00026897434509010054,"received_addresses":12,"max_pkt_from_sameId":20,"has_attacker":1}
{"received packets":280,"IAT_Mean":0.007108738323599287,"IAT_Std":0.008835059057168167,"IAT_Max":0.05210817838815274,"IAT_Min":0.00016303423035424203,"received_addresses":15,"max_pkt_from_sameId":59,"has_attacker":1}
{"received packets":416,"IAT_Mean":0.0047847877071595019,"IAT_Std":0.004072610547950233,"IAT_Max":0.016558869279833745,"IAT_Min":0.00011273879499640316,"received_addresses":15,"max_pkt_from_sameId":129,"has_attacker":1}
{"received packets":282,"IAT_Mean":0.007058372606892499,"IAT_Std":0.006330822741633275,"IAT_Max":0.03237351577990921,"IAT_Min":0.0001116943676606752,"received_addresses":16,"max_pkt_from_sameId":40,"has_attacker":1}
{"received packets":309,"IAT_Mean":0.006458011892991812,"IAT_Std":0.00684908984292453,"IAT_Max":0.032373516016377838,"IAT_Min":0.0001630013866815716,"received_addresses":19,"max_pkt_from_sameId":20,"has_attacker":1}
{"received packets":330,"IAT_Mean":0.006047059579456496,"IAT_Std":0.006120750179268754,"IAT_Max":0.028927359675435583,"IAT_Min":0.0001086988122551702,"received_addresses":19,"max_pkt_from_sameId":20,"has_attacker":1}
{"received packets":487,"IAT_Mean":0.004097607206279872,"IAT_Std":0.004258679347219408,"IAT_Max":0.01712906987449969,"IAT_Min":0.0001533270624349825,"received_addresses":17,"max_pkt_from_sameId":126,"has_attacker":1}
{"received packets":466,"IAT_Mean":0.004282242135969358,"IAT_Std":0.0033120926370276435,"IAT_Max":0.012375711336062523,"IAT_Min":0.00011772372818086296,"received_addresses":20,"max_pkt_from_sameId":75,"has_attacker":1}
{"received packets":381,"IAT_Mean":0.0052376008085749758,"IAT_Std":0.0031694487531802367,"IAT_Max":0.022206530597031816,"IAT_Min":0.00016304287419188768,"received_addresses":17,"max_pkt_from_sameId":57,"has_attacker":1}
{"received packets":273,"IAT_Mean":0.007309648251629412,"IAT_Std":0.006650546454047226,"IAT_Max":0.027250104722043035,"IAT_Min":0.00033882221396197565,"received_addresses":16,"max_pkt_from_sameId":20,"has_attacker":1}
{"received packets":377,"IAT_Mean":0.005293168570993845,"IAT_Std":0.005395666964987847,"IAT_Max":0.027250104722043035,"IAT_Min":0.00016303680604323745,"received_addresses":15,"max_pkt_from_sameId":69,"has_attacker":1}
{"received packets":511,"IAT_Mean":0.0039051369352171309,"IAT_Std":0.0035111791229843079,"IAT_Max":0.013873720876290463,"IAT_Min":0.00010759128053905442,"received_addresses":16,"max_pkt_from_sameId":148,"has_attacker":1}
{"received packets":333,"IAT_Mean":0.005992577352731746,"IAT_Std":0.004920279828657711,"IAT_Max":0.027244302356848494,"IAT_Min":0.00010801394091686234,