{"received packets":240,"IAT_Mean":0.008333303163378029,"IAT_Std":0.009361471803221236,"IAT_Max":0.03625104462480522,"IAT_Min":0.0006960071295907255,"received_addresses":12,"max_pkt_from_sameId":20,"has_attacker":0}
{"received packets":239,"IAT_Mean":0.008359696359944016,"IAT_Std":0.009321001337594734,"IAT_Max":0.036251069399440897,"IAT_Min":0.0006960071477806196,"received_addresses":13,"max_pkt_from_sameId":20,"has_attacker":0}
