{"received packets":249,"IAT_Mean":0.008026157406299122,"IAT_Std":0.06424388031108185,"IAT_Max":1.0184371933937655,"IAT_Min":0.00016333675739588216,"received_addresses":25,"max_pkt_from_sameId":10,"has_attacker":0}
{"received packets":510,"IAT_Mean":0.003918656760459485,"IAT_Std":0.0031572134643596649,"IAT_Max":0.01162925167955109,"IAT_Min":0.00016349494399037212,"received_addresses":26,"max_pkt_from_sameId":20,"has_attacker":0}
{"received packets":520,"IAT_Mean":0.003843292900077918,"IAT_Std":0.003020273562422322,"IAT_Max":0.010017003518441925,"IAT_Min":0.000163326105393935,"received_addresses":26,"max_pkt_from_sameId":20,"has_attacker":0}
{"received packets":530,"IAT_Mean":0.0037707849891616344,"IAT_Std":0.0032017026907698268,"IAT_Max":0.011642307119473117,"IAT_Min":0.0001631477352930233,"received_addresses":27,"max_pkt_from_sameId":20,"has_attacker":0}
{"received packets":520,"IAT_Mean":0.003843308824378675,"IAT_Std":0.003238494035848226,"IAT_Max":0.011642348075838527,"IAT_Min":0.00016303820302709937,"received_addresses":26,"max_pkt_from_sameId":20,"has_attacker":0}
{"received packets":964,"IAT_Mean":0.002074621438872654,"IAT_Std":0.0022675072921345725,"IAT_Max":0.011642117158771726,"IAT_Min":0.00016300124843837693,"received_addresses":27,"max_pkt_from_sameId":108,"has_attacker":1}
{"received packets":1406,"IAT_Mean":0.0014224358862441685,"IAT_Std":0.0011798334801026373,"IAT_Max":0.004103632854821626,"IAT_Min":0.00016300157221849076,"received_addresses":26,"max_pkt_from_sameId":200,"has_attacker":1}
{"received packets":422,"IAT_Mean":0.0047358325802409639,"IAT_Std":0.004590183208562291,"IAT_Max":0.016318690482876265,"IAT_Min":0.00013984669203637168,"received_addresses":22,"max_pkt_from_sameId":44,"has_attacker":1}
{"received packets":467,"IAT_Mean":0.004279474254217815,"IAT_Std":0.004173098862927497,"IAT_Max":0.01632434178100084,"IAT_Min":0.00016102325389510952,"received_addresses":22,"max_pkt_from_sameId":60,"has_attacker":1}
{"received packets":431,"IAT_Mean":0.004636928316791126,"IAT_Std":0.004320836017983614,"IAT_Max":0.01657744002295658,"IAT_Min":0.00015485379481106065,"received_addresses":17,"max_pkt_from_sameId":124,"has_attacker":1}
{"received packets":245,"IAT_Mean":0.008157228974269689,"IAT_Std":0.006731506391899175,"IAT_Max":0.020369445366668516,"IAT_Min":0.00016301305004162714,"received_addresses":16,"max_pkt_from_sameId":20,"has_attacker":1}
{"received packets":273,"IAT_Mean":0.0073205896455424859,"IAT_Std":0.006733473758936566,"IAT_Max":0.03406046982490807,"IAT_Min":0.00016300289280479774,"received_addresses":17,"max_pkt_from_sameId":20,"has_attacker":1}
{"received packets":268,"IAT_Mean":0.0074459855174758729,"IAT_Std":0.007332516661781717,"IAT_Max":0.0340593566543248,"IAT_Min":0.00015657347830710933,"received_addresses":12,"max_pkt_from_sameId":48,"has_attacker":1}
{"received packets":227,"IAT_Mean":0.008790893096142548,"IAT_Std":0.010514612671748487,"IAT_Max":0.04458275354409125,"IAT_Min":0.00016300155766657554,"received_addresses":14,"max_pkt_from_sameId":22,"has_attacker":1}
{"received packets":279,"IAT_Mean":0.007152421212771104,"IAT_Std":0.009179737383714873,"IAT_Max":0.04694872969048447,"IAT_Min":0.0001630025617487263,"received_addresses":16,"max_pkt_from_sameId":29,"has_attacker":1}
{"received packets":304,"IAT_Mean":0.00656422766647474,"IAT_Std":0.006182649509903467,"IAT_Max":0.030002273284480908,"IAT_Min":0.00016300614151987247,"received_addresses":15,"max_pkt_from_sameId":64,"has_attacker":1}
{"received packets":360,"IAT_Mean":0.005543144924376975,"IAT_Std":0.0070464157862758819,"IAT_Max":0.04694756157914526,"IAT_Min":0.00016302045696647838,"received_addresses":17,"max_pkt_from_sameId":64,"has_attacker":1}
{"received packets":359,"IAT_Mean":0.005544222896802888,"IAT_Std":0.006791339929061174,"IAT_Max":0.046947605380410099,"IAT_Min":0.00016300705465255305,"received_addresses":17,"max_pkt_from_sameId":70,"has_attacker":1}
{"received packets":402,"IAT_Mean":0.004951173428237404,"IAT_Std":0.0048895133205238889,"IAT_Max":0.020170252450043337,"IAT_Min":0.00010820424722624011,"received_addresses":14,"max_pkt_from_sameId":159,"has_attacker":1}
{"received packets":277,"IAT_Mean":0.0071857216934525769,"IAT_Std":0.009362357997292239,"IAT_Max":0.03967417987223598,"IAT_Min":0.00011571815048228018,"received_addresses":15,"max_pkt_from_sameId":33,"has_attacker":1}
{"received packets":301,"IAT_Mean":0.006612731383056508,"IAT_Std":0.00806156869056687,"IAT_Max":0.03967417987223598,"IAT_Min":0.00016300542483804747,"received_addresses":16,"max_pkt_from_sameId":29,"has_attacker":1}
{"received packets":373,"IAT_Mean":0.005336283886837635,"IAT_Std":0.0049133620838430068,"IAT_Max":0.021972294791339665,"IAT_Min":0.00016300705465255305,"received_addresses":15,"max_pkt_from_sameId":72,"has_attacker":1}
{"received packets":379,"IAT_Mean":0.005251639464759593,"IAT_Std":0.004382626284127932,"IAT_Max":0.02196513508897624,"IAT_Min":0.0002540900713938754,"received_addresses":13,"max_pkt_from_sameId":177,"has_attacker":1}
{"received packets":313,"IAT_Mean":0.0063592548652024109,"IAT_Std":0.007368853276655051,"IAT_Max":0.049801858396676838,"IAT_Min":0.00011535714293131605,"received_addresses":13,"max_pkt_from_sameId":93,"has_attacker":1}
{"received packets":258,"IAT_Mean":0.00771500669914305,"IAT_Std":0.011808152710460271,"IAT_Max":0.052045296848518777,"IAT_Min":0.00016300542120006867,"received_addresses":13,"max_pkt_from_sameId":39,"has_attacker":1}
{"received packets":277,"IAT_Mean":0.00718578020700578,"IAT_Std":0.006805954919261759,"IAT_Max":0.04111662236391567,"IAT_Min":0.00016300555944326334,"received_addresses":14,"max_pkt_from_sameId":39,"has_attacker":1}
{"received packets":356,"IAT_Mean":0.00559092716081027,"IAT_Std":0.00526899566541634,"IAT_Max":0.032373405338148589,"IAT_Min":0.00016300094648613594,"received_addresses":16,"max_pkt_from_sameId":86,"has_attacker":1}
{"received packets":459,"IAT_Mean":0.0043363273189421379,"IAT_Std":0.003540110840088793,"IAT_Max":0.012371404056466418,"IAT_Min":0.00010870516416616738,"received_addresses":17,"max_pkt_from_sameId":179,"has_attacker":1}
{"received packets":321,"IAT_Mean":0.006200842577448177,"IAT_Std":0.004729419000390655,"IAT_Max":0.017129060470324477,"IAT_Min":0.00011265043212915771,"received_addresses":14,"max_pkt_from_sameId":87,"has_attacker":1}
{"received packets":362,"IAT_Mean":0.0055124996372128589,"IAT_Std":0.00339179945450409,"IAT_Max":0.012375584352412261,"IAT_Min":0.0001630000006116461,"received_addresses":17,"max_pkt_from_sameId":54,"has_attacker":1}
{"received packets":366,"IAT_Mean":0.005452256760223771,"IAT_Std":0.003493448013756964,"IAT_Max":0.022206419922440547,"IAT_Min":0.00016300000788760372,"received_addresses":17,"max_pkt_from_sameId":57,"has_attacker":1}
{"received packets":438,"IAT_Mean":0.004556013823138814,"IAT_Std":0.0028294975217328344,"IAT_Max":0.012208045827719616,"IAT_Min":0.0002165757105103694,"received_addresses":16,"max_pkt_from_sameId":175,"has_attacker":1}
{"received packets":403,"IAT_Mean":0.004951674034858005,"IAT_Std":0.0031328022555784636,"IAT_Max":0.012371058201097185,"IAT_Min":0.00011705463839462027,"received_addresses":15,"max_pkt_from_sameId":95,"has_attacker":1}
{"received packets":363,"IAT_Mean":0.005497314211958634,"IAT_Std":0.003435800078189735,"IAT_Max":0.013873720676201629,"IAT_Min":0.0001760054219630547,"received_addresses":15,"max_pkt_from_sameId":102,"has_attacker":1}
{"received packets":331,"IAT_Mean":0.006028786537081307,"IAT_Std":0.004753728539664448,"IAT_Max":0.02237521744609694,"IAT_Min":0.0001630020997254178,"received_addresses":17,"max_pkt_from_sameId":64,"has_attacker":1}
