{"received packets":560,"IAT_Mean":0.003568782093426697,"IAT_Std":0.003045013550280795,"IAT_Max":0.010873928331420757,"IAT_Min":0.00016317705740220845,"received_addresses":28,"max_pkt_from_sameId":20,"has_attacker":0}
{"received packets":540,"IAT_Mean":0.0037009454860809558,"IAT_Std":0.0030420508710627019,"IAT_Max":0.010866764234378934,"IAT_Min":0.00016309655256918631,"received_addresses":27,"max_pkt_from_sameId":20,"has_attacker":0}
{"received packets":530,"IAT_Mean":0.0037707782812503867,"IAT_Std":0.003138671528823079,"IAT_Max":0.011642061654129066,"IAT_Min":0.0001630165206734091,"received_addresses":29,"max_pkt_from_sameId":20,"has_attacker":0}
{"received packets":540,"IAT_Mean":0.00370095249347489,"IAT_Std":0.002964761982092479,"IAT_Max":0.010017414588219254,"IAT_Min":0.0001630063088668976,"received_addresses":27,"max_pkt_from_sameId":20,"has_attacker":0}
{"received packets":540,"IAT_Mean":0.0037009481123378565,"IAT_Std":0.00296464591673083,"IAT_Max":0.010017545318987687,"IAT_Min":0.00016300602510455064,"received_addresses":27,"max_pkt_from_sameId":20,"has_attacker":0}
{"received packets":550,"IAT_Mean":0.00363366551874523,"IAT_Std":0.003155592879804294,"IAT_Max":0.011642002002190566,"IAT_Min":0.00016300931747537106,"received_addresses":28,"max_pkt_from_sameId":20,"has_attacker":0}
{"received packets":570,"IAT_Mean":0.0035061769992145795,"IAT_Std":0.0031911690701326054,"IAT_Max":0.011519441024574917,"IAT_Min":0.0001630418628337793,"received_addresses":30,"max_pkt_from_sameId":20,"has_attacker":0}
{"received packets":1090,"IAT_Mean":0.0018348034674366093,"IAT_Std":0.0022388174885844588,"IAT_Max":0.011519524876348442,"IAT_Min":0.00016300047718686983,"received_addresses":29,"max_pkt_from_sameId":108,"has_attacker":1}
{"received packets":1634,"IAT_Mean":0.0012239568974775418,"IAT_Std":0.001116475227955018,"IAT_Max":0.004109202534891665,"IAT_Min":0.00016300037532346323,"received_addresses":29,"max_pkt_from_sameId":200,"has_attacker":1}
{"received packets":557,"IAT_Mean":0.003588010859725344,"IAT_Std":0.004150454154717964,"IAT_Max":0.023581434154039017,"IAT_Min":0.00015657421317882836,"received_addresses":22,"max_pkt_from_sameId":81,"has_attacker":1}
{"received packets":493,"IAT_Mean":0.004053783211114431,"IAT_Std":0.004624472774878547,"IAT_Max":0.021849278167792364,"IAT_Min":0.00015541339598712511,"received_addresses":21,"max_pkt_from_sameId":55,"has_attacker":1}
{"received packets":378,"IAT_Mean":0.005287081128737853,"IAT_Std":0.005222797610022766,"IAT_Max":0.021686485888494646,"IAT_Min":0.0001559176052978728,"received_addresses":19,"max_pkt_from_sameId":66,"has_attacker":1}
{"received packets":370,"IAT_Mean":0.005401409648687617,"IAT_Std":0.005607660175918468,"IAT_Max":0.032203682625549848,"IAT_Min":0.0001630133338039741,"received_addresses":16,"max_pkt_from_sameId":72,"has_attacker":1}
{"received packets":405,"IAT_Mean":0.0049346206255848549,"IAT_Std":0.00463002950100264,"IAT_Max":0.021687939297407867,"IAT_Min":0.0001566231694596354,"received_addresses":21,"max_pkt_from_sameId":39,"has_attacker":1}
{"received packets":381,"IAT_Mean":0.005237596872845268,"IAT_Std":0.005623012906617819,"IAT_Max":0.03184744778627646,"IAT_Min":0.00011089361578342505,"received_addresses":14,"max_pkt_from_sameId":71,"has_attacker":1}
{"received packets":326,"IAT_Mean":0.0061212666805658959,"IAT_Std":0.007210832826338082,"IAT_Max":0.044582385755347789,"IAT_Min":0.0001630041588214226,"received_addresses":17,"max_pkt_from_sameId":94,"has_attacker":1}
{"received packets":307,"IAT_Mean":0.006500083521087745,"IAT_Std":0.008763481833989482,"IAT_Max":0.046948516468546589,"IAT_Min":0.00016300496281473897,"received_addresses":16,"max_pkt_from_sameId":45,"has_attacker":1}
{"received packets":368,"IAT_Mean":0.005422623064265756,"IAT_Std":0.005114153158574075,"IAT_Max":0.01983916997050983,"IAT_Min":0.00016301333016599528,"received_addresses":15,"max_pkt_from_sameId":84,"has_attacker":1}
{"received packets":410,"IAT_Mean":0.0048671518005171609,"IAT_Std":0.006485964221010232,"IAT_Max":0.04220973246265203,"IAT_Min":0.00016301233335980214,"received_addresses":16,"max_pkt_from_sameId":69,"has_attacker":1}
{"received packets":305,"IAT_Mean":0.00650791767142526,"IAT_Std":0.00849893785170009,"IAT_Max":0.04536294993158663,"IAT_Min":0.00010699818449211307,"received_addresses":16,"max_pkt_from_sameId":39,"has_attacker":1}
{"received packets":243,"IAT_Mean":0.008168356329181812,"IAT_Std":0.011678678188389802,"IAT_Max":0.04536761443523574,"IAT_Min":0.0001630495098652318,"received_addresses":13,"max_pkt_from_sameId":20,"has_attacker":1}
{"received packets":344,"IAT_Mean":0.005785665244285727,"IAT_Std":0.006776294254902462,"IAT_Max":0.030110929539659993,"IAT_Min":0.0001630133338039741,"received_addresses":14,"max_pkt_from_sameId":96,"has_attacker":1}
{"received packets":361,"IAT_Mean":0.0054983547354689279,"IAT_Std":0.006444022100520702,"IAT_Max":0.0318025721826416,"IAT_Min":0.00011086607264587656,"received_addresses":17,"max_pkt_from_sameId":50,"has_attacker":1}
{"received packets":424,"IAT_Mean":0.004681383349076707,"IAT_Std":0.004638651400481979,"IAT_Max":0.020243393224518515,"IAT_Min":0.0001597514419700019,"received_addresses":15,"max_pkt_from_sameId":72,"has_attacker":1}
{"received packets":196,"IAT_Mean":0.010127092994814437,"IAT_Std":0.01049753488635113,"IAT_Max":0.03732749490518472,"IAT_Min":0.0002689534339879174,"received_addresses":12,"max_pkt_from_sameId":20,"has_attacker":1}
{"received packets":252,"IAT_Mean":0.007897899633953496,"IAT_Std":0.010329584863017902,"IAT_Max":0.05757087849997333,"IAT_Min":0.0001630164224479813,"received_addresses":14,"max_pkt_from_sameId":48,"has_attacker":1}
{"received packets":365,"IAT_Mean":0.0054527935981614939,"IAT_Std":0.0054288436859453799,"IAT_Max":0.029837076705007349,"IAT_Min":0.0001127297873608768,"received_addresses":14,"max_pkt_from_sameId":99,"has_attacker":1}
{"received packets":288,"IAT_Mean":0.006910666848221404,"IAT_Std":0.00639586368839379,"IAT_Max":0.03237348656330141,"IAT_Min":0.00011168536002514884,"received_addresses":16,"max_pkt_from_sameId":40,"has_attacker":1}
{"received packets":302,"IAT_Mean":0.0065725461060736549,"IAT_Std":0.007186254757049652,"IAT_Max":0.032373486799770038,"IAT_Min":0.00016300513743772171,"received_addresses":18,"max_pkt_from_sameId":23,"has_attacker":1}
{"received packets":294,"IAT_Mean":0.006787515792980446,"IAT_Std":0.00681217256072871,"IAT_Max":0.028927363295224496,"IAT_Min":0.00010868161916732788,"received_addresses":18,"max_pkt_from_sameId":20,"has_attacker":1}
{"received packets":429,"IAT_Mean":0.004651596020979211,"IAT_Std":0.0038849135703605929,"IAT_Max":0.025047668590559625,"IAT_Min":0.0001630164224479813,"received_addresses":16,"max_pkt_from_sameId":91,"has_attacker":1}
{"received packets":467,"IAT_Mean":0.004273072439055489,"IAT_Std":0.00335848960035286,"IAT_Max":0.012368629308184609,"IAT_Min":0.00016300308925565332,"received_addresses":19,"max_pkt_from_sameId":59,"has_attacker":1}
{"received packets":450,"IAT_Mean":0.0044345020340875239,"IAT_Std":0.003260877464382447,"IAT_Max":0.012371489046927309,"IAT_Min":0.00010785822087200359,"received_addresses":16,"max_pkt_from_sameId":109,"has_attacker":1}
{"received packets":245,"IAT_Mean":0.008145036693464617,"IAT_Std":0.007028351437492427,"IAT_Max":0.027250106191786473,"IAT_Min":0.00010893092257902026,"received_addresses":15,"max_pkt_from_sameId":20,"has_attacker":1}
{"received packets":336,"IAT_Mean":0.005939061223183931,"IAT_Std":0.005584839196669786,"IAT_Max":0.027250106188148494,"IAT_Min":0.0001630164224479813,"received_addresses":14,"max_pkt_from_sameId":48,"has_attacker":1}
{"received packets":448,"IAT_Mean":0.004454296861370365,"IAT_Std":0.0035529703905771974,"IAT_Max":0.013873720683477587,"IAT_Min":0.00010758227290352806,"received_addresses":15,"max_pkt_from_sameId":105,"has_attacker":1}
{"received packets":437,"IAT_Mean":0.004566426267184424,"IAT_Std":0.004207082406733526,"IAT_Max":0.022212255254999037,"IAT_Min":0.00010800493328133598,