{"received packets":500,"IAT_Mean":0.003997035816457355,"IAT_Std":0.0037286783430762378,"IAT_Max":0.01562710094731301,"IAT_Min":0.00016303662050631829,"received_addresses":25,"max_pkt_from_sameId":20,"has_attacker":0}
{"received packets":540,"IAT_Mean":0.0037009454808665197,"IAT_Std":0.003075883061469941,"IAT_Max":0.010866750264540315,"IAT_Min":0.00016300965944537893,"received_addresses":27,"max_pkt_from_sameId":20,"has_attacker":0}
{"received packets":550,"IAT_Mean":0.003633659219399719,"IAT_Std":0.003068573810145357,"IAT_Max":0.010866693581192522,"IAT_Min":0.00016309491184074432,"received_addresses":29,"max_pkt_from_sameId":20,"has_attacker":0}
{"received packets":510,"IAT_Mean":0.003918655837839526,"IAT_Std":0.003181283958909616,"IAT_Max":0.012156251828855602,"IAT_Min":0.0001631424129300285,"received_addresses":26,"max_pkt_from_sameId":20,"has_attacker":0}
{"received packets":520,"IAT_Mean":0.003843292329831736,"IAT_Std":0.0030155898062504025,"IAT_Max":0.010017009888542816,"IAT_Min":0.0001631607774470467,"received_addresses":26,"max_pkt_from_sameId":20,"has_attacker":0}
{"received packets":520,"IAT_Mean":0.003843299847714941,"IAT_Std":0.0032888724537441127,"IAT_Max":0.012156328273704276,"IAT_Min":0.00016312197840306908,"received_addresses":26,"max_pkt_from_sameId":20,"has_attacker":0}
{"received packets":530,"IAT_Mean":0.0037707936669972217,"IAT_Std":0.0032879589444443758,"IAT_Max":0.012156384811532917,"IAT_Min":0.00016302115909638815,"received_addresses":27,"max_pkt_from_sameId":20,"has_attacker":0}
{"received packets":974,"IAT_Mean":0.002053321546752758,"IAT_Std":0.002227136392247813,"IAT_Max":0.010866050251934212,"IAT_Min":0.00016300078641506843,"received_addresses":28,"max_pkt_from_sameId":108,"has_attacker":1}
{"received packets":1394,"IAT_Mean":0.0014346806324681519,"IAT_Std":0.001193605130460728,"IAT_Max":0.004104079202079447,"IAT_Min":0.0001630006154300645,"received_addresses":26,"max_pkt_from_sameId":200,"has_attacker":1}
{"received packets":601,"IAT_Mean":0.0033253269276381999,"IAT_Std":0.003641976792028143,"IAT_Max":0.013633753744215938,"IAT_Min":0.00010781029777717777,"received_addresses":22,"max_pkt_from_sameId":124,"has_attacker":1}
