{"received packets":480,"IAT_Mean":0.004163578921353898,"IAT_Std":0.003293316595421157,"IAT_Max":0.011642042514722562,"IAT_Min":0.00016300701099680737,"received_addresses":24,"max_pkt_from_sameId":20,"has_attacker":0}
{"received packets":490,"IAT_Mean":0.004078592879166684,"IAT_Std":0.0032707527572546307,"IAT_Max":0.011642062596365577,"IAT_Min":0.00016300551578751765,"received_addresses":25,"max_pkt_from_sameId":20,"has_attacker":0}
{"received packets":530,"IAT_Mean":0.003770778316792753,"IAT_Std":0.0031800166386161327,"IAT_Max":0.011642079000012018,"IAT_Min":0.00016300629431498237,"received_addresses":29,"max_pkt_from_sameId":20,"has_attacker":0}
{"received packets":560,"IAT_Mean":0.003568775725008371,"IAT_Std":0.0030567610045242269,"IAT_Max":0.010868728044442833,"IAT_Min":0.0001630130282137543,"received_addresses":29,"max_pkt_from_sameId":20,"has_attacker":0}
{"received packets":540,"IAT_Mean":0.0037009480297759487,"IAT_Std":0.0029995047989211027,"IAT_Max":0.010017144264566014,"IAT_Min":0.00016301683353958651,"received_addresses":27,"max_pkt_from_sameId":20,"has_attacker":0}
{"received packets":520,"IAT_Mean":0.0038432997098005637,"IAT_Std":0.0032682413891959697,"IAT_Max":0.011642182904324727,"IAT_Min":0.000163023443747079,"received_addresses":26,"max_pkt_from_sameId":20,"has_attacker":0}
{"received packets":540,"IAT_Mean":0.0037009640197370405,"IAT_Std":0.003265710015320064,"IAT_Max":0.011642237172054593,"IAT_Min":0.0001630111801205203,"received_addresses":27,"max_pkt_from_sameId":20,"has_attacker":0}
{"received packets":974,"IAT_Mean":0.0020533214689433386,"IAT_Std":0.0022658881364753817,"IAT_Max":0.011642241170193302,"IAT_Min":0.00016300012794090435,"received_addresses":28,"max_pkt_from_sameId":108,"has_attacker":1}
{"received packets":1404,"IAT_Mean":0.0014244620520171507,"IAT_Std":0.0011682339765290789,"IAT_Max":0.004104077710508136,"IAT_Min":0.00016300006973324344,"received_addresses":27,"max_pkt_from_sameId":200,"has_attacker":1}
{"received packets":584,"IAT_Mean":0.0034221256828334859,"IAT_Std":0.0036235608277816785,"IAT_Max":0.013633752805617405,"IAT_Min":0.00015272654127329588,"received_addresses":21,"max_pkt_from_sameId":123,"has_attacker":1}
{"received packets":493,"IAT_Mean":0.0040537816544653619,"IAT_Std":0.004208205047502011,"IAT_Max":0.02023697553522652,"IAT_Min":0.0001505716354586184,"received_addresses":18,"max_pkt_from_sameId":92,"has_attacker":1}
