{"received packets":240,"IAT_Mean":0.008333303188298185,"IAT_Std":0.010430729054340492,"IAT_Max":0.036251063542295017,"IAT_Min":0.0006960073951631784,"received_addresses":12,"max_pkt_from_sameId":20,"has_attacker":0}
