{"received packets":50,"IAT_Mean":0.03979567092719662,"IAT_Std":0.14527645117883579,"IAT_Max":1.0469822413106159,"IAT_Min":0.001255000057426514,"received_addresses":5,"max_pkt_from_sameId":10,"has_attacker":0}
{"received packets":100,"IAT_Mean":0.019897833548784547,"IAT_Std":0.0205980724958489,"IAT_Max":0.0572002294138656,"IAT_Min":0.0012550000938063022,"received_addresses":5,"max_pkt_from_sameId":20,"has_attacker":0}
{"received packets":278,"IAT_Mean":0.007158659824238535,"IAT_Std":0.0049902769785321958,"IAT_Max":0.030111778611171759,"IAT_Min":0.00032105828722706065,"received_addresses":6,"max_pkt_from_sameId":178,"has_attacker":1}
{"received packets":193,"IAT_Mean":0.010309766160950477,"IAT_Std":0.012358923801296416,"IAT_Max":0.05720149745684466,"IAT_Min":0.00010795752677950077,"received_addresses":6,"max_pkt_from_sameId":93,"has_attacker":1}
{"received packets":110,"IAT_Mean":0.0180889142478422,"IAT_Std":0.019575940286469367,"IAT_Max":0.05719635098648723,"IAT_Min":0.0012550049868877978,"received_addresses":6,"max_pkt_from_sameId":20,"has_attacker":0}
{"received packets":100,"IAT_Mean":0.019897868099287735,"IAT_Std":0.020597978221753165,"IAT_Max":0.05719883696656325,"IAT_Min":0.0012550058781926055,"received_addresses":5,"max_pkt_from_sameId":20,"has_attacker":0}
{"received packets":187,"IAT_Mean":0.010642299984142409,"IAT_Std":0.01299372099739485,"IAT_Max":0.057197048288799127,"IAT_Min":0.0003210582544852514,"received_addresses":6,"max_pkt_from_sameId":87,"has_attacker":1}
{"received packets":280,"IAT_Mean":0.007107537776924541,"IAT_Std":0.004869813045339942,"IAT_Max":0.020011238906590735,"IAT_Min":0.00011219066436751746,"received_addresses":6,"max_pkt_from_sameId":180,"has_attacker":1}
{"received packets":104,"IAT_Mean":0.019132501983257008,"IAT_Std":0.019927518652363846,"IAT_Max":0.05719858404700062,"IAT_Min":0.00011393415115890093,"received_addresses":6,"max_pkt_from_sameId":20,"has_attacker":1}
{"received packets":105,"IAT_Mean":0.018950317604910759,"IAT_Std":0.01891088303065497,"IAT_Max":0.05719959399357322,"IAT_Min":0.0012550018946058117,"received_addresses":6,"max_pkt_from_sameId":20,"has_attacker":0}
{"received packets":110,"IAT_Mean":0.018088929935236757,"IAT_Std":0.01718952765265329,"IAT_Max":0.057196035886590838,"IAT_Min":0.0012550083447422367,"received_addresses":6,"max_pkt_from_sameId":20,"has_attacker":0}
{"received packets":289,"IAT_Mean":0.00688675770388129,"IAT_Std":0.005104266925226968,"IAT_Max":0.03027077486331109,"IAT_Min":0.0001630189763091039,"received_addresses":7,"max_pkt_from_sameId":173,"has_attacker":1}
{"received packets":207,"IAT_Mean":0.009612521171009681,"IAT_Std":0.011288061835761704,"IAT_Max":0.05719633211265318,"IAT_Min":0.00011577948680496775,"received_addresses":7,"max_pkt_from_sameId":97,"has_attacker":1}
{"received packets":120,"IAT_Mean":0.016581525379236459,"IAT_Std":0.018137142873912397,"IAT_Max":0.05719683690040256,"IAT_Min":0.0012550085739349016,"received_addresses":7,"max_pkt_from_sameId":20,"has_attacker":0}
{"received packets":105,"IAT_Mean":0.018950335933013344,"IAT_Std":0.01976091570878922,"IAT_Max":0.057201878324121938,"IAT_Min":0.0012550085739349016,"received_addresses":6,"max_pkt_from_sameId":20,"has_attacker":0}
{"received packets":206,"IAT_Mean":0.009687018411709997,"IAT_Std":0.011197642915280667,"IAT_Max":0.05144947561711888,"IAT_Min":0.000320710980304284,"received_addresses":7,"max_pkt_from_sameId":96,"has_attacker":1}
{"received packets":310,"IAT_Mean":0.006437183363748538,"IAT_Std":0.003366724354854834,"IAT_Max":0.010174254977755482,"IAT_Min":0.00010879658293561079,"received_addresses":7,"max_pkt_from_sameId":200,"has_attacker":1}
{"received packets":145,"IAT_Mean":0.01376230922040373,"IAT_Std":0.016291359822715305,"IAT_Max":0.051450076349283339,"IAT_Min":0.00010984301479766145,"received_addresses":7,"max_pkt_from_sameId":25,"has_attacker":1}
{"received packets":130,"IAT_Mean":0.015350194312542533,"IAT_Std":0.01818418723825918,"IAT_Max":0.057197592290322066,"IAT_Min":0.0012550085739349016,"received_addresses":7,"max_pkt_from_sameId":20,"has_attacker":0}
{"received packets":140,"IAT_Mean":0.01425375357412122,"IAT_Std":0.016748028659737306,"IAT_Max":0.05146041133411927,"IAT_Min":0.0012550085739349016,"received_addresses":7,"max_pkt_from_sameId":20,"has_attacker":0}
{"received packets":315,"IAT_Mean":0.006335011437442431,"IAT_Std":0.003978524277044857,"IAT_Max":0.04697703774218098,"IAT_Min":0.00031982136715669185,"received_addresses":7,"max_pkt_from_sameId":195,"has_attacker":1}
