{"received packets":510,"IAT_Mean":0.003918662749692528,"IAT_Std":0.003347139208641453,"IAT_Max":0.010873945226194337,"IAT_Min":0.00016300002243951894,"received_addresses":26,"max_pkt_from_sameId":20,"has_attacker":0}
{"received packets":560,"IAT_Mean":0.003568768935442027,"IAT_Std":0.0031698588673652195,"IAT_Max":0.010866790376894642,"IAT_Min":0.00016302632866427302,"received_addresses":28,"max_pkt_from_sameId":20,"has_attacker":0}
{"received packets":550,"IAT_Mean":0.0036336591560922734,"IAT_Std":0.0032381532587288485,"IAT_Max":0.010866675271245186,"IAT_Min":0.0001630628867133055,"received_addresses":29,"max_pkt_from_sameId":20,"has_attacker":0}
{"received packets":570,"IAT_Mean":0.0035061654883751897,"IAT_Std":0.0030588952130043958,"IAT_Max":0.010017328342655674,"IAT_Min":0.0001630093902349472,"received_addresses":29,"max_pkt_from_sameId":20,"has_attacker":0}
{"received packets":540,"IAT_Mean":0.0037009479560192969,"IAT_Std":0.003145636253479423,"IAT_Max":0.010017532611527713,"IAT_Min":0.00016300750939990394,"received_addresses":27,"max_pkt_from_sameId":20,"has_attacker":0}
{"received packets":530,"IAT_Mean":0.003770784808827711,"IAT_Std":0.0034079953807685237,"IAT_Max":0.011642002638836857,"IAT_Min":0.00016300967035931535,"received_addresses":27,"max_pkt_from_sameId":20,"has_attacker":0}
{"received packets":550,"IAT_Mean":0.0036336741927251836,"IAT_Std":0.003407667094210233,"IAT_Max":0.011642001692962367,"IAT_Min":0.0001630421102163382,"received_addresses":28,"max_pkt_from_sameId":20,"has_attacker":0}
{"received packets":1017,"IAT_Mean":0.001966505112127643,"IAT_Std":0.002212490055442447,"IAT_Max":0.010017728058301146,"IAT_Min":0.00016300059360219166,"received_addresses":30,"max_pkt_from_sameId":108,"has_attacker":1}
{"received packets":1434,"IAT_Mean":0.001394662126308104,"IAT_Std":0.00114461809731364,"IAT_Max":0.004102367733139545,"IAT_Min":0.00016300043716910295,"received_addresses":28,"max_pkt_from_sameId":200,"has_attacker":1}
{"received packets":562,"IAT_Mean":0.0035560889304489717,"IAT_Std":0.004189593527189381,"IAT_Max":0.02358140279102372,"IAT_Min":0.0001554099544591736,"received_addresses":22,"max_pkt_from_sameId":76,"has_attacker":1}
{"received packets":480,"IAT_Mean":0.004163573075985975,"IAT_Std":0.004766968103137229,"IAT_Max":0.02184939199287328,"IAT_Min":0.0001590385400049854,"received_addresses":21,"max_pkt_from_sameId":53,"has_attacker":1}
{"received packets":400,"IAT_Mean":0.0049962916035110539,"IAT_Std":0.005152334027944861,"IAT_Max":0.021686493550078013,"IAT_Min":0.00015590281691402197,"received_addresses":20,"max_pkt_from_sameId":66,"has_attacker":1}
{"received packets":323,"IAT_Mean":0.006187373204367151,"IAT_Std":0.006562324589922624,"IAT_Max":0.03221288096756325,"IAT_Min":0.00016300249626510777,"received_addresses":17,"max_pkt_from_sameId":72,"has_attacker":1}
{"received packets":384,"IAT_Mean":0.005204482625941864,"IAT_Std":0.005215490163223157,"IAT_Max":0.032212859245191797,"IAT_Min":0.00015491057638428174,"received_addresses":22,"max_pkt_from_sameId":39,"has_attacker":1}
{"received packets":383,"IAT_Mean":0.005210246432217506,"IAT_Std":0.0057471865069456079,"IAT_Max":0.03184748709827545,"IAT_Min":0.00011090793123003095,"received_addresses":16,"max_pkt_from_sameId":70,"has_attacker":1}
{"received packets":314,"IAT_Mean":0.006355200359394075,"IAT_Std":0.007991497560331988,"IAT_Max":0.04458240000894875,"IAT_Min":0.0001630184196983464,"received_addresses":17,"max_pkt_from_sameId":72,"has_attacker":1}
{"received packets":288,"IAT_Mean":0.006928908388747206,"IAT_Std":0.00908597062563569,"IAT_Max":0.04694851743261097,"IAT_Min":0.00016300249626510777,"received_addresses":16,"max_pkt_from_sameId":29,"has_attacker":1}
{"received packets":304,"IAT_Mean":0.0065642278376153149,"IAT_Std":0.005966712853687269,"IAT_Max":0.030002273284480908,"IAT_Min":0.00016300249626510777,"received_addresses":15,"max_pkt_from_sameId":64,"has_attacker":1}
{"received packets":378,"IAT_Mean":0.0052791857492088139,"IAT_Std":0.0067543386025102169,"IAT_Max":0.04237272144018789,"IAT_Min":0.00016301070354529656,"received_addresses":17,"max_pkt_from_sameId":69,"has_attacker":1}
{"received packets":298,"IAT_Mean":0.006679114026552489,"IAT_Std":0.008006152407737668,"IAT_Max":0.042372720781713727,"IAT_Min":0.00010701249630074017,"received_addresses":17,"max_pkt_from_sameId":39,"has_attacker":1}
{"received packets":265,"IAT_Mean":0.00751083652119049,"IAT_Std":0.009748783566934356,"IAT_Max":0.039906546866404827,"IAT_Min":0.00016303525262628682,"received_addresses":14,"max_pkt_from_sameId":22,"has_attacker":1}
{"received packets":258,"IAT_Mean":0.007714902593232732,"IAT_Std":0.009572135141896095,"IAT_Max":0.03967418280080892,"IAT_Min":0.00016300869901897386,"received_addresses":13,"max_pkt_from_sameId":33,"has_attacker":1}
{"received packets":324,"IAT_Mean":0.006143308969950778,"IAT_Std":0.007469026178161884,"IAT_Max":0.03967418280080892,"IAT_Min":0.00016300249626510777,"received_addresses":18,"max_pkt_from_sameId":29,"has_attacker":1}
{"received packets":405,"IAT_Mean":0.004914651480875262,"IAT_Std":0.004648872169641538,"IAT_Max":0.02024339472700376,"IAT_Min":0.00016300314746331424,"received_addresses":16,"max_pkt_from_sameId":72,"has_attacker":1}
{"received packets":213,"IAT_Mean":0.009344466277519094,"IAT_Std":0.008963851392337538,"IAT_Max":0.03187937993425294,"IAT_Min":0.0002689285029191524,"received_addresses":12,"max_pkt_from_sameId":20,"has_attacker":1}
{"received packets":222,"IAT_Mean":0.008965976273765927,"IAT_Std":0.011538539733549161,"IAT_Max":0.05210976484886487,"IAT_Min":0.00016300249626510777,"received_addresses":13,"max_pkt_from_sameId":23,"has_attacker":1}
{"received packets":254,"IAT_Mean":0.007836502710011615,"IAT_Std":0.011868468514082182,"IAT_Max":0.052045336822629909,"IAT_Min":0.00016300249626510777,"received_addresses":13,"max_pkt_from_sameId":39,"has_attacker":1}
{"received packets":279,"IAT_Mean":0.007134269094294919,"IAT_Std":0.006655075665225656,"IAT_Max":0.04010518685390707,"IAT_Min":0.00016300294737447985,"received_addresses":16,"max_pkt_from_sameId":39,"has_attacker":1}
{"received packets":309,"IAT_Mean":0.006441326955392031,"IAT_Std":0.006950759022137248,"IAT_Max":0.03237344140507048,"IAT_Min":0.00016300294009852223,"received_addresses":19,"max_pkt_from_sameId":20,"has_attacker":1}
{"received packets":300,"IAT_Mean":0.006634580664540408,"IAT_Std":0.007259662289963709,"IAT_Max":0.028927383482368897,"IAT_Min":0.0001086708543880377,"received_addresses":18,"max_pkt_from_sameId":20,"has_attacker":1}
{"received packets":338,"IAT_Mean":0.005903948783932547,"IAT_Std":0.004615978793646642,"IAT_Max":0.025047668586921647,"IAT_Min":0.00016300249626510777,"received_addresses":16,"max_pkt_from_sameId":87,"has_attacker":1}
{"received packets":364,"IAT_Mean":0.005482211101450078,"IAT_Std":0.0034050137287097179,"IAT_Max":0.012375624330161373,"IAT_Min":0.0001630000006116461,"received_addresses":18,"max_pkt_from_sameId":54,"has_attacker":1}
{"received packets":372,"IAT_Mean":0.005364317035200265,"IAT_Std":0.0034935295099649389,"IAT_Max":0.022206455993000419,"IAT_Min":0.00016300000788760372,"received_addresses":19,"max_pkt_from_sameId":57,"has_attacker":1}
{"received packets":263,"IAT_Mean":0.007587581805021904,"IAT_Std":0.006780197213332202,"IAT_Max":0.02725010769063374,"IAT_Min":0.000338777041179128,"received_addresses":15,"max_pkt_from_sameId":20,"has_attacker":1}
{"received packets":308,"IAT_Mean":0.006478975961077335,"IAT_Std":0.005444151516007972,"IAT_Max":0.02725010768699576,"IAT_Min":0.00020200249491608702,"received_addresses":14,"max_pkt_from_sameId":48,"has_attacker":1}
{"received packets":362,"IAT_Mean":0.005512500052243932,"IAT_Std":0.0034322120343773258,"IAT_Max":0.013873720683477587,"IAT_Min":0.00017600249339011498,"received_addresses":14,"max_pkt_from_sameId":102,"has_attacker":1}
{"received packets":351,"IAT_Mean":0.005685265822677446,"IAT_Std":0.0047857784591445249,"IAT_Max":0.022375253513018835,"IAT_Min":0.00016300150309689343,