{"received packets":70,"IAT_Mean":0.028197230814371974,"IAT_Std":0.021109059333162023,"IAT_Max":0.07295000022349996,"IAT_Min":0.006247682176763192,"received_addresses":4,"max_pkt_from_sameId":20,"has_attacker":0}
{"received packets":70,"IAT_Mean":0.028197123835083664,"IAT_Std":0.021641413563168695,"IAT_Max":0.07294689899208606,"IAT_Min":0.006246359982469585,"received_addresses":4,"max_pkt_from_sameId":20,"has_attacker":0}
{"received packets":80,"IAT_Mean":0.024672502229532258,"IAT_Std":0.028251020875285007,"IAT_Max":0.0729411053507647,"IAT_Min":0.0006960006612644065,"received_addresses":4,"max_pkt_from_sameId":20,"has_attacker":0}
{"received packets":90,"IAT_Mean":0.02205455893284428,"IAT_Std":0.02506274454696204,"IAT_Max":0.07294590953824809,"IAT_Min":0.0006960101782169659,"received_addresses":5,"max_pkt_from_sameId":20,"has_attacker":0}
{"received packets":100,"IAT_Mean":0.019849133432326198,"IAT_Std":0.021719188297482506,"IAT_Max":0.06183293840877013,"IAT_Min":0.0006960580067243427,"received_addresses":5,"max_pkt_from_sameId":20,"has_attacker":0}
{"received packets":150,"IAT_Mean":0.013232732630034055,"IAT_Std":0.01773636226684348,"IAT_Max":0.06183883010817226,"IAT_Min":0.00022860284661874175,"received_addresses":8,"max_pkt_from_sameId":20,"has_attacker":0}
{"received packets":170,"IAT_Mean":0.01170900783215663,"IAT_Std":0.014052337004569914,"IAT_Max":0.04894700696604559,"IAT_Min":0.00022841996906208806,"received_addresses":9,"max_pkt_from_sameId":20,"has_attacker":0}
{"received packets":537,"IAT_Mean":0.003720529161654493,"IAT_Std":0.006541087876598198,"IAT_Max":0.043334362791938477,"IAT_Min":0.0001631007544347085,"received_addresses":10,"max_pkt_from_sameId":106,"has_attacker":1}
{"received packets":920,"IAT_Mean":0.0021716667884428047,"IAT_Std":0.0015775442544355987,"IAT_Max":0.005082080209831474,"IAT_Min":0.00016306254474329762,"received_addresses":10,"max_pkt_from_sameId":200,"has_attacker":1}
{"received packets":333,"IAT_Mean":0.005977805996730234,"IAT_Std":0.006571565996245257,"IAT_Max":0.026419752939546016,"IAT_Min":0.00013938765914645046,"received_addresses":8,"max_pkt_from_sameId":104,"has_attacker":1}
{"received packets":275,"IAT_Mean":0.007238033457238502,"IAT_Std":0.006145993528060044,"IAT_Max":0.036252305213565708,"IAT_Min":0.00010639804895617999,"received_addresses":8,"max_pkt_from_sameId":100,"has_attacker":1}
{"received packets":211,"IAT_Mean":0.009433488934079459,"IAT_Std":0.006879037504932276,"IAT_Max":0.05016146707566804,"IAT_Min":0.0001630365186429117,"received_addresses":6,"max_pkt_from_sameId":130,"has_attacker":1}
{"received packets":301,"IAT_Mean":0.006612861272714571,"IAT_Std":0.0037338712722748874,"IAT_Max":0.010170228793867864,"IAT_Min":0.00010616573490551673,"received_addresses":7,"max_pkt_from_sameId":200,"has_attacker":1}
{"received packets":276,"IAT_Mean":0.007211756962586124,"IAT_Std":0.006128679295339596,"IAT_Max":0.03378560521014151,"IAT_Min":0.00011124373486381955,"received_addresses":12,"max_pkt_from_sameId":111,"has_attacker":1}
{"received packets":154,"IAT_Mean":0.012925054960937637,"IAT_Std":0.015905992989289427,"IAT_Max":0.05204856598720653,"IAT_Min":0.00011094112414866686,"received_addresses":10,"max_pkt_from_sameId":27,"has_attacker":1}
{"received packets":170,"IAT_Mean":0.011708095128971549,"IAT_Std":0.013322460985409802,"IAT_Max":0.04010812271008035,"IAT_Min":0.000163009903189959,"received_addresses":10,"max_pkt_from_sameId":22,"has_attacker":1}
{"received packets":228,"IAT_Mean":0.008730144992927978,"IAT_Std":0.009460339917330935,"IAT_Max":0.03313651741700596,"IAT_Min":0.0001630004044272937,"received_addresses":10,"max_pkt_from_sameId":97,"has_attacker":1}
{"received packets":269,"IAT_Mean":0.007399382493470589,"IAT_Std":0.006598925428955863,"IAT_Max":0.02983918139943853,"IAT_Min":0.0001630009755899664,"received_addresses":7,"max_pkt_from_sameId":167,"has_attacker":1}
{"received packets":287,"IAT_Mean":0.006935878140211571,"IAT_Std":0.009854953059153705,"IAT_Max":0.03967905502577196,"IAT_Min":0.00015596339653711766,"received_addresses":11,"max_pkt_from_sameId":91,"has_attacker":1}
{"received packets":197,"IAT_Mean":0.010103432147460517,"IAT_Std":0.013398900135749809,"IAT_Max":0.05220098877180135,"IAT_Min":0.00016303696611430496,"received_addresses":10,"max_pkt_from_sameId":46,"has_attacker":1}
{"received packets":180,"IAT_Mean":0.011057621284756655,"IAT_Std":0.01199766857768936,"IAT_Max":0.039908624541567409,"IAT_Min":0.00016304485325235873,"received_addresses":9,"max_pkt_from_sameId":20,"has_attacker":1}
{"received packets":307,"IAT_Mean":0.006483534274261892,"IAT_Std":0.005058267136340897,"IAT_Max":0.030110787356534276,"IAT_Min":0.00016300040078931488,"received_addresses":9,"max_pkt_from_sameId":170,"has_attacker":1}
{"received packets":348,"IAT_Mean":0.005719632896916769,"IAT_Std":0.006225724210260807,"IAT_Max":0.039650258509936978,"IAT_Min":0.00011102284406661056,"received_addresses":12,"max_pkt_from_sameId":98,"has_attacker":1}
{"received packets":377,"IAT_Mean":0.005279665760432224,"IAT_Std":0.008236090939454542,"IAT_Max":0.0396716588329582,"IAT_Min":0.00011124812590423971,"received_addresses":12,"max_pkt_from_sameId":125,"has_attacker":1}
{"received packets":172,"IAT_Mean":0.011571927152629563,"IAT_Std":0.013499665758571965,"IAT_Max":0.05210511050609057,"IAT_Min":0.00011299168181722052,"received_addresses":10,"max_pkt_from_sameId":20,"has_attacker":1}
{"received packets":269,"IAT_Mean":0.0073994308026645119,"IAT_Std":0.008665325923227194,"IAT_Max":0.03974313973230892,"IAT_Min":0.0001630366241442971,"received_addresses":11,"max_pkt_from_sameId":106,"has_attacker":1}
{"received packets":366,"IAT_Mean":0.005438447654336901,"IAT_Std":0.003796688497650624,"IAT_Max":0.01016266808801447,"IAT_Min":0.0001128865587816108,"received_addresses":10,"max_pkt_from_sameId":200,"has_attacker":1}
{"received packets":355,"IAT_Mean":0.00560693304351831,"IAT_Std":0.004829529567108328,"IAT_Max":0.019842706267809264,"IAT_Min":0.00011184213144588284,"received_addresses":11,"max_pkt_from_sameId":151,"has_attacker":1}
{"received packets":292,"IAT_Mean":0.006816336240960594,"IAT_Std":0.00790807173108351,"IAT_Max":0.04220504099794198,"IAT_Min":0.0001630097940505948,"received_addresses":12,"max_pkt_from_sameId":93,"has_attacker":1}
{"received packets":200,"IAT_Mean":0.009951871762514202,"IAT_Std":0.014725117748859877,"IAT_Max":0.05210888001238345,"IAT_Min":0.00010885977826546878,"received_addresses":12,"max_pkt_from_sameId":20,"has_attacker":1}
{"received packets":321,"IAT_Mean":0.0062008429298107919,"IAT_Std":0.004278863471563331,"IAT_Max":0.042477373070141769,"IAT_Min":0.00016332034283550456,"received_addresses":9,"max_pkt_from_sameId":176,"has_attacker":1}
{"received packets":357,"IAT_Mean":0.00558970554194792,"IAT_Std":0.0038575438087906875,"IAT_Max":0.013290919097926235,"IAT_Min":0.00011775571329053491,"received_addresses":13,"max_pkt_from_sameId":94,"has_attacker":1}
{"received packets":370,"IAT_Mean":0.00539331336359602,"IAT_Std":0.004155460713387095,"IAT_Max":0.013303852749231737,"IAT_Min":0.0001079147623386234,"received_addresses":12,"max_pkt_from_sameId":164,"has_attacker":1}
{"received packets":165,"IAT_Mean":0.012094145277836959,"IAT_Std":0.014894107748528627,"IAT_Max":0.046958066675870217,"IAT_Min":0.0001089836769097019,"received_addresses":10,"max_pkt_from_sameId":20,"has_attacker":1}
{"received packets":235,"IAT_Mean":0.00849159353140536,"IAT_Std":0.010120672090634381,"IAT_Max":0.04695778666427941,"IAT_Min":0.0002023203414864838,"received_addresses":9,"max_pkt_from_sameId":85,"has_attacker":1}
{"received packets":322,"IAT_Mean":0.006197282204061735,"IAT_Std":0.003641124832343439,"IAT_Max":0.013303350453497842,"IAT_Min":0.00010749181092251092,"received_addresses":8,"max_pkt_from_sameId":182,"has_attacker":1}
{"received packets":275,"IAT_Mean":0.00723800262486541,"IAT_Std":0.006068125499468374,"IAT_Max":0.030159130601532526,"IAT_Min":0.00010789189400384203,"received_addresses":11,"max_pkt_from_sameId":132,