{"received packets":10,"IAT_Mean":0.19641092113160994,"IAT_Std":0.28922900572661305,"IAT_Max":1.0640979381751095,"IAT_Min":0.09999836367933313,"received_addresses":1,"max_pkt_from_sameId":10,"has_attacker":0}
{"received packets":10,"IAT_Mean":0.09641095007027616,"IAT_Std":0.010767785897700069,"IAT_Max":0.10000617010518909,"IAT_Min":0.06410759796926868,"received_addresses":1,"max_pkt_from_sameId":10,"has_attacker":0}
