{"received packets":510,"IAT_Mean":0.003918662759714803,"IAT_Std":0.0032544271864037939,"IAT_Max":0.01087393801935832,"IAT_Min":0.0001630003025638871,"received_addresses":26,"max_pkt_from_sameId":20,"has_attacker":0}
{"received packets":540,"IAT_Mean":0.0037009455463905599,"IAT_Std":0.0031422747890285484,"IAT_Max":0.010866787550185109,"IAT_Min":0.0001630233928153757,"received_addresses":27,"max_pkt_from_sameId":20,"has_attacker":0}
{"received packets":540,"IAT_Mean":0.0037009490724274117,"IAT_Std":0.0032109306757881546,"IAT_Max":0.011642072902759537,"IAT_Min":0.00016301394134643488,"received_addresses":29,"max_pkt_from_sameId":20,"has_attacker":0}
{"received packets":550,"IAT_Mean":0.003633662477044378,"IAT_Std":0.003104465503480193,"IAT_Max":0.010017412419983885,"IAT_Min":0.00016300326387863606,"received_addresses":28,"max_pkt_from_sameId":20,"has_attacker":0}
{"received packets":560,"IAT_Mean":0.003568771413145961,"IAT_Std":0.003105345197839634,"IAT_Max":0.010017542346759,"IAT_Min":0.00016300375500577502,"received_addresses":28,"max_pkt_from_sameId":20,"has_attacker":0}
{"received packets":550,"IAT_Mean":0.0036336655243675607,"IAT_Std":0.0034846234040042227,"IAT_Max":0.011642002638836857,"IAT_Min":0.00016300765128107741,"received_addresses":29,"max_pkt_from_sameId":20,"has_attacker":0}
{"received packets":560,"IAT_Mean":0.003568787295801355,"IAT_Std":0.0034556716191223668,"IAT_Max":0.011519440795382252,"IAT_Min":0.00016301162395393476,"received_addresses":28,"max_pkt_from_sameId":20,"has_attacker":0}
{"received packets":1090,"IAT_Mean":0.001834803459596598,"IAT_Std":0.0022894173664123765,"IAT_Max":0.011519524647155777,"IAT_Min":0.0001630007682251744,"received_addresses":29,"max_pkt_from_sameId":108,"has_attacker":1}
{"received packets":1633,"IAT_Mean":0.0012247064041663648,"IAT_Std":0.0011076534370873992,"IAT_Max":0.0041092233441304419,"IAT_Min":0.00016300058996421285,"received_addresses":29,"max_pkt_from_sameId":200,"has_attacker":1}
{"received packets":564,"IAT_Mean":0.0035434787852464328,"IAT_Std":0.004448464802336988,"IAT_Max":0.03220994154617074,"IAT_Min":0.00015614273797837086,"received_addresses":22,"max_pkt_from_sameId":80,"has_attacker":1}
{"received packets":457,"IAT_Mean":0.00437311838930176,"IAT_Std":0.005113066654046566,"IAT_Max":0.021849304201168708,"IAT_Min":0.00015538678417215124,"received_addresses":21,"max_pkt_from_sameId":55,"has_attacker":1}
{"received packets":331,"IAT_Mean":0.0060378146444046748,"IAT_Std":0.005884009019624654,"IAT_Max":0.0322108590080461,"IAT_Min":0.00016304224482155405,"received_addresses":18,"max_pkt_from_sameId":49,"has_attacker":1}
{"received packets":322,"IAT_Mean":0.006206588666296874,"IAT_Std":0.006575207434110249,"IAT_Max":0.032212885747867407,"IAT_Min":0.0001630000006116461,"received_addresses":17,"max_pkt_from_sameId":72,"has_attacker":1}
{"received packets":373,"IAT_Mean":0.005357966042497013,"IAT_Std":0.005377798575553873,"IAT_Max":0.03221286380357924,"IAT_Min":0.0001549111766507849,"received_addresses":21,"max_pkt_from_sameId":39,"has_attacker":1}
{"received packets":388,"IAT_Mean":0.005143104094844903,"IAT_Std":0.00576080137518236,"IAT_Max":0.031847487120103327,"IAT_Min":0.00011091346095781773,"received_addresses":15,"max_pkt_from_sameId":68,"has_attacker":1}
{"received packets":242,"IAT_Mean":0.008246003793919203,"IAT_Std":0.009695330205218114,"IAT_Max":0.04474544911499834,"IAT_Min":0.0002705785846046638,"received_addresses":16,"max_pkt_from_sameId":22,"has_attacker":1}
{"received packets":269,"IAT_Mean":0.007418310859661028,"IAT_Std":0.009245800412467597,"IAT_Max":0.04694851506064879,"IAT_Min":0.0001630000042496249,"received_addresses":15,"max_pkt_from_sameId":29,"has_attacker":1}
{"received packets":294,"IAT_Mean":0.006787500911333173,"IAT_Std":0.0062185358020163598,"IAT_Max":0.030002273284480908,"IAT_Min":0.0001630000042496249,"received_addresses":15,"max_pkt_from_sameId":64,"has_attacker":1}
{"received packets":378,"IAT_Mean":0.00527918576340463,"IAT_Std":0.006754338339068489,"IAT_Max":0.04237271808233345,"IAT_Min":0.00016300300558214076,"received_addresses":17,"max_pkt_from_sameId":69,"has_attacker":1}
{"received packets":296,"IAT_Mean":0.006724243168055428,"IAT_Std":0.00802994822362323,"IAT_Max":0.042479735384404197,"IAT_Min":0.00016300001516356133,"received_addresses":17,"max_pkt_from_sameId":37,"has_attacker":1}
{"received packets":243,"IAT_Mean":0.008190829942169732,"IAT_Std":0.010156755128808957,"IAT_Max":0.03990879378397949,"IAT_Min":0.0005580721590376925,"received_addresses":13,"max_pkt_from_sameId":20,"has_attacker":1}
{"received packets":275,"IAT_Mean":0.007237981334130217,"IAT_Std":0.009454741641757584,"IAT_Max":0.039674185292824407,"IAT_Min":0.00016301384312100708,"received_addresses":14,"max_pkt_from_sameId":33,"has_attacker":1}
{"received packets":320,"IAT_Mean":0.006220100325299427,"IAT_Std":0.008004946458382779,"IAT_Max":0.039674185292824407,"IAT_Min":0.0001630000006116461,"received_addresses":17,"max_pkt_from_sameId":29,"has_attacker":1}
{"received packets":401,"IAT_Mean":0.0049636754303896408,"IAT_Std":0.004801056730128505,"IAT_Max":0.020243391823896674,"IAT_Min":0.00016300000788760372,"received_addresses":16,"max_pkt_from_sameId":72,"has_attacker":1}
{"received packets":215,"IAT_Mean":0.009257540999736426,"IAT_Std":0.008864113774612532,"IAT_Max":0.03187938846531324,"IAT_Min":0.00026893448739429004,"received_addresses":13,"max_pkt_from_sameId":20,"has_attacker":1}
{"received packets":219,"IAT_Mean":0.009088797856656624,"IAT_Std":0.011653219305796577,"IAT_Max":0.05210813834492001,"IAT_Min":0.0001630000042496249,"received_addresses":13,"max_pkt_from_sameId":23,"has_attacker":1}
{"received packets":258,"IAT_Mean":0.00771500653556091,"IAT_Std":0.011808170654980126,"IAT_Max":0.0520453411663766,"IAT_Min":0.0001630000006116461,"received_addresses":13,"max_pkt_from_sameId":39,"has_attacker":1}
{"received packets":279,"IAT_Mean":0.007134269086523466,"IAT_Std":0.0066550770289294119,"IAT_Max":0.04010518718496314,"IAT_Min":0.00016300002971547656,"received_addresses":16,"max_pkt_from_sameId":39,"has_attacker":1}
{"received packets":299,"IAT_Mean":0.00665675594330402,"IAT_Std":0.006969552170775999,"IAT_Max":0.032373442609241468,"IAT_Min":0.00016300003335345536,"received_addresses":18,"max_pkt_from_sameId":20,"has_attacker":1}
{"received packets":290,"IAT_Mean":0.006863359300668576,"IAT_Std":0.007279287793111603,"IAT_Max":0.028927389921591386,"IAT_Min":0.00017856938575278036,"received_addresses":17,"max_pkt_from_sameId":20,"has_attacker":1}
{"received packets":338,"IAT_Mean":0.005903948817675339,"IAT_Std":0.004615979230256709,"IAT_Max":0.02504766973288497,"IAT_Min":0.0001630000006116461,"received_addresses":16,"max_pkt_from_sameId":87,"has_attacker":1}
{"received packets":364,"IAT_Mean":0.005482211119619983,"IAT_Std":0.0034050133122520336,"IAT_Max":0.012375631293252809,"IAT_Min":0.0001630000042496249,"received_addresses":18,"max_pkt_from_sameId":54,"has_attacker":1}
{"received packets":368,"IAT_Mean":0.005422624831848937,"IAT_Std":0.003504024361078212,"IAT_Max":0.022206457193533426,"IAT_Min":0.00016300283823511563,"received_addresses":17,"max_pkt_from_sameId":57,"has_attacker":1}
{"received packets":263,"IAT_Mean":0.007587581792890697,"IAT_Std":0.006780196034090129,"IAT_Max":0.027250104714767077,"IAT_Min":0.0003387821743672248,"received_addresses":15,"max_pkt_from_sameId":20,"has_attacker":1}
{"received packets":308,"IAT_Mean":0.006478975945615925,"IAT_Std":0.005444150715664221,"IAT_Max":0.027250104711129098,"IAT_Min":0.00020200000653858297,"received_addresses":14,"max_pkt_from_sameId":48,"has_attacker":1}
{"received packets":363,"IAT_Mean":0.005497314087976718,"IAT_Std":0.0034357941378140748,"IAT_Max":0.0138737208872044,"IAT_Min":0.00017600000137463212,"received_addresses":15,"max_pkt_from_sameId":102,"has_attacker":1}
{"received packets":331,"IAT_Mean":0.006028786400310889,"IAT_Std":0.004780993204791556,"IAT_Max":0.02237525471718982,"IAT_Min":0.00016300000788760372,