{"received packets":240,"IAT_Mean":0.008293874506898646,"IAT_Std":0.008155445649648855,"IAT_Max":0.03172242012806237,"IAT_Min":0.00016303569645970128,"received_addresses":13,"max_pkt_from_sameId":20,"has_attacker":0}
{"received packets":320,"IAT_Mean":0.00622038266179743,"IAT_Std":0.006627277294626641,"IAT_Max":0.027919224026845769,"IAT_Min":0.0001630316510272678,"received_addresses":16,"max_pkt_from_sameId":20,"has_attacker":0}
{"received packets":250,"IAT_Mean":0.007953119755053194,"IAT_Std":0.00734170080139937,"IAT_Max":0.03015063319253386,"IAT_Min":0.0007610015527461655,"received_addresses":14,"max_pkt_from_sameId":20,"has_attacker":0}
{"received packets":180,"IAT_Mean":0.011051464049220765,"IAT_Std":0.008981837297360875,"IAT_Max":0.033953939615457787,"IAT_Min":0.0016580046140006744,"received_addresses":11,"max_pkt_from_sameId":20,"has_attacker":0}
{"received packets":179,"IAT_Mean":0.011164874692313183,"IAT_Std":0.006882663839686313,"IAT_Max":0.02573412332276348,"IAT_Min":0.001658000001043547,"received_addresses":10,"max_pkt_from_sameId":20,"has_attacker":0}
{"received packets":120,"IAT_Mean":0.016362851950786233,"IAT_Std":0.011370700857325828,"IAT_Max":0.044887194057082527,"IAT_Min":0.004747078928630799,"received_addresses":7,"max_pkt_from_sameId":20,"has_attacker":0}
{"received packets":111,"IAT_Mean":0.017768609342621513,"IAT_Std":0.014907868112121926,"IAT_Max":0.049923816994123629,"IAT_Min":0.004739836505905259,"received_addresses":7,"max_pkt_from_sameId":20,"has_attacker":0}
{"received packets":100,"IAT_Mean":0.019723186109222299,"IAT_Std":0.016004569709497788,"IAT_Max":0.04992680707437103,"IAT_Min":0.004740340416901745,"received_addresses":5,"max_pkt_from_sameId":20,"has_attacker":0}
{"received packets":120,"IAT_Mean":0.01643595735792284,"IAT_Std":0.01594656141788919,"IAT_Max":0.04993310525605921,"IAT_Min":0.0008727319909667131,"received_addresses":7,"max_pkt_from_sameId":20,"has_attacker":0}
{"received packets":246,"IAT_Mean":0.008089864608588344,"IAT_Std":0.006509931211291769,"IAT_Max":0.02999877444744925,"IAT_Min":0.00013959440184407867,"received_addresses":8,"max_pkt_from_sameId":66,"has_attacker":1}
{"received packets":160,"IAT_Mean":0.012272157687220897,"IAT_Std":0.012364338623427195,"IAT_Max":0.05869571337825619,"IAT_Min":0.00011469383389339782,"received_addresses":7,"max_pkt_from_sameId":63,"has_attacker":1}
{"received packets":74,"IAT_Mean":0.026534333520012788,"IAT_Std":0.015763603345031617,"IAT_Max":0.05870562250856892,"IAT_Min":0.00016023825446609408,"received_addresses":6,"max_pkt_from_sameId":20,"has_attacker":0}
{"received packets":226,"IAT_Mean":0.008787862886259393,"IAT_Std":0.006296455769654708,"IAT_Max":0.034056463176966648,"IAT_Min":0.00010921130888164043,"received_addresses":8,"max_pkt_from_sameId":132,"has_attacker":1}
{"received packets":211,"IAT_Mean":0.009433390718927664,"IAT_Std":0.007858127438641444,"IAT_Max":0.031797754902072487,"IAT_Min":0.00016300166680593975,"received_addresses":12,"max_pkt_from_sameId":42,"has_attacker":1}
{"received packets":193,"IAT_Mean":0.010313258984327766,"IAT_Std":0.006517641366520844,"IAT_Max":0.022243196286581225,"IAT_Min":0.00015893149975454435,"received_addresses":11,"max_pkt_from_sameId":29,"has_attacker":1}
{"received packets":219,"IAT_Mean":0.009112019407783915,"IAT_Std":0.00707201244455655,"IAT_Max":0.02671035036473768,"IAT_Min":0.00016300028437399305,"received_addresses":12,"max_pkt_from_sameId":22,"has_attacker":1}
{"received packets":257,"IAT_Mean":0.007764688548302991,"IAT_Std":0.006814755846554667,"IAT_Max":0.026712592869444053,"IAT_Min":0.00016300096103805117,"received_addresses":14,"max_pkt_from_sameId":56,"has_attacker":1}
{"received packets":316,"IAT_Mean":0.0063149513070923988,"IAT_Std":0.005158362805557698,"IAT_Max":0.02016576887399424,"IAT_Min":0.00010813628614414483,"received_addresses":11,"max_pkt_from_sameId":134,"has_attacker":1}
{"received packets":224,"IAT_Mean":0.008908623233375173,"IAT_Std":0.007744203929698616,"IAT_Max":0.02671977162390249,"IAT_Min":0.000107794206996914,"received_addresses":13,"max_pkt_from_sameId":22,"has_attacker":1}
{"received packets":196,"IAT_Mean":0.01018124785020648,"IAT_Std":0.00792972056822798,"IAT_Max":0.026719752491771943,"IAT_Min":0.00016418764425907284,"received_addresses":11,"max_pkt_from_sameId":20,"has_attacker":1}
{"received packets":220,"IAT_Mean":0.009070561408638737,"IAT_Std":0.007439372257150807,"IAT_Max":0.02672113613880356,"IAT_Min":0.0001630011247470975,"received_addresses":12,"max_pkt_from_sameId":20,"has_attacker":1}
{"received packets":201,"IAT_Mean":0.009928020275267714,"IAT_Std":0.0075526085317962,"IAT_Max":0.02671158837620169,"IAT_Min":0.0001630008264328353,"received_addresses":12,"max_pkt_from_sameId":20,"has_attacker":1}
{"received packets":262,"IAT_Mean":0.0076165416195521219,"IAT_Std":0.007040436487869854,"IAT_Max":0.026713585579273059,"IAT_Min":0.00015739674927317537,"received_addresses":16,"max_pkt_from_sameId":20,"has_attacker":1}
{"received packets":318,"IAT_Mean":0.006259228046382642,"IAT_Std":0.00544704536817932,"IAT_Max":0.031612300605047497,"IAT_Min":0.0001631715458643157,"received_addresses":16,"max_pkt_from_sameId":51,"has_attacker":1}
{"received packets":245,"IAT_Mean":0.008123967275664933,"IAT_Std":0.008157181441069108,"IAT_Max":0.03187812496616971,"IAT_Min":0.0001052594234352,"received_addresses":14,"max_pkt_from_sameId":20,"has_attacker":1}
{"received packets":226,"IAT_Mean":0.008806509370764921,"IAT_Std":0.008675052309725448,"IAT_Max":0.04264708478876855,"IAT_Min":0.00016300032802973874,"received_addresses":10,"max_pkt_from_sameId":101,"has_attacker":1}
{"received packets":300,"IAT_Mean":0.006633688449704398,"IAT_Std":0.00349501718861836,"IAT_Max":0.010163525465031853,"IAT_Min":0.00011397125490475446,"received_addresses":7,"max_pkt_from_sameId":190,"has_attacker":1}
{"received packets":151,"IAT_Mean":0.013165622929627476,"IAT_Std":0.010315662776969388,"IAT_Max":0.03422527521979646,"IAT_Min":0.00011260301471338607,"received_addresses":9,"max_pkt_from_sameId":20,"has_attacker":1}
{"received packets":155,"IAT_Mean":0.0128258772792657,"IAT_Std":0.008568824215774802,"IAT_Max":0.03334000351242139,"IAT_Min":0.0006781464144296479,"received_addresses":8,"max_pkt_from_sameId":20,"has_attacker":1}
{"received packets":128,"IAT_Mean":0.015465529209933493,"IAT_Std":0.010089480572728483,"IAT_Max":0.033340000627504199,"IAT_Min":0.002181700594519498,"received_addresses":8,"max_pkt_from_sameId":20,"has_attacker":0}
{"received packets":80,"IAT_Mean":0.024744908850971117,"IAT_Std":0.010687607688155418,"IAT_Max":0.034301182564377089,"IAT_Min":0.003622614312916994,"received_addresses":4,"max_pkt_from_sameId":20,"has_attacker":0}
{"received packets":90,"IAT_Mean":0.02199549877065389,"IAT_Std":0.010737577578818023,"IAT_Max":0.0343013084748236,"IAT_Min":0.003623843691457296,"received_addresses":5,"max_pkt_from_sameId":20,"has_attacker":0}
{"received packets":80,"IAT_Mean":0.024744944163694529,"IAT_Std":0.010687972801723432,"IAT_Max":0.03430481462783064,"IAT_Min":0.0036210684629622849,"received_addresses":4,"max_pkt_from_sameId":20,"has_attacker":0}
{"received packets":61,"IAT_Mean":0.03245241073926111,"IAT_Std":0.020326458793106587,"IAT_Max":0.05834127361231367,"IAT_Min":0.0036219545218045825,"received_addresses":4,"max_pkt_from_sameId":20,"has_attacker":0}
