{"received packets":20,"IAT_Mean":0.09940074720962003,"IAT_Std":0.002614146628857726,"IAT_Max":0.10001164061395684,"IAT_Min":0.08800596883156686,"received_addresses":1,"max_pkt_from_sameId":20,"has_attacker":0}
{"received packets":20,"IAT_Mean":0.09940064177080785,"IAT_Std":0.0026125342185764979,"IAT_Max":0.10001094638573704,"IAT_Min":0.0880128869357577,"received_addresses":1,"max_pkt_from_sameId":20,"has_attacker":0}
{"received packets":20,"IAT_Mean":0.09940055174683948,"IAT_Std":0.002612993906203186,"IAT_Max":0.10001096219275496,"IAT_Min":0.08801079317709082,"received_addresses":1,"max_pkt_from_sameId":20,"has_attacker":0}
{"received packets":40,"IAT_Mean":0.049700235100590368,"IAT_Std":0.0413232781752135,"IAT_Max":0.09159146945239627,"IAT_Min":0.008407512312260224,"received_addresses":2,"max_pkt_from_sameId":20,"has_attacker":0}
{"received packets":90,"IAT_Mean":0.022172491065470647,"IAT_Std":0.02525775257972974,"IAT_Max":0.09158512628346216,"IAT_Min":0.00197020535779302,"received_addresses":7,"max_pkt_from_sameId":20,"has_attacker":0}
{"received packets":171,"IAT_Mean":0.01166978135859619,"IAT_Std":0.009179714265958697,"IAT_Max":0.02670478071377147,"IAT_Min":0.00016300165952998213,"received_addresses":9,"max_pkt_from_sameId":20,"has_attacker":1}
{"received packets":192,"IAT_Mean":0.010310373917377547,"IAT_Std":0.009803089537494205,"IAT_Max":0.04264364893970196,"IAT_Min":0.00015101471581147052,"received_addresses":10,"max_pkt_from_sameId":35,"has_attacker":1}
{"received packets":291,"IAT_Mean":0.0068394206204881479,"IAT_Std":0.007297612946836067,"IAT_Max":0.024024627677135869,"IAT_Min":0.00011818200800917111,"received_addresses":7,"max_pkt_from_sameId":102,"has_attacker":1}
{"received packets":86,"IAT_Mean":0.023018537884169304,"IAT_Std":0.014662171345397183,"IAT_Max":0.042659443821321477,"IAT_Min":0.00010640055916155688,"received_addresses":7,"max_pkt_from_sameId":20,"has_attacker":1}
{"received packets":211,"IAT_Mean":0.009432570645572554,"IAT_Std":0.010323110062881525,"IAT_Max":0.04264780275843805,"IAT_Min":0.00015948162763379514,"received_addresses":8,"max_pkt_from_sameId":99,"has_attacker":1}
