{"received packets":480,"IAT_Mean":0.004163578883291544,"IAT_Std":0.0032520791174288894,"IAT_Max":0.011642018536804244,"IAT_Min":0.00016300007337122224,"received_addresses":24,"max_pkt_from_sameId":20,"has_attacker":0}
{"received packets":480,"IAT_Mean":0.004163563509647853,"IAT_Std":0.003252315444355823,"IAT_Max":0.01164202016298077,"IAT_Min":0.00016300008792313747,"received_addresses":24,"max_pkt_from_sameId":20,"has_attacker":0}
{"received packets":510,"IAT_Mean":0.003918651897594614,"IAT_Std":0.0032194003572536507,"IAT_Max":0.01164202236031997,"IAT_Min":0.0001630001606827136,"received_addresses":27,"max_pkt_from_sameId":20,"has_attacker":0}
{"received packets":550,"IAT_Mean":0.003633662426139133,"IAT_Std":0.003056327867649924,"IAT_Max":0.011629013944912004,"IAT_Min":0.0001630004080652725,"received_addresses":29,"max_pkt_from_sameId":20,"has_attacker":0}
{"received packets":590,"IAT_Mean":0.0033873082172141365,"IAT_Std":0.002847794402993379,"IAT_Max":0.010017319884354948,"IAT_Min":0.00016300127026624978,"received_addresses":30,"max_pkt_from_sameId":20,"has_attacker":0}
{"received packets":520,"IAT_Mean":0.003843299500588798,"IAT_Std":0.003229935179795965,"IAT_Max":0.011642003843007842,"IAT_Min":0.00016300380593747832,"received_addresses":26,"max_pkt_from_sameId":20,"has_attacker":0}
{"received packets":550,"IAT_Mean":0.003633673530857777,"IAT_Std":0.003227463739593713,"IAT_Max":0.011642005305475323,"IAT_Min":0.00016303104712278582,"received_addresses":28,"max_pkt_from_sameId":20,"has_attacker":0}
{"received packets":964,"IAT_Mean":0.0020746214217243388,"IAT_Std":0.002267043957432704,"IAT_Max":0.011642004446912324,"IAT_Min":0.00016300172865157947,"received_addresses":27,"max_pkt_from_sameId":108,"has_attacker":1}
{"received packets":1394,"IAT_Mean":0.0014346805421946048,"IAT_Std":0.001186256461596845,"IAT_Max":0.00410397129599005,"IAT_Min":0.00016300119750667363,"received_addresses":26,"max_pkt_from_sameId":200,"has_attacker":1}
{"received packets":588,"IAT_Mean":0.0033988456364005246,"IAT_Std":0.0035617517702715725,"IAT_Max":0.013633752616442507,"IAT_Min":0.00010778531941468827,"received_addresses":23,"max_pkt_from_sameId":123,"has_attacker":1}
{"received packets":521,"IAT_Mean":0.0038359197154820467,"IAT_Std":0.0038440295689280638,"IAT_Max":0.016570006089750679,"IAT_Min":0.00015057171185617335,"received_addresses":19,"max_pkt_from_sameId":92,"has_attacker":1}
{"received packets":387,"IAT_Mean":0.005164123049260205,"IAT_Std":0.003995354930914126,"IAT_Max":0.016557006780203666,"IAT_Min":0.0001560165183036588,"received_addresses":18,"max_pkt_from_sameId":137,"has_attacker":1}
{"received packets":384,"IAT_Mean":0.005204480302855548,"IAT_Std":0.003660819488352364,"IAT_Max":0.013144005995854969,"IAT_Min":0.00010862248745979741,"received_addresses":14,"max_pkt_from_sameId":179,"has_attacker":1}
