{"received packets":20,"IAT_Mean":0.09921731552676647,"IAT_Std":0.003410266526184926,"IAT_Max":0.10000591380958213,"IAT_Min":0.08435233386626351,"received_addresses":1,"max_pkt_from_sameId":20,"has_attacker":0}
{"received packets":60,"IAT_Mean":0.033072389354371508,"IAT_Std":0.032626049913617619,"IAT_Max":0.09358312302720151,"IAT_Min":0.002736999922490213,"received_addresses":4,"max_pkt_from_sameId":20,"has_attacker":0}
{"received packets":30,"IAT_Mean":0.06614472475096894,"IAT_Std":0.026409647381782879,"IAT_Max":0.1000104889026261,"IAT_Min":0.03407559110200964,"received_addresses":2,"max_pkt_from_sameId":20,"has_attacker":0}
{"received packets":40,"IAT_Mean":0.04960878529218462,"IAT_Std":0.0238128706840869,"IAT_Max":0.08325114708713955,"IAT_Min":0.01675852346670581,"received_addresses":3,"max_pkt_from_sameId":20,"has_attacker":0}
{"received packets":70,"IAT_Mean":0.028050653711086075,"IAT_Std":0.016215532562911845,"IAT_Max":0.05870001744187903,"IAT_Min":0.0016581659074290656,"received_addresses":6,"max_pkt_from_sameId":20,"has_attacker":0}
{"received packets":80,"IAT_Mean":0.02454427584402765,"IAT_Std":0.014125198207447827,"IAT_Max":0.058707694508484568,"IAT_Min":0.00916907430291758,"received_addresses":5,"max_pkt_from_sameId":20,"has_attacker":0}
{"received packets":89,"IAT_Mean":0.022381355214297965,"IAT_Std":0.009287220932120328,"IAT_Max":0.04488767917791847,"IAT_Min":0.013807597544655437,"received_addresses":6,"max_pkt_from_sameId":20,"has_attacker":0}
{"received packets":210,"IAT_Mean":0.009510827528373782,"IAT_Std":0.006569473307158239,"IAT_Max":0.02840778139216127,"IAT_Min":0.0010044767841463909,"received_addresses":6,"max_pkt_from_sameId":110,"has_attacker":1}
{"received packets":330,"IAT_Mean":0.006052356032468555,"IAT_Std":0.002940288182841958,"IAT_Max":0.01001194208583911,"IAT_Min":0.001008195242320653,"received_addresses":8,"max_pkt_from_sameId":200,"has_attacker":1}
{"received packets":202,"IAT_Mean":0.009802539788549916,"IAT_Std":0.008594375251191226,"IAT_Max":0.0465645258409495,"IAT_Min":0.00015659474593121558,"received_addresses":10,"max_pkt_from_sameId":49,"has_attacker":1}
{"received packets":174,"IAT_Mean":0.011414116449748104,"IAT_Std":0.008677359894804166,"IAT_Max":0.03618444304083823,"IAT_Min":0.00011111955609521829,"received_addresses":9,"max_pkt_from_sameId":67,"has_attacker":1}
{"received packets":101,"IAT_Mean":0.019664006580137316,"IAT_Std":0.006248785726785404,"IAT_Max":0.03618147653105552,"IAT_Min":0.000163297590916045,"received_addresses":7,"max_pkt_from_sameId":20,"has_attacker":0}
{"received packets":200,"IAT_Mean":0.009950534352465185,"IAT_Std":0.006088303911600263,"IAT_Max":0.036177260601107267,"IAT_Min":0.00015720196824986488,"received_addresses":6,"max_pkt_from_sameId":113,"has_attacker":1}
{"received packets":186,"IAT_Mean":0.010699524813389872,"IAT_Std":0.006195701310709716,"IAT_Max":0.040010571563470879,"IAT_Min":0.00015851884381845593,"received_addresses":5,"max_pkt_from_sameId":71,"has_attacker":1}
{"received packets":170,"IAT_Mean":0.011707463023648255,"IAT_Std":0.005593061446261504,"IAT_Max":0.024029926153161797,"IAT_Min":0.00015902235463727266,"received_addresses":5,"max_pkt_from_sameId":91,"has_attacker":1}
{"received packets":80,"IAT_Mean":0.02454416003984079,"IAT_Std":0.013028202546709183,"IAT_Max":0.046729717891139447,"IAT_Min":0.010269005819282029,"received_addresses":5,"max_pkt_from_sameId":20,"has_attacker":0}
{"received packets":160,"IAT_Mean":0.012438234839669349,"IAT_Std":0.01092507132932871,"IAT_Max":0.05870403266817448,"IAT_Min":0.002126046849298291,"received_addresses":5,"max_pkt_from_sameId":84,"has_attacker":1}
{"received packets":377,"IAT_Mean":0.005293168772559101,"IAT_Std":0.004171262392855505,"IAT_Max":0.019995050206489397,"IAT_Min":0.000108009968244005,"received_addresses":8,"max_pkt_from_sameId":172,"has_attacker":1}
{"received packets":187,"IAT_Mean":0.01067129203188342,"IAT_Std":0.005302809811482782,"IAT_Max":0.026704192747274648,"IAT_Min":0.00010766788909677416,"received_addresses":8,"max_pkt_from_sameId":85,"has_attacker":1}
{"received packets":152,"IAT_Mean":0.013128451952692749,"IAT_Std":0.007145242255232307,"IAT_Max":0.026704176321800334,"IAT_Min":0.0006741314318787772,"received_addresses":7,"max_pkt_from_sameId":51,"has_attacker":1}
{"received packets":130,"IAT_Mean":0.01535018180419194,"IAT_Std":0.006923140129151015,"IAT_Max":0.024740252702031286,"IAT_Min":0.001957000047696056,"received_addresses":7,"max_pkt_from_sameId":20,"has_attacker":0}
{"received packets":270,"IAT_Mean":0.00739086000266306,"IAT_Std":0.005642289507500765,"IAT_Max":0.026704120387876175,"IAT_Min":0.00016300058632623404,"received_addresses":10,"max_pkt_from_sameId":99,"has_attacker":1}
{"received packets":200,"IAT_Mean":0.00997767014474448,"IAT_Std":0.006661439589032327,"IAT_Max":0.02671332107638591,"IAT_Min":0.00016302172298310325,"received_addresses":10,"max_pkt_from_sameId":35,"has_attacker":1}
{"received packets":209,"IAT_Mean":0.009522043890866332,"IAT_Std":0.005892653719209547,"IAT_Max":0.021967552111163969,"IAT_Min":0.0002749061823124066,"received_addresses":7,"max_pkt_from_sameId":99,"has_attacker":1}
{"received packets":243,"IAT_Mean":0.008190831160263845,"IAT_Std":0.00816056547218906,"IAT_Max":0.03187812523174216,"IAT_Min":0.0002683456514205318,"received_addresses":14,"max_pkt_from_sameId":20,"has_attacker":1}
{"received packets":268,"IAT_Mean":0.007427042525420409,"IAT_Std":0.0076087821533095049,"IAT_Max":0.03187112596424413,"IAT_Min":0.000163001492182957,"received_addresses":16,"max_pkt_from_sameId":62,"has_attacker":1}
{"received packets":279,"IAT_Mean":0.007132997701493656,"IAT_Std":0.0034910157129505595,"IAT_Max":0.011324283739668318,"IAT_Min":0.0005141478795849253,"received_addresses":6,"max_pkt_from_sameId":189,"has_attacker":1}
{"received packets":138,"IAT_Mean":0.014405859201677073,"IAT_Std":0.01079866590419281,"IAT_Max":0.03422519065497909,"IAT_Min":0.00011242682376177981,"received_addresses":7,"max_pkt_from_sameId":34,"has_attacker":1}
{"received packets":135,"IAT_Mean":0.014726002351515624,"IAT_Std":0.01060779514919981,"IAT_Max":0.03423600081441691,"IAT_Min":0.0005150130928086583,"received_addresses":6,"max_pkt_from_sameId":35,"has_attacker":1}
{"received packets":90,"IAT_Mean":0.022088958961345878,"IAT_Std":0.0162594245739686,"IAT_Max":0.05081670230356394,"IAT_Min":0.006533707542985212,"received_addresses":5,"max_pkt_from_sameId":20,"has_attacker":0}
{"received packets":256,"IAT_Mean":0.007773848670467487,"IAT_Std":0.005189361860443708,"IAT_Max":0.022242310926230858,"IAT_Min":0.0005140005632711109,"received_addresses":5,"max_pkt_from_sameId":176,"has_attacker":1}
{"received packets":175,"IAT_Mean":0.011360041191489602,"IAT_Std":0.012014457151464566,"IAT_Max":0.05082146507629659,"IAT_Min":0.00010925963943009265,"received_addresses":5,"max_pkt_from_sameId":95,"has_attacker":1}
{"received packets":100,"IAT_Mean":0.01988008200758486,"IAT_Std":0.014801165614644783,"IAT_Max":0.04167577636690112,"IAT_Min":0.00653301548663876,"received_addresses":5,"max_pkt_from_sameId":20,"has_attacker":0}
{"received packets":89,"IAT_Mean":0.022337254561258878,"IAT_Std":0.01271873007571137,"IAT_Max":0.041679922684124907,"IAT_Min":0.008418002416874515,"received_addresses":5,"max_pkt_from_sameId":20,"has_attacker":0}
{"received packets":176,"IAT_Mean":0.011307443537506597,"IAT_Std":0.009265118434443103,"IAT_Max":0.04168127532102517,"IAT_Min":0.00124576023517875,"received_addresses":6,"max_pkt_from_sameId":86,"has_attacker":1}
{"received packets":279,"IAT_Mean":0.007133035613953071,"IAT_Std":0.005093420489582586,"IAT_Max":0.020008119216072374,"IAT_Min":0.00011406260091462173,"received_addresses":6,"max_pkt_from_sameId":180,"has_attacker":1}
{"received packets":105,"IAT_Mean":0.018933486388414169,"IAT_Std":0.0164728543440552,"IAT_Max":0.05009369329127367,"IAT_Min":0.00010793629189720377,"received_addresses":6,"max_pkt_from_sameId":20,"has_attacker":1}
