{"received packets":240,"IAT_Mean":0.008333302997092082,"IAT_Std":0.0094139298026658,"IAT_Max":0.036251005600206557,"IAT_Min":0.0006960071150388103,"received_addresses":12,"max_pkt_from_sameId":20,"has_attacker":0}
{"received packets":239,"IAT_Mean":0.008359696339623088,"IAT_Std":0.009373875445450967,"IAT_Max":0.03625101046054624,"IAT_Min":0.0006960071186767891,"received_addresses":13,"max_pkt_from_sameId":20,"has_attacker":0}
{"received packets":192,"IAT_Mean":0.010416620176916544,"IAT_Std":0.010736845537165266,"IAT_Max":0.03973511600270285,"IAT_Min":0.000002447526640025899,"received_addresses":11,"max_pkt_from_sameId":21,"has_attacker":0}
