{"received packets":320,"IAT_Mean":0.006249980055076776,"IAT_Std":0.008471622611520867,"IAT_Max":0.03625100812132587,"IAT_Min":0.00016079458873718977,"received_addresses":16,"max_pkt_from_sameId":20,"has_attacker":0}
{"received packets":309,"IAT_Mean":0.006465916995102375,"IAT_Std":0.008684003155395212,"IAT_Max":0.03625101369107142,"IAT_Min":0.00016169466107385233,"received_addresses":16,"max_pkt_from_sameId":20,"has_attacker":0}
{"received packets":252,"IAT_Mean":0.007936476261261667,"IAT_Std":0.010208059496052982,"IAT_Max":0.03973512693119119,"IAT_Min":0.0000033579199225641789,"received_addresses":14,"max_pkt_from_sameId":21,"has_attacker":0}
{"received packets":529,"IAT_Mean":0.003777911106209191,"IAT_Std":0.0034426645420217118,"IAT_Max":0.02223348297411576,"IAT_Min":0.0001630019032745622,"received_addresses":35,"max_pkt_from_sameId":20,"has_attacker":0}
{"received packets":600,"IAT_Mean":0.0033308542003214825,"IAT_Std":0.0032978257157337757,"IAT_Max":0.01151912906425423,"IAT_Min":0.00016300001516356133,"received_addresses":31,"max_pkt_from_sameId":20,"has_attacker":0}
{"received packets":131,"IAT_Mean":0.015151984230666297,"IAT_Std":0.01972266525946779,"IAT_Max":0.061840718997700609,"IAT_Min":0.00047662233555456623,"received_addresses":9,"max_pkt_from_sameId":20,"has_attacker":0}
{"received packets":60,"IAT_Mean":0.0327351598200039,"IAT_Std":0.031148188615503577,"IAT_Max":0.08264375586804818,"IAT_Min":0.005553161579882726,"received_addresses":4,"max_pkt_from_sameId":20,"has_attacker":0}
{"received packets":126,"IAT_Mean":0.015847190054248333,"IAT_Std":0.020112536493664305,"IAT_Max":0.08264675294412882,"IAT_Min":0.0025030011056514924,"received_addresses":2,"max_pkt_from_sameId":106,"has_attacker":1}
{"received packets":220,"IAT_Mean":0.009076100083852495,"IAT_Std":0.002205479344108822,"IAT_Max":0.010010710971982917,"IAT_Min":0.002490001068508718,"received_addresses":2,"max_pkt_from_sameId":200,"has_attacker":1}
{"received packets":1,"IAT_Mean":2.0,"IAT_Std":0.0,"IAT_Max":2.0,"IAT_Min":2.0,"received_addresses":1,"max_pkt_from_sameId":1,"has_attacker":0}
{"received packets":10,"IAT_Mean":0.19860561117930049,"IAT_Std":0.2958171751920444,"IAT_Max":1.0860571366065415,"IAT_Min":0.09999312721265597,"received_addresses":1,"max_pkt_from_sameId":10,"has_attacker":0}
{"received packets":20,"IAT_Mean":0.09689624383845512,"IAT_Std":0.013528958257654446,"IAT_Max":0.1000106456267531,"IAT_Min":0.037924885382381038,"received_addresses":1,"max_pkt_from_sameId":20,"has_attacker":0}
{"received packets":77,"IAT_Mean":0.02550049319490261,"IAT_Std":0.0200421550317152,"IAT_Max":0.07438740613724804,"IAT_Min":0.0021843655631528238,"received_addresses":3,"max_pkt_from_sameId":37,"has_attacker":1}
{"received packets":157,"IAT_Mean":0.01267585550471221,"IAT_Std":0.009331528392655987,"IAT_Max":0.03782097320436151,"IAT_Min":0.001970096658624243,"received_addresses":5,"max_pkt_from_sameId":87,"has_attacker":1}
{"received packets":278,"IAT_Mean":0.007178172263004415,"IAT_Std":0.0072116814046576638,"IAT_Max":0.026704193114710507,"IAT_Min":0.00015126471043913625,"received_addresses":8,"max_pkt_from_sameId":85,"has_attacker":1}
{"received packets":213,"IAT_Mean":0.009368661451353632,"IAT_Std":0.00796713565230951,"IAT_Max":0.026710434449341848,"IAT_Min":0.00015126700600376353,"received_addresses":8,"max_pkt_from_sameId":51,"has_attacker":1}
{"received packets":150,"IAT_Mean":0.013303491605377834,"IAT_Std":0.007254085095392354,"IAT_Max":0.024740253826166737,"IAT_Min":0.001956999916728819,"received_addresses":8,"max_pkt_from_sameId":20,"has_attacker":0}
{"received packets":151,"IAT_Mean":0.013215445174985189,"IAT_Std":0.006468886051088763,"IAT_Max":0.026704258038080299,"IAT_Min":0.0019570003933040427,"received_addresses":8,"max_pkt_from_sameId":20,"has_attacker":1}
