{"received packets":230,"IAT_Mean":0.00866061463341833,"IAT_Std":0.008095407050615046,"IAT_Max":0.03031043593364302,"IAT_Min":0.00016303681695717387,"received_addresses":13,"max_pkt_from_sameId":20,"has_attacker":0}
{"received packets":290,"IAT_Mean":0.00686873722125742,"IAT_Std":0.00711760582697982,"IAT_Max":0.030310527221445228,"IAT_Min":0.00016303102165693417,"received_addresses":16,"max_pkt_from_sameId":20,"has_attacker":0}
{"received packets":220,"IAT_Mean":0.00905425251583603,"IAT_Std":0.007489054669761479,"IAT_Max":0.026507843293074985,"IAT_Min":0.001346000502962852,"received_addresses":14,"max_pkt_from_sameId":20,"has_attacker":0}
{"received packets":180,"IAT_Mean":0.011066308628930226,"IAT_Std":0.009117871327348383,"IAT_Max":0.03031303548050346,"IAT_Min":0.0009820873092394323,"received_addresses":11,"max_pkt_from_sameId":20,"has_attacker":0}
{"received packets":160,"IAT_Mean":0.012490704551305498,"IAT_Std":0.009314720953901502,"IAT_Max":0.030307228091260187,"IAT_Min":0.0016580002011323814,"received_addresses":10,"max_pkt_from_sameId":20,"has_attacker":0}
{"received packets":129,"IAT_Mean":0.015441407500164964,"IAT_Std":0.008383807103701787,"IAT_Max":0.02839900034450693,"IAT_Min":0.0015778980014147238,"received_addresses":9,"max_pkt_from_sameId":20,"has_attacker":0}
{"received packets":111,"IAT_Mean":0.017945406664440019,"IAT_Std":0.00679552697873228,"IAT_Max":0.030312816488731188,"IAT_Min":0.005417691529146396,"received_addresses":7,"max_pkt_from_sameId":20,"has_attacker":0}
{"received packets":140,"IAT_Mean":0.014228073436294965,"IAT_Std":0.009085447810289534,"IAT_Max":0.030304402604087956,"IAT_Min":0.0013463463619700634,"received_addresses":9,"max_pkt_from_sameId":20,"has_attacker":0}
{"received packets":140,"IAT_Mean":0.014228110044184308,"IAT_Std":0.00974452303987411,"IAT_Max":0.030312676175526577,"IAT_Min":0.0006703906037728302,"received_addresses":9,"max_pkt_from_sameId":20,"has_attacker":0}
{"received packets":244,"IAT_Mean":0.008156847121083912,"IAT_Std":0.008333418688398698,"IAT_Max":0.02984300026218989,"IAT_Min":0.00010640602704370394,"received_addresses":9,"max_pkt_from_sameId":71,"has_attacker":1}
