{"received packets":141,"IAT_Mean":0.014117802162759968,"IAT_Std":0.009823574905281988,"IAT_Max":0.046260879422334259,"IAT_Min":0.00016324963144143112,"received_addresses":7,"max_pkt_from_sameId":42,"has_attacker":1}
{"received packets":187,"IAT_Mean":0.010644170088043099,"IAT_Std":0.008691438378365268,"IAT_Max":0.04342433809870272,"IAT_Min":0.00018906034893007018,"received_addresses":5,"max_pkt_from_sameId":100,"has_attacker":1}
{"received packets":240,"IAT_Mean":0.00829361110222635,"IAT_Std":0.004605324742140145,"IAT_Max":0.019739171431865544,"IAT_Min":0.0002670001267688349,"received_addresses":4,"max_pkt_from_sameId":180,"has_attacker":1}
{"received packets":154,"IAT_Mean":0.012925140497284335,"IAT_Std":0.011054582221958223,"IAT_Max":0.05383280856767669,"IAT_Min":0.00016331908773281612,"received_addresses":5,"max_pkt_from_sameId":93,"has_attacker":1}
{"received packets":148,"IAT_Mean":0.013448954135079426,"IAT_Std":0.012862776636362436,"IAT_Max":0.05653502956192824,"IAT_Min":0.00016303244410664774,"received_addresses":7,"max_pkt_from_sameId":48,"has_attacker":1}
{"received packets":156,"IAT_Mean":0.012759350315462097,"IAT_Std":0.010240877416940004,"IAT_Max":0.03999555349946604,"IAT_Min":0.0001629715297895018,"received_addresses":6,"max_pkt_from_sameId":50,"has_attacker":1}
{"received packets":154,"IAT_Mean":0.012924521163472787,"IAT_Std":0.015610014141753944,"IAT_Max":0.049739329781004929,"IAT_Min":0.00016301214418490417,"received_addresses":8,"max_pkt_from_sameId":22,"has_attacker":1}
{"received packets":237,"IAT_Mean":0.008398620639411308,"IAT_Std":0.010763082453597179,"IAT_Max":0.05211615040752804,"IAT_Min":0.0001630009755899664,"received_addresses":11,"max_pkt_from_sameId":86,"has_attacker":1}
{"received packets":288,"IAT_Mean":0.00691122885511201,"IAT_Std":0.006435171230744712,"IAT_Max":0.02983918139943853,"IAT_Min":0.00016300187053275295,"received_addresses":8,"max_pkt_from_sameId":166,"has_attacker":1}
{"received packets":216,"IAT_Mean":0.009215727063174537,"IAT_Std":0.01067079742430008,"IAT_Max":0.03983793971201521,"IAT_Min":0.00016301732102874666,"received_addresses":11,"max_pkt_from_sameId":51,"has_attacker":1}
{"received packets":171,"IAT_Mean":0.011639626622563385,"IAT_Std":0.013325567913850185,"IAT_Max":0.0523640278588573,"IAT_Min":0.00017613307136343792,"received_addresses":10,"max_pkt_from_sameId":32,"has_attacker":1}
{"received packets":200,"IAT_Mean":0.009951859253324074,"IAT_Std":0.010953326689377419,"IAT_Max":0.03990862039063359,"IAT_Min":0.00016304430391755886,"received_addresses":10,"max_pkt_from_sameId":20,"has_attacker":1}
{"received packets":327,"IAT_Mean":0.0060869878948115589,"IAT_Std":0.004847826201804582,"IAT_Max":0.030110807332675905,"IAT_Min":0.00016300076094921678,"received_addresses":10,"max_pkt_from_sameId":170,"has_attacker":1}
{"received packets":304,"IAT_Mean":0.006546411849393208,"IAT_Std":0.008030651721261474,"IAT_Max":0.05188291916419985,"IAT_Min":0.0001110428202082403,"received_addresses":12,"max_pkt_from_sameId":98,"has_attacker":1}
{"received packets":272,"IAT_Mean":0.007316579715894905,"IAT_Std":0.009695073103287239,"IAT_Max":0.051856995989510327,"IAT_Min":0.0001630172882869374,"received_addresses":12,"max_pkt_from_sameId":38,"has_attacker":1}
{"received packets":175,"IAT_Mean":0.011373551369470079,"IAT_Std":0.012317462989864425,"IAT_Max":0.05211466963010025,"IAT_Min":0.0009950529201887549,"received_addresses":10,"max_pkt_from_sameId":20,"has_attacker":0}
{"received packets":270,"IAT_Mean":0.007372025575252203,"IAT_Std":0.007754022443073446,"IAT_Max":0.04006675651544356,"IAT_Min":0.00016304430391755886,"received_addresses":11,"max_pkt_from_sameId":106,"has_attacker":1}
{"received packets":366,"IAT_Mean":0.00543844770735597,"IAT_Std":0.003464266255490941,"IAT_Max":0.01016266808801447,"IAT_Min":0.00011290653492324054,"received_addresses":10,"max_pkt_from_sameId":200,"has_attacker":1}
{"received packets":224,"IAT_Mean":0.008885987722562408,"IAT_Std":0.010698784555331721,"IAT_Max":0.052030880044185327,"IAT_Min":0.00011186210758751258,"received_addresses":11,"max_pkt_from_sameId":39,"has_attacker":1}
{"received packets":219,"IAT_Mean":0.00908844840987139,"IAT_Std":0.011523744788125295,"IAT_Max":0.05204205082918634,"IAT_Min":0.00016301034702337347,"received_addresses":12,"max_pkt_from_sameId":20,"has_attacker":1}
{"received packets":210,"IAT_Mean":0.009477973199578369,"IAT_Std":0.014028879453828788,"IAT_Max":0.05210887971770717,"IAT_Min":0.00010887917596846819,"received_addresses":12,"max_pkt_from_sameId":20,"has_attacker":1}
{"received packets":336,"IAT_Mean":0.005924019642472038,"IAT_Std":0.004119395469060183,"IAT_Max":0.04247739218044444,"IAT_Min":0.00016331977167283185,"received_addresses":9,"max_pkt_from_sameId":176,"has_attacker":1}
{"received packets":294,"IAT_Mean":0.00678749964213641,"IAT_Std":0.00642224690553287,"IAT_Max":0.034581536296173,"IAT_Min":0.00011777568579418585,"received_addresses":13,"max_pkt_from_sameId":94,"has_attacker":1}
{"received packets":227,"IAT_Mean":0.008790863276207215,"IAT_Std":0.009456987357340824,"IAT_Max":0.04695144049037481,"IAT_Min":0.00016332607992808335,"received_addresses":12,"max_pkt_from_sameId":40,"has_attacker":1}
{"received packets":180,"IAT_Mean":0.011086299947116156,"IAT_Std":0.01344703008123018,"IAT_Max":0.04695806589734275,"IAT_Min":0.0009951753891073168,"received_addresses":9,"max_pkt_from_sameId":20,"has_attacker":0}
{"received packets":245,"IAT_Mean":0.008144997918951012,"IAT_Std":0.009190707241490097,"IAT_Max":0.0469577888979984,"IAT_Min":0.0002023197703238111,"received_addresses":9,"max_pkt_from_sameId":85,"has_attacker":1}
{"received packets":342,"IAT_Mean":0.005834868034890483,"IAT_Std":0.003443635343436739,"IAT_Max":0.01330335698730778,"IAT_Min":0.00010751178706414066,"received_addresses":9,"max_pkt_from_sameId":182,"has_attacker":1}
{"received packets":158,"IAT_Mean":0.01259778950156079,"IAT_Std":0.014332447557592804,"IAT_Max":0.05204694750136696,"IAT_Min":0.00010791187014547177,"received_addresses":10,"max_pkt_from_sameId":20,"has_attacker":1}
