{"received packets":470,"IAT_Mean":0.004252165664977238,"IAT_Std":0.004010604047161523,"IAT_Max":0.017343064322631109,"IAT_Min":0.00016300132119795308,"received_addresses":24,"max_pkt_from_sameId":20,"has_attacker":0}
{"received packets":480,"IAT_Mean":0.004163563502659903,"IAT_Std":0.0040031574801158609,"IAT_Max":0.017350816207908794,"IAT_Min":0.00016300065180985257,"received_addresses":24,"max_pkt_from_sameId":20,"has_attacker":0}
{"received packets":500,"IAT_Mean":0.003997024923024583,"IAT_Std":0.003724951173501459,"IAT_Max":0.017350637674098836,"IAT_Min":0.0001630002589081414,"received_addresses":27,"max_pkt_from_sameId":20,"has_attacker":0}
{"received packets":550,"IAT_Mean":0.0036336624376285314,"IAT_Std":0.003240976521039229,"IAT_Max":0.013300375703693135,"IAT_Min":0.00016300000788760372,"received_addresses":29,"max_pkt_from_sameId":20,"has_attacker":0}
{"received packets":570,"IAT_Mean":0.003506161163928929,"IAT_Std":0.0030524512467341015,"IAT_Max":0.010544166620093165,"IAT_Min":0.00016300003335345536,"received_addresses":30,"max_pkt_from_sameId":20,"has_attacker":0}
{"received packets":520,"IAT_Mean":0.003843299534554927,"IAT_Std":0.0034407392851994488,"IAT_Max":0.01330022649563034,"IAT_Min":0.00016300111019518226,"received_addresses":26,"max_pkt_from_sameId":20,"has_attacker":0}
{"received packets":550,"IAT_Mean":0.003633673549437927,"IAT_Std":0.0034272686652783437,"IAT_Max":0.013300348869961454,"IAT_Min":0.00016302322910632938,"received_addresses":28,"max_pkt_from_sameId":20,"has_attacker":0}
{"received packets":964,"IAT_Mean":0.0020746214104367928,"IAT_Std":0.0023610160610846038,"IAT_Max":0.013300424932822353,"IAT_Min":0.0001630000515433494,"received_addresses":27,"max_pkt_from_sameId":108,"has_attacker":1}
{"received packets":1394,"IAT_Mean":0.0014346805345637224,"IAT_Std":0.0012182249018817386,"IAT_Max":0.004103998111531837,"IAT_Min":0.0001630000006116461,"received_addresses":26,"max_pkt_from_sameId":200,"has_attacker":1}
{"received packets":592,"IAT_Mean":0.0033758805097686246,"IAT_Std":0.003556720626747857,"IAT_Max":0.01363375163055025,"IAT_Min":0.00015272580640157685,"received_addresses":22,"max_pkt_from_sameId":118,"has_attacker":1}
{"received packets":465,"IAT_Mean":0.0042978800316006379,"IAT_Std":0.004410073230693866,"IAT_Max":0.01657000564955524,"IAT_Min":0.00015057213022373617,"received_addresses":18,"max_pkt_from_sameId":90,"has_attacker":1}
{"received packets":257,"IAT_Mean":0.007776325591248147,"IAT_Std":0.006140067390431575,"IAT_Max":0.020377333927172005,"IAT_Min":0.00016314908862113953,"received_addresses":17,"max_pkt_from_sameId":20,"has_attacker":1}
