{"sendtime":25270.02980934511,"rcvtime":25270.02992709259,"senderID":418,"messageID":4894820,"position":[5729.784004102793,4750.3969178989659,0.0],"speed":[-11.219094713299418,-0.6684998746515514,0.0],"heading":-0.23675403706726576,"ddostype":0,"msgtype":0}
{"sendtime":25270.085733312593,"rcvtime":25270.08584167688,"senderID":394,"messageID":4899132,"position":[5924.726622692456,4806.731332278737,0.0],"speed":[9.23668525607728,5.467658453936969,0.0],"heading":-0.23675403706726576,"ddostype":0,"msgtype":0}
{"sendtime":25270.129809345108,"rcvtime":25270.129918870498,"senderID":418,"messageID":4901833,"position":[5729.784004102793,4750.3969178989659,0.0],"speed":[-11.219094713299418,-0.6684998746515514,0.0],"heading":-0.23675403706726576,"ddostype":0,"msgtype":0}
{"sendtime":25270.18573331259,"rcvtime":25270.185846454788,"senderID":394,"messageID":4906139,"position":[5924.726622692456,4806.731332278737,0.0],"speed":[9.23668525607728,5.467658453936969,0.0],"heading":-0.23675403706726576,"ddostype":0,"msgtype":0}
{"sendtime":25270.229809345106,"rcvtime":25270.229923648407,"senderID":418,"messageID":4908845,"position":[5729.784004102793,4750.3969178989659,0.0],"speed":[-11.219094713299418,-0.6684998746515514,0.0],"heading":-0.23675403706726576,"ddostype":0,"msgtype":0}
{"sendtime":25270.28573331259,"rcvtime":25270.285851232697,"senderID":394,"messageID":4913168,"position":[5924.726622692456,4806.731332278737,0.0],"speed":[9.23668525607728,5.467658453936969,0.0],"heading":-0.23675403706726576,"ddostype":0,"msgtype":0}
{"sendtime":25270.32980934511,"rcvtime":25270.329915426315,"senderID":418,"messageID":4915870,"position":[5729.784004102793,4750.3969178989659,0.0],"speed":[-11.219094713299418,-0.6684998746515514,0.0],"heading":-0.23675403706726576,"ddostype":0,"msgtype":0}
{"sendtime":25270.385733312592,"rcvtime":25270.3858430106,"senderID":394,"messageID":4920171,"position":[5924.726622692456,4806.731332278737,0.0],"speed":[9.23668525607728,5.467658453936969,0.0],"heading":-0.23675403706726576,"ddostype":0,"msgtype":0}
{"sendtime":25270.429809345107,"rcvtime":25270.429920204224,"senderID":418,"messageID":4922877,"position":[5729.784004102793,4750.3969178989659,0.0],"speed":[-11.219094713299418,-0.6684998746515514,0.0],"heading":-0.23675403706726576,"ddostype":0,"msgtype":0}
{"sendtime":25270.48573331259,"rcvtime":25270.485847788506,"senderID":394,"messageID":4927200,"position":[5924.726622692456,4806.731332278737,0.0],"speed":[9.23668525607728,5.467658453936969,0.0],"heading":-0.23675403706726576,"ddostype":0,"msgtype":0}
{"sendtime":25270.52980934511,"rcvtime":25270.52992498213,"senderID":418,"messageID":4929902,"position":[5729.784004102793,4750.3969178989659,0.0],"speed":[-11.219094713299418,-0.6684998746515514,0.0],"heading":-0.23675403706726576,"ddostype":0,"msgtype":0}
{"sendtime":25270.585733312593,"rcvtime":25270.585839566415,"senderID":394,"messageID":4934259,"position":[5924.726622692456,4806.731332278737,0.0],"speed":[9.23668525607728,5.467658453936969,0.0],"heading":-0.23675403706726576,"ddostype":0,"msgtype":0}
{"sendtime":25270.629809345108,"rcvtime":25270.629916760037,"senderID":418,"messageID":4936922,"position":[5729.784004102793,4750.3969178989659,0.0],"speed":[-11.219094713299418,-0.6684998746515514,0.0],"heading":-0.23675403706726576,"ddostype":0,"msgtype":0}
{"sendtime":25270.68573331259,"rcvtime":25270.68584434432,"senderID":394,"messageID":4941250,"position":[5924.726622692456,4806.731332278737,0.0],"speed":[9.23668525607728,5.467658453936969,0.0],"heading":-0.23675403706726576,"ddostype":0,"msgtype":0}
{"sendtime":25270.729809345106,"rcvtime":25270.729921537943,"senderID":418,"messageID":4943952,"position":[5729.784004102793,4750.3969178989659,0.0],"speed":[-11.219094713299418,-0.6684998746515514,0.0],"heading":-0.23675403706726576,"ddostype":0,"msgtype":0}
{"sendtime":25270.78573331259,"rcvtime":25270.78584912223,"senderID":394,"messageID":4948253,"position":[5924.726622692456,4806.731332278737,0.0],"speed":[9.23668525607728,5.467658453936969,0.0],"heading":-0.23675403706726576,"ddostype":0,"msgtype":0}
{"sendtime":25270.82980934511,"rcvtime":25270.829926315848,"senderID":418,"messageID":4950959,"position":[5729.784004102793,4750.3969178989659,0.0],"speed":[-11.219094713299418,-0.6684998746515514,0.0],"heading":-0.23675403706726576,"ddostype":0,"msgtype":0}
{"sendtime":25270.885733312592,"rcvtime":25270.885840900137,"senderID":394,"messageID":4955271,"position":[5924.726622692456,4806.731332278737,0.0],"speed":[9.23668525607728,5.467658453936969,0.0],"heading":-0.23675403706726576,"ddostype":0,"msgtype":0}
{"sendtime":25270.929809345107,"rcvtime":25270.929918093756,"senderID":418,"messageID":4957973,"position":[5729.784004102793,4750.3969178989659,0.0],"speed":[-11.219094713299418,-0.6684998746515514,0.0],"heading":-0.23675403706726576,"ddostype":0,"msgtype":0}
{"sendtime":25270.98573331259,"rcvtime":25270.98584567804,"senderID":394,"messageID":4962279,"position":[5924.726622692456,4806.731332278737,0.0],"speed":[9.23668525607728,5.467658453936969,0.0],"heading":-0.23675403706726576,"ddostype":0,"msgtype":0}
{"sendtime":25271.02980934511,"rcvtime":25271.02992291534,"senderID":418,"messageID":4964966,"position":[5719.2255559183399,4749.767783243436,0.0],"speed":[-10.559342719807996,-0.629187957226874,0.0],"heading":-0.23675403706744237,"ddostype":0,"msgtype":0}
{"sendtime":25271.103514530456,"rcvtime":25271.103621516304,"senderID":430,"messageID":4970679,"position":[5758.203469081348,4755.861447711868,0.0],"speed":[15.541440610842799,1.3349432610271295,0.0],"heading":-0.23675403706744237,"ddostype":0,"msgtype":0}
{"sendtime":25271.129809345108,"rcvtime":25271.129914780315,"senderID":418,"messageID":4971838,"position":[5719.2255559183399,4749.767783243436,0.0],"speed":[-10.559342719807996,-0.629187957226874,0.0],"heading":-0.23675403706744237,"ddostype":0,"msgtype":0}
{"sendtime":25271.203514530454,"rcvtime":25271.20362638128,"senderID":430,"messageID":4977517,"position":[5758.203469081348,4755.861447711868,0.0],"speed":[15.541440610842799,1.3349432610271295,0.0],"heading":-0.23675403706744237,"ddostype":0,"msgtype":0}
{"sendtime":25271.229809345106,"rcvtime":25271.22991964529,"senderID":418,"messageID":4978677,"position":[5719.2255559183399,4749.767783243436,0.0],"speed":[-10.559342719807996,-0.629187957226874,0.0],"heading":-0.23675403706744237,"ddostype":0,"msgtype":0}
{"sendtime":25271.303514530457,"rcvtime":25271.303631246257,"senderID":430,"messageID":4984389,"position":[5758.203469081348,4755.861447711868,0.0],"speed":[15.541440610842799,1.3349432610271295,0.0],"heading":-0.23675403706744237,"ddostype":0,"msgtype":0}
{"sendtime":25271.32980934511,"rcvtime":25271.329924510268,"senderID":418,"messageID":4985548,"position":[5719.2255559183399,4749.767783243436,0.0],"speed":[-10.559342719807996,-0.629187957226874,0.0],"heading":-0.23675403706744237,"ddostype":0,"msgtype":0}
{"sendtime":25271.403514530455,"rcvtime":25271.403623111233,"senderID":430,"messageID":4991296,"position":[5758.203469081348,4755.861447711868,0.0],"speed":[15.541440610842799,1.3349432610271295,0.0],"heading":-0.23675403706744237,"ddostype":0,"msgtype":0}
{"sendtime":25271.429809345107,"rcvtime":25271.429916375244,"senderID":418,"messageID":4992456,"position":[5719.2255559183399,4749.767783243436,0.0],"speed":[-10.559342719807996,-0.629187957226874,0.0],"heading":-0.23675403706744237,"ddostype":0,"msgtype":0}
{"sendtime":25271.503514530454,"rcvtime":25271.503627976206,"senderID":430,"messageID":4998146,"position":[5758.203469081348,4755.861447711868,0.0],"speed":[15.541440610842799,1.3349432610271295,0.0],"heading":-0.23675403706744237,"ddostype":0,"msgtype":0}
{"sendtime":25271.52980934511,"rcvtime":25271.52992124022,"senderID":418,"messageID":4999306,"position":[5719.2255559183399,4749.767783243436,0.0],"speed":[-10.559342719807996,-0.629187957226874,0.0],"heading":-0.23675403706744237,"ddostype":0,"msgtype":0}
{"sendtime":25271.603514530456,