{"received packets":540,"IAT_Mean":0.0037009591910814548,"IAT_Std":0.0033744750274122589,"IAT_Max":0.011519201470946428,"IAT_Min":0.00016302311632898636,"received_addresses":27,"max_pkt_from_sameId":20,"has_attacker":0}
{"received packets":520,"IAT_Mean":0.0038432895776937725,"IAT_Std":0.003377976641963407,"IAT_Max":0.011519201467308449,"IAT_Min":0.00016300428251270205,"received_addresses":26,"max_pkt_from_sameId":20,"has_attacker":0}
{"received packets":550,"IAT_Mean":0.0036336591623826696,"IAT_Std":0.003378675794044332,"IAT_Max":0.011519176186993719,"IAT_Min":0.00016304583186865784,"received_addresses":29,"max_pkt_from_sameId":20,"has_attacker":0}
{"received packets":580,"IAT_Mean":0.0034457144367793107,"IAT_Std":0.003200371902315678,"IAT_Max":0.011519124924234348,"IAT_Min":0.00016303097436320968,"received_addresses":29,"max_pkt_from_sameId":20,"has_attacker":0}
{"received packets":550,"IAT_Mean":0.0036336579009829705,"IAT_Std":0.003383125171667988,"IAT_Max":0.011519137180584949,"IAT_Min":0.00016301839787047356,"received_addresses":28,"max_pkt_from_sameId":20,"has_attacker":0}
{"received packets":520,"IAT_Mean":0.003843299547861534,"IAT_Std":0.0037108755269750308,"IAT_Max":0.011519282903464046,"IAT_Min":0.00016301824507536367,"received_addresses":26,"max_pkt_from_sameId":20,"has_attacker":0}
{"received packets":510,"IAT_Mean":0.003918667688926422,"IAT_Std":0.0037087716100488549,"IAT_Max":0.011519440773554379,"IAT_Min":0.0001630506267247256,"received_addresses":26,"max_pkt_from_sameId":20,"has_attacker":0}
{"received packets":837,"IAT_Mean":0.0023894089770316549,"IAT_Std":0.002785216810907483,"IAT_Max":0.011519524188770447,"IAT_Min":0.0001630091792321764,"received_addresses":25,"max_pkt_from_sameId":108,"has_attacker":1}
{"received packets":1167,"IAT_Mean":0.001713748938749828,"IAT_Std":0.0018536565532577604,"IAT_Max":0.006814664568082662,"IAT_Min":0.00016300644711009227,"received_addresses":23,"max_pkt_from_sameId":200,"has_attacker":1}
{"received packets":508,"IAT_Mean":0.003934097274803952,"IAT_Std":0.005161237690776743,"IAT_Max":0.030005415283085314,"IAT_Min":0.0001566181999805849,"received_addresses":17,"max_pkt_from_sameId":114,"has_attacker":1}
{"received packets":407,"IAT_Mean":0.004910354920759404,"IAT_Std":0.005450181174936613,"IAT_Max":0.03169027042531525,"IAT_Min":0.00015576039368170314,"received_addresses":16,"max_pkt_from_sameId":72,"has_attacker":1}
{"received packets":333,"IAT_Mean":0.006001549529971159,"IAT_Std":0.005998067721857283,"IAT_Max":0.03598842273640912,"IAT_Min":0.00015462578448932618,"received_addresses":15,"max_pkt_from_sameId":114,"has_attacker":1}
{"received packets":234,"IAT_Mean":0.008540687589194357,"IAT_Std":0.007795906764870862,"IAT_Max":0.03783557633141754,"IAT_Min":0.00016279363262583502,"received_addresses":14,"max_pkt_from_sameId":43,"has_attacker":1}
{"received packets":289,"IAT_Mean":0.0069152964654182829,"IAT_Std":0.00599415930958492,"IAT_Max":0.02598838038466056,"IAT_Min":0.00016289356790366583,"received_addresses":12,"max_pkt_from_sameId":52,"has_attacker":1}
{"received packets":318,"IAT_Mean":0.006275231862868019,"IAT_Std":0.005031800289688633,"IAT_Max":0.0198460936662741,"IAT_Min":0.00015139639799599536,"received_addresses":8,"max_pkt_from_sameId":114,"has_attacker":1}
{"received packets":132,"IAT_Mean":0.015117668654001495,"IAT_Std":0.013867240413451689,"IAT_Max":0.03599680271145189,"IAT_Min":0.00010676095917006023,"received_addresses":8,"max_pkt_from_sameId":21,"has_attacker":1}
{"received packets":216,"IAT_Mean":0.009238541511455912,"IAT_Std":0.009985159411280434,"IAT_Max":0.035994396268506537,"IAT_Min":0.0001507021370343864,"received_addresses":8,"max_pkt_from_sameId":69,"has_attacker":1}
{"received packets":293,"IAT_Mean":0.0068106642178674598,"IAT_Std":0.005640984080258969,"IAT_Max":0.024578125681728126,"IAT_Min":0.00010803339682752267,"received_addresses":10,"max_pkt_from_sameId":122,"has_attacker":1}
{"received packets":271,"IAT_Mean":0.0073635851927249819,"IAT_Std":0.006041362908838558,"IAT_Max":0.02983714385845815,"IAT_Min":0.00010769131040433422,"received_addresses":10,"max_pkt_from_sameId":85,"has_attacker":1}
{"received packets":203,"IAT_Mean":0.009830170805512106,"IAT_Std":0.008095462419083157,"IAT_Max":0.03598296547716018,"IAT_Min":0.00015122022523428313,"received_addresses":8,"max_pkt_from_sameId":55,"has_attacker":1}
{"received packets":148,"IAT_Mean":0.013483267642997718,"IAT_Std":0.00856362521381732,"IAT_Max":0.02613953034961014,"IAT_Min":0.00016304680320899934,"received_addresses":8,"max_pkt_from_sameId":20,"has_attacker":0}
{"received packets":176,"IAT_Mean":0.011338251007476753,"IAT_Std":0.008661531906907624,"IAT_Max":0.038186384463188009,"IAT_Min":0.0001574825837451499,"received_addresses":11,"max_pkt_from_sameId":28,"has_attacker":1}
{"received packets":328,"IAT_Mean":0.006083945115744605,"IAT_Std":0.00737021321820236,"IAT_Max":0.03819556560483761,"IAT_Min":0.00016300516290357336,"received_addresses":18,"max_pkt_from_sameId":36,"has_attacker":1}
{"received packets":410,"IAT_Mean":0.004854718304429808,"IAT_Std":0.005039864207937269,"IAT_Max":0.030001770399394446,"IAT_Min":0.00016307292389683425,"received_addresses":16,"max_pkt_from_sameId":92,"has_attacker":1}
{"received packets":207,"IAT_Mean":0.009615323572429566,"IAT_Std":0.010419257843963274,"IAT_Max":0.03841357365672593,"IAT_Min":0.00010522341472096741,"received_addresses":14,"max_pkt_from_sameId":20,"has_attacker":1}
{"received packets":203,"IAT_Mean":0.009804291546728555,"IAT_Std":0.011475143014219888,"IAT_Max":0.049195215447980448,"IAT_Min":0.00015948137661325745,"received_addresses":7,"max_pkt_from_sameId":99,"has_attacker":1}
{"received packets":270,"IAT_Mean":0.007370764619069329,"IAT_Std":0.003586513625894859,"IAT_Max":0.011324460658215685,"IAT_Min":0.00011403745520510711,"received_addresses":6,"max_pkt_from_sameId":190,"has_attacker":1}
{"received packets":267,"IAT_Mean":0.007473902106754354,"IAT_Std":0.006855257789306024,"IAT_Max":0.033334042182104898,"IAT_Min":0.00011251525211264379,"received_addresses":8,"max_pkt_from_sameId":139,"has_attacker":1}
{"received packets":203,"IAT_Mean":0.009793153748213282,"IAT_Std":0.010672937242736679,"IAT_Max":0.040770037780021087,"IAT_Min":0.00011266515866736881,"received_addresses":7,"max_pkt_from_sameId":88,"has_attacker":1}
{"received packets":70,"IAT_Mean":0.028400088458511165,"IAT_Std":0.01692309921046632,"IAT_Max":0.050816931179724637,"IAT_Min":0.008418495395744685,"received_addresses":4,"max_pkt_from_sameId":20,"has_attacker":0}
{"received packets":236,"IAT_Mean":0.00843264993197362,"IAT_Std":0.005208252193352393,"IAT_Max":0.02877573408477474,"IAT_Min":0.0005140000575920567,"received_addresses":4,"max_pkt_from_sameId":176,"has_attacker":1}
{"received packets":241,"IAT_Mean":0.008257706824858448,"IAT_Std":0.0050455116973774859,"IAT_Max":0.020008089071779979,"IAT_Min":0.00010938394916593097,"received_addresses":5,"max_pkt_from_sameId":95,"has_attacker":1}
{"received packets":260,"IAT_Mean":0.007654262882239821,"IAT_Std":0.005062700085371837,"IAT_Max":0.020008047849842116,"IAT_Min":0.00011134479063912295,"received_addresses":5,"max_pkt_from_sameId":180,"has_attacker":1}
{"received packets":74,"IAT_Mean":0.026865078597168306,"IAT_Std":0.01703444605236087,"IAT_Max":0.04992066312479437,"IAT_Min":0.00011234938210691325,"received_addresses":5,"max_pkt_from_sameId":20,"has_attacker":1}
{"received packets":167,"IAT_Mean":0.011916827305067055,"IAT_Std":0.010208518736620133,"IAT_Max":0.036572192304447529,"IAT_Min":0.00016300213974318467,"received_addresses":7,"max_pkt_from_sameId":86,"has_attacker":1}
{"received packets":259,"IAT_Mean":0.007683849429422234,"IAT_Std":0.004992070002394618,"IAT_Max":0.020008119216072374,"IAT_Min":0.00011415994595154189,"received_addresses":6,"max_pkt_from_sameId":180,"has_attacker":1}
{"received packets":259,"IAT_Mean":0.0076838465643804848,"IAT_Std":0.005278174088075563,"IAT_Max":0.02999927792188828,"IAT_Min":0.00010800221934914589,