{"received packets":240,"IAT_Mean":0.00833330303632162,"IAT_Std":0.009438278370820525,"IAT_Max":0.03625100444696727,"IAT_Min":0.0006960071223147679,"received_addresses":12,"max_pkt_from_sameId":20,"has_attacker":0}
{"received packets":239,"IAT_Mean":0.00830505599128533,"IAT_Std":0.009436547962987197,"IAT_Max":0.03625100295175798,"IAT_Min":0.0006960071332287043,"received_addresses":13,"max_pkt_from_sameId":20,"has_attacker":0}
