{"received packets":149,"IAT_Mean":0.01335751467776323,"IAT_Std":0.014284610076346346,"IAT_Max":0.06206982665753458,"IAT_Min":0.0031272800006263425,"received_addresses":4,"max_pkt_from_sameId":89,"has_attacker":1}
{"received packets":258,"IAT_Mean":0.0077135922374297889,"IAT_Std":0.0028473052001809116,"IAT_Max":0.020005516522360268,"IAT_Min":0.00011184034519828856,"received_addresses":4,"max_pkt_from_sameId":198,"has_attacker":1}
{"received packets":92,"IAT_Mean":0.021634531013858026,"IAT_Std":0.021727363123846899,"IAT_Max":0.062067160641163358,"IAT_Min":0.0002714137044677045,"received_addresses":7,"max_pkt_from_sameId":20,"has_attacker":1}
{"received packets":175,"IAT_Mean":0.011374135132791707,"IAT_Std":0.012719547048254093,"IAT_Max":0.05661644434076152,"IAT_Min":0.00017600013597984798,"received_addresses":10,"max_pkt_from_sameId":34,"has_attacker":1}
{"received packets":219,"IAT_Mean":0.00908874148713849,"IAT_Std":0.007717734644986763,"IAT_Max":0.03530759685963858,"IAT_Min":0.00010940887295873836,"received_addresses":13,"max_pkt_from_sameId":20,"has_attacker":1}
{"received packets":373,"IAT_Mean":0.005349953946064557,"IAT_Std":0.004763001436480148,"IAT_Max":0.025639159281126923,"IAT_Min":0.00016300021889037453,"received_addresses":15,"max_pkt_from_sameId":69,"has_attacker":1}
{"received packets":283,"IAT_Mean":0.0070331323112836469,"IAT_Std":0.007016954155412985,"IAT_Max":0.03537746098663774,"IAT_Min":0.00010748022396001033,"received_addresses":15,"max_pkt_from_sameId":40,"has_attacker":1}
{"received packets":232,"IAT_Mean":0.008579189874204719,"IAT_Std":0.00964588444524726,"IAT_Max":0.03538945940817939,"IAT_Min":0.00016305153258144855,"received_addresses":13,"max_pkt_from_sameId":20,"has_attacker":1}
{"received packets":232,"IAT_Mean":0.008579504944228919,"IAT_Std":0.00984084956603551,"IAT_Max":0.03531155941527686,"IAT_Min":0.00016300009519909509,"received_addresses":14,"max_pkt_from_sameId":20,"has_attacker":1}
{"received packets":331,"IAT_Mean":0.006012414652854908,"IAT_Std":0.007977228279662069,"IAT_Max":0.03531164812739007,"IAT_Min":0.00015198239270830527,"received_addresses":17,"max_pkt_from_sameId":32,"has_attacker":1}
{"received packets":407,"IAT_Mean":0.00488891986702713,"IAT_Std":0.006066454742582756,"IAT_Max":0.03180635124590481,"IAT_Min":0.0001559561897011008,"received_addresses":18,"max_pkt_from_sameId":52,"has_attacker":1}
{"received packets":224,"IAT_Mean":0.008885586959244003,"IAT_Std":0.009239766361564836,"IAT_Max":0.03538760421361076,"IAT_Min":0.0002691418158065062,"received_addresses":14,"max_pkt_from_sameId":20,"has_attacker":1}
{"received packets":246,"IAT_Mean":0.008091247451316085,"IAT_Std":0.009384073781680817,"IAT_Max":0.03538762077005231,"IAT_Min":0.00016305074314004742,"received_addresses":14,"max_pkt_from_sameId":27,"has_attacker":1}
{"received packets":281,"IAT_Mean":0.007083529637351978,"IAT_Std":0.008971545619808097,"IAT_Max":0.035311826526594817,"IAT_Min":0.00016316735855070874,"received_addresses":14,"max_pkt_from_sameId":55,"has_attacker":1}
{"received packets":298,"IAT_Mean":0.006679400057191437,"IAT_Std":0.00541226521663391,"IAT_Max":0.02574465463476372,"IAT_Min":0.00016313899686792865,"received_addresses":15,"max_pkt_from_sameId":39,"has_attacker":1}
{"received packets":322,"IAT_Mean":0.006181273816617713,"IAT_Std":0.005814754706262304,"IAT_Max":0.02439789914569701,"IAT_Min":0.00016300406423397362,"received_addresses":18,"max_pkt_from_sameId":22,"has_attacker":1}
{"received packets":310,"IAT_Mean":0.006420562384195246,"IAT_Std":0.0060864108882619318,"IAT_Max":0.024397542991209776,"IAT_Min":0.00010884499715757556,"received_addresses":18,"max_pkt_from_sameId":20,"has_attacker":1}
{"received packets":367,"IAT_Mean":0.005437424468016997,"IAT_Std":0.004256540049443845,"IAT_Max":0.017129100277088584,"IAT_Min":0.00016326802506227978,"received_addresses":16,"max_pkt_from_sameId":87,"has_attacker":1}
{"received packets":408,"IAT_Mean":0.004890992391014437,"IAT_Std":0.0033884319397866448,"IAT_Max":0.012371176046144683,"IAT_Min":0.00016306724501191638,"received_addresses":19,"max_pkt_from_sameId":54,"has_attacker":1}
{"received packets":389,"IAT_Mean":0.00512988674581767,"IAT_Std":0.003343946358070519,"IAT_Max":0.01673209598811809,"IAT_Min":0.00016311184663209133,"received_addresses":18,"max_pkt_from_sameId":63,"has_attacker":1}
{"received packets":293,"IAT_Mean":0.0068106960452030819,"IAT_Std":0.0046968849144947079,"IAT_Max":0.01673726948502008,"IAT_Min":0.00033896548848133534,"received_addresses":17,"max_pkt_from_sameId":20,"has_attacker":1}
{"received packets":348,"IAT_Mean":0.005734265567747801,"IAT_Std":0.0040686550694330309,"IAT_Max":0.016737043002649444,"IAT_Min":0.00020226802735123783,"received_addresses":16,"max_pkt_from_sameId":48,"has_attacker":1}
{"received packets":383,"IAT_Mean":0.005210247607199173,"IAT_Std":0.0033065394227059939,"IAT_Max":0.01387372030512779,"IAT_Min":0.0001762680294632446,"received_addresses":15,"max_pkt_from_sameId":103,"has_attacker":1}
{"received packets":349,"IAT_Mean":0.005717845611235215,"IAT_Std":0.003997847848421484,"IAT_Max":0.016736416957428447,"IAT_Min":0.00016328243509633467,"received_addresses":19,"max_pkt_from_sameId":57,"has_attacker":1}
