{"received packets":510,"IAT_Mean":0.003918662566188598,"IAT_Std":0.003190462583471787,"IAT_Max":0.01164209304988617,"IAT_Min":0.0001630405822652392,"received_addresses":26,"max_pkt_from_sameId":20,"has_attacker":0}
{"received packets":540,"IAT_Mean":0.003700945478730891,"IAT_Std":0.0030756945347768318,"IAT_Max":0.010866741049539997,"IAT_Min":0.00016300547213177197,"received_addresses":27,"max_pkt_from_sameId":20,"has_attacker":0}
{"received packets":550,"IAT_Mean":0.0036336592275620206,"IAT_Std":0.0030786909949006974,"IAT_Max":0.010866684850043385,"IAT_Min":0.00016308990234392695,"received_addresses":29,"max_pkt_from_sameId":20,"has_attacker":0}
{"received packets":510,"IAT_Mean":0.003918655815918921,"IAT_Std":0.0031609622066712569,"IAT_Max":0.011629239641479217,"IAT_Min":0.00016314044478349388,"received_addresses":26,"max_pkt_from_sameId":20,"has_attacker":0}
{"received packets":520,"IAT_Mean":0.003843292282621965,"IAT_Std":0.003024194019546504,"IAT_Max":0.010017051186878235,"IAT_Min":0.0001631187042221427,"received_addresses":26,"max_pkt_from_sameId":20,"has_attacker":0}
{"received packets":520,"IAT_Mean":0.003843299791906947,"IAT_Std":0.003242468936730503,"IAT_Max":0.011642269037110964,"IAT_Min":0.0001631150116736535,"received_addresses":26,"max_pkt_from_sameId":20,"has_attacker":0}
{"received packets":530,"IAT_Mean":0.0037707935957957989,"IAT_Std":0.003242213766260898,"IAT_Max":0.01164230872745975,"IAT_Min":0.0001630245715205092,"received_addresses":27,"max_pkt_from_sameId":20,"has_attacker":0}
{"received packets":974,"IAT_Mean":0.0020533215055472326,"IAT_Std":0.002261450605688935,"IAT_Max":0.011642314348137007,"IAT_Min":0.00016300151401082985,"received_addresses":28,"max_pkt_from_sameId":108,"has_attacker":1}
{"received packets":1394,"IAT_Mean":0.0014346806001830474,"IAT_Std":0.00119386039679448,"IAT_Max":0.004104079165699659,"IAT_Min":0.00016300155402859673,"received_addresses":26,"max_pkt_from_sameId":200,"has_attacker":1}
{"received packets":600,"IAT_Mean":0.0033308690604098958,"IAT_Std":0.003561950664246526,"IAT_Max":0.013633754064358073,"IAT_Min":0.00015272733435267583,"received_addresses":21,"max_pkt_from_sameId":124,"has_attacker":1}
