{"received packets":460,"IAT_Mean":0.00434460487055691,"IAT_Std":0.0032221756518570389,"IAT_Max":0.01164210061324411,"IAT_Min":0.00016300043716910295,"received_addresses":23,"max_pkt_from_sameId":20,"has_attacker":0}
{"received packets":460,"IAT_Mean":0.004344588821028162,"IAT_Std":0.0032224862827407438,"IAT_Max":0.01164216441611643,"IAT_Min":0.00016303387747029774,"received_addresses":23,"max_pkt_from_sameId":20,"has_attacker":0}
{"received packets":480,"IAT_Mean":0.004163568364576046,"IAT_Std":0.0032536722078777685,"IAT_Max":0.011642222565569682,"IAT_Min":0.0001632102284929715,"received_addresses":25,"max_pkt_from_sameId":20,"has_attacker":0}
{"received packets":520,"IAT_Mean":0.0038432973908969034,"IAT_Std":0.0030016661273827127,"IAT_Max":0.010017008367867675,"IAT_Min":0.00016366505951737054,"received_addresses":26,"max_pkt_from_sameId":20,"has_attacker":0}
{"received packets":520,"IAT_Mean":0.003843292481381538,"IAT_Std":0.003000995769961574,"IAT_Max":0.010017014505137923,"IAT_Min":0.00016384919581469148,"received_addresses":26,"max_pkt_from_sameId":20,"has_attacker":0}
{"received packets":520,"IAT_Mean":0.003843299796244537,"IAT_Std":0.0032208975382492378,"IAT_Max":0.011642290981399129,"IAT_Min":0.00016405559290433303,"received_addresses":26,"max_pkt_from_sameId":20,"has_attacker":0}
{"received packets":530,"IAT_Mean":0.003770793367543517,"IAT_Std":0.0032224431607444064,"IAT_Max":0.011642171557468828,"IAT_Min":0.000164168330229586,"received_addresses":27,"max_pkt_from_sameId":20,"has_attacker":0}
{"received packets":967,"IAT_Mean":0.002068185275203998,"IAT_Std":0.0022619578386573536,"IAT_Max":0.01164202181098517,"IAT_Min":0.00016300110291922465,"received_addresses":28,"max_pkt_from_sameId":108,"has_attacker":1}
{"received packets":1417,"IAT_Mean":0.0014113937546258152,"IAT_Std":0.0011617593779274,"IAT_Max":0.004103445658984128,"IAT_Min":0.00016300140123348683,"received_addresses":27,"max_pkt_from_sameId":200,"has_attacker":1}
{"received packets":591,"IAT_Mean":0.0033815929737209848,"IAT_Std":0.0034750652446032404,"IAT_Max":0.01380249360227026,"IAT_Min":0.00013992644016980194,"received_addresses":23,"max_pkt_from_sameId":138,"has_attacker":1}
{"received packets":481,"IAT_Mean":0.004154915970377975,"IAT_Std":0.004075165546996991,"IAT_Max":0.01632413214974804,"IAT_Min":0.00011444770279922523,"received_addresses":20,"max_pkt_from_sameId":82,"has_attacker":1}
{"received packets":436,"IAT_Mean":0.004583752797579101,"IAT_Std":0.004431510213990014,"IAT_Max":0.016577214304561495,"IAT_Min":0.00015508231444982812,"received_addresses":17,"max_pkt_from_sameId":142,"has_attacker":1}
{"received packets":232,"IAT_Mean":0.008614315607183957,"IAT_Std":0.009997223298857725,"IAT_Max":0.03784159990027547,"IAT_Min":0.00016301158029818907,"received_addresses":14,"max_pkt_from_sameId":22,"has_attacker":1}
{"received packets":325,"IAT_Mean":0.006149295689067982,"IAT_Std":0.005745235141375633,"IAT_Max":0.03599009928802843,"IAT_Min":0.00015535158672719263,"received_addresses":17,"max_pkt_from_sameId":39,"has_attacker":1}
{"received packets":294,"IAT_Mean":0.006787497466266235,"IAT_Std":0.0068725425394162019,"IAT_Max":0.03783806151841418,"IAT_Min":0.00015630914276698604,"received_addresses":13,"max_pkt_from_sameId":58,"has_attacker":1}
{"received packets":302,"IAT_Mean":0.00660772472504607,"IAT_Std":0.007161344926991371,"IAT_Max":0.04456948516599368,"IAT_Min":0.00016300275092362426,"received_addresses":16,"max_pkt_from_sameId":80,"has_attacker":1}
{"received packets":324,"IAT_Mean":0.006159029616569176,"IAT_Std":0.006267800585761372,"IAT_Max":0.030004652955540224,"IAT_Min":0.00016300109564326704,"received_addresses":15,"max_pkt_from_sameId":75,"has_attacker":1}
{"received packets":274,"IAT_Mean":0.007282938842644047,"IAT_Std":0.006664132994180353,"IAT_Max":0.030002273288118887,"IAT_Min":0.00016300106653943658,"received_addresses":14,"max_pkt_from_sameId":64,"has_attacker":1}
{"received packets":426,"IAT_Mean":0.004684347872213901,"IAT_Std":0.005341611909088276,"IAT_Max":0.030164569208864124,"IAT_Min":0.0001630081569601316,"received_addresses":17,"max_pkt_from_sameId":83,"has_attacker":1}
{"received packets":353,"IAT_Mean":0.005638458927103619,"IAT_Std":0.0062552033546271769,"IAT_Max":0.030006231605511858,"IAT_Min":0.00016300165589200333,"received_addresses":17,"max_pkt_from_sameId":41,"has_attacker":1}
{"received packets":320,"IAT_Mean":0.006219911560845048,"IAT_Std":0.006911036596244439,"IAT_Max":0.03974314677907387,"IAT_Min":0.00010819522503879853,"received_addresses":13,"max_pkt_from_sameId":97,"has_attacker":1}
{"received packets":256,"IAT_Mean":0.007775175353174291,"IAT_Std":0.009892660140704179,"IAT_Max":0.039674184226896617,"IAT_Min":0.0001630051337997429,"received_addresses":14,"max_pkt_from_sameId":33,"has_attacker":1}
{"received packets":317,"IAT_Mean":0.006278965702279576,"IAT_Std":0.008067794313539767,"IAT_Max":0.039674184226896617,"IAT_Min":0.00016300106653943658,"received_addresses":16,"max_pkt_from_sameId":36,"has_attacker":1}
{"received packets":430,"IAT_Mean":0.004628915979332686,"IAT_Std":0.004705052265698083,"IAT_Max":0.024021687368076529,"IAT_Min":0.00016300165589200333,"received_addresses":15,"max_pkt_from_sameId":77,"has_attacker":1}
{"received packets":255,"IAT_Mean":0.007805377797893586,"IAT_Std":0.006644414283578947,"IAT_Max":0.024740435041167076,"IAT_Min":0.00025408040892216377,"received_addresses":12,"max_pkt_from_sameId":73,"has_attacker":1}
{"received packets":235,"IAT_Mean":0.008469986187791368,"IAT_Std":0.009348219630601647,"IAT_Max":0.04980189738853369,"IAT_Min":0.00016300106653943658,"received_addresses":13,"max_pkt_from_sameId":36,"has_attacker":1}
{"received packets":238,"IAT_Mean":0.008363326511366227,"IAT_Std":0.012895025101908847,"IAT_Max":0.056537723474320959,"IAT_Min":0.00016300106290145777,"received_addresses":12,"max_pkt_from_sameId":39,"has_attacker":1}
{"received packets":294,"IAT_Mean":0.006770275845793258,"IAT_Std":0.006700176172708629,"IAT_Max":0.04010520963856834,"IAT_Min":0.00016300149945891462,"received_addresses":14,"max_pkt_from_sameId":39,"has_attacker":1}
{"received packets":348,"IAT_Mean":0.005719454168307681,"IAT_Std":0.006053322060147955,"IAT_Max":0.03670275051626959,"IAT_Min":0.00016300149582093582,"received_addresses":18,"max_pkt_from_sameId":48,"has_attacker":1}
{"received packets":387,"IAT_Mean":0.005143085841655545,"IAT_Std":0.005601045065666587,"IAT_Max":0.026875256935454673,"IAT_Min":0.00010868379104067571,"received_addresses":16,"max_pkt_from_sameId":127,"has_attacker":1}
{"received packets":301,"IAT_Mean":0.0066128586334878529,"IAT_Std":0.005355212245324731,"IAT_Max":0.02016566048041568,"IAT_Min":0.00011264141721767373,"received_addresses":14,"max_pkt_from_sameId":87,"has_attacker":1}
{"received packets":387,"IAT_Mean":0.005156394992170278,"IAT_Std":0.004082004801100876,"IAT_Max":0.016860968480614248,"IAT_Min":0.00016034725558711216,"received_addresses":17,"max_pkt_from_sameId":54,"has_attacker":1}
{"received packets":403,"IAT_Mean":0.004951677319898704,"IAT_Std":0.004009711736420494,"IAT_Max":0.026711841142969207,"IAT_Min":0.00010789158477564342,"received_addresses":18,"max_pkt_from_sameId":57,"has_attacker":1}
{"received packets":340,"IAT_Mean":0.005869217753292212,"IAT_Std":0.004181362847144651,"IAT_Max":0.020008054656500464,"IAT_Min":0.00016347494238289073,"received_addresses":16,"max_pkt_from_sameId":96,"has_attacker":1}
{"received packets":340,"IAT_Mean":0.0058691900477938099,"IAT_Std":0.004260314899043544,"IAT_Max":0.026860524703806733,"IAT_Min":0.00020200106519041583,"received_addresses":14,"max_pkt_from_sameId":52,"has_attacker":1}
{"received packets":343,"IAT_Mean":0.005817857256425449,"IAT_Std":0.0040672070231562,"IAT_Max":0.01686348045768682,"IAT_Min":0.0001760010673024226,"received_addresses":14,"max_pkt_from_sameId":102,"has_attacker":1}
{"received packets":336,"IAT_Mean":0.005939072391454049,"IAT_Std":0.004892214122078371,"IAT_Max":0.02670459502041922,"IAT_Min":0.00016300165589200333,