{"received packets":19,"IAT_Mean":0.10452971185594307,"IAT_Std":0.23396290621053995,"IAT_Max":1.0860539919085568,"IAT_Min":0.014047318614757387,"received_addresses":2,"max_pkt_from_sameId":10,"has_attacker":0}
{"received packets":220,"IAT_Mean":0.009045941713636487,"IAT_Std":0.0020569083648686017,"IAT_Max":0.010164687020733254,"IAT_Min":0.0002728368817770388,"received_addresses":2,"max_pkt_from_sameId":200,"has_attacker":1}
{"received packets":121,"IAT_Mean":0.016413724590000294,"IAT_Std":0.024781284611073419,"IAT_Max":0.10000779848996899,"IAT_Min":0.00011117699978058226,"received_addresses":2,"max_pkt_from_sameId":101,"has_attacker":1}
{"received packets":20,"IAT_Mean":0.09550553555909573,"IAT_Std":0.019591040048228426,"IAT_Max":0.10015786825169926,"IAT_Min":0.01011072641267674,"received_addresses":1,"max_pkt_from_sameId":20,"has_attacker":0}
{"received packets":109,"IAT_Mean":0.018257965321544186,"IAT_Std":0.025979517959864866,"IAT_Max":0.10016407699367847,"IAT_Min":0.009834999989834614,"received_addresses":1,"max_pkt_from_sameId":109,"has_attacker":1}
{"received packets":220,"IAT_Mean":0.009046693833128799,"IAT_Std":0.002056261492469244,"IAT_Max":0.010171605390496552,"IAT_Min":0.00010922004730673507,"received_addresses":2,"max_pkt_from_sameId":200,"has_attacker":1}
{"received packets":42,"IAT_Mean":0.047282166846430519,"IAT_Std":0.018922023069107686,"IAT_Max":0.06574212327541318,"IAT_Min":0.00010828864833456464,"received_addresses":2,"max_pkt_from_sameId":22,"has_attacker":1}
{"received packets":20,"IAT_Mean":0.09929200020960707,"IAT_Std":0.003086257172665006,"IAT_Max":0.10000978838434094,"IAT_Min":0.08583934274065541,"received_addresses":1,"max_pkt_from_sameId":20,"has_attacker":0}
{"received packets":20,"IAT_Mean":0.09929217447552219,"IAT_Std":0.003084749356837617,"IAT_Max":0.10000405235041399,"IAT_Min":0.0858460870658746,"received_addresses":1,"max_pkt_from_sameId":20,"has_attacker":0}
{"received packets":20,"IAT_Mean":0.09929230795041803,"IAT_Std":0.003085065702014699,"IAT_Max":0.10001141379325418,"IAT_Min":0.08584483706727042,"received_addresses":1,"max_pkt_from_sameId":20,"has_attacker":0}
{"received packets":20,"IAT_Mean":0.09929234954743152,"IAT_Std":0.0030862758694816135,"IAT_Max":0.10000760405819165,"IAT_Min":0.08583959711177158,"received_addresses":1,"max_pkt_from_sameId":20,"has_attacker":0}
{"received packets":20,"IAT_Mean":0.09929236914213106,"IAT_Std":0.003084663462805203,"IAT_Max":0.10001052189181792,"IAT_Min":0.08584664400405018,"received_addresses":1,"max_pkt_from_sameId":20,"has_attacker":0}
{"received packets":10,"IAT_Mean":0.09858492616622243,"IAT_Std":0.004246654909664486,"IAT_Max":0.10001058788475348,"IAT_Min":0.08584497072297381,"received_addresses":1,"max_pkt_from_sameId":10,"has_attacker":0}
{"received packets":10,"IAT_Mean":0.19462539447449674,"IAT_Std":0.28387646051870465,"IAT_Max":1.046254775919806,"IAT_Min":0.09998837991224718,"received_addresses":1,"max_pkt_from_sameId":10,"has_attacker":0}
{"received packets":40,"IAT_Mean":0.048656564887369319,"IAT_Std":0.03355075026849702,"IAT_Max":0.08385904239185038,"IAT_Min":0.0161404740101716,"received_addresses":2,"max_pkt_from_sameId":20,"has_attacker":0}
{"received packets":236,"IAT_Mean":0.00843266721796866,"IAT_Std":0.0028235105635728734,"IAT_Max":0.030115046367427568,"IAT_Min":0.0035044893847953064,"received_addresses":4,"max_pkt_from_sameId":197,"has_attacker":1}
{"received packets":164,"IAT_Mean":0.011867467593907439,"IAT_Std":0.013024889943839251,"IAT_Max":0.05736343198441318,"IAT_Min":0.00011346344035700895,"received_addresses":4,"max_pkt_from_sameId":114,"has_attacker":1}
{"received packets":70,"IAT_Mean":0.02827982581532394,"IAT_Std":0.017203540982667313,"IAT_Max":0.05737640506049502,"IAT_Min":0.0036281173779570965,"received_addresses":4,"max_pkt_from_sameId":20,"has_attacker":0}
{"received packets":80,"IAT_Mean":0.024744907692684137,"IAT_Std":0.012043627321909848,"IAT_Max":0.03649218454302172,"IAT_Min":0.0036225433032086586,"received_addresses":4,"max_pkt_from_sameId":20,"has_attacker":0}
{"received packets":189,"IAT_Mean":0.010529699160562054,"IAT_Std":0.009740306052077453,"IAT_Max":0.03649234499243903,"IAT_Min":0.0005145046925463248,"received_addresses":7,"max_pkt_from_sameId":106,"has_attacker":1}
{"received packets":242,"IAT_Mean":0.008214912678047483,"IAT_Std":0.006023344400671213,"IAT_Max":0.03334088038172922,"IAT_Min":0.00011714135325746611,"received_addresses":7,"max_pkt_from_sameId":131,"has_attacker":1}
{"received packets":80,"IAT_Mean":0.024850200124092227,"IAT_Std":0.010326202873585539,"IAT_Max":0.03423674160876544,"IAT_Min":0.008419282916293014,"received_addresses":4,"max_pkt_from_sameId":20,"has_attacker":0}
{"received packets":164,"IAT_Mean":0.012134823124586369,"IAT_Std":0.013207073447061702,"IAT_Max":0.0573580394302553,"IAT_Min":0.0001630727419978939,"received_addresses":6,"max_pkt_from_sameId":86,"has_attacker":1}
{"received packets":279,"IAT_Mean":0.007133038955690872,"IAT_Std":0.005262264445855666,"IAT_Max":0.020008119212434396,"IAT_Min":0.0001149924319179263,"received_addresses":6,"max_pkt_from_sameId":180,"has_attacker":1}
{"received packets":313,"IAT_Mean":0.006375491877348488,"IAT_Std":0.005766618272500701,"IAT_Max":0.02999914040628937,"IAT_Min":0.00010886864038184285,"received_addresses":17,"max_pkt_from_sameId":107,"has_attacker":1}
