{"received packets":310,"IAT_Mean":0.006425618099550071,"IAT_Std":0.007677721886559163,"IAT_Max":0.026506849495490316,"IAT_Min":0.00016303520169458352,"received_addresses":17,"max_pkt_from_sameId":20,"has_attacker":0}
{"received packets":370,"IAT_Mean":0.005383605903999352,"IAT_Std":0.006353981209194101,"IAT_Max":0.026506734709982994,"IAT_Min":0.00016303193842759356,"received_addresses":19,"max_pkt_from_sameId":20,"has_attacker":0}
{"received packets":340,"IAT_Mean":0.0058586356155715568,"IAT_Std":0.006212567347907342,"IAT_Max":0.026506728700042005,"IAT_Min":0.00076194651046535,"received_addresses":19,"max_pkt_from_sameId":20,"has_attacker":0}
{"received packets":319,"IAT_Mean":0.00626493559952606,"IAT_Std":0.003860298291009049,"IAT_Max":0.022232970768527595,"IAT_Min":0.0009820810955716298,"received_addresses":16,"max_pkt_from_sameId":20,"has_attacker":0}
{"received packets":400,"IAT_Mean":0.004996279641682122,"IAT_Std":0.0032855553153721499,"IAT_Max":0.013820505351759494,"IAT_Min":0.00022800814622314647,"received_addresses":21,"max_pkt_from_sameId":20,"has_attacker":0}
{"received packets":610,"IAT_Mean":0.00327625528485352,"IAT_Std":0.0029666312441064708,"IAT_Max":0.010873312421608717,"IAT_Min":0.0001630008155188989,"received_addresses":31,"max_pkt_from_sameId":20,"has_attacker":0}
{"received packets":600,"IAT_Mean":0.0033308674747968326,"IAT_Std":0.003058485789604494,"IAT_Max":0.010867678378417623,"IAT_Min":0.00016303100710501894,"received_addresses":30,"max_pkt_from_sameId":20,"has_attacker":0}
{"received packets":1027,"IAT_Mean":0.0019473566562799678,"IAT_Std":0.00213026699510358,"IAT_Max":0.010866136912227376,"IAT_Min":0.00016300026982207783,"received_addresses":30,"max_pkt_from_sameId":108,"has_attacker":1}
{"received packets":1467,"IAT_Mean":0.001363289014513141,"IAT_Std":0.001085997850368452,"IAT_Max":0.0041033568886632569,"IAT_Min":0.00016300018614856526,"received_addresses":29,"max_pkt_from_sameId":200,"has_attacker":1}
{"received packets":569,"IAT_Mean":0.0035123398620031714,"IAT_Std":0.0034618199504675404,"IAT_Max":0.013802586665406125,"IAT_Min":0.00015652593720005825,"received_addresses":23,"max_pkt_from_sameId":124,"has_attacker":1}
{"received packets":470,"IAT_Mean":0.0042521583415478709,"IAT_Std":0.0046194539131016909,"IAT_Max":0.02060820123369922,"IAT_Min":0.00015287081987480633,"received_addresses":22,"max_pkt_from_sameId":85,"has_attacker":1}
{"received packets":389,"IAT_Mean":0.005137573168350783,"IAT_Std":0.005518684368121182,"IAT_Max":0.029838735612429447,"IAT_Min":0.0001545677296235226,"received_addresses":19,"max_pkt_from_sameId":65,"has_attacker":1}
{"received packets":255,"IAT_Mean":0.00783733672892684,"IAT_Std":0.009229516697578029,"IAT_Max":0.036935643904143947,"IAT_Min":0.00018820005061570555,"received_addresses":17,"max_pkt_from_sameId":20,"has_attacker":1}
{"received packets":343,"IAT_Mean":0.0058265908143286929,"IAT_Std":0.0064973107427937089,"IAT_Max":0.036930444824974987,"IAT_Min":0.00016300191418849863,"received_addresses":17,"max_pkt_from_sameId":76,"has_attacker":1}
{"received packets":388,"IAT_Mean":0.005143102339154455,"IAT_Std":0.0035997823201619155,"IAT_Max":0.013822588825860294,"IAT_Min":0.00011368027844582684,"received_addresses":14,"max_pkt_from_sameId":154,"has_attacker":1}
{"received packets":237,"IAT_Mean":0.008419967247813597,"IAT_Std":0.00847366544589816,"IAT_Max":0.027960795599938139,"IAT_Min":0.00010674038639990613,"received_addresses":14,"max_pkt_from_sameId":22,"has_attacker":1}
{"received packets":275,"IAT_Mean":0.007256454337422672,"IAT_Std":0.006992103520471611,"IAT_Max":0.027960527451796226,"IAT_Min":0.0001630000006116461,"received_addresses":15,"max_pkt_from_sameId":54,"has_attacker":1}
{"received packets":413,"IAT_Mean":0.004831778681260584,"IAT_Std":0.004929491481581103,"IAT_Max":0.027959761930105743,"IAT_Min":0.00010811931861098856,"received_addresses":13,"max_pkt_from_sameId":130,"has_attacker":1}
{"received packets":442,"IAT_Mean":0.0045147773444896058,"IAT_Std":0.0035622394054889386,"IAT_Max":0.011968774819251849,"IAT_Min":0.00010777723582577892,"received_addresses":15,"max_pkt_from_sameId":198,"has_attacker":1}
{"received packets":326,"IAT_Mean":0.006121241102271686,"IAT_Std":0.0065502669593209329,"IAT_Max":0.02795984451950062,"IAT_Min":0.00011462527982075699,"received_addresses":13,"max_pkt_from_sameId":110,"has_attacker":1}
{"received packets":290,"IAT_Mean":0.006881115619850381,"IAT_Std":0.00769104391567966,"IAT_Max":0.02474025214178255,"IAT_Min":0.00016300136121571995,"received_addresses":16,"max_pkt_from_sameId":20,"has_attacker":1}
{"received packets":273,"IAT_Mean":0.007309641371771733,"IAT_Std":0.00854833887898861,"IAT_Max":0.027972121883067304,"IAT_Min":0.0001630003098398447,"received_addresses":16,"max_pkt_from_sameId":20,"has_attacker":1}
{"received packets":397,"IAT_Mean":0.005026533827174634,"IAT_Std":0.0060815098432492049,"IAT_Max":0.02795912180954474,"IAT_Min":0.00015741949755465612,"received_addresses":19,"max_pkt_from_sameId":85,"has_attacker":1}
{"received packets":481,"IAT_Mean":0.004138117578511587,"IAT_Std":0.004098288851875032,"IAT_Max":0.019841808858473088,"IAT_Min":0.00016303352458635345,"received_addresses":15,"max_pkt_from_sameId":173,"has_attacker":1}
{"received packets":166,"IAT_Mean":0.011990193257741953,"IAT_Std":0.011329691584629823,"IAT_Max":0.03187806276764604,"IAT_Min":0.00010526440746616572,"received_addresses":11,"max_pkt_from_sameId":20,"has_attacker":1}
{"received packets":217,"IAT_Mean":0.00917256950795549,"IAT_Std":0.01065784588323159,"IAT_Max":0.0521080920661916,"IAT_Min":0.00016300161587423645,"received_addresses":11,"max_pkt_from_sameId":88,"has_attacker":1}
{"received packets":234,"IAT_Mean":0.008506293294396108,"IAT_Std":0.008895558249456096,"IAT_Max":0.03967420281333034,"IAT_Min":0.0001633483261684887,"received_addresses":9,"max_pkt_from_sameId":88,"has_attacker":1}
{"received packets":194,"IAT_Mean":0.010260113997779609,"IAT_Std":0.009199109869352782,"IAT_Max":0.03010783397621708,"IAT_Min":0.00016301291179843247,"received_addresses":10,"max_pkt_from_sameId":44,"has_attacker":1}
{"received packets":241,"IAT_Mean":0.008258801437145717,"IAT_Std":0.009780346965792685,"IAT_Max":0.0411245979485102,"IAT_Min":0.00016300177230732515,"received_addresses":15,"max_pkt_from_sameId":22,"has_attacker":1}
{"received packets":210,"IAT_Mean":0.009477977823050987,"IAT_Std":0.011278145229766645,"IAT_Max":0.04112476584123215,"IAT_Min":0.0001097814820241183,"received_addresses":13,"max_pkt_from_sameId":20,"has_attacker":1}
