{"received packets":249,"IAT_Mean":0.008026157400221213,"IAT_Std":0.0642434187661017,"IAT_Max":1.0184371921714047,"IAT_Min":0.00016333625535480678,"received_addresses":25,"max_pkt_from_sameId":10,"has_attacker":0}
{"received packets":520,"IAT_Mean":0.0038432979187886164,"IAT_Std":0.0030112269654046749,"IAT_Max":0.010017003201937769,"IAT_Min":0.0001634940672374796,"received_addresses":26,"max_pkt_from_sameId":20,"has_attacker":0}
{"received packets":530,"IAT_Mean":0.0037707778423865885,"IAT_Std":0.003018355156594529,"IAT_Max":0.010017003769462463,"IAT_Min":0.00016332613085978664,"received_addresses":27,"max_pkt_from_sameId":20,"has_attacker":0}
{"received packets":520,"IAT_Mean":0.003843299951523267,"IAT_Std":0.0032300076912342337,"IAT_Max":0.011642322708212305,"IAT_Min":0.00016314828462782316,"received_addresses":26,"max_pkt_from_sameId":20,"has_attacker":0}
{"received packets":530,"IAT_Mean":0.0037707934031407967,"IAT_Std":0.0032314545941702235,"IAT_Max":0.011642262437817408,"IAT_Min":0.00016308627164107747,"received_addresses":27,"max_pkt_from_sameId":20,"has_attacker":0}
{"received packets":977,"IAT_Mean":0.002047016549260406,"IAT_Std":0.002255482259409654,"IAT_Max":0.01164201601932291,"IAT_Min":0.00016300125935231335,"received_addresses":28,"max_pkt_from_sameId":108,"has_attacker":1}
{"received packets":1447,"IAT_Mean":0.0013821319769235243,"IAT_Std":0.0011215501792524662,"IAT_Max":0.0041034175956156109,"IAT_Min":0.00016300155766657554,"received_addresses":30,"max_pkt_from_sameId":200,"has_attacker":1}
{"received packets":597,"IAT_Mean":0.003347607160605146,"IAT_Std":0.003283688071185548,"IAT_Max":0.0119611228510621,"IAT_Min":0.000139959196530981,"received_addresses":22,"max_pkt_from_sameId":129,"has_attacker":1}
{"received packets":442,"IAT_Mean":0.004521526280097936,"IAT_Std":0.004460796572169878,"IAT_Max":0.016570399406191428,"IAT_Min":0.00011447659198893234,"received_addresses":19,"max_pkt_from_sameId":82,"has_attacker":1}
{"received packets":308,"IAT_Mean":0.006488689158107842,"IAT_Std":0.004804688202136381,"IAT_Max":0.016741881630878198,"IAT_Min":0.00016381337991333567,"received_addresses":17,"max_pkt_from_sameId":49,"has_attacker":1}
{"received packets":281,"IAT_Mean":0.007112175345591628,"IAT_Std":0.006396327766294241,"IAT_Max":0.03220310342294397,"IAT_Min":0.0001630125152587425,"received_addresses":16,"max_pkt_from_sameId":51,"has_attacker":1}
{"received packets":334,"IAT_Mean":0.005983596284788215,"IAT_Std":0.005673778979472788,"IAT_Max":0.03221242279323633,"IAT_Min":0.00015522925605182536,"received_addresses":18,"max_pkt_from_sameId":39,"has_attacker":1}
{"received packets":336,"IAT_Mean":0.005939060453773068,"IAT_Std":0.0061646008298795388,"IAT_Max":0.031847701266087827,"IAT_Min":0.00011105699013569392,"received_addresses":15,"max_pkt_from_sameId":61,"has_attacker":1}
{"received packets":242,"IAT_Mean":0.00824600366358335,"IAT_Std":0.00969520108640544,"IAT_Max":0.04473857197808684,"IAT_Min":0.0002706303203012794,"received_addresses":16,"max_pkt_from_sameId":22,"has_attacker":1}
{"received packets":344,"IAT_Mean":0.005800946497338585,"IAT_Std":0.007962294133661133,"IAT_Max":0.04694852224565693,"IAT_Min":0.00016300101196975447,"received_addresses":16,"max_pkt_from_sameId":76,"has_attacker":1}
{"received packets":456,"IAT_Mean":0.004376151847856435,"IAT_Std":0.004237703262846756,"IAT_Max":0.029836927064025077,"IAT_Min":0.00010863685020012781,"received_addresses":15,"max_pkt_from_sameId":154,"has_attacker":1}
{"received packets":448,"IAT_Mean":0.00445431293123225,"IAT_Std":0.00495414408118649,"IAT_Max":0.030001472205185565,"IAT_Min":0.00010828265658346936,"received_addresses":18,"max_pkt_from_sameId":84,"has_attacker":1}
{"received packets":336,"IAT_Mean":0.005923738095026195,"IAT_Std":0.007021213935179323,"IAT_Max":0.03990187884483021,"IAT_Min":0.00010702690997277386,"received_addresses":17,"max_pkt_from_sameId":42,"has_attacker":1}
{"received packets":243,"IAT_Mean":0.008190830033463536,"IAT_Std":0.010154967937153202,"IAT_Max":0.03990879890261567,"IAT_Min":0.0005581156510743313,"received_addresses":13,"max_pkt_from_sameId":20,"has_attacker":1}
{"received packets":415,"IAT_Mean":0.00479625274474748,"IAT_Std":0.004755972946388741,"IAT_Max":0.03011097050693934,"IAT_Min":0.00016300098650390282,"received_addresses":14,"max_pkt_from_sameId":157,"has_attacker":1}
{"received packets":423,"IAT_Mean":0.004705513300907445,"IAT_Std":0.005072653592645387,"IAT_Max":0.031639482116588627,"IAT_Min":0.00011088907194789499,"received_addresses":18,"max_pkt_from_sameId":82,"has_attacker":1}
{"received packets":472,"IAT_Mean":0.004217020910538726,"IAT_Std":0.0045147205196511279,"IAT_Max":0.020243402890628205,"IAT_Min":0.00011116631503682584,"received_addresses":16,"max_pkt_from_sameId":97,"has_attacker":1}
{"received packets":204,"IAT_Mean":0.009756722240822188,"IAT_Std":0.009455812896964702,"IAT_Max":0.0318793400474533,"IAT_Min":0.00011290980910416692,"received_addresses":13,"max_pkt_from_sameId":20,"has_attacker":1}
{"received packets":297,"IAT_Mean":0.0067018409184922398,"IAT_Std":0.00838785539227308,"IAT_Max":0.05210973298017052,"IAT_Min":0.00016300156494253315,"received_addresses":13,"max_pkt_from_sameId":77,"has_attacker":1}
{"received packets":412,"IAT_Mean":0.004831242010589193,"IAT_Std":0.0043824286785664359,"IAT_Max":0.02016243798425421,"IAT_Min":0.00011275279030087404,"received_addresses":13,"max_pkt_from_sameId":160,"has_attacker":1}
{"received packets":340,"IAT_Mean":0.005854297345071887,"IAT_Std":0.005631926530328322,"IAT_Max":0.03221033614318003,"IAT_Min":0.00011170836296514608,"received_addresses":17,"max_pkt_from_sameId":59,"has_attacker":1}
{"received packets":319,"IAT_Mean":0.006239404543047953,"IAT_Std":0.006462957206680988,"IAT_Max":0.03221033555746544,"IAT_Min":0.00011413735410314985,"received_addresses":18,"max_pkt_from_sameId":32,"has_attacker":1}
{"received packets":280,"IAT_Mean":0.007108479354922435,"IAT_Std":0.008576344404768857,"IAT_Max":0.03891276474314509,"IAT_Min":0.0001086860938812606,"received_addresses":16,"max_pkt_from_sameId":20,"has_attacker":1}
{"received packets":502,"IAT_Mean":0.003975168702966465,"IAT_Std":0.0037639682483751057,"IAT_Max":0.025047668583283668,"IAT_Min":0.00016300156494253315,"received_addresses":17,"max_pkt_from_sameId":166,"has_attacker":1}
{"received packets":485,"IAT_Mean":0.004114484234772126,"IAT_Std":0.003446316829123688,"IAT_Max":0.012208053740323522,"IAT_Min":0.00011770898345275782,"received_addresses":19,"max_pkt_from_sameId":85,"has_attacker":1}
{"received packets":420,"IAT_Mean":0.004751252274902419,"IAT_Std":0.003468776156239983,"IAT_Max":0.02220642619067803,"IAT_Min":0.00010788868894451298,"received_addresses":18,"max_pkt_from_sameId":57,"has_attacker":1}
{"received packets":264,"IAT_Mean":0.007558841040242965,"IAT_Std":0.006782935414036779,"IAT_Max":0.027250115854258185,"IAT_Min":0.00016347293421858922,"received_addresses":16,"max_pkt_from_sameId":20,"has_attacker":1}
{"received packets":377,"IAT_Mean":0.005293168742779784,"IAT_Std":0.005395673615416374,"IAT_Max":0.027250115850620206,"IAT_Min":0.00016300156858051196,"received_addresses":15,"max_pkt_from_sameId":69,"has_attacker":1}
{"received packets":511,"IAT_Mean":0.0039051370624751957,"IAT_Std":0.0035111843190812,"IAT_Max":0.013873720683477587,"IAT_Min":0.00010761602607090026,"received_addresses":15,"max_pkt_from_sameId":149,"has_attacker":1}
{"received packets":381,"IAT_Mean":0.005237607148989578,"IAT_Std":0.0044120371512755339,"IAT_Max":0.02221218006525305,"IAT_Min":0.00010803892655530944,"received_addresses":19,"max_pkt_from_sameId":64,"has_attacker":1}
