{"received packets":460,"IAT_Mean":0.004344604110836214,"IAT_Std":0.004348861573591268,"IAT_Max":0.01991721991362283,"IAT_Min":0.00016300003335345536,"received_addresses":23,"max_pkt_from_sameId":20,"has_attacker":0}
{"received packets":460,"IAT_Mean":0.00434458801021759,"IAT_Std":0.004349122676856779,"IAT_Max":0.019917234592867318,"IAT_Min":0.0001630002625461202,"received_addresses":23,"max_pkt_from_sameId":20,"has_attacker":0}
{"received packets":480,"IAT_Mean":0.004163567621632561,"IAT_Std":0.004331474027051923,"IAT_Max":0.019917324723792264,"IAT_Min":0.00016300171046168543,"received_addresses":25,"max_pkt_from_sameId":20,"has_attacker":0}
{"received packets":540,"IAT_Mean":0.003700952432350109,"IAT_Std":0.003996245352228373,"IAT_Max":0.019917419405828697,"IAT_Min":0.00016300200877594762,"received_addresses":27,"max_pkt_from_sameId":20,"has_attacker":0}
{"received packets":550,"IAT_Mean":0.0036336578532262305,"IAT_Std":0.003947899939725444,"IAT_Max":0.01991750707384199,"IAT_Min":0.0001630031874810811,"received_addresses":28,"max_pkt_from_sameId":20,"has_attacker":0}
{"received packets":550,"IAT_Mean":0.0036336649864361708,"IAT_Std":0.004090066699549667,"IAT_Max":0.01991760810415144,"IAT_Min":0.00016300556671922095,"received_addresses":28,"max_pkt_from_sameId":20,"has_attacker":0}
{"received packets":570,"IAT_Mean":0.003506176213851544,"IAT_Std":0.004065389871069574,"IAT_Max":0.01991763287151116,"IAT_Min":0.00016303418669849634,"received_addresses":30,"max_pkt_from_sameId":20,"has_attacker":0}
{"received packets":967,"IAT_Mean":0.002068185313645433,"IAT_Std":0.0027073372795834726,"IAT_Max":0.01991767790968879,"IAT_Min":0.00016300000788760372,"received_addresses":27,"max_pkt_from_sameId":108,"has_attacker":1}
{"received packets":1407,"IAT_Mean":0.0014214249049803105,"IAT_Std":0.0011825030635998324,"IAT_Max":0.004103640996618196,"IAT_Min":0.0001629999969736673,"received_addresses":26,"max_pkt_from_sameId":200,"has_attacker":1}
{"received packets":545,"IAT_Mean":0.0036670113371489166,"IAT_Std":0.0038538802770458,"IAT_Max":0.013802685440168716,"IAT_Min":0.00015272271775756963,"received_addresses":20,"max_pkt_from_sameId":154,"has_attacker":1}
{"received packets":474,"IAT_Mean":0.004216274566884434,"IAT_Std":0.004169206781748188,"IAT_Max":0.016570005696848967,"IAT_Min":0.00015248435374815017,"received_addresses":18,"max_pkt_from_sameId":82,"has_attacker":1}
{"received packets":387,"IAT_Mean":0.005164123018511294,"IAT_Std":0.004110990005139087,"IAT_Max":0.016557006416405785,"IAT_Min":0.0001560556047479622,"received_addresses":18,"max_pkt_from_sameId":142,"has_attacker":1}
{"received packets":273,"IAT_Mean":0.007320587657966746,"IAT_Std":0.006696651150255845,"IAT_Max":0.02372709494375158,"IAT_Min":0.00016300135030178353,"received_addresses":14,"max_pkt_from_sameId":68,"has_attacker":1}
{"received packets":298,"IAT_Mean":0.00670644340957765,"IAT_Std":0.006190229682331676,"IAT_Max":0.023722629353869708,"IAT_Min":0.00011357826588209718,"received_addresses":14,"max_pkt_from_sameId":68,"has_attacker":1}
{"received packets":204,"IAT_Mean":0.009781978337402917,"IAT_Std":0.008758175247957422,"IAT_Max":0.026720799960457954,"IAT_Min":0.00016295068417093717,"received_addresses":10,"max_pkt_from_sameId":27,"has_attacker":1}
