{"received packets":240,"IAT_Mean":0.00833330317529241,"IAT_Std":0.010351635456569465,"IAT_Max":0.03972907421484706,"IAT_Min":0.0006960076534596738,"received_addresses":12,"max_pkt_from_sameId":20,"has_attacker":0}
{"received packets":249,"IAT_Mean":0.008023965663962013,"IAT_Std":0.010046671405750947,"IAT_Max":0.03972911322125583,"IAT_Min":0.0006960076534596738,"received_addresses":13,"max_pkt_from_sameId":20,"has_attacker":0}
