{"received packets":40,"IAT_Mean":0.0494897172515266,"IAT_Std":0.0031494404365706278,"IAT_Max":0.050337443833996079,"IAT_Min":0.02992703771451488,"received_addresses":2,"max_pkt_from_sameId":20,"has_attacker":0}
{"received packets":40,"IAT_Mean":0.049489701059428629,"IAT_Std":0.0031505560010640007,"IAT_Max":0.0503380034424481,"IAT_Min":0.02991938984632725,"received_addresses":2,"max_pkt_from_sameId":20,"has_attacker":0}
