{"received packets":460,"IAT_Mean":0.004327236617301305,"IAT_Std":0.004111202466791448,"IAT_Max":0.0179151028241904,"IAT_Min":0.00016300014249281958,"received_addresses":23,"max_pkt_from_sameId":20,"has_attacker":0}
{"received packets":469,"IAT_Mean":0.0042441822199901419,"IAT_Std":0.004104327632053942,"IAT_Max":0.017915067146532239,"IAT_Min":0.0001630001606827136,"received_addresses":24,"max_pkt_from_sameId":20,"has_attacker":0}
{"received packets":490,"IAT_Mean":0.004062292715129193,"IAT_Std":0.0040915120263651468,"IAT_Max":0.01791505594519549,"IAT_Min":0.00016300027346005663,"received_addresses":26,"max_pkt_from_sameId":20,"has_attacker":0}
{"received packets":530,"IAT_Mean":0.003755683562471773,"IAT_Std":0.0038949856300912468,"IAT_Max":0.017915050710143988,"IAT_Min":0.00016300057177431881,"received_addresses":27,"max_pkt_from_sameId":20,"has_attacker":0}
{"received packets":570,"IAT_Mean":0.003494631205026771,"IAT_Std":0.003543146220361848,"IAT_Max":0.016498046585184058,"IAT_Min":0.00016300167408189736,"received_addresses":29,"max_pkt_from_sameId":20,"has_attacker":0}
{"received packets":550,"IAT_Mean":0.0036191394181646918,"IAT_Std":0.003821571043680303,"IAT_Max":0.017915125099534636,"IAT_Min":0.00016300504648825154,"received_addresses":29,"max_pkt_from_sameId":20,"has_attacker":0}
{"received packets":540,"IAT_Mean":0.003686169221711882,"IAT_Std":0.0039879397162162579,"IAT_Max":0.017915135536895833,"IAT_Min":0.00016303491065627895,"received_addresses":27,"max_pkt_from_sameId":20,"has_attacker":0}
{"received packets":977,"IAT_Mean":0.0020470165207784206,"IAT_Std":0.002584409469285687,"IAT_Max":0.01791512420095387,"IAT_Min":0.00016300200149999,"received_addresses":28,"max_pkt_from_sameId":108,"has_attacker":1}
{"received packets":1407,"IAT_Mean":0.0014214248617537792,"IAT_Std":0.0011790635635149326,"IAT_Max":0.004103762792510679,"IAT_Min":0.00016300224160659127,"received_addresses":26,"max_pkt_from_sameId":200,"has_attacker":1}
{"received packets":619,"IAT_Mean":0.0032158483310470206,"IAT_Std":0.0036456526317975325,"IAT_Max":0.017981710108870176,"IAT_Min":0.00010778124851640314,"received_addresses":21,"max_pkt_from_sameId":151,"has_attacker":1}
{"received packets":492,"IAT_Mean":0.004045650552439113,"IAT_Std":0.004367734441923932,"IAT_Max":0.01815027979318984,"IAT_Min":0.00011425850971136242,"received_addresses":19,"max_pkt_from_sameId":82,"has_attacker":1}
{"received packets":382,"IAT_Mean":0.005223904531413271,"IAT_Std":0.0042758280316532088,"IAT_Max":0.017987293904297986,"IAT_Min":0.000156056117702974,"received_addresses":18,"max_pkt_from_sameId":137,"has_attacker":1}
{"received packets":330,"IAT_Mean":0.006047040467731704,"IAT_Std":0.004823188307398231,"IAT_Max":0.020360429509310053,"IAT_Min":0.00016300093557219952,"received_addresses":14,"max_pkt_from_sameId":125,"has_attacker":1}
{"received packets":298,"IAT_Mean":0.0066963860730746269,"IAT_Std":0.00566885206419258,"IAT_Max":0.020373431172629354,"IAT_Min":0.0001135019920184277,"received_addresses":14,"max_pkt_from_sameId":68,"has_attacker":1}
