{"received packets":107,"IAT_Mean":0.018599133793337796,"IAT_Std":0.09645921888772678,"IAT_Max":1.0101076486389503,"IAT_Min":0.00016296282774419524,"received_addresses":3,"max_pkt_from_sameId":89,"has_attacker":1}
{"received packets":132,"IAT_Mean":0.015037239827644513,"IAT_Std":0.014316781341046196,"IAT_Max":0.05464282462344272,"IAT_Min":0.00010784227924887091,"received_addresses":3,"max_pkt_from_sameId":95,"has_attacker":1}
{"received packets":42,"IAT_Mean":0.0472597920771867,"IAT_Std":0.010331447864831,"IAT_Max":0.05464971641777083,"IAT_Min":0.010156306881981437,"received_addresses":3,"max_pkt_from_sameId":20,"has_attacker":0}
{"received packets":40,"IAT_Mean":0.04962293557500743,"IAT_Std":0.005531441234010059,"IAT_Max":0.05464885526453145,"IAT_Min":0.030274445958639263,"received_addresses":2,"max_pkt_from_sameId":20,"has_attacker":0}
{"received packets":125,"IAT_Mean":0.015920877047785325,"IAT_Std":0.014852505721600775,"IAT_Max":0.05464861856671632,"IAT_Min":0.00016287538528558798,"received_addresses":3,"max_pkt_from_sameId":90,"has_attacker":1}
{"received packets":242,"IAT_Mean":0.008223595137302961,"IAT_Std":0.0036174091885467008,"IAT_Max":0.01998944465594832,"IAT_Min":0.00011172459926456213,"received_addresses":4,"max_pkt_from_sameId":196,"has_attacker":1}
{"received packets":53,"IAT_Mean":0.037451142515289217,"IAT_Std":0.02483939042303304,"IAT_Max":0.07459453972842312,"IAT_Min":0.00011337983960402198,"received_addresses":4,"max_pkt_from_sameId":20,"has_attacker":1}
{"received packets":34,"IAT_Mean":0.05837981187430748,"IAT_Std":0.039425207306079828,"IAT_Max":0.10000934744311962,"IAT_Min":0.00016288624101434834,"received_addresses":4,"max_pkt_from_sameId":20,"has_attacker":0}
{"received packets":235,"IAT_Mean":0.008470092990056072,"IAT_Std":0.009785458447735683,"IAT_Max":0.052045373726286928,"IAT_Min":0.00016317373956553638,"received_addresses":11,"max_pkt_from_sameId":90,"has_attacker":1}
{"received packets":237,"IAT_Mean":0.008398570338736155,"IAT_Std":0.007599392656865455,"IAT_Max":0.041116579639492559,"IAT_Min":0.0001630994229344651,"received_addresses":13,"max_pkt_from_sameId":39,"has_attacker":1}
{"received packets":347,"IAT_Mean":0.0057507943826358869,"IAT_Std":0.005960268153361533,"IAT_Max":0.024398097117227736,"IAT_Min":0.0001630105180083774,"received_addresses":19,"max_pkt_from_sameId":47,"has_attacker":1}
{"received packets":252,"IAT_Mean":0.007918768052900666,"IAT_Std":0.008558885554223395,"IAT_Max":0.03474542925323476,"IAT_Min":0.00010876236774493009,"received_addresses":17,"max_pkt_from_sameId":20,"has_attacker":1}
{"received packets":215,"IAT_Mean":0.009281556242007524,"IAT_Std":0.008891169641405914,"IAT_Max":0.030111662639683347,"IAT_Min":0.00015313425683416426,"received_addresses":11,"max_pkt_from_sameId":48,"has_attacker":1}
{"received packets":194,"IAT_Mean":0.010286211210581145,"IAT_Std":0.009282879519844564,"IAT_Max":0.0347419725767395,"IAT_Min":0.00016358924403903075,"received_addresses":7,"max_pkt_from_sameId":86,"has_attacker":1}
{"received packets":205,"IAT_Mean":0.009734274015659694,"IAT_Std":0.007232442343564982,"IAT_Max":0.02999849836487556,"IAT_Min":0.00010813029075507075,"received_addresses":4,"max_pkt_from_sameId":145,"has_attacker":1}
{"received packets":74,"IAT_Mean":0.026966679684109469,"IAT_Std":0.014817347561340667,"IAT_Max":0.05364125455162139,"IAT_Min":0.00010926485265372321,"received_addresses":4,"max_pkt_from_sameId":20,"has_attacker":1}
{"received packets":40,"IAT_Mean":0.04970025106040339,"IAT_Std":0.008250742727317894,"IAT_Max":0.057752732318476777,"IAT_Min":0.030264518078183757,"received_addresses":2,"max_pkt_from_sameId":20,"has_attacker":0}
{"received packets":20,"IAT_Mean":0.09651337174800574,"IAT_Std":0.015198647782033285,"IAT_Max":0.1000115524220746,"IAT_Min":0.030264008488302353,"received_addresses":1,"max_pkt_from_sameId":20,"has_attacker":0}
{"received packets":20,"IAT_Mean":0.09651339354240918,"IAT_Std":0.015198336255113517,"IAT_Max":0.1000111103458039,"IAT_Min":0.03026538658377831,"received_addresses":1,"max_pkt_from_sameId":20,"has_attacker":0}
