{"received packets":480,"IAT_Mean":0.004163578924832715,"IAT_Std":0.0036669696196298484,"IAT_Max":0.011936268201679923,"IAT_Min":0.000163010317919543,"received_addresses":24,"max_pkt_from_sameId":20,"has_attacker":0}
{"received packets":500,"IAT_Mean":0.003997021034592763,"IAT_Std":0.0034942076081920568,"IAT_Max":0.011642081379250158,"IAT_Min":0.0001630045699130278,"received_addresses":25,"max_pkt_from_sameId":20,"has_attacker":0}
{"received packets":540,"IAT_Mean":0.0037009490967344997,"IAT_Std":0.0033741562469799836,"IAT_Max":0.011642094421404181,"IAT_Min":0.00016301309369737282,"received_addresses":29,"max_pkt_from_sameId":20,"has_attacker":0}
{"received packets":590,"IAT_Mean":0.0033873125461807726,"IAT_Std":0.0030889291305477197,"IAT_Max":0.010272501549479785,"IAT_Min":0.0001630168771953322,"received_addresses":30,"max_pkt_from_sameId":20,"has_attacker":0}
{"received packets":540,"IAT_Mean":0.0037009480006384334,"IAT_Std":0.0032469378887582157,"IAT_Max":0.010272644827637123,"IAT_Min":0.00016300843344652094,"received_addresses":27,"max_pkt_from_sameId":20,"has_attacker":0}
{"received packets":520,"IAT_Mean":0.003843299662863641,"IAT_Std":0.0035053031123665086,"IAT_Max":0.011642137964372523,"IAT_Min":0.00016300960851367563,"received_addresses":26,"max_pkt_from_sameId":20,"has_attacker":0}
{"received packets":530,"IAT_Mean":0.0037707934714387005,"IAT_Std":0.0035003111422893756,"IAT_Max":0.011642178666079417,"IAT_Min":0.00016302726362482645,"received_addresses":27,"max_pkt_from_sameId":20,"has_attacker":0}
{"received packets":964,"IAT_Mean":0.0020746214520320235,"IAT_Std":0.0023732336975415496,"IAT_Max":0.011642185676464579,"IAT_Min":0.0001630015394766815,"received_addresses":27,"max_pkt_from_sameId":108,"has_attacker":1}
{"received packets":1404,"IAT_Mean":0.0014244620300441734,"IAT_Std":0.0011695742570184296,"IAT_Max":0.00410407922390732,"IAT_Min":0.00016300180504913442,"received_addresses":27,"max_pkt_from_sameId":200,"has_attacker":1}
{"received packets":585,"IAT_Mean":0.003416275843514257,"IAT_Std":0.0036799458835711504,"IAT_Max":0.013633753940666793,"IAT_Min":0.00015272726159309968,"received_addresses":21,"max_pkt_from_sameId":124,"has_attacker":1}
{"received packets":520,"IAT_Mean":0.0038432967719227936,"IAT_Std":0.003932777639017245,"IAT_Max":0.01657000648265239,"IAT_Min":0.00015057108612381853,"received_addresses":19,"max_pkt_from_sameId":92,"has_attacker":1}
