{"received packets":80,"IAT_Mean":0.02467257308076114,"IAT_Std":0.03071121769967693,"IAT_Max":0.07850350881562918,"IAT_Min":0.0006960000064282212,"received_addresses":4,"max_pkt_from_sameId":20,"has_attacker":0}
{"received packets":100,"IAT_Mean":0.01984907489888428,"IAT_Std":0.023755759676641638,"IAT_Max":0.0673913111895672,"IAT_Min":0.000696000104653649,"received_addresses":5,"max_pkt_from_sameId":20,"has_attacker":0}
{"received packets":220,"IAT_Mean":0.009090872509758893,"IAT_Std":0.007213967053412067,"IAT_Max":0.02224449909044779,"IAT_Min":0.00016496684474986978,"received_addresses":12,"max_pkt_from_sameId":20,"has_attacker":0}
{"received packets":220,"IAT_Mean":0.00909090517460837,"IAT_Std":0.00845521320809269,"IAT_Max":0.03006574771279702,"IAT_Min":0.00016292247892124578,"received_addresses":12,"max_pkt_from_sameId":20,"has_attacker":0}
{"received packets":200,"IAT_Mean":0.009924566567042348,"IAT_Std":0.010562586022374948,"IAT_Max":0.0373328087880509,"IAT_Min":0.0002287909810547717,"received_addresses":10,"max_pkt_from_sameId":20,"has_attacker":0}
{"received packets":210,"IAT_Mean":0.00947869932382933,"IAT_Std":0.008924060472792182,"IAT_Max":0.031736326025566089,"IAT_Min":0.00022860571334604174,"received_addresses":11,"max_pkt_from_sameId":20,"has_attacker":0}
{"received packets":220,"IAT_Mean":0.009047869619247319,"IAT_Std":0.008820016204786773,"IAT_Max":0.03173650917597115,"IAT_Min":0.00022842211183160543,"received_addresses":11,"max_pkt_from_sameId":20,"has_attacker":0}
{"received packets":471,"IAT_Mean":0.0042418771646590609,"IAT_Std":0.005462054699156674,"IAT_Max":0.031723839449114169,"IAT_Min":0.00016303501979564317,"received_addresses":11,"max_pkt_from_sameId":105,"has_attacker":1}
{"received packets":760,"IAT_Mean":0.0026288597758522024,"IAT_Std":0.0017977323277461294,"IAT_Max":0.005082078318082495,"IAT_Min":0.0001630354927328881,"received_addresses":11,"max_pkt_from_sameId":200,"has_attacker":1}
{"received packets":353,"IAT_Mean":0.005639120055910113,"IAT_Std":0.006594641313897384,"IAT_Max":0.026419752113724827,"IAT_Min":0.00013938421034254134,"received_addresses":9,"max_pkt_from_sameId":104,"has_attacker":1}
{"received packets":305,"IAT_Mean":0.006526095682283249,"IAT_Std":0.006277433641833656,"IAT_Max":0.0318032751310966,"IAT_Min":0.00015530783275607973,"received_addresses":10,"max_pkt_from_sameId":100,"has_attacker":1}
{"received packets":227,"IAT_Mean":0.008768573336672865,"IAT_Std":0.008264356472273865,"IAT_Max":0.03187026557861827,"IAT_Min":0.00016301688810926862,"received_addresses":9,"max_pkt_from_sameId":68,"has_attacker":1}
{"received packets":142,"IAT_Mean":0.014017402995948583,"IAT_Std":0.009990737539820886,"IAT_Max":0.03180727983999532,"IAT_Min":0.0010080619431391825,"received_addresses":9,"max_pkt_from_sameId":20,"has_attacker":1}
{"received packets":217,"IAT_Mean":0.009172557161326015,"IAT_Std":0.008296202801060271,"IAT_Max":0.03179724119763705,"IAT_Min":0.00015475560576305725,"received_addresses":12,"max_pkt_from_sameId":49,"has_attacker":1}
{"received packets":217,"IAT_Mean":0.00917261956827066,"IAT_Std":0.00813232670760379,"IAT_Max":0.031812143221031877,"IAT_Min":0.00011092644854215905,"received_addresses":11,"max_pkt_from_sameId":53,"has_attacker":1}
{"received packets":191,"IAT_Mean":0.010420817561547122,"IAT_Std":0.009335871945176072,"IAT_Max":0.0318754073123273,"IAT_Min":0.0001630092338018585,"received_addresses":11,"max_pkt_from_sameId":22,"has_attacker":1}
{"received packets":171,"IAT_Mean":0.011640193220572607,"IAT_Std":0.009969776658308812,"IAT_Max":0.03187301573052537,"IAT_Min":0.00016300919378409162,"received_addresses":11,"max_pkt_from_sameId":20,"has_attacker":1}
{"received packets":142,"IAT_Mean":0.014017139951224828,"IAT_Std":0.010099147672628269,"IAT_Max":0.031810631189728159,"IAT_Min":0.0009950619423761964,"received_addresses":8,"max_pkt_from_sameId":20,"has_attacker":1}
{"received packets":326,"IAT_Mean":0.006106125793173913,"IAT_Std":0.007275561650078232,"IAT_Max":0.031810997239517749,"IAT_Min":0.00015592825002386235,"received_addresses":12,"max_pkt_from_sameId":91,"has_attacker":1}
{"received packets":240,"IAT_Mean":0.008293233814098737,"IAT_Std":0.008165581447043109,"IAT_Max":0.032130664338183127,"IAT_Min":0.00016306995166814886,"received_addresses":13,"max_pkt_from_sameId":44,"has_attacker":1}
{"received packets":220,"IAT_Mean":0.009047144607228058,"IAT_Std":0.008449445974878288,"IAT_Max":0.03187587656793767,"IAT_Min":0.0001630454462429043,"received_addresses":11,"max_pkt_from_sameId":20,"has_attacker":1}
{"received packets":185,"IAT_Mean":0.01075916218666149,"IAT_Std":0.009622746504274352,"IAT_Max":0.031812312445254068,"IAT_Min":0.00017600249702809379,"received_addresses":11,"max_pkt_from_sameId":20,"has_attacker":1}
{"received packets":274,"IAT_Mean":0.007263172155294043,"IAT_Std":0.008879389704424703,"IAT_Max":0.05187002163438592,"IAT_Min":0.00015195392916211858,"received_addresses":13,"max_pkt_from_sameId":58,"has_attacker":1}
{"received packets":354,"IAT_Mean":0.00562177867529607,"IAT_Std":0.008698519805483109,"IAT_Max":0.05185699658250087,"IAT_Min":0.000155935969814891,"received_addresses":12,"max_pkt_from_sameId":108,"has_attacker":1}
{"received packets":184,"IAT_Mean":0.010817236155340336,"IAT_Std":0.012635795553680546,"IAT_Max":0.05210818317573285,"IAT_Min":0.0007090557992341928,"received_addresses":10,"max_pkt_from_sameId":20,"has_attacker":1}
{"received packets":165,"IAT_Mean":0.01206331435301267,"IAT_Std":0.015246411570045384,"IAT_Max":0.05210981232812628,"IAT_Min":0.0001630454462429043,"received_addresses":11,"max_pkt_from_sameId":20,"has_attacker":1}
{"received packets":175,"IAT_Mean":0.011374124707550176,"IAT_Std":0.01519743769890371,"IAT_Max":0.05204538429825334,"IAT_Min":0.0010080230385938194,"received_addresses":10,"max_pkt_from_sameId":20,"has_attacker":1}
{"received packets":349,"IAT_Mean":0.005703327257247384,"IAT_Std":0.005088269255306937,"IAT_Max":0.042472452674701347,"IAT_Min":0.00016305444296449423,"received_addresses":11,"max_pkt_from_sameId":130,"has_attacker":1}
{"received packets":313,"IAT_Mean":0.006359010110833323,"IAT_Std":0.0058745987104205,"IAT_Max":0.030009788879397094,"IAT_Min":0.00016300920833600685,"received_addresses":14,"max_pkt_from_sameId":84,"has_attacker":1}
{"received packets":210,"IAT_Mean":0.009477973023049778,"IAT_Std":0.014018913496296767,"IAT_Max":0.052108880307059738,"IAT_Min":0.00010884211224038154,"received_addresses":12,"max_pkt_from_sameId":20,"has_attacker":1}
{"received packets":180,"IAT_Mean":0.011086304096655417,"IAT_Std":0.01428867074966625,"IAT_Max":0.052047765278985028,"IAT_Min":0.0009949999948730693,"received_addresses":10,"max_pkt_from_sameId":20,"has_attacker":0}
{"received packets":274,"IAT_Mean":0.007282937461858484,"IAT_Std":0.009096932451302069,"IAT_Max":0.0469574942944746,"IAT_Min":0.0001630505357752554,"received_addresses":13,"max_pkt_from_sameId":74,"has_attacker":1}
{"received packets":388,"IAT_Mean":0.005143108060007396,"IAT_Std":0.003943727955533346,"IAT_Max":0.013303877891303273,"IAT_Min":0.0001079330759239383,"received_addresses":13,"max_pkt_from_sameId":162,"has_attacker":1}
{"received packets":185,"IAT_Mean":0.010786670016249126,"IAT_Std":0.013108844947649004,"IAT_Max":0.046958067494415448,"IAT_Min":0.00010900198685703799,"received_addresses":11,"max_pkt_from_sameId":20,"has_attacker":1}
{"received packets":180,"IAT_Mean":0.011086247074995806,"IAT_Std":0.013447169075255799,"IAT_Max":0.046959490926383299,"IAT_Min":0.0009953781627700665,"received_addresses":9,"max_pkt_from_sameId":20,"has_attacker":0}
{"received packets":180,"IAT_Mean":0.011086249297679589,"IAT_Std":0.013446845964037125,"IAT_Max":0.04695512482066988,"IAT_Min":0.0009955552814062685,"received_addresses":9,"max_pkt_from_sameId":20,"has_attacker":0}
{"received packets":320,"IAT_Mean":0.006236025479597629,"IAT_Std":0.0054268557224947029,"IAT_Max":0.04247112443044898,"IAT_Min":0.00016331977167283185,"received_addresses":12,"max_pkt_from_sameId":132,