{"received packets":257,"IAT_Mean":0.007743619996392991,"IAT_Std":0.003041195513209182,"IAT_Max":0.019995050202851418,"IAT_Min":0.001969999895663932,"received_addresses":5,"max_pkt_from_sameId":179,"has_attacker":1}
{"received packets":239,"IAT_Mean":0.008349509262188804,"IAT_Std":0.008452366688560556,"IAT_Max":0.02670427821794874,"IAT_Min":0.00010900969573413022,"received_addresses":7,"max_pkt_from_sameId":85,"has_attacker":1}
{"received packets":194,"IAT_Mean":0.010286214078602366,"IAT_Std":0.00933488252728315,"IAT_Max":0.03199865685382974,"IAT_Min":0.00015101449025678448,"received_addresses":8,"max_pkt_from_sameId":51,"has_attacker":1}
{"received packets":140,"IAT_Mean":0.014253744161656609,"IAT_Std":0.0077520178768036569,"IAT_Max":0.024740482149354649,"IAT_Min":0.0019572056080505719,"received_addresses":7,"max_pkt_from_sameId":20,"has_attacker":0}
{"received packets":151,"IAT_Mean":0.013215446768468092,"IAT_Std":0.009288585836812169,"IAT_Max":0.02670478056461434,"IAT_Min":0.00016300142306135967,"received_addresses":8,"max_pkt_from_sameId":20,"has_attacker":1}
{"received packets":182,"IAT_Mean":0.010788656377521725,"IAT_Std":0.010178875882050959,"IAT_Max":0.05869965265810606,"IAT_Min":0.0001510145521024242,"received_addresses":9,"max_pkt_from_sameId":35,"has_attacker":1}
{"received packets":291,"IAT_Mean":0.006839418824139224,"IAT_Std":0.007294165014617625,"IAT_Max":0.03656908090488287,"IAT_Min":0.00011785449532908387,"received_addresses":7,"max_pkt_from_sameId":102,"has_attacker":1}
{"received packets":86,"IAT_Mean":0.022630866724834644,"IAT_Std":0.02864586888105019,"IAT_Max":0.07598544501524884,"IAT_Min":0.0001058778325386811,"received_addresses":7,"max_pkt_from_sameId":20,"has_attacker":1}
{"received packets":201,"IAT_Mean":0.009901848206321469,"IAT_Std":0.015605449055124663,"IAT_Max":0.07598680018054438,"IAT_Min":0.00015948199870763347,"received_addresses":7,"max_pkt_from_sameId":99,"has_attacker":1}
{"received packets":273,"IAT_Mean":0.007309615439765736,"IAT_Std":0.003195444818345255,"IAT_Max":0.011324686398438644,"IAT_Min":0.00011434295083745383,"received_addresses":7,"max_pkt_from_sameId":190,"has_attacker":1}
{"received packets":239,"IAT_Mean":0.008326814200365152,"IAT_Std":0.008369640970491536,"IAT_Max":0.03386122758456622,"IAT_Min":0.00011262858606642112,"received_addresses":7,"max_pkt_from_sameId":121,"has_attacker":1}
{"received packets":185,"IAT_Mean":0.010746002574396207,"IAT_Std":0.01172498359636053,"IAT_Max":0.04175836373542552,"IAT_Min":0.00011259388702455908,"received_addresses":7,"max_pkt_from_sameId":64,"has_attacker":1}
{"received packets":211,"IAT_Mean":0.009433056248983803,"IAT_Std":0.010223651524580839,"IAT_Max":0.041758376217330809,"IAT_Min":0.0007129746954888105,"received_addresses":17,"max_pkt_from_sameId":20,"has_attacker":0}
{"received packets":321,"IAT_Mean":0.006199706127676522,"IAT_Std":0.005100456218476813,"IAT_Max":0.02796647490322357,"IAT_Min":0.00032936376010184176,"received_addresses":18,"max_pkt_from_sameId":109,"has_attacker":1}
{"received packets":215,"IAT_Mean":0.009246548378436019,"IAT_Std":0.008237987205288017,"IAT_Max":0.04176048164299573,"IAT_Min":0.00010966698391712271,"received_addresses":8,"max_pkt_from_sameId":94,"has_attacker":1}
{"received packets":160,"IAT_Mean":0.01242505514712775,"IAT_Std":0.010904058896296905,"IAT_Max":0.0417543845178443,"IAT_Min":0.0013310402937349864,"received_addresses":7,"max_pkt_from_sameId":49,"has_attacker":1}
{"received packets":82,"IAT_Mean":0.024244099211101434,"IAT_Std":0.013722411371629513,"IAT_Max":0.041752533870749179,"IAT_Min":0.0021270618090056816,"received_addresses":5,"max_pkt_from_sameId":20,"has_attacker":1}
{"received packets":44,"IAT_Mean":0.04518205296070929,"IAT_Std":0.011108298478363761,"IAT_Max":0.050100406020646918,"IAT_Min":0.012181620917544933,"received_addresses":3,"max_pkt_from_sameId":20,"has_attacker":0}
{"received packets":64,"IAT_Mean":0.031062765860269793,"IAT_Std":0.019851752378690768,"IAT_Max":0.04992134766507661,"IAT_Min":0.005167009643628262,"received_addresses":4,"max_pkt_from_sameId":20,"has_attacker":0}
{"received packets":69,"IAT_Mean":0.028160912847680808,"IAT_Std":0.02138976908130678,"IAT_Max":0.06053006854199339,"IAT_Min":0.005164794016309315,"received_addresses":4,"max_pkt_from_sameId":20,"has_attacker":0}
