{"sendtime":25201.0639921017,"rcvtime":25201.064097938175,"senderID":52,"messageID":67225,"position":[5457.186798039958,5113.945360620813,0.0],"speed":[6.860672249990721,-11.160181379630947,0.0],"heading":-1.1236523399716945,"ddostype":0,"msgtype":0}
{"sendtime":25201.1639921017,"rcvtime":25201.16410930186,"senderID":52,"messageID":73672,"position":[5457.186798039958,5113.945360620813,0.0],"speed":[6.860672249990721,-11.160181379630947,0.0],"heading":-1.1236523399716945,"ddostype":0,"msgtype":0}
{"sendtime":25201.2639921017,"rcvtime":25201.26410766554,"senderID":52,"messageID":80119,"position":[5457.186798039958,5113.945360620813,0.0],"speed":[6.860672249990721,-11.160181379630947,0.0],"heading":-1.1236523399716945,"ddostype":0,"msgtype":0}
{"sendtime":25201.3639921017,"rcvtime":25201.364106029225,"senderID":52,"messageID":86566,"position":[5457.186798039958,5113.945360620813,0.0],"speed":[6.860672249990721,-11.160181379630947,0.0],"heading":-1.1236523399716945,"ddostype":0,"msgtype":0}
{"sendtime":25201.4639921017,"rcvtime":25201.464104392908,"senderID":52,"messageID":93013,"position":[5457.186798039958,5113.945360620813,0.0],"speed":[6.860672249990721,-11.160181379630947,0.0],"heading":-1.1236523399716945,"ddostype":0,"msgtype":0}
{"sendtime":25201.5639921017,"rcvtime":25201.564102756587,"senderID":52,"messageID":99460,"position":[5457.186798039958,5113.945360620813,0.0],"speed":[6.860672249990721,-11.160181379630947,0.0],"heading":-1.1236523399716945,"ddostype":0,"msgtype":0}
{"sendtime":25201.6639921017,"rcvtime":25201.664101120266,"senderID":52,"messageID":105907,"position":[5457.186798039958,5113.945360620813,0.0],"speed":[6.860672249990721,-11.160181379630947,0.0],"heading":-1.1236523399716945,"ddostype":0,"msgtype":0}
{"sendtime":25201.7639921017,"rcvtime":25201.764099483953,"senderID":52,"messageID":112354,"position":[5457.186798039958,5113.945360620813,0.0],"speed":[6.860672249990721,-11.160181379630947,0.0],"heading":-1.1236523399716945,"ddostype":0,"msgtype":0}
{"sendtime":25201.8639921017,"rcvtime":25201.864097847632,"senderID":52,"messageID":118801,"position":[5457.186798039958,5113.945360620813,0.0],"speed":[6.860672249990721,-11.160181379630947,0.0],"heading":-1.1236523399716945,"ddostype":0,"msgtype":0}
{"sendtime":25201.9639921017,"rcvtime":25201.964109211316,"senderID":52,"messageID":125248,"position":[5457.186798039958,5113.945360620813,0.0],"speed":[6.860672249990721,-11.160181379630947,0.0],"heading":-1.1236523399716945,"ddostype":0,"msgtype":0}
{"sendtime":25202.0639921017,"rcvtime":25202.06410759797,"senderID":52,"messageID":131724,"position":[5464.830860364109,5101.813281261921,0.0],"speed":[7.672268757844898,-12.139711881625905,0.0],"heading":-1.1236523399716945,"ddostype":0,"msgtype":0}
{"sendtime":25202.1639921017,"rcvtime":25202.164099139914,"senderID":52,"messageID":138200,"position":[5464.830860364109,5101.813281261921,0.0],"speed":[7.672268757844898,-12.139711881625905,0.0],"heading":-1.1236523399716945,"ddostype":0,"msgtype":0}
{"sendtime":25202.2639921017,"rcvtime":25202.264105310016,"senderID":52,"messageID":144675,"position":[5464.830860364109,5101.813281261921,0.0],"speed":[7.672268757844898,-12.139711881625905,0.0],"heading":-1.1236523399716945,"ddostype":0,"msgtype":0}
{"sendtime":25202.3639921017,"rcvtime":25202.364098480113,"senderID":52,"messageID":151150,"position":[5464.830860364109,5101.813281261921,0.0],"speed":[7.672268757844898,-12.139711881625905,0.0],"heading":-1.1236523399716945,"ddostype":0,"msgtype":0}
{"sendtime":25202.4639921017,"rcvtime":25202.46410465021,"senderID":52,"messageID":157624,"position":[5464.830860364109,5101.813281261921,0.0],"speed":[7.672268757844898,-12.139711881625905,0.0],"heading":-1.1236523399716945,"ddostype":0,"msgtype":0}
{"sendtime":25202.5639921017,"rcvtime":25202.564097820312,"senderID":52,"messageID":164099,"position":[5464.830860364109,5101.813281261921,0.0],"speed":[7.672268757844898,-12.139711881625905,0.0],"heading":-1.1236523399716945,"ddostype":0,"msgtype":0}
{"sendtime":25202.6639921017,"rcvtime":25202.664103990406,"senderID":52,"messageID":170574,"position":[5464.830860364109,5101.813281261921,0.0],"speed":[7.672268757844898,-12.139711881625905,0.0],"heading":-1.1236523399716945,"ddostype":0,"msgtype":0}
{"sendtime":25202.7639921017,"rcvtime":25202.76411016051,"senderID":52,"messageID":177049,"position":[5464.830860364109,5101.813281261921,0.0],"speed":[7.672268757844898,-12.139711881625905,0.0],"heading":-1.1236523399716945,"ddostype":0,"msgtype":0}
{"sendtime":25202.8639921017,"rcvtime":25202.86410333061,"senderID":52,"messageID":183523,"position":[5464.830860364109,5101.813281261921,0.0],"speed":[7.672268757844898,-12.139711881625905,0.0],"heading":-1.1236523399716945,"ddostype":0,"msgtype":0}
{"sendtime":25202.9639921017,"rcvtime":25202.964109500703,"senderID":52,"messageID":189997,"position":[5464.830860364109,5101.813281261921,0.0],"speed":[7.672268757844898,-12.139711881625905,0.0],"heading":-1.1236523399716945,"ddostype":0,"msgtype":0}
{"sendtime":25212.09182354729,"rcvtime":25212.09194071749,"senderID":154,"messageID":707716,"position":[5828.511878097714,5076.134448782041,0.0],"speed":[-5.654412706207962,-13.26435163577701,0.0],"heading":0.4801018200989003,"ddostype":0,"msgtype":0}
{"sendtime":25212.191823547288,"rcvtime":25212.191939831737,"senderID":154,"messageID":713057,"position":[5828.511878097714,5076.134448782041,0.0],"speed":[-5.654412706207962,-13.26435163577701,0.0],"heading":0.4801018200989003,"ddostype":0,"msgtype":0}
{"sendtime":25212.291823547286,"rcvtime":25212.291938945982,"senderID":154,"messageID":718397,"position":[5828.511878097714,5076.134448782041,0.0],"speed":[-5.654412706207962,-13.26435163577701,0.0],"heading":0.4801018200989003,"ddostype":0,"msgtype":0}
{"sendtime":25212.39182354729,"rcvtime":25212.391938060227,"senderID":154,"messageID":723738,"position":[5828.511878097714,5076.134448782041,0.0],"speed":[-5.654412706207962,-13.26435163577701,0.0],"heading":0.4801018200989003,"ddostype":0,"msgtype":0}
{"sendtime":25212.491823547287,"rcvtime":25212.491937174473,"senderID":154,"messageID":729079,"position":[5828.511878097714,5076.134448782041,0.0],"speed":[-5.654412706207962,-13.26435163577701,0.0],"heading":0.4801018200989003,"ddostype":0,"msgtype":0}
{"sendtime":25212.59182354729,"rcvtime":25212.591936288725,"senderID":154,"messageID":734420,"position":[5828.511878097714,5076.134448782041,0.0],"speed":[-5.654412706207962,-13.26435163577701,0.0],"heading":0.4801018200989003,"ddostype":0,"msgtype":0}
{"sendtime":25212.691823547288,"rcvtime":25212.691935402967,"senderID":154,"messageID":739761,"position":[5828.511878097714,5076.134448782041,0.0],"speed":[-5.654412706207962,-13.26435163577701,0.0],"heading":0.4801018200989003,"ddostype":0,"msgtype":0}
{"sendtime":25212.791823547286,"rcvtime":25212.791934517212,"senderID":154,"messageID":745102,"position":[5828.511878097714,5076.134448782041,0.0],"speed":[-5.654412706207962,-13.26435163577701,0.0],"heading":0.4801018200989003,"ddostype":0,"msgtype":0}
{"sendtime":25212.89182354729,"rcvtime":25212.891933631454,"senderID":154,"messageID":750443,"position":[5828.511878097714,5076.134448782041,0.0],"speed":[-5.654412706207962,-13.26435163577701,0.0],"heading":0.4801018200989003,"ddostype":0,"msgtype":0}
{"sendtime":25212.991823547287,"rcvtime":25212.991932745703,"senderID":154,"messageID":755784,"position":[5828.511878097714,5076.134448782041,0.0],"speed":[-5.654412706207962,-13.26435163577701,0.0],"heading":0.4801018200989003,"ddostype":0,"msgtype":0}
