{"received packets":186,"IAT_Mean":0.010744708262908746,"IAT_Std":0.07450211183183364,"IAT_Max":1.022238329598622,"IAT_Min":0.00010624903734424151,"received_addresses":15,"max_pkt_from_sameId":61,"has_attacker":1}
{"received packets":274,"IAT_Mean":0.007293870068878257,"IAT_Std":0.006042896964278416,"IAT_Max":0.020369822192151334,"IAT_Min":0.00010873840437852778,"received_addresses":14,"max_pkt_from_sameId":68,"has_attacker":1}
{"received packets":298,"IAT_Mean":0.006706443638257579,"IAT_Std":0.005652079410766051,"IAT_Max":0.02037342864423408,"IAT_Min":0.00011348257976351306,"received_addresses":14,"max_pkt_from_sameId":68,"has_attacker":1}
{"received packets":204,"IAT_Mean":0.00975715366325412,"IAT_Std":0.007493849423334133,"IAT_Max":0.020379881581902738,"IAT_Min":0.00016295033492497168,"received_addresses":10,"max_pkt_from_sameId":27,"has_attacker":1}
{"received packets":216,"IAT_Mean":0.009214708175595324,"IAT_Std":0.007896209453986423,"IAT_Max":0.03187406590222963,"IAT_Min":0.00016300105562550016,"received_addresses":13,"max_pkt_from_sameId":22,"has_attacker":1}
{"received packets":213,"IAT_Mean":0.009344947233432938,"IAT_Std":0.008118943324567328,"IAT_Max":0.03187167460055207,"IAT_Min":0.00016300185961881652,"received_addresses":13,"max_pkt_from_sameId":20,"has_attacker":1}
{"received packets":201,"IAT_Mean":0.009902659205172358,"IAT_Std":0.006240960363046285,"IAT_Max":0.022121071720903275,"IAT_Min":0.0001630526348890271,"received_addresses":12,"max_pkt_from_sameId":20,"has_attacker":1}
{"received packets":317,"IAT_Mean":0.006279487518156836,"IAT_Std":0.006387562893410621,"IAT_Max":0.031614746687409937,"IAT_Min":0.00016312072330038063,"received_addresses":14,"max_pkt_from_sameId":84,"has_attacker":1}
{"received packets":253,"IAT_Mean":0.007824465842823118,"IAT_Std":0.009017669764473768,"IAT_Max":0.040687996392080098,"IAT_Min":0.0001630515107535757,"received_addresses":14,"max_pkt_from_sameId":96,"has_attacker":1}
{"received packets":110,"IAT_Mean":0.017996285394838199,"IAT_Std":0.012014820237189361,"IAT_Max":0.04067248369756271,"IAT_Min":0.0019572031233110467,"received_addresses":6,"max_pkt_from_sameId":20,"has_attacker":0}
{"received packets":151,"IAT_Mean":0.013180615016753056,"IAT_Std":0.008731635762745046,"IAT_Max":0.031963780806108846,"IAT_Min":0.00016300181960104965,"received_addresses":8,"max_pkt_from_sameId":20,"has_attacker":1}
{"received packets":172,"IAT_Mean":0.011415901431910455,"IAT_Std":0.010649687019423256,"IAT_Max":0.05869964984594844,"IAT_Min":0.00015101608005352318,"received_addresses":9,"max_pkt_from_sameId":35,"has_attacker":1}
{"received packets":2,"IAT_Mean":0.00013753165512753185,"IAT_Std":0.000020094596038688907,"IAT_Max":0.00015762625116622075,"IAT_Min":0.00011743705908884294,"received_addresses":2,"max_pkt_from_sameId":1,"has_attacker":1}
{"received packets":10,"IAT_Mean":0.1979592608542589,"IAT_Std":0.29387657858143498,"IAT_Max":1.0795889965411334,"IAT_Min":0.09999599121147185,"received_addresses":1,"max_pkt_from_sameId":10,"has_attacker":0}
{"received packets":10,"IAT_Mean":0.19222433684408317,"IAT_Std":0.27666988548565266,"IAT_Max":1.0222339931788156,"IAT_Min":0.09999405654889415,"received_addresses":1,"max_pkt_from_sameId":10,"has_attacker":0}
{"received packets":162,"IAT_Mean":0.012252525650317828,"IAT_Std":0.01219243063860983,"IAT_Max":0.045372493310424037,"IAT_Min":0.00016300007700920105,"received_addresses":6,"max_pkt_from_sameId":85,"has_attacker":1}
{"received packets":86,"IAT_Mean":0.02308038648156663,"IAT_Std":0.01728140404104326,"IAT_Max":0.04536525428920868,"IAT_Min":0.0009950344319804572,"received_addresses":5,"max_pkt_from_sameId":20,"has_attacker":0}
{"received packets":173,"IAT_Mean":0.011505610102618039,"IAT_Std":0.011883939692730465,"IAT_Max":0.039837071315560027,"IAT_Min":0.0001532084570499137,"received_addresses":10,"max_pkt_from_sameId":32,"has_attacker":1}
{"received packets":331,"IAT_Mean":0.006013476586727171,"IAT_Std":0.005133845487899067,"IAT_Max":0.019677299034810859,"IAT_Min":0.00015335594798671082,"received_addresses":17,"max_pkt_from_sameId":53,"has_attacker":1}
{"received packets":393,"IAT_Mean":0.0050647883985748339,"IAT_Std":0.003725034808790982,"IAT_Max":0.016731900876038709,"IAT_Min":0.00016313161177095026,"received_addresses":19,"max_pkt_from_sameId":59,"has_attacker":1}
{"received packets":302,"IAT_Mean":0.006590615507227404,"IAT_Std":0.004865210108012212,"IAT_Max":0.016737107554945397,"IAT_Min":0.00033886448363773525,"received_addresses":16,"max_pkt_from_sameId":20,"has_attacker":1}
{"received packets":328,"IAT_Mean":0.0060683975211093909,"IAT_Std":0.005320315141662265,"IAT_Max":0.027250105358689326,"IAT_Min":0.00020225788102834485,"received_addresses":16,"max_pkt_from_sameId":48,"has_attacker":1}
{"received packets":383,"IAT_Mean":0.005197025372407915,"IAT_Std":0.003523017455456179,"IAT_Max":0.013873720919946209,"IAT_Min":0.00017628078785492107,"received_addresses":15,"max_pkt_from_sameId":103,"has_attacker":1}
{"received packets":332,"IAT_Mean":0.005995334069578907,"IAT_Std":0.004492480841120882,"IAT_Max":0.01673673087498173,"IAT_Min":0.00016304315795423463,"received_addresses":18,"max_pkt_from_sameId":22,"has_attacker":1}
