{"received packets":500,"IAT_Mean":0.003997035818269069,"IAT_Std":0.0036391790333278578,"IAT_Max":0.013820164953358472,"IAT_Min":0.00016303844313370064,"received_addresses":25,"max_pkt_from_sameId":20,"has_attacker":0}
{"received packets":530,"IAT_Mean":0.003770774632240953,"IAT_Std":0.003512249718504207,"IAT_Max":0.013820148455124582,"IAT_Min":0.00016301272989949211,"received_addresses":27,"max_pkt_from_sameId":20,"has_attacker":0}
{"received packets":560,"IAT_Mean":0.0035687724391079559,"IAT_Std":0.0034390733285141349,"IAT_Max":0.013820164069329622,"IAT_Min":0.00016309232159983367,"received_addresses":30,"max_pkt_from_sameId":20,"has_attacker":0}
{"received packets":510,"IAT_Mean":0.003918655831112832,"IAT_Std":0.0035798056649411354,"IAT_Max":0.013820285552355927,"IAT_Min":0.00016313226296915673,"received_addresses":26,"max_pkt_from_sameId":20,"has_attacker":0}
{"received packets":520,"IAT_Mean":0.003843292323220409,"IAT_Std":0.0034517256312498847,"IAT_Max":0.013820445943565574,"IAT_Min":0.00016314863751176745,"received_addresses":26,"max_pkt_from_sameId":20,"has_attacker":0}
{"received packets":520,"IAT_Mean":0.003843299849128156,"IAT_Std":0.0036444597175257686,"IAT_Max":0.013820622032653774,"IAT_Min":0.00016311345825670287,"received_addresses":26,"max_pkt_from_sameId":20,"has_attacker":0}
{"received packets":540,"IAT_Mean":0.003700964146534076,"IAT_Std":0.0036288680394478318,"IAT_Max":0.013820787677104818,"IAT_Min":0.00016301735377055593,"received_addresses":27,"max_pkt_from_sameId":20,"has_attacker":0}
{"received packets":888,"IAT_Mean":0.0022521792610089646,"IAT_Std":0.0024600728319490469,"IAT_Max":0.013820960011798889,"IAT_Min":0.00016300019706250168,"received_addresses":28,"max_pkt_from_sameId":108,"has_attacker":1}
{"received packets":1227,"IAT_Mean":0.0016299468610395782,"IAT_Std":0.0012010850133021164,"IAT_Max":0.004104078696400393,"IAT_Min":0.00016300012794090435,"received_addresses":26,"max_pkt_from_sameId":200,"has_attacker":1}
{"received packets":619,"IAT_Mean":0.003228629223528378,"IAT_Std":0.0035349542017503244,"IAT_Max":0.01363375321670901,"IAT_Min":0.00015272682139766403,"received_addresses":22,"max_pkt_from_sameId":123,"has_attacker":1}
