{"received packets":460,"IAT_Mean":0.004344591523065743,"IAT_Std":0.0046544946468214999,"IAT_Max":0.022380094640539029,"IAT_Min":0.00016300351126119494,"received_addresses":23,"max_pkt_from_sameId":20,"has_attacker":0}
{"received packets":460,"IAT_Mean":0.004344609404854608,"IAT_Std":0.004654680985436434,"IAT_Max":0.022380144022463356,"IAT_Min":0.00016300227798637934,"received_addresses":23,"max_pkt_from_sameId":20,"has_attacker":0}
{"received packets":480,"IAT_Mean":0.004163587284415371,"IAT_Std":0.003997061841886186,"IAT_Max":0.022380169633834158,"IAT_Min":0.0001630003134778235,"received_addresses":25,"max_pkt_from_sameId":20,"has_attacker":0}
{"received packets":530,"IAT_Mean":0.0037707856983615784,"IAT_Std":0.003003626346133726,"IAT_Max":0.013124000801326475,"IAT_Min":0.00016304141172440723,"received_addresses":27,"max_pkt_from_sameId":20,"has_attacker":0}
{"received packets":569,"IAT_Mean":0.003512321957974989,"IAT_Std":0.0029667227077709876,"IAT_Max":0.013124002049153205,"IAT_Min":0.000163099160999991,"received_addresses":29,"max_pkt_from_sameId":20,"has_attacker":0}
{"received packets":551,"IAT_Mean":0.003627070409496473,"IAT_Std":0.0030521896045559106,"IAT_Max":0.013124012846674305,"IAT_Min":0.00016311291983583942,"received_addresses":29,"max_pkt_from_sameId":20,"has_attacker":0}
{"received packets":540,"IAT_Mean":0.0037009579053052155,"IAT_Std":0.003050491617159497,"IAT_Max":0.01312427677839878,"IAT_Min":0.0001631364029890392,"received_addresses":27,"max_pkt_from_sameId":20,"has_attacker":0}
{"received packets":566,"IAT_Mean":0.0035309534886703919,"IAT_Std":0.003012545813401912,"IAT_Max":0.013124520879500779,"IAT_Min":0.0001631487139093224,"received_addresses":28,"max_pkt_from_sameId":24,"has_attacker":1}
{"received packets":1679,"IAT_Mean":0.0011909359771741816,"IAT_Std":0.0013546611734583353,"IAT_Max":0.01229107148537878,"IAT_Min":0.0001336014029220678,"received_addresses":26,"max_pkt_from_sameId":268,"has_attacker":1}
{"received packets":734,"IAT_Mean":0.002722771707597875,"IAT_Std":0.002605534473635215,"IAT_Max":0.017297006779699588,"IAT_Min":0.0001346461103821639,"received_addresses":22,"max_pkt_from_sameId":235,"has_attacker":1}
{"received packets":598,"IAT_Mean":0.0033440918328067157,"IAT_Std":0.003302633448987647,"IAT_Max":0.03268040405964712,"IAT_Min":0.0001351292921754066,"received_addresses":23,"max_pkt_from_sameId":212,"has_attacker":1}
{"received packets":433,"IAT_Mean":0.004617599081504468,"IAT_Std":0.0049598964086462848,"IAT_Max":0.03391744198597735,"IAT_Min":0.00011336694296915084,"received_addresses":21,"max_pkt_from_sameId":46,"has_attacker":1}
{"received packets":569,"IAT_Mean":0.0035110013415731707,"IAT_Std":0.00275665610108976,"IAT_Max":0.02481810922108707,"IAT_Min":0.0001618932183191646,"received_addresses":19,"max_pkt_from_sameId":279,"has_attacker":1}
