{"received packets":20,"IAT_Mean":0.0954212145321435,"IAT_Std":0.0199593126649037,"IAT_Max":0.10001078522327589,"IAT_Min":0.008420590944297146,"received_addresses":1,"max_pkt_from_sameId":20,"has_attacker":0}
{"received packets":60,"IAT_Mean":0.03326371527855372,"IAT_Std":0.03321745039627319,"IAT_Max":0.0874157446269237,"IAT_Min":0.004574827660690062,"received_addresses":4,"max_pkt_from_sameId":20,"has_attacker":0}
{"received packets":30,"IAT_Mean":0.06614500728768083,"IAT_Std":0.03249418100890933,"IAT_Max":0.10001048891354003,"IAT_Min":0.00842195428776904,"received_addresses":2,"max_pkt_from_sameId":20,"has_attacker":0}
{"received packets":40,"IAT_Mean":0.04875616483323029,"IAT_Std":0.019334186354746514,"IAT_Max":0.07451752350607421,"IAT_Min":0.008423862087511225,"received_addresses":3,"max_pkt_from_sameId":20,"has_attacker":0}
{"received packets":70,"IAT_Mean":0.027959036009789479,"IAT_Std":0.01868650682271323,"IAT_Max":0.08547968280618079,"IAT_Min":0.004831463476875797,"received_addresses":7,"max_pkt_from_sameId":20,"has_attacker":0}
{"received packets":80,"IAT_Mean":0.02446420974129069,"IAT_Std":0.0169234211862439,"IAT_Max":0.046352496447070738,"IAT_Min":0.00347167600193643,"received_addresses":5,"max_pkt_from_sameId":20,"has_attacker":0}
{"received packets":90,"IAT_Mean":0.02213559543698567,"IAT_Std":0.016646862816365683,"IAT_Max":0.04635026142204879,"IAT_Min":0.003476275745924795,"received_addresses":6,"max_pkt_from_sameId":20,"has_attacker":0}
{"received packets":124,"IAT_Mean":0.015938813780350407,"IAT_Std":0.012758117338000275,"IAT_Max":0.040279347042087468,"IAT_Min":0.002412939847999951,"received_addresses":6,"max_pkt_from_sameId":23,"has_attacker":1}
{"received packets":609,"IAT_Mean":0.0032831173432109289,"IAT_Std":0.003995195836370259,"IAT_Max":0.035071348982455678,"IAT_Min":0.00012156922821304761,"received_addresses":8,"max_pkt_from_sameId":258,"has_attacker":1}
{"received packets":232,"IAT_Mean":0.008394293232272346,"IAT_Std":0.010082783597101852,"IAT_Max":0.05280613953800639,"IAT_Min":0.00010857956294785254,"received_addresses":10,"max_pkt_from_sameId":73,"has_attacker":1}
{"received packets":350,"IAT_Mean":0.005713618915999957,"IAT_Std":0.007949285285053979,"IAT_Max":0.05599999976402614,"IAT_Min":0.00010617342195473611,"received_addresses":9,"max_pkt_from_sameId":144,"has_attacker":1}
{"received packets":291,"IAT_Mean":0.006692342952045226,"IAT_Std":0.010751694991003406,"IAT_Max":0.052795860607147918,"IAT_Min":0.00015210705169010907,"received_addresses":7,"max_pkt_from_sameId":123,"has_attacker":1}
{"received packets":173,"IAT_Mean":0.011550154618638289,"IAT_Std":0.01262640197220393,"IAT_Max":0.05599846590848756,"IAT_Min":0.00011024449122487567,"received_addresses":6,"max_pkt_from_sameId":51,"has_attacker":1}
{"received packets":325,"IAT_Mean":0.005992210694485738,"IAT_Std":0.009699095264533763,"IAT_Max":0.05263859765182133,"IAT_Min":0.0001179225328087341,"received_addresses":5,"max_pkt_from_sameId":138,"has_attacker":1}
{"received packets":106,"IAT_Mean":0.018710374846499315,"IAT_Std":0.018480351781892978,"IAT_Max":0.055994444930547618,"IAT_Min":0.00011153120431117713,"received_addresses":5,"max_pkt_from_sameId":23,"has_attacker":1}
{"received packets":418,"IAT_Mean":0.004659031055406119,"IAT_Std":0.006351839072231178,"IAT_Max":0.05263706350160646,"IAT_Min":0.00015128599261515774,"received_addresses":5,"max_pkt_from_sameId":213,"has_attacker":1}
{"received packets":99,"IAT_Mean":0.01993371184679093,"IAT_Std":0.01952248877061671,"IAT_Max":0.05595981204896816,"IAT_Min":0.00010505970203666948,"received_addresses":5,"max_pkt_from_sameId":21,"has_attacker":1}
{"received packets":381,"IAT_Mean":0.005245655718342547,"IAT_Std":0.006017816790380753,"IAT_Max":0.03242482224959531,"IAT_Min":0.00013820961248711683,"received_addresses":8,"max_pkt_from_sameId":156,"has_attacker":1}
{"received packets":246,"IAT_Mean":0.00807081551995101,"IAT_Std":0.008747767114893977,"IAT_Max":0.03257357301845332,"IAT_Min":0.00015732275642221794,"received_addresses":8,"max_pkt_from_sameId":75,"has_attacker":1}
{"received packets":249,"IAT_Mean":0.008001660433525746,"IAT_Std":0.007976659020330856,"IAT_Max":0.03242192920879461,"IAT_Min":0.00010617375301080756,"received_addresses":8,"max_pkt_from_sameId":72,"has_attacker":1}
{"received packets":384,"IAT_Mean":0.005170367314235591,"IAT_Std":0.005497758415333435,"IAT_Max":0.022452532775787405,"IAT_Min":0.0001522226411907468,"received_addresses":9,"max_pkt_from_sameId":153,"has_attacker":1}
{"received packets":211,"IAT_Mean":0.009476700919488985,"IAT_Std":0.006288359758698028,"IAT_Max":0.02059695678690332,"IAT_Min":0.00010553913307376206,"received_addresses":10,"max_pkt_from_sameId":28,"has_attacker":1}
{"received packets":464,"IAT_Mean":0.004278923872561791,"IAT_Std":0.0045940329624747249,"IAT_Max":0.020484650875005174,"IAT_Min":0.0001223660474352073,"received_addresses":10,"max_pkt_from_sameId":188,"has_attacker":1}
{"received packets":139,"IAT_Mean":0.014122082449738883,"IAT_Std":0.011027334747194582,"IAT_Max":0.04065918012202019,"IAT_Min":0.00012645744209294207,"received_addresses":8,"max_pkt_from_sameId":20,"has_attacker":1}
{"received packets":667,"IAT_Mean":0.0029951315292404986,"IAT_Std":0.0031127487100265679,"IAT_Max":0.02833733917941572,"IAT_Min":0.00010564587137196213,"received_addresses":19,"max_pkt_from_sameId":172,"has_attacker":1}
{"received packets":358,"IAT_Mean":0.00558105693966984,"IAT_Std":0.006076080942065347,"IAT_Max":0.03286117669995292,"IAT_Min":0.00010508129707886837,"received_addresses":21,"max_pkt_from_sameId":58,"has_attacker":1}
{"received packets":250,"IAT_Mean":0.007985323163389694,"IAT_Std":0.0077201547984673819,"IAT_Max":0.04278416000670404,"IAT_Min":0.00011230950258322991,"received_addresses":9,"max_pkt_from_sameId":137,"has_attacker":1}
{"received packets":296,"IAT_Mean":0.00662394731371269,"IAT_Std":0.007822518358803019,"IAT_Max":0.042775190664542609,"IAT_Min":0.00016300001516356133,"received_addresses":7,"max_pkt_from_sameId":176,"has_attacker":1}
{"received packets":158,"IAT_Mean":0.012560438792598125,"IAT_Std":0.010049221081049671,"IAT_Max":0.042788206792465647,"IAT_Min":0.00011555519085959531,"received_addresses":7,"max_pkt_from_sameId":38,"has_attacker":1}
{"received packets":364,"IAT_Mean":0.005386524217431213,"IAT_Std":0.0061572805669198849,"IAT_Max":0.042775229216204028,"IAT_Min":0.0001631457380426582,"received_addresses":6,"max_pkt_from_sameId":274,"has_attacker":1}
{"received packets":103,"IAT_Mean":0.01916041509126815,"IAT_Std":0.014085563300704738,"IAT_Max":0.042784250115801118,"IAT_Min":0.00010895800005528145,"received_addresses":5,"max_pkt_from_sameId":23,"has_attacker":1}
{"received packets":370,"IAT_Mean":0.005394816470780407,"IAT_Std":0.004494950718892126,"IAT_Max":0.03959926356401411,"IAT_Min":0.0001630634069442749,"received_addresses":5,"max_pkt_from_sameId":290,"has_attacker":1}
{"received packets":118,"IAT_Mean":0.01661607664073788,"IAT_Std":0.013260590803720447,"IAT_Max":0.042788297268998579,"IAT_Min":0.00010609424862195738,"received_addresses":6,"max_pkt_from_sameId":20,"has_attacker":1}
{"received packets":267,"IAT_Mean":0.0074891486856426959,"IAT_Std":0.008244193834563116,"IAT_Max":0.05288502369876369,"IAT_Min":0.0001762949104886502,"received_addresses":6,"max_pkt_from_sameId":177,"has_attacker":1}
{"received packets":226,"IAT_Mean":0.008630764510486285,"IAT_Std":0.01126110106905104,"IAT_Max":0.05291633331216872,"IAT_Min":0.00017605008179089054,"received_addresses":6,"max_pkt_from_sameId":136,"has_attacker":1}
{"received packets":158,"IAT_Mean":0.012645656123488981,"IAT_Std":0.008076121864908286,"IAT_Max":0.030161367594701006,"IAT_Min":0.00011485396316857077,"received_addresses":6,"max_pkt_from_sameId":58,"has_attacker":1}
{"received packets":354,"IAT_Mean":0.005574335279731204,"IAT_Std":0.005266057909650717,"IAT_Max":0.030152576528053033,"IAT_Min":0.0001892330292321276,"received_addresses":6,"max_pkt_from_sameId":254,"has_attacker":1}
