{"received packets":480,"IAT_Mean":0.0041635667689054879,"IAT_Std":0.004671850815358466,"IAT_Max":0.02238006441257312,"IAT_Min":0.00016304654127452523,"received_addresses":24,"max_pkt_from_sameId":20,"has_attacker":0}
{"received packets":500,"IAT_Mean":0.003997040524351177,"IAT_Std":0.004463439891156991,"IAT_Max":0.0223800856329035,"IAT_Min":0.00016305585450027138,"received_addresses":25,"max_pkt_from_sameId":20,"has_attacker":0}
{"received packets":539,"IAT_Mean":0.0037078326630845287,"IAT_Std":0.003827847995964784,"IAT_Max":0.02238009899156168,"IAT_Min":0.00016303761731251143,"received_addresses":29,"max_pkt_from_sameId":20,"has_attacker":0}
{"received packets":590,"IAT_Mean":0.003387315771088667,"IAT_Std":0.0030917329758034567,"IAT_Max":0.013124006105499575,"IAT_Min":0.00016300079005304724,"received_addresses":30,"max_pkt_from_sameId":20,"has_attacker":0}
{"received packets":541,"IAT_Mean":0.0036941054799282935,"IAT_Std":0.0031022637375379298,"IAT_Max":0.013124005978170317,"IAT_Min":0.00016300005881930701,"received_addresses":28,"max_pkt_from_sameId":20,"has_attacker":0}
{"received packets":520,"IAT_Mean":0.0038432993484373305,"IAT_Std":0.0031745585346924368,"IAT_Max":0.013124017023073975,"IAT_Min":0.00016300002971547656,"received_addresses":26,"max_pkt_from_sameId":20,"has_attacker":0}
{"received packets":530,"IAT_Mean":0.0037707870109580604,"IAT_Std":0.0031782827025159537,"IAT_Max":0.013124201967002591,"IAT_Min":0.00016300001880154014,"received_addresses":27,"max_pkt_from_sameId":20,"has_attacker":0}
{"received packets":557,"IAT_Mean":0.003588006302755208,"IAT_Std":0.003113388530055223,"IAT_Max":0.01312420941030723,"IAT_Min":0.0001630000006116461,"received_addresses":27,"max_pkt_from_sameId":24,"has_attacker":1}
{"received packets":1613,"IAT_Mean":0.0012396662607470214,"IAT_Std":0.0014833456103759457,"IAT_Max":0.013118212551489706,"IAT_Min":0.00013771207886748016,"received_addresses":27,"max_pkt_from_sameId":268,"has_attacker":1}
{"received packets":704,"IAT_Mean":0.0028387986541712386,"IAT_Std":0.002847537667787142,"IAT_Max":0.018957067681185437,"IAT_Min":0.0001346441131317988,"received_addresses":22,"max_pkt_from_sameId":205,"has_attacker":1}
{"received packets":597,"IAT_Mean":0.003349693625075776,"IAT_Std":0.0033589192149963756,"IAT_Max":0.0326804043033917,"IAT_Min":0.00010736619151430205,"received_addresses":23,"max_pkt_from_sameId":212,"has_attacker":1}
