{"received packets":500,"IAT_Mean":0.00399702409128804,"IAT_Std":0.004286056296369119,"IAT_Max":0.022946076140215156,"IAT_Min":0.00016308617341564968,"received_addresses":25,"max_pkt_from_sameId":20,"has_attacker":0}
{"received packets":529,"IAT_Mean":0.003777921063597884,"IAT_Std":0.004237027476738507,"IAT_Max":0.022946109009353678,"IAT_Min":0.00016311206491081975,"received_addresses":27,"max_pkt_from_sameId":20,"has_attacker":0}
{"received packets":560,"IAT_Mean":0.003568788867135351,"IAT_Std":0.003609436705119467,"IAT_Max":0.022946123233850814,"IAT_Min":0.00016303578013321385,"received_addresses":30,"max_pkt_from_sameId":20,"has_attacker":0}
{"received packets":511,"IAT_Mean":0.003910990732326377,"IAT_Std":0.0030567057664488037,"IAT_Max":0.013690134885109729,"IAT_Min":0.00016300003335345536,"received_addresses":27,"max_pkt_from_sameId":20,"has_attacker":0}
{"received packets":520,"IAT_Mean":0.0038432904385654884,"IAT_Std":0.0029784632905152485,"IAT_Max":0.013690110990864924,"IAT_Min":0.00016300012430292554,"received_addresses":26,"max_pkt_from_sameId":20,"has_attacker":0}
{"received packets":520,"IAT_Mean":0.003843299291188137,"IAT_Std":0.0028984083746966466,"IAT_Max":0.013690096919162898,"IAT_Min":0.00016300034621963277,"received_addresses":26,"max_pkt_from_sameId":20,"has_attacker":0}
{"received packets":540,"IAT_Mean":0.003700957572874796,"IAT_Std":0.002915996897860281,"IAT_Max":0.013690089464944322,"IAT_Min":0.00016300053539453074,"received_addresses":27,"max_pkt_from_sameId":20,"has_attacker":0}
{"received packets":570,"IAT_Mean":0.0035061745367560785,"IAT_Std":0.0029018572112630206,"IAT_Max":0.013690090032469016,"IAT_Min":0.00016300062634400092,"received_addresses":28,"max_pkt_from_sameId":24,"has_attacker":1}
{"received packets":1872,"IAT_Mean":0.0010681526639628775,"IAT_Std":0.001258539592289756,"IAT_Max":0.011374071000318509,"IAT_Min":0.00013359918375499547,"received_addresses":26,"max_pkt_from_sameId":268,"has_attacker":1}
{"received packets":555,"IAT_Mean":0.0036009265632979019,"IAT_Std":0.0041345561026898589,"IAT_Max":0.026376341356808554,"IAT_Min":0.00013464465155266225,"received_addresses":21,"max_pkt_from_sameId":123,"has_attacker":1}
