{"received packets":509,"IAT_Mean":0.003926349935658854,"IAT_Std":0.00442689367118634,"IAT_Max":0.022380012367648307,"IAT_Min":0.0001632234525459353,"received_addresses":26,"max_pkt_from_sameId":20,"has_attacker":0}
{"received packets":560,"IAT_Mean":0.003568786192304937,"IAT_Std":0.004257905010844748,"IAT_Max":0.022380018286639826,"IAT_Min":0.00016315931497956626,"received_addresses":28,"max_pkt_from_sameId":20,"has_attacker":0}
{"received packets":550,"IAT_Mean":0.0036336759855211395,"IAT_Std":0.0037137561126978719,"IAT_Max":0.02238003464299254,"IAT_Min":0.00016304773816955276,"received_addresses":29,"max_pkt_from_sameId":20,"has_attacker":0}
{"received packets":571,"IAT_Mean":0.0035000287182328389,"IAT_Std":0.002989764292238352,"IAT_Max":0.013124013243213995,"IAT_Min":0.00016301438154187053,"received_addresses":29,"max_pkt_from_sameId":20,"has_attacker":0}
{"received packets":540,"IAT_Mean":0.0037009468587173076,"IAT_Std":0.00299334616630414,"IAT_Max":0.013124007426085882,"IAT_Min":0.0001631775921850931,"received_addresses":27,"max_pkt_from_sameId":20,"has_attacker":0}
{"received packets":530,"IAT_Mean":0.0037707850436214907,"IAT_Std":0.0030782811854580306,"IAT_Max":0.013124017910740804,"IAT_Min":0.00016350010264432058,"received_addresses":27,"max_pkt_from_sameId":20,"has_attacker":0}
{"received packets":550,"IAT_Mean":0.0036336685474948769,"IAT_Std":0.0030585154401064965,"IAT_Max":0.013124286797392415,"IAT_Min":0.00016384721311624162,"received_addresses":28,"max_pkt_from_sameId":20,"has_attacker":0}
{"received packets":611,"IAT_Mean":0.0032709006088706379,"IAT_Std":0.0027284954571787556,"IAT_Max":0.013124667060765205,"IAT_Min":0.00010936563558061607,"received_addresses":30,"max_pkt_from_sameId":24,"has_attacker":1}
{"received packets":2096,"IAT_Mean":0.0009539989404166098,"IAT_Std":0.0011822915653359732,"IAT_Max":0.010628005999024026,"IAT_Min":0.0001209815418405924,"received_addresses":28,"max_pkt_from_sameId":268,"has_attacker":1}
{"received packets":668,"IAT_Mean":0.002991789467132603,"IAT_Std":0.0033961382112067874,"IAT_Max":0.023481256033846877,"IAT_Min":0.00013473348371917382,"received_addresses":24,"max_pkt_from_sameId":141,"has_attacker":1}
{"received packets":728,"IAT_Mean":0.0027467100353433225,"IAT_Std":0.002715125705410139,"IAT_Max":0.03126200726546813,"IAT_Min":0.00015421942225657403,"received_addresses":26,"max_pkt_from_sameId":213,"has_attacker":1}
{"received packets":657,"IAT_Mean":0.003043256046110835,"IAT_Std":0.0036529511284022237,"IAT_Max":0.03266616707696812,"IAT_Min":0.00011229216397623532,"received_addresses":22,"max_pkt_from_sameId":118,"has_attacker":1}
{"received packets":680,"IAT_Mean":0.002938253695340202,"IAT_Std":0.0023633036666614517,"IAT_Max":0.016608000001724578,"IAT_Min":0.00011522791464813054,"received_addresses":23,"max_pkt_from_sameId":279,"has_attacker":1}
{"received packets":714,"IAT_Mean":0.002798225130477693,"IAT_Std":0.0028771255215939868,"IAT_Max":0.02483060018857941,"IAT_Min":0.00011258716403972358,"received_addresses":23,"max_pkt_from_sameId":185,"has_attacker":1}
{"received packets":669,"IAT_Mean":0.0029861803106000556,"IAT_Std":0.002469195804099857,"IAT_Max":0.016607999998086599,"IAT_Min":0.0001107530806621071,"received_addresses":20,"max_pkt_from_sameId":252,"has_attacker":1}
{"received packets":684,"IAT_Mean":0.0029206932907003626,"IAT_Std":0.0031548814069877349,"IAT_Max":0.024813902553432855,"IAT_Min":0.00010994772674166597,"received_addresses":20,"max_pkt_from_sameId":231,"has_attacker":1}
{"received packets":475,"IAT_Mean":0.004205813584182914,"IAT_Std":0.004275883827728234,"IAT_Max":0.024807316687656568,"IAT_Min":0.00011422090392443351,"received_addresses":20,"max_pkt_from_sameId":135,"has_attacker":1}
{"received packets":736,"IAT_Mean":0.002715482880054641,"IAT_Std":0.002560888343448179,"IAT_Max":0.016608000001724578,"IAT_Min":0.00011600862853811122,"received_addresses":18,"max_pkt_from_sameId":174,"has_attacker":1}
{"received packets":454,"IAT_Mean":0.004400348878631113,"IAT_Std":0.004955661094488747,"IAT_Max":0.02482582543962053,"IAT_Min":0.00011049196109524928,"received_addresses":20,"max_pkt_from_sameId":82,"has_attacker":1}
{"received packets":684,"IAT_Mean":0.002920697240710314,"IAT_Std":0.002599540819305419,"IAT_Max":0.021470352046890186,"IAT_Min":0.00011814277240773663,"received_addresses":19,"max_pkt_from_sameId":271,"has_attacker":1}
{"received packets":603,"IAT_Mean":0.0033130311049396159,"IAT_Std":0.004369911141561578,"IAT_Max":0.03398641831881832,"IAT_Min":0.0001106043164327275,"received_addresses":20,"max_pkt_from_sameId":180,"has_attacker":1}
{"received packets":634,"IAT_Mean":0.0031536594184613327,"IAT_Std":0.003164753427609127,"IAT_Max":0.030697411122673658,"IAT_Min":0.00011717524103005417,"received_addresses":20,"max_pkt_from_sameId":288,"has_attacker":1}
{"received packets":667,"IAT_Mean":0.0029951292758753349,"IAT_Std":0.0036565726201594746,"IAT_Max":0.03398641831881832,"IAT_Min":0.00010883114009629935,"received_addresses":21,"max_pkt_from_sameId":223,"has_attacker":1}
{"received packets":513,"IAT_Mean":0.0038978533424061706,"IAT_Std":0.004717205632586952,"IAT_Max":0.0339864183224563,"IAT_Min":0.00015743300536996685,"received_addresses":21,"max_pkt_from_sameId":176,"has_attacker":1}
{"received packets":732,"IAT_Mean":0.0027291695080952237,"IAT_Std":0.0027437721497468286,"IAT_Max":0.028252011572476478,"IAT_Min":0.00014894564446876757,"received_addresses":19,"max_pkt_from_sameId":205,"has_attacker":1}
{"received packets":457,"IAT_Mean":0.0043720300226251719,"IAT_Std":0.0048346122335238459,"IAT_Max":0.03142545796799823,"IAT_Min":0.00011208631622139364,"received_addresses":21,"max_pkt_from_sameId":81,"has_attacker":1}
{"received packets":652,"IAT_Mean":0.003064049739688167,"IAT_Std":0.002415893033023901,"IAT_Max":0.021457000002556016,"IAT_Min":0.00010604864655761048,"received_addresses":19,"max_pkt_from_sameId":251,"has_attacker":1}
{"received packets":499,"IAT_Mean":0.004003521069797514,"IAT_Std":0.004954810925677559,"IAT_Max":0.033977237275394148,"IAT_Min":0.00010743666280177422,"received_addresses":20,"max_pkt_from_sameId":168,"has_attacker":1}
{"received packets":625,"IAT_Mean":0.0031964144916972146,"IAT_Std":0.002919465265406426,"IAT_Max":0.024807311532640598,"IAT_Min":0.0001147110087913461,"received_addresses":20,"max_pkt_from_sameId":284,"has_attacker":1}
{"received packets":646,"IAT_Mean":0.0030924964446421095,"IAT_Std":0.002827069920652919,"IAT_Max":0.014457093602686655,"IAT_Min":0.00010606370051391423,"received_addresses":23,"max_pkt_from_sameId":247,"has_attacker":1}
{"received packets":568,"IAT_Mean":0.003518373610289236,"IAT_Std":0.0030969015696170594,"IAT_Max":0.014458183675742476,"IAT_Min":0.00010676221063476987,"received_addresses":22,"max_pkt_from_sameId":214,"has_attacker":1}
{"received packets":752,"IAT_Mean":0.0026565876957957178,"IAT_Std":0.002148448056493339,"IAT_Max":0.014106048023677431,"IAT_Min":0.00011827630441985093,"received_addresses":19,"max_pkt_from_sameId":276,"has_attacker":1}
{"received packets":442,"IAT_Mean":0.004519819749343882,"IAT_Std":0.0037604961031134046,"IAT_Max":0.014458183672104497,"IAT_Min":0.00016300816787406802,"received_addresses":20,"max_pkt_from_sameId":97,"has_attacker":1}
{"received packets":738,"IAT_Mean":0.0027094984250401086,"IAT_Std":0.002106488050354221,"IAT_Max":0.012669363102759235,"IAT_Min":0.00011557404286577366,"received_addresses":19,"max_pkt_from_sameId":213,"has_attacker":1}
{"received packets":513,"IAT_Mean":0.003897516030982635,"IAT_Std":0.003501776940100625,"IAT_Max":0.014458183672104497,"IAT_Min":0.00011091200212831609,"received_addresses":21,"max_pkt_from_sameId":125,"has_attacker":1}
{"received packets":655,"IAT_Mean":0.003050403466649471,"IAT_Std":0.0024960073221530446,"IAT_Max":0.014093048022914445,"IAT_Min":0.00010872965867747553,"received_addresses":19,"max_pkt_from_sameId":278,"has_attacker":1}
{"received packets":623,"IAT_Mean":0.0032072140175647765,"IAT_Std":0.00282012775707733,