{"received packets":240,"IAT_Mean":0.00832484484608358,"IAT_Std":0.008378315956657745,"IAT_Max":0.03197402140358463,"IAT_Min":0.0002020035681198351,"received_addresses":12,"max_pkt_from_sameId":20,"has_attacker":0}
