{"received packets":300,"IAT_Mean":0.006659201192996988,"IAT_Std":0.058132450536736889,"IAT_Max":1.0104841682077677,"IAT_Min":0.00011694313434418291,"received_addresses":15,"max_pkt_from_sameId":163,"has_attacker":1}
{"received packets":507,"IAT_Mean":0.00394034301244884,"IAT_Std":0.0044614349503188589,"IAT_Max":0.0266771401038568,"IAT_Min":0.00010736833792179823,"received_addresses":18,"max_pkt_from_sameId":158,"has_attacker":1}
{"received packets":501,"IAT_Mean":0.003988896853667745,"IAT_Std":0.0036888807912736378,"IAT_Max":0.026663973429094768,"IAT_Min":0.00010792633111122996,"received_addresses":18,"max_pkt_from_sameId":213,"has_attacker":1}
{"received packets":642,"IAT_Mean":0.003111767854219766,"IAT_Std":0.0022168231594807735,"IAT_Max":0.016433222026535078,"IAT_Min":0.0001630000006116461,"received_addresses":15,"max_pkt_from_sameId":288,"has_attacker":1}
{"received packets":402,"IAT_Mean":0.004969555338052193,"IAT_Std":0.0042492901744889499,"IAT_Max":0.017001113985315898,"IAT_Min":0.0001629999933356885,"received_addresses":18,"max_pkt_from_sameId":97,"has_attacker":1}
{"received packets":664,"IAT_Mean":0.003011461834627979,"IAT_Std":0.0021912670984741988,"IAT_Max":0.016295756795443596,"IAT_Min":0.000163000153406756,"received_addresses":16,"max_pkt_from_sameId":211,"has_attacker":1}
{"received packets":440,"IAT_Mean":0.004544151049164859,"IAT_Std":0.0039565000066646839,"IAT_Max":0.016990411782899174,"IAT_Min":0.00011173871462233365,"received_addresses":17,"max_pkt_from_sameId":134,"has_attacker":1}
{"received packets":587,"IAT_Mean":0.0034033406346405598,"IAT_Std":0.0026139583014830865,"IAT_Max":0.017106353774579476,"IAT_Min":0.00010539704453549348,"received_addresses":19,"max_pkt_from_sameId":276,"has_attacker":1}
{"received packets":371,"IAT_Mean":0.005385700770409186,"IAT_Std":0.004061421519153221,"IAT_Max":0.01714048031863058,"IAT_Min":0.00011108740727650002,"received_addresses":21,"max_pkt_from_sameId":24,"has_attacker":1}
