{"received packets":50,"IAT_Mean":0.03995509899032186,"IAT_Std":0.140475933099209,"IAT_Max":1.0163560996916204,"IAT_Min":0.0031731518502056135,"received_addresses":5,"max_pkt_from_sameId":10,"has_attacker":0}
{"received packets":109,"IAT_Mean":0.01832809325480762,"IAT_Std":0.016645954341253666,"IAT_Max":0.04844061167750624,"IAT_Min":0.0029060649176244626,"received_addresses":6,"max_pkt_from_sameId":20,"has_attacker":0}
{"received packets":120,"IAT_Mean":0.016648023933673055,"IAT_Std":0.016489303440676126,"IAT_Max":0.04843700501078274,"IAT_Min":0.000668229695293121,"received_addresses":6,"max_pkt_from_sameId":20,"has_attacker":0}
{"received packets":120,"IAT_Mean":0.016647992514087188,"IAT_Std":0.016488585408209336,"IAT_Max":0.04843961184815271,"IAT_Min":0.0006688829598715529,"received_addresses":6,"max_pkt_from_sameId":20,"has_attacker":0}
{"received packets":120,"IAT_Mean":0.016647980195314935,"IAT_Std":0.016488478373652548,"IAT_Max":0.04843841296315077,"IAT_Min":0.0006651122785115149,"received_addresses":6,"max_pkt_from_sameId":20,"has_attacker":0}
{"received packets":130,"IAT_Mean":0.015367372823591443,"IAT_Std":0.016281204078694223,"IAT_Max":0.048434646992973288,"IAT_Min":0.0006636340003751684,"received_addresses":7,"max_pkt_from_sameId":20,"has_attacker":0}
{"received packets":120,"IAT_Mean":0.016648023100242428,"IAT_Std":0.016488981861084243,"IAT_Max":0.04843697731848806,"IAT_Min":0.0006644776221946813,"received_addresses":6,"max_pkt_from_sameId":20,"has_attacker":0}
{"received packets":120,"IAT_Mean":0.016647932815006547,"IAT_Std":0.01649014990565586,"IAT_Max":0.04843708610496833,"IAT_Min":0.0006687825843982864,"received_addresses":6,"max_pkt_from_sameId":20,"has_attacker":0}
{"received packets":120,"IAT_Mean":0.016647995575476673,"IAT_Std":0.016488174259551386,"IAT_Max":0.048436868797580249,"IAT_Min":0.0006709483568556607,"received_addresses":6,"max_pkt_from_sameId":20,"has_attacker":0}
{"received packets":120,"IAT_Mean":0.016647939922677325,"IAT_Std":0.016488065253049228,"IAT_Max":0.04844173182937084,"IAT_Min":0.0006654796161456034,"received_addresses":6,"max_pkt_from_sameId":20,"has_attacker":0}
{"received packets":120,"IAT_Mean":0.016648036872872277,"IAT_Std":0.01648803216295825,"IAT_Max":0.04843909278133651,"IAT_Min":0.0006718012737110257,"received_addresses":6,"max_pkt_from_sameId":20,"has_attacker":0}
{"received packets":130,"IAT_Mean":0.015367393392807572,"IAT_Std":0.016444004360725869,"IAT_Max":0.04843909180272021,"IAT_Min":0.0004044212109874934,"received_addresses":7,"max_pkt_from_sameId":20,"has_attacker":0}
{"received packets":140,"IAT_Mean":0.014269698033006404,"IAT_Std":0.016327402171830389,"IAT_Max":0.04843892624558066,"IAT_Min":0.00035244142418378033,"received_addresses":7,"max_pkt_from_sameId":20,"has_attacker":0}
{"received packets":140,"IAT_Mean":0.014269712629304975,"IAT_Std":0.01554037991025993,"IAT_Max":0.04844045333811664,"IAT_Min":0.0006637351762037724,"received_addresses":7,"max_pkt_from_sameId":20,"has_attacker":0}
{"received packets":130,"IAT_Mean":0.015367333954082614,"IAT_Std":0.01602851591253234,"IAT_Max":0.04843687747779768,"IAT_Min":0.0006657786580035463,"received_addresses":7,"max_pkt_from_sameId":20,"has_attacker":0}
{"received packets":120,"IAT_Mean":0.01664794929204921,"IAT_Std":0.01648913922027109,"IAT_Max":0.04843893265569932,"IAT_Min":0.0006724245868099388,"received_addresses":6,"max_pkt_from_sameId":20,"has_attacker":0}
{"received packets":140,"IAT_Mean":0.014269676128787979,"IAT_Std":0.012820892476684613,"IAT_Max":0.039428524643881249,"IAT_Min":0.0006729256019752938,"received_addresses":7,"max_pkt_from_sameId":20,"has_attacker":0}
{"received packets":140,"IAT_Mean":0.014269721714299522,"IAT_Std":0.012820495395105413,"IAT_Max":0.03941494462196715,"IAT_Min":0.000660668589262059,"received_addresses":7,"max_pkt_from_sameId":20,"has_attacker":0}
{"received packets":140,"IAT_Mean":0.014269696702883396,"IAT_Std":0.012818352914809678,"IAT_Max":0.03944076064362889,"IAT_Min":0.0006670505608781241,"received_addresses":7,"max_pkt_from_sameId":20,"has_attacker":0}
{"received packets":140,"IAT_Mean":0.014269723591288702,"IAT_Std":0.01282220490417789,"IAT_Max":0.03945327741530491,"IAT_Min":0.0006635489589825738,"received_addresses":7,"max_pkt_from_sameId":20,"has_attacker":0}
{"received packets":140,"IAT_Mean":0.014269721224159834,"IAT_Std":0.01282040007117043,"IAT_Max":0.03944004392178613,"IAT_Min":0.0006673133357253391,"received_addresses":7,"max_pkt_from_sameId":20,"has_attacker":0}
{"received packets":140,"IAT_Mean":0.014269685735494671,"IAT_Std":0.012818085730660829,"IAT_Max":0.03941380447213305,"IAT_Min":0.0006669819376838859,"received_addresses":7,"max_pkt_from_sameId":20,"has_attacker":0}
