{"received packets":480,"IAT_Mean":0.004163566810060123,"IAT_Std":0.004462572093954031,"IAT_Max":0.02238008731728769,"IAT_Min":0.00016301540745189413,"received_addresses":24,"max_pkt_from_sameId":20,"has_attacker":0}
{"received packets":480,"IAT_Mean":0.004163583946910876,"IAT_Std":0.004462737273977738,"IAT_Max":0.02238013635360403,"IAT_Min":0.0001630127262615133,"received_addresses":24,"max_pkt_from_sameId":20,"has_attacker":0}
{"received packets":510,"IAT_Mean":0.0039186702930629848,"IAT_Std":0.003635913603704988,"IAT_Max":0.02238016153933131,"IAT_Min":0.00016300508650601842,"received_addresses":27,"max_pkt_from_sameId":20,"has_attacker":0}
{"received packets":549,"IAT_Mean":0.003640284831537581,"IAT_Std":0.002893132636892636,"IAT_Max":0.013124002089170972,"IAT_Min":0.00016300217248499393,"received_addresses":29,"max_pkt_from_sameId":20,"has_attacker":0}
{"received packets":590,"IAT_Mean":0.003387307011532465,"IAT_Std":0.0028473288538754715,"IAT_Max":0.013124003227858339,"IAT_Min":0.0001630082115298137,"received_addresses":30,"max_pkt_from_sameId":20,"has_attacker":0}
{"received packets":521,"IAT_Mean":0.0038359227364219417,"IAT_Std":0.0029214323403903058,"IAT_Max":0.013124014152708697,"IAT_Min":0.0001630123188078869,"received_addresses":27,"max_pkt_from_sameId":20,"has_attacker":0}
{"received packets":549,"IAT_Mean":0.0036402863637296754,"IAT_Std":0.0029417600286039248,"IAT_Max":0.013124276436428773,"IAT_Min":0.00016303740994771942,"received_addresses":28,"max_pkt_from_sameId":20,"has_attacker":0}
{"received packets":561,"IAT_Mean":0.003562423570165168,"IAT_Std":0.002969892313171915,"IAT_Max":0.013599231995613082,"IAT_Min":0.00016306496036122553,"received_addresses":28,"max_pkt_from_sameId":24,"has_attacker":1}
{"received packets":1871,"IAT_Mean":0.0010687234405637266,"IAT_Std":0.0012676861674354146,"IAT_Max":0.011374069828889333,"IAT_Min":0.0001335996603302192,"received_addresses":26,"max_pkt_from_sameId":268,"has_attacker":1}
{"received packets":651,"IAT_Mean":0.003069914572422431,"IAT_Std":0.003211319499245241,"IAT_Max":0.023482454475015403,"IAT_Min":0.00013464490621117875,"received_addresses":22,"max_pkt_from_sameId":174,"has_attacker":1}
{"received packets":586,"IAT_Mean":0.0034125715777943066,"IAT_Std":0.0033727870138494139,"IAT_Max":0.03268040414332063,"IAT_Min":0.00013518492778530344,"received_addresses":23,"max_pkt_from_sameId":212,"has_attacker":1}
{"received packets":426,"IAT_Mean":0.0046934751633397838,"IAT_Std":0.005159909440341903,"IAT_Max":0.03391748574358644,"IAT_Min":0.00011339469710947014,"received_addresses":21,"max_pkt_from_sameId":46,"has_attacker":1}
{"received packets":576,"IAT_Mean":0.003468332935123423,"IAT_Std":0.0027918249673844046,"IAT_Max":0.024818103222060019,"IAT_Min":0.0001553445436002221,"received_addresses":19,"max_pkt_from_sameId":279,"has_attacker":1}
