{"received packets":403,"IAT_Mean":0.004957216570361315,"IAT_Std":0.00585953073127753,"IAT_Max":0.03397723048328771,"IAT_Min":0.0001558632284286432,"received_addresses":17,"max_pkt_from_sameId":132,"has_attacker":1}
{"received packets":548,"IAT_Mean":0.0036455478375899436,"IAT_Std":0.003095980506868533,"IAT_Max":0.024807312271150296,"IAT_Min":0.0001052823499776423,"received_addresses":17,"max_pkt_from_sameId":284,"has_attacker":1}
{"received packets":463,"IAT_Mean":0.004314802920469183,"IAT_Std":0.005006666802647222,"IAT_Max":0.027291348367725733,"IAT_Min":0.00010536567424423993,"received_addresses":19,"max_pkt_from_sameId":122,"has_attacker":1}
{"received packets":500,"IAT_Mean":0.003996874310367275,"IAT_Std":0.003375767687694465,"IAT_Max":0.014458182671660325,"IAT_Min":0.00016299998605973087,"received_addresses":17,"max_pkt_from_sameId":213,"has_attacker":1}
{"received packets":651,"IAT_Mean":0.0030687477410091059,"IAT_Std":0.0021834840319371179,"IAT_Max":0.013956222028355115,"IAT_Min":0.00016299998969770968,"received_addresses":16,"max_pkt_from_sameId":287,"has_attacker":1}
{"received packets":402,"IAT_Mean":0.004969554891458621,"IAT_Std":0.004175153323827797,"IAT_Max":0.014458182373346063,"IAT_Min":0.00016299998969770968,"received_addresses":18,"max_pkt_from_sameId":97,"has_attacker":1}
{"received packets":566,"IAT_Mean":0.0035296069336736796,"IAT_Std":0.0029232677301747934,"IAT_Max":0.014452097122557462,"IAT_Min":0.00013853670316166244,"received_addresses":19,"max_pkt_from_sameId":211,"has_attacker":1}
{"received packets":380,"IAT_Mean":0.0052616484638316539,"IAT_Std":0.003491281116619468,"IAT_Max":0.014445042408624431,"IAT_Min":0.00011161104703205638,"received_addresses":22,"max_pkt_from_sameId":31,"has_attacker":1}
{"received packets":592,"IAT_Mean":0.003374596199825425,"IAT_Std":0.002665942021124484,"IAT_Max":0.01905790101227467,"IAT_Min":0.00010539610229898244,"received_addresses":19,"max_pkt_from_sameId":272,"has_attacker":1}
{"received packets":371,"IAT_Mean":0.005385700770948509,"IAT_Std":0.004361243602090792,"IAT_Max":0.019062514056713554,"IAT_Min":0.00011109921251772903,"received_addresses":21,"max_pkt_from_sameId":24,"has_attacker":1}
