{"received packets":460,"IAT_Mean":0.0043445915986803419,"IAT_Std":0.004551242074878401,"IAT_Max":0.02238009908614913,"IAT_Min":0.00016300134666380472,"received_addresses":23,"max_pkt_from_sameId":20,"has_attacker":0}
{"received packets":460,"IAT_Mean":0.004344609437374975,"IAT_Std":0.0045513392607296168,"IAT_Max":0.022380151334800759,"IAT_Min":0.0001630000006116461,"received_addresses":23,"max_pkt_from_sameId":20,"has_attacker":0}
{"received packets":480,"IAT_Mean":0.004163587317119285,"IAT_Std":0.0038811171936081699,"IAT_Max":0.022380177928425839,"IAT_Min":0.00016300216884701513,"received_addresses":25,"max_pkt_from_sameId":20,"has_attacker":0}
{"received packets":540,"IAT_Mean":0.0037009563733186548,"IAT_Std":0.0027510389041648429,"IAT_Max":0.013124003271514085,"IAT_Min":0.00016306223551509902,"received_addresses":27,"max_pkt_from_sameId":20,"has_attacker":0}
{"received packets":550,"IAT_Mean":0.0036336567825426097,"IAT_Std":0.002756412898167968,"IAT_Max":0.013124003824486863,"IAT_Min":0.0001631481572985649,"received_addresses":28,"max_pkt_from_sameId":20,"has_attacker":0}
{"received packets":549,"IAT_Mean":0.00364028391307715,"IAT_Std":0.0028749866695378558,"IAT_Max":0.013124015011271695,"IAT_Min":0.00016322805458912626,"received_addresses":28,"max_pkt_from_sameId":20,"has_attacker":0}
{"received packets":571,"IAT_Mean":0.0035000303637397116,"IAT_Std":0.0028939296802733538,"IAT_Max":0.013124280267220457,"IAT_Min":0.00016328465062542818,"received_addresses":30,"max_pkt_from_sameId":20,"has_attacker":0}
{"received packets":560,"IAT_Mean":0.003568785305333222,"IAT_Std":0.0028860086667659909,"IAT_Max":0.013124643508490408,"IAT_Min":0.00016302613948937505,"received_addresses":27,"max_pkt_from_sameId":24,"has_attacker":1}
{"received packets":1850,"IAT_Mean":0.0010808548095264013,"IAT_Std":0.0012643454033254654,"IAT_Max":0.011373853671102552,"IAT_Min":0.00013360498996917158,"received_addresses":26,"max_pkt_from_sameId":267,"has_attacker":1}
{"received packets":639,"IAT_Mean":0.0031275658302447899,"IAT_Std":0.0028459055733375036,"IAT_Max":0.017297006750595757,"IAT_Min":0.0001346476528851781,"received_addresses":21,"max_pkt_from_sameId":198,"has_attacker":1}
{"received packets":585,"IAT_Mean":0.003418404738526716,"IAT_Std":0.003330218286198169,"IAT_Max":0.03268040397961158,"IAT_Min":0.00016300109564326704,"received_addresses":22,"max_pkt_from_sameId":212,"has_attacker":1}
{"received packets":414,"IAT_Mean":0.004829517523795723,"IAT_Std":0.005106224442867607,"IAT_Max":0.0339171496052586,"IAT_Min":0.00011322313730488531,"received_addresses":20,"max_pkt_from_sameId":46,"has_attacker":1}
{"received packets":565,"IAT_Mean":0.0035358577225958946,"IAT_Std":0.002852803121440385,"IAT_Max":0.02481831568729831,"IAT_Min":0.00015505105693591759,"received_addresses":19,"max_pkt_from_sameId":279,"has_attacker":1}
{"received packets":529,"IAT_Mean":0.00377648001714871,"IAT_Std":0.0044328803267065079,"IAT_Max":0.02483060951999505,"IAT_Min":0.00011370048741810024,"received_addresses":17,"max_pkt_from_sameId":122,"has_attacker":1}
{"received packets":469,"IAT_Mean":0.0042596074418203388,"IAT_Std":0.003577067428021154,"IAT_Max":0.02479405405392754,"IAT_Min":0.00011193450336577371,"received_addresses":14,"max_pkt_from_sameId":250,"has_attacker":1}
