{"received packets":238,"IAT_Mean":0.008397114224205608,"IAT_Std":0.007071441625726707,"IAT_Max":0.02310918578223209,"IAT_Min":0.0012029999816149939,"received_addresses":13,"max_pkt_from_sameId":20,"has_attacker":0}
{"received packets":320,"IAT_Mean":0.006245379031338416,"IAT_Std":0.006150207618131204,"IAT_Max":0.02254312865261454,"IAT_Min":0.0005660527967847884,"received_addresses":17,"max_pkt_from_sameId":20,"has_attacker":0}
{"received packets":241,"IAT_Mean":0.008281430249153496,"IAT_Std":0.007720614839336345,"IAT_Max":0.027219978255743628,"IAT_Min":0.0006845172720204573,"received_addresses":15,"max_pkt_from_sameId":20,"has_attacker":0}
{"received packets":181,"IAT_Mean":0.011026696109344626,"IAT_Std":0.01077444427165087,"IAT_Max":0.03869478332126164,"IAT_Min":0.000684671806084225,"received_addresses":12,"max_pkt_from_sameId":20,"has_attacker":0}
{"received packets":180,"IAT_Mean":0.010899802158686119,"IAT_Std":0.011348824829788562,"IAT_Max":0.04150764609221369,"IAT_Min":0.0030490137869492175,"received_addresses":10,"max_pkt_from_sameId":20,"has_attacker":0}
{"received packets":120,"IAT_Mean":0.01630947454920412,"IAT_Std":0.0170247136878904,"IAT_Max":0.04635266894183587,"IAT_Min":0.0030493182748614346,"received_addresses":7,"max_pkt_from_sameId":20,"has_attacker":0}
{"received packets":110,"IAT_Mean":0.0177920796401767,"IAT_Std":0.01747991121376009,"IAT_Max":0.04634929333769833,"IAT_Min":0.0030496666695398746,"received_addresses":7,"max_pkt_from_sameId":20,"has_attacker":0}
{"received packets":103,"IAT_Mean":0.019188476124804105,"IAT_Std":0.017044877540561333,"IAT_Max":0.05600180639521568,"IAT_Min":0.0015540007552772295,"received_addresses":5,"max_pkt_from_sameId":23,"has_attacker":1}
{"received packets":363,"IAT_Mean":0.00550803808666698,"IAT_Std":0.00586859716267504,"IAT_Max":0.03972300383247784,"IAT_Min":0.00015057882774272002,"received_addresses":7,"max_pkt_from_sameId":260,"has_attacker":1}
{"received packets":233,"IAT_Mean":0.008380042782623937,"IAT_Std":0.010478958458812606,"IAT_Max":0.05280556425714167,"IAT_Min":0.00010869714606087655,"received_addresses":8,"max_pkt_from_sameId":82,"has_attacker":1}
{"received packets":266,"IAT_Mean":0.007517919879045847,"IAT_Std":0.008121603986787659,"IAT_Max":0.055157136270281629,"IAT_Min":0.00016300000788760372,"received_addresses":7,"max_pkt_from_sameId":176,"has_attacker":1}
{"received packets":535,"IAT_Mean":0.003736638872996821,"IAT_Std":0.0025824004286824728,"IAT_Max":0.017486713091784624,"IAT_Min":0.0001518812532594893,"received_addresses":6,"max_pkt_from_sameId":271,"has_attacker":1}
{"received packets":203,"IAT_Mean":0.009843235917654911,"IAT_Std":0.011570132660135405,"IAT_Max":0.05516393413563492,"IAT_Min":0.00011045563223888166,"received_addresses":9,"max_pkt_from_sameId":43,"has_attacker":1}
{"received packets":657,"IAT_Mean":0.00304074225180417,"IAT_Std":0.0031742355455939457,"IAT_Max":0.034517184940341397,"IAT_Min":0.00010705808381317183,"received_addresses":15,"max_pkt_from_sameId":203,"has_attacker":1}
{"received packets":536,"IAT_Mean":0.003726244403186507,"IAT_Std":0.002645454633246046,"IAT_Max":0.016607999998086599,"IAT_Min":0.00014883523908792995,"received_addresses":15,"max_pkt_from_sameId":247,"has_attacker":1}
{"received packets":651,"IAT_Mean":0.00306578110205859,"IAT_Std":0.002984183653663509,"IAT_Max":0.024812567862682046,"IAT_Min":0.00010863497664104216,"received_addresses":15,"max_pkt_from_sameId":214,"has_attacker":1}
{"received packets":531,"IAT_Mean":0.0037589695388161828,"IAT_Std":0.003033740779000864,"IAT_Max":0.021544659899518594,"IAT_Min":0.00010518602357478812,"received_addresses":17,"max_pkt_from_sameId":162,"has_attacker":1}
{"received packets":673,"IAT_Mean":0.002969680148683074,"IAT_Std":0.002602092614685467,"IAT_Max":0.024825290369335563,"IAT_Min":0.00010813159678946249,"received_addresses":15,"max_pkt_from_sameId":171,"has_attacker":1}
{"received packets":583,"IAT_Mean":0.003423375090057045,"IAT_Std":0.003047718858346026,"IAT_Max":0.0247943123576988,"IAT_Min":0.00010931244833045639,"received_addresses":18,"max_pkt_from_sameId":191,"has_attacker":1}
{"received packets":623,"IAT_Mean":0.003203582901655798,"IAT_Std":0.0027701679441512838,"IAT_Max":0.024812091043713737,"IAT_Min":0.00014336548338178545,"received_addresses":16,"max_pkt_from_sameId":264,"has_attacker":1}
{"received packets":630,"IAT_Mean":0.0031679889557886377,"IAT_Std":0.002915933539682074,"IAT_Max":0.02244532031545532,"IAT_Min":0.00011493668716866523,"received_addresses":19,"max_pkt_from_sameId":151,"has_attacker":1}
{"received packets":640,"IAT_Mean":0.0031243500317657435,"IAT_Std":0.002330753150169033,"IAT_Max":0.016608000001724578,"IAT_Min":0.0001054505082720425,"received_addresses":19,"max_pkt_from_sameId":281,"has_attacker":1}
{"received packets":658,"IAT_Mean":0.0030331816316327404,"IAT_Std":0.0030724472741391797,"IAT_Max":0.01905443402574747,"IAT_Min":0.00010754975301097147,"received_addresses":20,"max_pkt_from_sameId":221,"has_attacker":1}
{"received packets":561,"IAT_Mean":0.0035643483657467076,"IAT_Std":0.003282894541466643,"IAT_Max":0.03134036466508405,"IAT_Min":0.0001056232358678244,"received_addresses":20,"max_pkt_from_sameId":172,"has_attacker":1}
{"received packets":662,"IAT_Mean":0.0030177533854067459,"IAT_Std":0.003260751492870246,"IAT_Max":0.02833735644526314,"IAT_Min":0.00010558779104030691,"received_addresses":19,"max_pkt_from_sameId":160,"has_attacker":1}
{"received packets":469,"IAT_Mean":0.004233189484816037,"IAT_Std":0.003960181364082203,"IAT_Max":0.040495514916983669,"IAT_Min":0.00011275061115156859,"received_addresses":12,"max_pkt_from_sameId":282,"has_attacker":1}
{"received packets":267,"IAT_Mean":0.007476895009746299,"IAT_Std":0.007758586094576499,"IAT_Max":0.039423000594979388,"IAT_Min":0.00010442470374982804,"received_addresses":8,"max_pkt_from_sameId":136,"has_attacker":1}
{"received packets":533,"IAT_Mean":0.0037437446478177777,"IAT_Std":0.002262835152795654,"IAT_Max":0.019363999948836864,"IAT_Min":0.00016300028437399305,"received_addresses":9,"max_pkt_from_sameId":231,"has_attacker":1}
{"received packets":253,"IAT_Mean":0.00788582209411414,"IAT_Std":0.008674665141876299,"IAT_Max":0.04107583579752827,"IAT_Min":0.00011589686255319975,"received_addresses":9,"max_pkt_from_sameId":77,"has_attacker":1}
{"received packets":407,"IAT_Mean":0.004821623697433508,"IAT_Std":0.005579247736490205,"IAT_Max":0.037714802063419487,"IAT_Min":0.00010890059274970554,"received_addresses":9,"max_pkt_from_sameId":272,"has_attacker":1}
{"received packets":81,"IAT_Mean":0.02422709200964388,"IAT_Std":0.02588800150141234,"IAT_Max":0.07015167736244621,"IAT_Min":0.00010964739703922532,"received_addresses":5,"max_pkt_from_sameId":20,"has_attacker":1}
{"received packets":90,"IAT_Mean":0.021804499229134915,"IAT_Std":0.02371516010544445,"IAT_Max":0.07007094016080373,"IAT_Min":0.003075344589888118,"received_addresses":5,"max_pkt_from_sameId":20,"has_attacker":0}
{"received packets":80,"IAT_Mean":0.024530068785543335,"IAT_Std":0.02590840167264978,"IAT_Max":0.07018621459428687,"IAT_Min":0.0030756712694710588,"received_addresses":4,"max_pkt_from_sameId":20,"has_attacker":0}
{"received packets":60,"IAT_Mean":0.03250912137161019,"IAT_Std":0.03410723707582968,"IAT_Max":0.08192451273134793,"IAT_Min":0.0030709751990798397,"received_addresses":3,"max_pkt_from_sameId":20,"has_attacker":0}
