{"received packets":40,"IAT_Mean":0.04905986334051704,"IAT_Std":0.011457145082653902,"IAT_Max":0.06342886502898182,"IAT_Min":0.025824564381764504,"received_addresses":3,"max_pkt_from_sameId":20,"has_attacker":0}
{"received packets":20,"IAT_Mean":0.09812013837472478,"IAT_Std":0.00819616097065882,"IAT_Max":0.10001242291764356,"IAT_Min":0.062393907512159788,"received_addresses":1,"max_pkt_from_sameId":20,"has_attacker":0}
