{"received packets":40,"IAT_Mean":0.04986453292622173,"IAT_Std":0.028367480617166615,"IAT_Max":0.07822769506674377,"IAT_Min":0.01636165396121214,"received_addresses":2,"max_pkt_from_sameId":20,"has_attacker":0}
{"received packets":40,"IAT_Mean":0.04986431762927168,"IAT_Std":0.028364904328522575,"IAT_Max":0.07822617594138137,"IAT_Min":0.016368111995689106,"received_addresses":2,"max_pkt_from_sameId":20,"has_attacker":0}
{"received packets":40,"IAT_Mean":0.049864598839394608,"IAT_Std":0.02836664609256378,"IAT_Max":0.0782290292881953,"IAT_Min":0.016365165407478345,"received_addresses":2,"max_pkt_from_sameId":20,"has_attacker":0}
{"received packets":40,"IAT_Mean":0.049864369247461588,"IAT_Std":0.028364106214179089,"IAT_Max":0.0782272509241011,"IAT_Min":0.01635737869219156,"received_addresses":2,"max_pkt_from_sameId":20,"has_attacker":0}
{"received packets":40,"IAT_Mean":0.04986453190904285,"IAT_Std":0.028364524190698363,"IAT_Max":0.0782297705009114,"IAT_Min":0.016355809981178028,"received_addresses":2,"max_pkt_from_sameId":20,"has_attacker":0}
{"received packets":40,"IAT_Mean":0.049864535712913497,"IAT_Std":0.02836480927787442,"IAT_Max":0.0782287117181113,"IAT_Min":0.016359849912987558,"received_addresses":2,"max_pkt_from_sameId":20,"has_attacker":0}
{"received packets":40,"IAT_Mean":0.04986440157990728,"IAT_Std":0.02836591891161443,"IAT_Max":0.0782289203525579,"IAT_Min":0.016356473133782857,"received_addresses":2,"max_pkt_from_sameId":20,"has_attacker":0}
{"received packets":59,"IAT_Mean":0.03380630866044065,"IAT_Std":0.030903372457365985,"IAT_Max":0.07822156616384746,"IAT_Min":0.004090245918632718,"received_addresses":4,"max_pkt_from_sameId":20,"has_attacker":0}
{"received packets":486,"IAT_Mean":0.004109258629425851,"IAT_Std":0.0026435734804959355,"IAT_Max":0.021633364744047868,"IAT_Min":0.00016300469724228606,"received_addresses":12,"max_pkt_from_sameId":269,"has_attacker":1}
{"received packets":458,"IAT_Mean":0.004361916298876167,"IAT_Std":0.005645891404540337,"IAT_Max":0.033986372473009399,"IAT_Min":0.00011704571807058528,"received_addresses":20,"max_pkt_from_sameId":74,"has_attacker":1}
{"received packets":631,"IAT_Mean":0.0031660252945164069,"IAT_Std":0.003121562697214068,"IAT_Max":0.03069739988495712,"IAT_Min":0.00016300002971547656,"received_addresses":21,"max_pkt_from_sameId":288,"has_attacker":1}
{"received packets":530,"IAT_Mean":0.003769341747802001,"IAT_Std":0.004456230624622719,"IAT_Max":0.033986368332989517,"IAT_Min":0.00011547784379217774,"received_addresses":21,"max_pkt_from_sameId":77,"has_attacker":1}
{"received packets":521,"IAT_Mean":0.0038380015872102929,"IAT_Std":0.0045832270077437058,"IAT_Max":0.033986368325713559,"IAT_Min":0.00011324713341309689,"received_addresses":23,"max_pkt_from_sameId":174,"has_attacker":1}
{"received packets":616,"IAT_Mean":0.003243103862404224,"IAT_Std":0.0037408559504268237,"IAT_Max":0.03185951391424169,"IAT_Min":0.00011699564856826328,"received_addresses":21,"max_pkt_from_sameId":133,"has_attacker":1}
{"received packets":440,"IAT_Mean":0.004540949478095254,"IAT_Std":0.005046045727743893,"IAT_Max":0.03142534863218316,"IAT_Min":0.00011214859478059225,"received_addresses":21,"max_pkt_from_sameId":81,"has_attacker":1}
{"received packets":594,"IAT_Mean":0.0033632328586616817,"IAT_Std":0.0034205345714868097,"IAT_Max":0.023054144792695298,"IAT_Min":0.00010619122258503921,"received_addresses":21,"max_pkt_from_sameId":251,"has_attacker":1}
{"received packets":395,"IAT_Mean":0.00505761254530568,"IAT_Std":0.00555252066521813,"IAT_Max":0.02304947515585809,"IAT_Min":0.00010746316911536269,"received_addresses":21,"max_pkt_from_sameId":28,"has_attacker":1}
{"received packets":590,"IAT_Mean":0.003386032328181515,"IAT_Std":0.0029910183177425436,"IAT_Max":0.024807293277262944,"IAT_Min":0.00011698588059516624,"received_addresses":20,"max_pkt_from_sameId":284,"has_attacker":1}
{"received packets":383,"IAT_Mean":0.0052191720533966028,"IAT_Std":0.00560062498324952,"IAT_Max":0.040147639832866847,"IAT_Min":0.00010617571388138458,"received_addresses":10,"max_pkt_from_sameId":186,"has_attacker":1}
{"received packets":305,"IAT_Mean":0.006552250757808683,"IAT_Std":0.007243636351957564,"IAT_Max":0.05301794929255266,"IAT_Min":0.0001630010265216697,"received_addresses":7,"max_pkt_from_sameId":214,"has_attacker":1}
{"received packets":165,"IAT_Mean":0.012032821995605695,"IAT_Std":0.017784613741661904,"IAT_Max":0.06511019815297914,"IAT_Min":0.0001630209808354266,"received_addresses":5,"max_pkt_from_sameId":96,"has_attacker":1}
{"received packets":52,"IAT_Mean":0.03818122122041901,"IAT_Std":0.022774602596358028,"IAT_Max":0.06511019989193301,"IAT_Min":0.00011427439312683418,"received_addresses":4,"max_pkt_from_sameId":20,"has_attacker":1}
{"received packets":20,"IAT_Mean":0.09602271935455065,"IAT_Std":0.017335862044818394,"IAT_Max":0.10000996703092824,"IAT_Min":0.020457452676055256,"received_addresses":1,"max_pkt_from_sameId":20,"has_attacker":0}
{"received packets":40,"IAT_Mean":0.04836007092080763,"IAT_Std":0.035863494462624007,"IAT_Max":0.08605731953139184,"IAT_Min":0.013942924822913483,"received_addresses":2,"max_pkt_from_sameId":20,"has_attacker":0}
{"received packets":20,"IAT_Mean":0.09602288819332898,"IAT_Std":0.01733832699343924,"IAT_Max":0.10000962081176113,"IAT_Min":0.020446877566428158,"received_addresses":1,"max_pkt_from_sameId":20,"has_attacker":0}
{"received packets":20,"IAT_Mean":0.09602281141706044,"IAT_Std":0.017337742897191714,"IAT_Max":0.10000857169870869,"IAT_Min":0.020449344367079904,"received_addresses":1,"max_pkt_from_sameId":20,"has_attacker":0}
