{"received packets":30,"IAT_Mean":0.06648576112808466,"IAT_Std":0.17688091262172768,"IAT_Max":1.0163615343590209,"IAT_Min":0.02177043840129045,"received_addresses":3,"max_pkt_from_sameId":10,"has_attacker":0}
{"received packets":60,"IAT_Mean":0.033242953598831569,"IAT_Std":0.0133653306335984,"IAT_Max":0.051948479278507878,"IAT_Min":0.01636584327206947,"received_addresses":3,"max_pkt_from_sameId":20,"has_attacker":0}
{"received packets":60,"IAT_Mean":0.03324296703509996,"IAT_Std":0.013370026649379157,"IAT_Max":0.05195061145059299,"IAT_Min":0.016360519162844868,"received_addresses":3,"max_pkt_from_sameId":20,"has_attacker":0}
{"received packets":60,"IAT_Mean":0.033243037241967008,"IAT_Std":0.013367820220381837,"IAT_Max":0.05194247661711415,"IAT_Min":0.01636146952660056,"received_addresses":3,"max_pkt_from_sameId":20,"has_attacker":0}
{"received packets":60,"IAT_Mean":0.03324307141028839,"IAT_Std":0.013359562966219555,"IAT_Max":0.05199880516011035,"IAT_Min":0.016362118254619419,"received_addresses":3,"max_pkt_from_sameId":20,"has_attacker":0}
{"received packets":70,"IAT_Mean":0.02849398180073227,"IAT_Std":0.01652209842043365,"IAT_Max":0.051945621336926709,"IAT_Min":0.0027770022716140376,"received_addresses":4,"max_pkt_from_sameId":20,"has_attacker":0}
{"received packets":80,"IAT_Mean":0.0249322364505133,"IAT_Std":0.017749916797082298,"IAT_Max":0.05194108554132981,"IAT_Min":0.0027768202053266579,"received_addresses":4,"max_pkt_from_sameId":20,"has_attacker":0}
{"received packets":61,"IAT_Mean":0.03269799205790165,"IAT_Std":0.013787526408496185,"IAT_Max":0.0519388284010347,"IAT_Min":0.006535610868013464,"received_addresses":4,"max_pkt_from_sameId":20,"has_attacker":0}
{"received packets":534,"IAT_Mean":0.003741124308444239,"IAT_Std":0.002623099785027061,"IAT_Max":0.021456999947986334,"IAT_Min":0.00016300231800414622,"received_addresses":15,"max_pkt_from_sameId":249,"has_attacker":1}
{"received packets":363,"IAT_Mean":0.00550346254443786,"IAT_Std":0.007293678539912337,"IAT_Max":0.03399315334536368,"IAT_Min":0.00010755682887975127,"received_addresses":19,"max_pkt_from_sameId":30,"has_attacker":1}
{"received packets":647,"IAT_Mean":0.00308772637062131,"IAT_Std":0.0027247356754193654,"IAT_Max":0.0144453688772046,"IAT_Min":0.00011451794125605375,"received_addresses":23,"max_pkt_from_sameId":284,"has_attacker":1}
{"received packets":496,"IAT_Mean":0.0040277271805206839,"IAT_Std":0.0046738112028131858,"IAT_Max":0.024829810703522527,"IAT_Min":0.0001060912363755051,"received_addresses":21,"max_pkt_from_sameId":89,"has_attacker":1}
{"received packets":503,"IAT_Mean":0.003973034533538262,"IAT_Std":0.003266506731725105,"IAT_Max":0.02425427411799319,"IAT_Min":0.00016300073912134394,"received_addresses":15,"max_pkt_from_sameId":214,"has_attacker":1}
{"received packets":170,"IAT_Mean":0.011678915038967663,"IAT_Std":0.01730579530438592,"IAT_Max":0.07574167855636915,"IAT_Min":0.00010737613411038183,"received_addresses":7,"max_pkt_from_sameId":96,"has_attacker":1}
{"received packets":148,"IAT_Mean":0.013493941483092558,"IAT_Std":0.014624605996741786,"IAT_Max":0.07560257184741204,"IAT_Min":0.00011420218288549222,"received_addresses":4,"max_pkt_from_sameId":98,"has_attacker":1}
{"received packets":266,"IAT_Mean":0.007463984639094237,"IAT_Std":0.009581233715035382,"IAT_Max":0.04306597281538416,"IAT_Min":0.00014896148059051484,"received_addresses":4,"max_pkt_from_sameId":206,"has_attacker":1}
{"received packets":41,"IAT_Mean":0.04737795046954799,"IAT_Std":0.041460136334739629,"IAT_Max":0.09191995281435084,"IAT_Min":0.008079999977780972,"received_addresses":3,"max_pkt_from_sameId":20,"has_attacker":0}
{"received packets":20,"IAT_Mean":0.09712499391716847,"IAT_Std":0.012532576274578433,"IAT_Max":0.10001022895448841,"IAT_Min":0.04249676820109016,"received_addresses":1,"max_pkt_from_sameId":20,"has_attacker":0}
{"received packets":20,"IAT_Mean":0.09712491731843329,"IAT_Std":0.012533774792162632,"IAT_Max":0.10000776981178206,"IAT_Min":0.04249146314396057,"received_addresses":1,"max_pkt_from_sameId":20,"has_attacker":0}
