{"received packets":240,"IAT_Mean":0.00832484492589174,"IAT_Std":0.008375923539612635,"IAT_Max":0.0319740446684591,"IAT_Min":0.00016301865252899006,"received_addresses":12,"max_pkt_from_sameId":20,"has_attacker":0}
{"received packets":240,"IAT_Mean":0.008324865213504987,"IAT_Std":0.007030968515758015,"IAT_Max":0.031970235981134468,"IAT_Min":0.00016308998601743951,"received_addresses":13,"max_pkt_from_sameId":20,"has_attacker":0}
{"received packets":190,"IAT_Mean":0.01049777155115551,"IAT_Std":0.005390231846372287,"IAT_Max":0.021790938430058305,"IAT_Min":0.0013980040785099846,"received_addresses":10,"max_pkt_from_sameId":20,"has_attacker":0}
{"received packets":140,"IAT_Mean":0.014246999967716485,"IAT_Std":0.007292583548948149,"IAT_Max":0.0278012276685331,"IAT_Min":0.0068191195096005689,"received_addresses":7,"max_pkt_from_sameId":20,"has_attacker":0}
{"received packets":70,"IAT_Mean":0.02849398864491377,"IAT_Std":0.016956100665928746,"IAT_Max":0.0643094183797075,"IAT_Min":0.013904472489230102,"received_addresses":4,"max_pkt_from_sameId":20,"has_attacker":0}
{"received packets":90,"IAT_Mean":0.022162001775601918,"IAT_Std":0.01058395476061873,"IAT_Max":0.037455453235452299,"IAT_Min":0.009649850249843439,"received_addresses":5,"max_pkt_from_sameId":20,"has_attacker":0}
{"received packets":359,"IAT_Mean":0.005566904515118878,"IAT_Std":0.005812335794266674,"IAT_Max":0.027219583567784868,"IAT_Min":0.0001641906565055251,"received_addresses":22,"max_pkt_from_sameId":20,"has_attacker":0}
{"received packets":568,"IAT_Mean":0.0035185231167687706,"IAT_Std":0.0029093368740814396,"IAT_Max":0.0131246667697269,"IAT_Min":0.00016300002243951894,"received_addresses":28,"max_pkt_from_sameId":24,"has_attacker":1}
{"received packets":1863,"IAT_Mean":0.0010733131918318755,"IAT_Std":0.0012431071316430483,"IAT_Max":0.011372563138138503,"IAT_Min":0.00013255064186523668,"received_addresses":27,"max_pkt_from_sameId":268,"has_attacker":1}
{"received packets":722,"IAT_Mean":0.0027680275622396775,"IAT_Std":0.0028900075524924487,"IAT_Max":0.02268230003755889,"IAT_Min":0.00013508925258065574,"received_addresses":22,"max_pkt_from_sameId":220,"has_attacker":1}
{"received packets":620,"IAT_Mean":0.003225431549253699,"IAT_Std":0.0032080315755792308,"IAT_Max":0.03142526845476823,"IAT_Min":0.00012383549983496778,"received_addresses":22,"max_pkt_from_sameId":213,"has_attacker":1}
{"received packets":621,"IAT_Mean":0.0032196770541704259,"IAT_Std":0.003798542873925503,"IAT_Max":0.03266600597999059,"IAT_Min":0.00011256648213020526,"received_addresses":22,"max_pkt_from_sameId":134,"has_attacker":1}
{"received packets":669,"IAT_Mean":0.0029865656399263088,"IAT_Std":0.0025073354291004236,"IAT_Max":0.01660800011450192,"IAT_Min":0.00011553048898349516,"received_addresses":23,"max_pkt_from_sameId":279,"has_attacker":1}
{"received packets":693,"IAT_Mean":0.002883020051890073,"IAT_Std":0.0029446927167979558,"IAT_Max":0.02483064498665044,"IAT_Min":0.00011274762073298916,"received_addresses":24,"max_pkt_from_sameId":139,"has_attacker":1}
{"received packets":591,"IAT_Mean":0.0033794694319557495,"IAT_Std":0.0031568824326745797,"IAT_Max":0.024794014963845258,"IAT_Min":0.00011109741899417713,"received_addresses":21,"max_pkt_from_sameId":249,"has_attacker":1}
{"received packets":659,"IAT_Mean":0.003028563000747363,"IAT_Std":0.0029515074552072448,"IAT_Max":0.016447036654426485,"IAT_Min":0.00011578918201848865,"received_addresses":22,"max_pkt_from_sameId":155,"has_attacker":1}
{"received packets":504,"IAT_Mean":0.003960341784008167,"IAT_Std":0.0037334832948258277,"IAT_Max":0.01389305052725831,"IAT_Min":0.00011410652587073855,"received_addresses":22,"max_pkt_from_sameId":135,"has_attacker":1}
{"received packets":747,"IAT_Mean":0.0026754960985798166,"IAT_Std":0.002444726893026044,"IAT_Max":0.013892110218876042,"IAT_Min":0.00010955666220979765,"received_addresses":20,"max_pkt_from_sameId":174,"has_attacker":1}
{"received packets":483,"IAT_Mean":0.004132147406939937,"IAT_Std":0.00410679696014335,"IAT_Max":0.013894761286792346,"IAT_Min":0.00011059895041398704,"received_addresses":22,"max_pkt_from_sameId":62,"has_attacker":1}
{"received packets":697,"IAT_Mean":0.0028634600685513548,"IAT_Std":0.0026494771892133066,"IAT_Max":0.023043874716677239,"IAT_Min":0.00010528659186093137,"received_addresses":20,"max_pkt_from_sameId":270,"has_attacker":1}
{"received packets":595,"IAT_Mean":0.0033543404406648298,"IAT_Std":0.004046773018453427,"IAT_Max":0.02304873518005479,"IAT_Min":0.00010955774632748216,"received_addresses":22,"max_pkt_from_sameId":111,"has_attacker":1}
{"received packets":674,"IAT_Mean":0.0029664984524131025,"IAT_Std":0.0027684012655573265,"IAT_Max":0.023036729948216818,"IAT_Min":0.00010962487795040943,"received_addresses":22,"max_pkt_from_sameId":288,"has_attacker":1}
{"received packets":657,"IAT_Mean":0.003037797615925533,"IAT_Std":0.003507953768707305,"IAT_Max":0.023049480503686938,"IAT_Min":0.00010955774632748216,"received_addresses":22,"max_pkt_from_sameId":165,"has_attacker":1}
{"received packets":545,"IAT_Mean":0.0036689887553161876,"IAT_Std":0.0040975725028987359,"IAT_Max":0.02304421379812993,"IAT_Min":0.00010962487431243062,"received_addresses":23,"max_pkt_from_sameId":175,"has_attacker":1}
{"received packets":736,"IAT_Mean":0.00271388571545982,"IAT_Std":0.002662649652670968,"IAT_Max":0.020921630577504403,"IAT_Min":0.00010955774632748216,"received_addresses":22,"max_pkt_from_sameId":152,"has_attacker":1}
{"received packets":446,"IAT_Mean":0.00447986059940874,"IAT_Std":0.004770102674352014,"IAT_Max":0.023051685337122764,"IAT_Min":0.00011219330917811021,"received_addresses":22,"max_pkt_from_sameId":59,"has_attacker":1}
{"received packets":656,"IAT_Mean":0.0030429378611709736,"IAT_Std":0.003036552047988788,"IAT_Max":0.023054286459228025,"IAT_Min":0.00010962487795040943,"received_addresses":19,"max_pkt_from_sameId":251,"has_attacker":1}
{"received packets":488,"IAT_Mean":0.004089807009177839,"IAT_Std":0.00464025384573655,"IAT_Max":0.023047714988933877,"IAT_Min":0.00010754365575849079,"received_addresses":22,"max_pkt_from_sameId":103,"has_attacker":1}
{"received packets":662,"IAT_Mean":0.0030148457159635364,"IAT_Std":0.002743165616655291,"IAT_Max":0.01898504328346462,"IAT_Min":0.00010962488158838823,"received_addresses":22,"max_pkt_from_sameId":284,"has_attacker":1}
{"received packets":633,"IAT_Mean":0.003152956571715489,"IAT_Std":0.0031991658143127046,"IAT_Max":0.0165970546004246,"IAT_Min":0.0001061706971086096,"received_addresses":24,"max_pkt_from_sameId":177,"has_attacker":1}
{"received packets":608,"IAT_Mean":0.003286901838219149,"IAT_Std":0.002977521671877537,"IAT_Max":0.014458496134466259,"IAT_Min":0.00010690163617255166,"received_addresses":24,"max_pkt_from_sameId":213,"has_attacker":1}
{"received packets":713,"IAT_Mean":0.002799198741055847,"IAT_Std":0.002691896403879471,"IAT_Max":0.012690060466411524,"IAT_Min":0.00010955774632748216,"received_addresses":21,"max_pkt_from_sameId":197,"has_attacker":1}
{"received packets":486,"IAT_Mean":0.004109265711649866,"IAT_Std":0.003707293744431246,"IAT_Max":0.014458496138104238,"IAT_Min":0.00011384293247829191,"received_addresses":22,"max_pkt_from_sameId":97,"has_attacker":1}
{"received packets":751,"IAT_Mean":0.0026625961695142268,"IAT_Std":0.0023880512617835186,"IAT_Max":0.012703060470812489,"IAT_Min":0.00010955774996546097,"received_addresses":22,"max_pkt_from_sameId":210,"has_attacker":1}
{"received packets":529,"IAT_Mean":0.0037796329506371427,"IAT_Std":0.0037007805443054428,"IAT_Max":0.014458496134466259,"IAT_Min":0.00011101899872301146,"received_addresses":24,"max_pkt_from_sameId":92,"has_attacker":1}
{"received packets":699,"IAT_Mean":0.002858389350907905,"IAT_Std":0.0024207384252833998,"IAT_Max":0.01267606046894798,"IAT_Min":0.00010888927863561548,"received_addresses":21,"max_pkt_from_sameId":277,"has_attacker":1}
{"received packets":621,"IAT_Mean":0.0032175435198467858,"IAT_Std":0.0031567136162208937,"IAT_Max":0.014100000920734601,