{"received packets":10,"IAT_Mean":0.1940831542498927,"IAT_Std":0.2822475656596604,"IAT_Max":1.040825851228874,"IAT_Min":0.10000063235929702,"received_addresses":1,"max_pkt_from_sameId":10,"has_attacker":0}
{"received packets":20,"IAT_Mean":0.0970412113079874,"IAT_Std":0.012895242698175977,"IAT_Max":0.10000646005573799,"IAT_Min":0.04083215698847198,"received_addresses":1,"max_pkt_from_sameId":20,"has_attacker":1}
{"received packets":64,"IAT_Mean":0.030831775389231099,"IAT_Std":0.025216331884229026,"IAT_Max":0.09469520602578996,"IAT_Min":0.00013758470231550746,"received_addresses":4,"max_pkt_from_sameId":31,"has_attacker":1}
{"received packets":302,"IAT_Mean":0.006409020300265821,"IAT_Std":0.00864226308933085,"IAT_Max":0.09999745703680674,"IAT_Min":0.00016328924539266154,"received_addresses":5,"max_pkt_from_sameId":259,"has_attacker":1}
{"received packets":192,"IAT_Mean":0.010415453292447788,"IAT_Std":0.011394272170572201,"IAT_Max":0.06475127429803251,"IAT_Min":0.0001100276131182909,"received_addresses":6,"max_pkt_from_sameId":110,"has_attacker":1}
{"received packets":433,"IAT_Mean":0.0046168635454300129,"IAT_Std":0.0032822721641625059,"IAT_Max":0.02893774363474222,"IAT_Min":0.00011175410691066645,"received_addresses":7,"max_pkt_from_sameId":269,"has_attacker":1}
{"received packets":182,"IAT_Mean":0.01097809625361361,"IAT_Std":0.01068418336178194,"IAT_Max":0.0529187778083724,"IAT_Min":0.0001630000006116461,"received_addresses":7,"max_pkt_from_sameId":44,"has_attacker":1}
{"received packets":371,"IAT_Mean":0.0053848185076457838,"IAT_Std":0.0037767191581558397,"IAT_Max":0.024248581768915757,"IAT_Min":0.00016304692326229997,"received_addresses":6,"max_pkt_from_sameId":156,"has_attacker":1}
{"received packets":237,"IAT_Mean":0.008368353518643388,"IAT_Std":0.011247371641247355,"IAT_Max":0.052647747077571697,"IAT_Min":0.0001116641542466823,"received_addresses":5,"max_pkt_from_sameId":154,"has_attacker":1}
{"received packets":251,"IAT_Mean":0.007931330811932793,"IAT_Std":0.006480728898733616,"IAT_Max":0.03549014079908375,"IAT_Min":0.00011042549522244371,"received_addresses":5,"max_pkt_from_sameId":145,"has_attacker":1}
{"received packets":365,"IAT_Mean":0.005406678076014194,"IAT_Std":0.006554572370883522,"IAT_Max":0.04727097902286914,"IAT_Min":0.00016300004426739179,"received_addresses":6,"max_pkt_from_sameId":264,"has_attacker":1}
{"received packets":241,"IAT_Mean":0.008292924703377917,"IAT_Std":0.00793796780457027,"IAT_Max":0.04710887231703964,"IAT_Min":0.00011722906128852628,"received_addresses":8,"max_pkt_from_sameId":105,"has_attacker":1}
{"received packets":458,"IAT_Mean":0.0043349795691203459,"IAT_Std":0.003206899304606601,"IAT_Max":0.032415090303402397,"IAT_Min":0.00016300004426739179,"received_addresses":8,"max_pkt_from_sameId":287,"has_attacker":1}
{"received packets":197,"IAT_Mean":0.010113773973450966,"IAT_Std":0.007893647699408613,"IAT_Max":0.03242197911822586,"IAT_Min":0.00010619857494020835,"received_addresses":8,"max_pkt_from_sameId":57,"has_attacker":1}
{"received packets":446,"IAT_Mean":0.004476672811139372,"IAT_Std":0.003221069557023443,"IAT_Max":0.020473216791287997,"IAT_Min":0.00016300004062941298,"received_addresses":10,"max_pkt_from_sameId":195,"has_attacker":1}
{"received packets":298,"IAT_Mean":0.006709466003064256,"IAT_Std":0.005260263143546324,"IAT_Max":0.020483704345679145,"IAT_Min":0.00010556395500316285,"received_addresses":10,"max_pkt_from_sameId":115,"has_attacker":1}
{"received packets":355,"IAT_Mean":0.005620441413994855,"IAT_Std":0.004433074976306588,"IAT_Max":0.020472804877499585,"IAT_Min":0.00011091911073890515,"received_addresses":10,"max_pkt_from_sameId":126,"has_attacker":1}
{"received packets":356,"IAT_Mean":0.005513959270624429,"IAT_Std":0.005845671997960996,"IAT_Max":0.037298178765922788,"IAT_Min":0.00016300054630846716,"received_addresses":8,"max_pkt_from_sameId":232,"has_attacker":1}
{"received packets":276,"IAT_Mean":0.007237025649624558,"IAT_Std":0.0067854540762514689,"IAT_Max":0.037145974642044169,"IAT_Min":0.00011442284449003637,"received_addresses":8,"max_pkt_from_sameId":127,"has_attacker":1}
{"received packets":520,"IAT_Mean":0.003842343026763746,"IAT_Std":0.0032883767743507668,"IAT_Max":0.01865840601385571,"IAT_Min":0.00010625832874211483,"received_addresses":22,"max_pkt_from_sameId":184,"has_attacker":1}
{"received packets":499,"IAT_Mean":0.004000336105970795,"IAT_Std":0.005568882575764846,"IAT_Max":0.05335654537338996,"IAT_Min":0.00010465302329976112,"received_addresses":20,"max_pkt_from_sameId":249,"has_attacker":1}
{"received packets":354,"IAT_Mean":0.005636766892736995,"IAT_Std":0.005260338942311236,"IAT_Max":0.040968335615616528,"IAT_Min":0.0001081011287169531,"received_addresses":8,"max_pkt_from_sameId":233,"has_attacker":1}
{"received packets":198,"IAT_Mean":0.010076325269061144,"IAT_Std":0.010550148750058332,"IAT_Max":0.0427842065510049,"IAT_Min":0.00016314188178512268,"received_addresses":7,"max_pkt_from_sameId":78,"has_attacker":1}
{"received packets":217,"IAT_Mean":0.009211727587833695,"IAT_Std":0.008838248117464547,"IAT_Max":0.04278836599405622,"IAT_Min":0.0001892204709292855,"received_addresses":6,"max_pkt_from_sameId":117,"has_attacker":1}
{"received packets":274,"IAT_Mean":0.007155831013693573,"IAT_Std":0.00914198087300759,"IAT_Max":0.04278423865616787,"IAT_Min":0.00016034118380048312,"received_addresses":5,"max_pkt_from_sameId":194,"has_attacker":1}
{"received packets":126,"IAT_Mean":0.015811841750595098,"IAT_Std":0.01226330069288264,"IAT_Max":0.04277535052460735,"IAT_Min":0.00011481107139843516,"received_addresses":6,"max_pkt_from_sameId":36,"has_attacker":1}
{"received packets":386,"IAT_Mean":0.005079526008077212,"IAT_Std":0.005332573918049561,"IAT_Max":0.04277130973423482,"IAT_Min":0.000163007131050108,"received_addresses":7,"max_pkt_from_sameId":276,"has_attacker":1}
{"received packets":114,"IAT_Mean":0.01731079545102706,"IAT_Std":0.01563806772289777,"IAT_Max":0.05289003518191748,"IAT_Min":0.00010705682507250458,"received_addresses":6,"max_pkt_from_sameId":24,"has_attacker":1}
{"received packets":361,"IAT_Mean":0.0055376560019976248,"IAT_Std":0.004901208900739362,"IAT_Max":0.03960328612811281,"IAT_Min":0.00016486142339999788,"received_addresses":6,"max_pkt_from_sameId":271,"has_attacker":1}
{"received packets":128,"IAT_Mean":0.015416543811028305,"IAT_Std":0.0119111976497558,"IAT_Max":0.05292938870115904,"IAT_Min":0.0004750724292534869,"received_addresses":6,"max_pkt_from_sameId":38,"has_attacker":1}
{"received packets":275,"IAT_Mean":0.007271316234268439,"IAT_Std":0.006462704348025242,"IAT_Max":0.030001233997609235,"IAT_Min":0.0001615289438632317,"received_addresses":7,"max_pkt_from_sameId":156,"has_attacker":1}
