{"received packets":240,"IAT_Mean":0.008324845018523774,"IAT_Std":0.008884377861654204,"IAT_Max":0.03197402987643727,"IAT_Min":0.00016306031830026768,"received_addresses":12,"max_pkt_from_sameId":20,"has_attacker":0}
{"received packets":250,"IAT_Mean":0.007991870580095566,"IAT_Std":0.006227461889000922,"IAT_Max":0.01840406579867704,"IAT_Min":0.00016311536455759779,"received_addresses":13,"max_pkt_from_sameId":20,"has_attacker":0}
{"received packets":210,"IAT_Mean":0.009513122424669703,"IAT_Std":0.0052713499555959429,"IAT_Max":0.018611935527587776,"IAT_Min":0.0013980345902382397,"received_addresses":11,"max_pkt_from_sameId":20,"has_attacker":0}
