{"received packets":20,"IAT_Mean":0.09814863168157899,"IAT_Std":0.0080706702745881,"IAT_Max":0.10001093770915759,"IAT_Min":0.06296939929598011,"received_addresses":1,"max_pkt_from_sameId":20,"has_attacker":0}
{"received packets":20,"IAT_Mean":0.09814852623348998,"IAT_Std":0.008070376508606016,"IAT_Max":0.1000109463748231,"IAT_Min":0.06297057636038517,"received_addresses":1,"max_pkt_from_sameId":20,"has_attacker":0}
{"received packets":20,"IAT_Mean":0.0981484361922412,"IAT_Std":0.00807083623619608,"IAT_Max":0.10001096218184103,"IAT_Min":0.06296848241254338,"received_addresses":1,"max_pkt_from_sameId":20,"has_attacker":0}
{"received packets":20,"IAT_Mean":0.09814900464116364,"IAT_Std":0.008068394651542948,"IAT_Max":0.10001096964333556,"IAT_Min":0.0629796934845217,"received_addresses":1,"max_pkt_from_sameId":20,"has_attacker":0}
{"received packets":40,"IAT_Mean":0.04907444569025756,"IAT_Std":0.01943223599845619,"IAT_Max":0.0697547047311673,"IAT_Min":0.03025293858445366,"received_addresses":2,"max_pkt_from_sameId":20,"has_attacker":0}
{"received packets":29,"IAT_Mean":0.067688974692985,"IAT_Std":0.02564553719914925,"IAT_Max":0.10001006064703688,"IAT_Min":0.037127949319256007,"received_addresses":2,"max_pkt_from_sameId":20,"has_attacker":1}
{"received packets":31,"IAT_Mean":0.03257502858680034,"IAT_Std":0.01901054807825227,"IAT_Max":0.06286010451731272,"IAT_Min":0.00011716982771758921,"received_addresses":4,"max_pkt_from_sameId":10,"has_attacker":1}
{"received packets":30,"IAT_Mean":0.06543236171892204,"IAT_Std":0.04517590029529672,"IAT_Max":0.10001066328914021,"IAT_Min":0.0022823873478046154,"received_addresses":2,"max_pkt_from_sameId":20,"has_attacker":0}
{"received packets":190,"IAT_Mean":0.010507008530303688,"IAT_Std":0.021042245206798626,"IAT_Max":0.10000684647457092,"IAT_Min":0.00011230950985918753,"received_addresses":7,"max_pkt_from_sameId":120,"has_attacker":1}
{"received packets":509,"IAT_Mean":0.003920267368312035,"IAT_Std":0.0022112214606404506,"IAT_Max":0.019364000043424313,"IAT_Min":0.00016300006609526463,"received_addresses":7,"max_pkt_from_sameId":233,"has_attacker":1}
{"received packets":190,"IAT_Mean":0.010500593960616818,"IAT_Std":0.00995676909562082,"IAT_Max":0.04278521047308459,"IAT_Min":0.00011624124090303667,"received_addresses":8,"max_pkt_from_sameId":78,"has_attacker":1}
{"received packets":461,"IAT_Mean":0.004336106676423095,"IAT_Std":0.0024806427778445246,"IAT_Max":0.01936400005070027,"IAT_Min":0.00016402647815993987,"received_addresses":6,"max_pkt_from_sameId":274,"has_attacker":1}
{"received packets":277,"IAT_Mean":0.00712463159820652,"IAT_Std":0.008384816606701014,"IAT_Max":0.0427845635349513,"IAT_Min":0.00010932013537967578,"received_addresses":5,"max_pkt_from_sameId":194,"has_attacker":1}
{"received packets":396,"IAT_Mean":0.0050406114437694239,"IAT_Std":0.004411823925389938,"IAT_Max":0.03623800334389671,"IAT_Min":0.00011495502258185297,"received_addresses":6,"max_pkt_from_sameId":290,"has_attacker":1}
{"received packets":384,"IAT_Mean":0.00510598215262803,"IAT_Std":0.0049989360225942218,"IAT_Max":0.04277132042625453,"IAT_Min":0.00010613226913847029,"received_addresses":7,"max_pkt_from_sameId":276,"has_attacker":1}
{"received packets":271,"IAT_Mean":0.007378608789759975,"IAT_Std":0.007913627241483266,"IAT_Max":0.0495634120379691,"IAT_Min":0.00010717131590354256,"received_addresses":6,"max_pkt_from_sameId":177,"has_attacker":1}
{"received packets":523,"IAT_Mean":0.003822359894622969,"IAT_Std":0.0022071833627035394,"IAT_Max":0.017310730010649423,"IAT_Min":0.0001630024598853197,"received_addresses":8,"max_pkt_from_sameId":269,"has_attacker":1}
{"received packets":196,"IAT_Mean":0.010193950358853375,"IAT_Std":0.00773145315411591,"IAT_Max":0.030162401042616695,"IAT_Min":0.00011529631956364028,"received_addresses":7,"max_pkt_from_sameId":58,"has_attacker":1}
{"received packets":490,"IAT_Mean":0.004077084606036138,"IAT_Std":0.002168846149191076,"IAT_Max":0.018397534993709998,"IAT_Min":0.0001601595722604543,"received_addresses":6,"max_pkt_from_sameId":254,"has_attacker":1}
