{"received packets":509,"IAT_Mean":0.003926349946422697,"IAT_Std":0.004263287294484666,"IAT_Max":0.02238001515797805,"IAT_Min":0.00016322072769980878,"received_addresses":26,"max_pkt_from_sameId":20,"has_attacker":0}
{"received packets":540,"IAT_Mean":0.003700963452798465,"IAT_Std":0.004120811720979844,"IAT_Max":0.0223800286075857,"IAT_Min":0.0001631605628062971,"received_addresses":27,"max_pkt_from_sameId":20,"has_attacker":0}
{"received packets":541,"IAT_Mean":0.0036941253980841725,"IAT_Std":0.0035728248027114665,"IAT_Max":0.02238006920379121,"IAT_Min":0.00016305512690450996,"received_addresses":29,"max_pkt_from_sameId":20,"has_attacker":0}
{"received packets":550,"IAT_Mean":0.003633666330186481,"IAT_Std":0.0028748567177090684,"IAT_Max":0.013124011984473328,"IAT_Min":0.0001630757687962614,"received_addresses":28,"max_pkt_from_sameId":20,"has_attacker":0}
{"received packets":560,"IAT_Mean":0.003568770356585966,"IAT_Std":0.002888574943248214,"IAT_Max":0.013124007447913755,"IAT_Min":0.00016333992607542314,"received_addresses":28,"max_pkt_from_sameId":20,"has_attacker":0}
{"received packets":551,"IAT_Mean":0.003627071075510695,"IAT_Std":0.00315004574201444,"IAT_Max":0.013124018449161668,"IAT_Min":0.00016366574709536508,"received_addresses":30,"max_pkt_from_sameId":20,"has_attacker":0}
{"received packets":560,"IAT_Mean":0.0035687817509304816,"IAT_Std":0.0030319563775144306,"IAT_Max":0.013124287281243597,"IAT_Min":0.00016400642562075518,"received_addresses":28,"max_pkt_from_sameId":20,"has_attacker":0}
{"received packets":596,"IAT_Mean":0.003353222053515951,"IAT_Std":0.003055407743167064,"IAT_Max":0.013124667468218832,"IAT_Min":0.00010922674482571892,"received_addresses":29,"max_pkt_from_sameId":24,"has_attacker":1}
{"received packets":1859,"IAT_Mean":0.0010756222957064113,"IAT_Std":0.0012668946320181006,"IAT_Max":0.014172068400512217,"IAT_Min":0.00012112048352719285,"received_addresses":29,"max_pkt_from_sameId":256,"has_attacker":1}
{"received packets":698,"IAT_Mean":0.0028632026070229464,"IAT_Std":0.003349566634846665,"IAT_Max":0.023481144362449414,"IAT_Min":0.00013484837108990178,"received_addresses":25,"max_pkt_from_sameId":141,"has_attacker":1}
{"received packets":637,"IAT_Mean":0.0031361881895119647,"IAT_Std":0.003324308851807745,"IAT_Max":0.03126201597478939,"IAT_Min":0.00015715661720605567,"received_addresses":26,"max_pkt_from_sameId":213,"has_attacker":1}
{"received packets":579,"IAT_Mean":0.0034532283517366274,"IAT_Std":0.004118855827171381,"IAT_Max":0.03266615390020888,"IAT_Min":0.00011226428978261538,"received_addresses":22,"max_pkt_from_sameId":118,"has_attacker":1}
{"received packets":655,"IAT_Mean":0.0030500129782290374,"IAT_Std":0.0026360080330935975,"IAT_Max":0.024820548704155955,"IAT_Min":0.00015827673269086517,"received_addresses":24,"max_pkt_from_sameId":279,"has_attacker":1}
{"received packets":539,"IAT_Mean":0.0037067397792074905,"IAT_Std":0.0036144940861671936,"IAT_Max":0.024830612735968317,"IAT_Min":0.00011258083031862043,"received_addresses":22,"max_pkt_from_sameId":86,"has_attacker":1}
{"received packets":654,"IAT_Mean":0.0030546706816035487,"IAT_Std":0.002457162315441456,"IAT_Max":0.016608000001724578,"IAT_Min":0.00016300134302582592,"received_addresses":20,"max_pkt_from_sameId":252,"has_attacker":1}
{"received packets":473,"IAT_Mean":0.004223581836820998,"IAT_Std":0.0046030970786958978,"IAT_Max":0.02482730306655867,"IAT_Min":0.00011462636030046269,"received_addresses":20,"max_pkt_from_sameId":67,"has_attacker":1}
{"received packets":456,"IAT_Mean":0.004381055812421421,"IAT_Std":0.004343640098390727,"IAT_Max":0.02480731768082478,"IAT_Min":0.00016303197116940282,"received_addresses":19,"max_pkt_from_sameId":135,"has_attacker":1}
{"received packets":572,"IAT_Mean":0.0034940479121410995,"IAT_Std":0.0036415837448612196,"IAT_Max":0.024927179561927916,"IAT_Min":0.00011601507139857858,"received_addresses":18,"max_pkt_from_sameId":174,"has_attacker":1}
{"received packets":392,"IAT_Mean":0.005096322420601554,"IAT_Std":0.0055406139666942049,"IAT_Max":0.02482794081515749,"IAT_Min":0.00011048563101212494,"received_addresses":20,"max_pkt_from_sameId":39,"has_attacker":1}
{"received packets":619,"IAT_Mean":0.003227394039778899,"IAT_Std":0.0033678825150533417,"IAT_Max":0.033977189788856779,"IAT_Min":0.0001630000006116461,"received_addresses":19,"max_pkt_from_sameId":271,"has_attacker":1}
{"received packets":443,"IAT_Mean":0.00450961118341362,"IAT_Std":0.006129565090298658,"IAT_Max":0.03398643116088351,"IAT_Min":0.00011060956967412494,"received_addresses":20,"max_pkt_from_sameId":54,"has_attacker":1}
{"received packets":623,"IAT_Mean":0.0032066806728905294,"IAT_Std":0.003202598394075195,"IAT_Max":0.03069742297520861,"IAT_Min":0.00016300052084261551,"received_addresses":20,"max_pkt_from_sameId":288,"has_attacker":1}
{"received packets":464,"IAT_Mean":0.004305498329703651,"IAT_Std":0.005342267568257025,"IAT_Max":0.03398643116452149,"IAT_Min":0.00011569412890821695,"received_addresses":21,"max_pkt_from_sameId":77,"has_attacker":1}
{"received packets":514,"IAT_Mean":0.003890269957836421,"IAT_Std":0.0047267480698782809,"IAT_Max":0.03398643116088351,"IAT_Min":0.00016300151764880866,"received_addresses":21,"max_pkt_from_sameId":176,"has_attacker":1}
{"received packets":548,"IAT_Mean":0.0036455329888740648,"IAT_Std":0.004569001543966911,"IAT_Max":0.03398098692923668,"IAT_Min":0.0001630095430300571,"received_addresses":19,"max_pkt_from_sameId":134,"has_attacker":1}
{"received packets":432,"IAT_Mean":0.004625041004668741,"IAT_Std":0.005286480357355538,"IAT_Max":0.031425456971192037,"IAT_Min":0.00011207998977624811,"received_addresses":20,"max_pkt_from_sameId":81,"has_attacker":1}
{"received packets":548,"IAT_Mean":0.0036455482267275416,"IAT_Std":0.004383308101862036,"IAT_Max":0.03399125067880959,"IAT_Min":0.00010605512579786591,"received_addresses":19,"max_pkt_from_sameId":251,"has_attacker":1}
{"received packets":351,"IAT_Mean":0.0056916154182410408,"IAT_Std":0.007428276070215497,"IAT_Max":0.033993251443462216,"IAT_Min":0.00010743033635662869,"received_addresses":20,"max_pkt_from_sameId":27,"has_attacker":1}
{"received packets":609,"IAT_Mean":0.0032803925374187898,"IAT_Std":0.0030425174879726696,"IAT_Max":0.024807312522170834,"IAT_Min":0.00011470647223177366,"received_addresses":20,"max_pkt_from_sameId":284,"has_attacker":1}
{"received packets":422,"IAT_Mean":0.004734011140322479,"IAT_Std":0.004284664321962253,"IAT_Max":0.01659739432943752,"IAT_Min":0.0001060573740687687,"received_addresses":23,"max_pkt_from_sameId":61,"has_attacker":1}
{"received packets":565,"IAT_Mean":0.003537055228881134,"IAT_Std":0.0031470694014803519,"IAT_Max":0.01445817972489749,"IAT_Min":0.00011508893658174202,"received_addresses":22,"max_pkt_from_sameId":214,"has_attacker":1}
{"received packets":496,"IAT_Mean":0.004027729728257386,"IAT_Std":0.0036038944154501608,"IAT_Max":0.015693093584559393,"IAT_Min":0.00011828064452856779,"received_addresses":19,"max_pkt_from_sameId":95,"has_attacker":1}
{"received packets":445,"IAT_Mean":0.004489349049859055,"IAT_Std":0.0038850597126943089,"IAT_Max":0.014458179717621534,"IAT_Min":0.00016300999050145037,"received_addresses":20,"max_pkt_from_sameId":97,"has_attacker":1}
{"received packets":590,"IAT_Mean":0.003386028517947495,"IAT_Std":0.0029446460508963238,"IAT_Max":0.014452094703301555,"IAT_Min":0.00011556956451386213,"received_addresses":19,"max_pkt_from_sameId":213,"has_attacker":1}
{"received packets":398,"IAT_Mean":0.005023682707456399,"IAT_Std":0.0042194034985882189,"IAT_Max":0.01445817972489749,"IAT_Min":0.00011090567932114936,"received_addresses":21,"max_pkt_from_sameId":32,"has_attacker":1}
{"received packets":610,"IAT_Mean":0.0032750168173241364,"IAT_Std":0.0026216721211924415,"IAT_Max":0.01444404004723765,"IAT_Min":0.00011592596274567768,"received_addresses":18,"max_pkt_from_sameId":278,"has_attacker":1}
{"received packets":392,"IAT_Mean":0.005097179439426513,"IAT_Std":0.00409830085762545,"IAT_Max":0.014458040048339172,