{"received packets":320,"IAT_Mean":0.00624363664626344,"IAT_Std":0.00632544461720025,"IAT_Max":0.0204908962805348,"IAT_Min":0.00016306369070662186,"received_addresses":16,"max_pkt_from_sameId":20,"has_attacker":0}
{"received packets":310,"IAT_Mean":0.006445059946899193,"IAT_Std":0.006328908552076869,"IAT_Max":0.020490965122007766,"IAT_Min":0.0001631176819500979,"received_addresses":16,"max_pkt_from_sameId":20,"has_attacker":0}
{"received packets":250,"IAT_Mean":0.007991025856885244,"IAT_Std":0.006360290529498026,"IAT_Max":0.021894911049457734,"IAT_Min":0.001200583908939734,"received_addresses":13,"max_pkt_from_sameId":20,"has_attacker":0}
{"received packets":527,"IAT_Mean":0.003792252572467842,"IAT_Std":0.003871723386378505,"IAT_Max":0.02335776724066818,"IAT_Min":0.0001630680744710844,"received_addresses":35,"max_pkt_from_sameId":20,"has_attacker":0}
{"received packets":601,"IAT_Mean":0.0033253110324916086,"IAT_Std":0.002850069716907745,"IAT_Max":0.013124005559802754,"IAT_Min":0.0001633417487028055,"received_addresses":32,"max_pkt_from_sameId":20,"has_attacker":0}
{"received packets":132,"IAT_Mean":0.015110451751008275,"IAT_Std":0.0073584126661168929,"IAT_Max":0.026579070759908065,"IAT_Min":0.0026070006970257966,"received_addresses":9,"max_pkt_from_sameId":20,"has_attacker":0}
{"received packets":59,"IAT_Mean":0.03335602640744567,"IAT_Std":0.018486825147631323,"IAT_Max":0.07354893023875775,"IAT_Min":0.014970260985137429,"received_addresses":4,"max_pkt_from_sameId":20,"has_attacker":0}
{"received packets":43,"IAT_Mean":0.04621587955718792,"IAT_Std":0.025045772293519846,"IAT_Max":0.08573344656542759,"IAT_Min":0.0003840010176645592,"received_addresses":2,"max_pkt_from_sameId":23,"has_attacker":1}
{"received packets":279,"IAT_Mean":0.007165196563439956,"IAT_Std":0.007817361539320689,"IAT_Max":0.05110589486503159,"IAT_Min":0.00016300085189868696,"received_addresses":2,"max_pkt_from_sameId":259,"has_attacker":1}
{"received packets":1,"IAT_Mean":2.0,"IAT_Std":0.0,"IAT_Max":2.0,"IAT_Min":2.0,"received_addresses":1,"max_pkt_from_sameId":1,"has_attacker":1}
{"received packets":10,"IAT_Mean":0.19355204995517853,"IAT_Std":0.28065543938422768,"IAT_Max":1.035518368025805,"IAT_Min":0.09999466299996129,"received_addresses":1,"max_pkt_from_sameId":10,"has_attacker":0}
{"received packets":20,"IAT_Mean":0.09752742673608736,"IAT_Std":0.010777529621226053,"IAT_Max":0.10001031799401972,"IAT_Min":0.05054926847151364,"received_addresses":1,"max_pkt_from_sameId":20,"has_attacker":0}
{"received packets":58,"IAT_Mean":0.034024791803325387,"IAT_Std":0.02763192461642947,"IAT_Max":0.09999748821792309,"IAT_Min":0.00011728989920811728,"received_addresses":3,"max_pkt_from_sameId":20,"has_attacker":1}
{"received packets":280,"IAT_Mean":0.007137839982936254,"IAT_Std":0.00965258753860014,"IAT_Max":0.05043859445504495,"IAT_Min":0.00013825959103996865,"received_addresses":6,"max_pkt_from_sameId":104,"has_attacker":1}
{"received packets":492,"IAT_Mean":0.004035408327367102,"IAT_Std":0.0035335975338392905,"IAT_Max":0.03548568081896519,"IAT_Min":0.00011677686416078359,"received_addresses":9,"max_pkt_from_sameId":283,"has_attacker":1}
{"received packets":252,"IAT_Mean":0.007906403338922015,"IAT_Std":0.007214605306505171,"IAT_Max":0.0379427277839568,"IAT_Min":0.00010645322981872596,"received_addresses":9,"max_pkt_from_sameId":57,"has_attacker":1}
{"received packets":612,"IAT_Mean":0.0032624120193479766,"IAT_Std":0.0026944684046235859,"IAT_Max":0.019377000025997405,"IAT_Min":0.00015227249605231918,"received_addresses":10,"max_pkt_from_sameId":195,"has_attacker":1}
{"received packets":286,"IAT_Mean":0.006991552030549619,"IAT_Std":0.006064254714580323,"IAT_Max":0.022445000013249229,"IAT_Min":0.00010564647527644411,"received_addresses":9,"max_pkt_from_sameId":115,"has_attacker":1}
