{"received packets":308,"IAT_Mean":0.006488676814823721,"IAT_Std":0.006567456282955956,"IAT_Max":0.02254314970195992,"IAT_Min":0.0005660369461111259,"received_addresses":17,"max_pkt_from_sameId":20,"has_attacker":0}
{"received packets":371,"IAT_Mean":0.005386847867086392,"IAT_Std":0.005534240604139936,"IAT_Max":0.022543130959093106,"IAT_Min":0.0005660502247337718,"received_addresses":20,"max_pkt_from_sameId":20,"has_attacker":0}
{"received packets":341,"IAT_Mean":0.0058607682732302259,"IAT_Std":0.005954222146354728,"IAT_Max":0.022388315865100595,"IAT_Min":0.00016301260984619148,"received_addresses":19,"max_pkt_from_sameId":20,"has_attacker":0}
{"received packets":320,"IAT_Mean":0.00623697271863648,"IAT_Std":0.007855788726317032,"IAT_Max":0.033862448879517618,"IAT_Min":0.00016300529750878923,"received_addresses":16,"max_pkt_from_sameId":20,"has_attacker":0}
{"received packets":399,"IAT_Mean":0.005002069826817964,"IAT_Std":0.007181594533993358,"IAT_Max":0.03386225716531044,"IAT_Min":0.00016305272220051847,"received_addresses":21,"max_pkt_from_sameId":20,"has_attacker":0}
{"received packets":610,"IAT_Mean":0.003276255481692029,"IAT_Std":0.0030023724951455555,"IAT_Max":0.013124011602485553,"IAT_Min":0.00016313206651830114,"received_addresses":31,"max_pkt_from_sameId":20,"has_attacker":0}
{"received packets":600,"IAT_Mean":0.0033308622998144226,"IAT_Std":0.0030793830590674965,"IAT_Max":0.013124278582836269,"IAT_Min":0.00016329421123373322,"received_addresses":30,"max_pkt_from_sameId":20,"has_attacker":0}
{"received packets":616,"IAT_Mean":0.003244350419634004,"IAT_Std":0.0029874426185464428,"IAT_Max":0.013124653698469047,"IAT_Min":0.0001630160113563761,"received_addresses":30,"max_pkt_from_sameId":24,"has_attacker":1}
{"received packets":1641,"IAT_Mean":0.0012185139056539339,"IAT_Std":0.0013352509793610746,"IAT_Max":0.012949988424225012,"IAT_Min":0.00016299976050504483,"received_addresses":29,"max_pkt_from_sameId":265,"has_attacker":1}
{"received packets":610,"IAT_Mean":0.003276253718644005,"IAT_Std":0.003715802359222648,"IAT_Max":0.026376709927717458,"IAT_Min":0.00010765586921479553,"received_addresses":25,"max_pkt_from_sameId":144,"has_attacker":1}
{"received packets":572,"IAT_Mean":0.0034925743991718607,"IAT_Std":0.003767341379151593,"IAT_Max":0.033920196583494547,"IAT_Min":0.00016300057905027643,"received_addresses":25,"max_pkt_from_sameId":211,"has_attacker":1}
{"received packets":565,"IAT_Mean":0.0035387962869578659,"IAT_Std":0.00373733493507001,"IAT_Max":0.03334455532967695,"IAT_Min":0.00010489995474927127,"received_addresses":22,"max_pkt_from_sameId":167,"has_attacker":1}
{"received packets":625,"IAT_Mean":0.0031970829729340039,"IAT_Std":0.002431951123885974,"IAT_Max":0.024760165906627664,"IAT_Min":0.00013370454689720646,"received_addresses":22,"max_pkt_from_sameId":276,"has_attacker":1}
{"received packets":510,"IAT_Mean":0.00391338435048751,"IAT_Std":0.0037771524417790976,"IAT_Max":0.024829244357533754,"IAT_Min":0.0001070353391696699,"received_addresses":20,"max_pkt_from_sameId":106,"has_attacker":1}
{"received packets":598,"IAT_Mean":0.0033407279281413365,"IAT_Std":0.002514086316616481,"IAT_Max":0.016607999998086599,"IAT_Min":0.00014881103197694756,"received_addresses":18,"max_pkt_from_sameId":246,"has_attacker":1}
{"received packets":485,"IAT_Mean":0.004119082235193514,"IAT_Std":0.003960490850090264,"IAT_Max":0.024812548166664784,"IAT_Min":0.00010861060218303464,"received_addresses":17,"max_pkt_from_sameId":113,"has_attacker":1}
{"received packets":561,"IAT_Mean":0.003561073307872888,"IAT_Std":0.002925748703979529,"IAT_Max":0.021544639461353655,"IAT_Min":0.00010516904876567423,"received_addresses":18,"max_pkt_from_sameId":162,"has_attacker":1}
{"received packets":581,"IAT_Mean":0.0034396415130201094,"IAT_Std":0.0032693038529447466,"IAT_Max":0.02482526786479866,"IAT_Min":0.00010810705498442985,"received_addresses":18,"max_pkt_from_sameId":170,"has_attacker":1}
{"received packets":565,"IAT_Mean":0.0035358567506696134,"IAT_Std":0.003301088375142995,"IAT_Max":0.02479431241954444,"IAT_Min":0.000109288750536507,"received_addresses":20,"max_pkt_from_sameId":190,"has_attacker":1}
{"received packets":620,"IAT_Mean":0.0032221896546440304,"IAT_Std":0.0029018513761032689,"IAT_Max":0.024812104620650645,"IAT_Min":0.00016300119750667363,"received_addresses":18,"max_pkt_from_sameId":264,"has_attacker":1}
{"received packets":565,"IAT_Mean":0.0035358556274484858,"IAT_Std":0.003326654586121173,"IAT_Max":0.02192514900889364,"IAT_Min":0.00011177437409060076,"received_addresses":23,"max_pkt_from_sameId":117,"has_attacker":1}
{"received packets":718,"IAT_Mean":0.0027849359378257726,"IAT_Std":0.0022134608753461859,"IAT_Max":0.016608000001724578,"IAT_Min":0.0001152816039393656,"received_addresses":23,"max_pkt_from_sameId":281,"has_attacker":1}
{"received packets":521,"IAT_Mean":0.0038344566218153667,"IAT_Std":0.0039625769443398339,"IAT_Max":0.0175866724930529,"IAT_Min":0.00010752581874839962,"received_addresses":23,"max_pkt_from_sameId":77,"has_attacker":1}
{"received packets":600,"IAT_Mean":0.00333266578289719,"IAT_Std":0.0031837367772987428,"IAT_Max":0.0313403979416762,"IAT_Min":0.00010558995199971832,"received_addresses":20,"max_pkt_from_sameId":172,"has_attacker":1}
{"received packets":515,"IAT_Mean":0.0038791317231071556,"IAT_Std":0.0043513757269273869,"IAT_Max":0.033187560431542809,"IAT_Min":0.00011280573744443245,"received_addresses":16,"max_pkt_from_sameId":134,"has_attacker":1}
{"received packets":407,"IAT_Mean":0.0049091365367809999,"IAT_Std":0.004810713860090542,"IAT_Max":0.03070558846957283,"IAT_Min":0.00011284934589639306,"received_addresses":18,"max_pkt_from_sameId":120,"has_attacker":1}
{"received packets":474,"IAT_Mean":0.004214686427981888,"IAT_Std":0.004945249568835676,"IAT_Max":0.03399123393683112,"IAT_Min":0.00016300067727570422,"received_addresses":13,"max_pkt_from_sameId":251,"has_attacker":1}
{"received packets":273,"IAT_Mean":0.007317795041105719,"IAT_Std":0.007890612050030622,"IAT_Max":0.03399323515986907,"IAT_Min":0.00010837846275535412,"received_addresses":15,"max_pkt_from_sameId":28,"has_attacker":1}
{"received packets":532,"IAT_Mean":0.003755188286760999,"IAT_Std":0.0034379074994155265,"IAT_Max":0.03235541463800473,"IAT_Min":0.00010556798952165991,"received_addresses":18,"max_pkt_from_sameId":284,"has_attacker":1}
{"received packets":359,"IAT_Mean":0.0055647739294053329,"IAT_Std":0.004349254476054896,"IAT_Max":0.017614036602026319,"IAT_Min":0.00010718003250076436,"received_addresses":18,"max_pkt_from_sameId":89,"has_attacker":1}
