{"received packets":60,"IAT_Mean":0.03329603659949498,"IAT_Std":0.1283404465318332,"IAT_Max":1.0163582415771089,"IAT_Min":0.0031671583237766756,"received_addresses":6,"max_pkt_from_sameId":10,"has_attacker":0}
{"received packets":120,"IAT_Mean":0.01664802393285451,"IAT_Std":0.009566656474767895,"IAT_Max":0.025880489069095348,"IAT_Min":0.0031731519557069989,"received_addresses":6,"max_pkt_from_sameId":20,"has_attacker":0}
{"received packets":120,"IAT_Mean":0.01664799251060079,"IAT_Std":0.009565819788146888,"IAT_Max":0.025885384100547527,"IAT_Min":0.003173152028466575,"received_addresses":6,"max_pkt_from_sameId":20,"has_attacker":0}
{"received packets":120,"IAT_Mean":0.016647980191586008,"IAT_Std":0.009566293753572196,"IAT_Max":0.025881203622702743,"IAT_Min":0.0031671584147261457,"received_addresses":6,"max_pkt_from_sameId":20,"has_attacker":0}
{"received packets":130,"IAT_Mean":0.01536737282012137,"IAT_Std":0.009871018862799149,"IAT_Max":0.025879380769765704,"IAT_Min":0.002784810396406101,"received_addresses":7,"max_pkt_from_sameId":20,"has_attacker":0}
{"received packets":120,"IAT_Mean":0.016648023096452866,"IAT_Std":0.009566545568798818,"IAT_Max":0.025882948233629578,"IAT_Min":0.0031671880424255507,"received_addresses":6,"max_pkt_from_sameId":20,"has_attacker":0}
{"received packets":120,"IAT_Mean":0.016647932811216984,"IAT_Std":0.009569004156540214,"IAT_Max":0.026036585273686798,"IAT_Min":0.0031671864635427484,"received_addresses":6,"max_pkt_from_sameId":20,"has_attacker":0}
{"received packets":120,"IAT_Mean":0.016647995571717427,"IAT_Std":0.009565617190004768,"IAT_Max":0.025881640987790889,"IAT_Min":0.0031731520321045538,"received_addresses":6,"max_pkt_from_sameId":20,"has_attacker":0}
{"received packets":120,"IAT_Mean":0.01664793991888776,"IAT_Std":0.009566021109396705,"IAT_Max":0.025888641692290549,"IAT_Min":0.0031731520321045538,"received_addresses":6,"max_pkt_from_sameId":20,"has_attacker":0}
{"received packets":120,"IAT_Mean":0.016648036869082718,"IAT_Std":0.00956545265670329,"IAT_Max":0.025872252794215457,"IAT_Min":0.003168230876326561,"received_addresses":6,"max_pkt_from_sameId":20,"has_attacker":0}
{"received packets":130,"IAT_Mean":0.0153673933893375,"IAT_Std":0.010193690720518694,"IAT_Max":0.025876710715238006,"IAT_Min":0.00040442088356940076,"received_addresses":7,"max_pkt_from_sameId":20,"has_attacker":0}
{"received packets":140,"IAT_Mean":0.014269698029758209,"IAT_Std":0.010582873677707067,"IAT_Max":0.026034428978164216,"IAT_Min":0.00035244139144197106,"received_addresses":7,"max_pkt_from_sameId":20,"has_attacker":0}
{"received packets":130,"IAT_Mean":0.01536738282808913,"IAT_Std":0.009509757712529562,"IAT_Max":0.025865999570669375,"IAT_Min":0.003167201444739476,"received_addresses":7,"max_pkt_from_sameId":20,"has_attacker":0}
{"received packets":130,"IAT_Mean":0.015367333950612543,"IAT_Std":0.009509413607886534,"IAT_Max":0.025872196474665544,"IAT_Min":0.003167233822750859,"received_addresses":7,"max_pkt_from_sameId":20,"has_attacker":0}
{"received packets":120,"IAT_Mean":0.016647949288289965,"IAT_Std":0.009566346847561223,"IAT_Max":0.02588591963649378,"IAT_Min":0.0031673094526922798,"received_addresses":6,"max_pkt_from_sameId":20,"has_attacker":0}
{"received packets":120,"IAT_Mean":0.01664795547982673,"IAT_Std":0.011583617821405157,"IAT_Max":0.04448625581790111,"IAT_Min":0.003173458910168847,"received_addresses":7,"max_pkt_from_sameId":20,"has_attacker":0}
{"received packets":130,"IAT_Mean":0.015367392611929413,"IAT_Std":0.0117549101609953,"IAT_Max":0.044472186931670879,"IAT_Min":0.0031675897334935145,"received_addresses":7,"max_pkt_from_sameId":20,"has_attacker":0}
{"received packets":140,"IAT_Mean":0.014269696699661187,"IAT_Std":0.008720074953090533,"IAT_Max":0.025873181606584695,"IAT_Min":0.00316773314261809,"received_addresses":7,"max_pkt_from_sameId":20,"has_attacker":0}
{"received packets":130,"IAT_Mean":0.015367394633302376,"IAT_Std":0.009198046612505605,"IAT_Max":0.02588278900293517,"IAT_Min":0.003167940831190208,"received_addresses":7,"max_pkt_from_sameId":20,"has_attacker":0}
{"received packets":140,"IAT_Mean":0.014269721220937624,"IAT_Std":0.008720970233840865,"IAT_Max":0.02587493554165121,"IAT_Min":0.003169301478919806,"received_addresses":7,"max_pkt_from_sameId":20,"has_attacker":0}
{"received packets":140,"IAT_Mean":0.014269685732220492,"IAT_Std":0.00872033471079044,"IAT_Max":0.025881047222355848,"IAT_Min":0.0031734343319840265,"received_addresses":7,"max_pkt_from_sameId":20,"has_attacker":0}
