{"received packets":558,"IAT_Mean":0.0035815628824263604,"IAT_Std":0.00416544004778936,"IAT_Max":0.0223800006097008,"IAT_Min":0.00016317211702698842,"received_addresses":28,"max_pkt_from_sameId":20,"has_attacker":0}
{"received packets":541,"IAT_Mean":0.003694122481575066,"IAT_Std":0.0041935309773511509,"IAT_Max":0.02238000076613389,"IAT_Min":0.00016312262232531793,"received_addresses":28,"max_pkt_from_sameId":20,"has_attacker":0}
{"received packets":550,"IAT_Mean":0.0036336759907466,"IAT_Std":0.003613160458667591,"IAT_Max":0.022380009140761105,"IAT_Min":0.00016302796575473621,"received_addresses":29,"max_pkt_from_sameId":20,"has_attacker":0}
{"received packets":570,"IAT_Mean":0.0035061690319452556,"IAT_Std":0.002905839063697299,"IAT_Max":0.01312400038659689,"IAT_Min":0.0001630000006116461,"received_addresses":29,"max_pkt_from_sameId":20,"has_attacker":0}
{"received packets":590,"IAT_Mean":0.003387307079759983,"IAT_Std":0.002875097892964164,"IAT_Max":0.013124000848620199,"IAT_Min":0.00016302871154039167,"received_addresses":30,"max_pkt_from_sameId":20,"has_attacker":0}
{"received packets":610,"IAT_Mean":0.0032762554996195118,"IAT_Std":0.0029179248243420914,"IAT_Max":0.013124011777108536,"IAT_Min":0.00016315140601363964,"received_addresses":31,"max_pkt_from_sameId":20,"has_attacker":0}
{"received packets":600,"IAT_Mean":0.0033308623181255829,"IAT_Std":0.0029571019499437629,"IAT_Max":0.013124278786563082,"IAT_Min":0.00016331586084561422,"received_addresses":30,"max_pkt_from_sameId":20,"has_attacker":0}
{"received packets":619,"IAT_Mean":0.0032286266066167926,"IAT_Std":0.002910348623764134,"IAT_Max":0.013124654429702787,"IAT_Min":0.00016301528012263589,"received_addresses":30,"max_pkt_from_sameId":24,"has_attacker":1}
{"received packets":1883,"IAT_Mean":0.0010619125454689519,"IAT_Std":0.001262259390278364,"IAT_Max":0.01137360671418719,"IAT_Min":0.00016299976050504483,"received_addresses":29,"max_pkt_from_sameId":265,"has_attacker":1}
{"received packets":596,"IAT_Mean":0.003353212717058414,"IAT_Std":0.00382807289594737,"IAT_Max":0.026376709927717458,"IAT_Min":0.0001076657536032144,"received_addresses":24,"max_pkt_from_sameId":144,"has_attacker":1}
{"received packets":676,"IAT_Mean":0.0029582344780104497,"IAT_Std":0.0024488514396704978,"IAT_Max":0.02483868773924769,"IAT_Min":0.00015638274635421112,"received_addresses":24,"max_pkt_from_sameId":211,"has_attacker":1}
{"received packets":633,"IAT_Mean":0.003158641218404423,"IAT_Std":0.003083012677548116,"IAT_Max":0.03334454277137411,"IAT_Min":0.00010490882777958177,"received_addresses":21,"max_pkt_from_sameId":167,"has_attacker":1}
{"received packets":644,"IAT_Mean":0.00310275909489505,"IAT_Std":0.0023073302442163116,"IAT_Max":0.016607999998086599,"IAT_Min":0.00013371428940445185,"received_addresses":22,"max_pkt_from_sameId":276,"has_attacker":1}
{"received packets":690,"IAT_Mean":0.0028925014606563535,"IAT_Std":0.0028490321377756166,"IAT_Max":0.02482591821171809,"IAT_Min":0.00010704450323828496,"received_addresses":20,"max_pkt_from_sameId":199,"has_attacker":1}
{"received packets":593,"IAT_Mean":0.003368895936014123,"IAT_Std":0.002568488252539829,"IAT_Max":0.016607999998086599,"IAT_Min":0.00014882032337482087,"received_addresses":18,"max_pkt_from_sameId":246,"has_attacker":1}
{"received packets":679,"IAT_Mean":0.002942201580407526,"IAT_Std":0.002936193627981892,"IAT_Max":0.024812569987261669,"IAT_Min":0.0001086201700672973,"received_addresses":17,"max_pkt_from_sameId":214,"has_attacker":1}
{"received packets":540,"IAT_Mean":0.0036995594717491597,"IAT_Std":0.003093387017926943,"IAT_Max":0.021544661234656816,"IAT_Min":0.00010516768088564277,"received_addresses":17,"max_pkt_from_sameId":162,"has_attacker":1}
{"received packets":712,"IAT_Mean":0.0028070150703130688,"IAT_Std":0.002563074748436793,"IAT_Max":0.024825289387081285,"IAT_Min":0.00010811657921294682,"received_addresses":17,"max_pkt_from_sameId":171,"has_attacker":1}
{"received packets":620,"IAT_Mean":0.003222192021219657,"IAT_Std":0.0029844391434656815,"IAT_Max":0.02479431241590646,"IAT_Min":0.00010929800919257104,"received_addresses":20,"max_pkt_from_sameId":190,"has_attacker":1}
{"received packets":663,"IAT_Mean":0.00301320901192084,"IAT_Std":0.002727672228177061,"IAT_Max":0.024812109768390657,"IAT_Min":0.00014337167158373632,"received_addresses":18,"max_pkt_from_sameId":264,"has_attacker":1}
{"received packets":686,"IAT_Mean":0.0029121842835805398,"IAT_Std":0.0028531347191966787,"IAT_Max":0.022445320049882868,"IAT_Min":0.00011178372733411379,"received_addresses":22,"max_pkt_from_sameId":151,"has_attacker":1}
{"received packets":700,"IAT_Mean":0.0028565485742624984,"IAT_Std":0.0022904975991348125,"IAT_Max":0.016608000001724578,"IAT_Min":0.000105440503830323,"received_addresses":22,"max_pkt_from_sameId":281,"has_attacker":1}
{"received packets":722,"IAT_Mean":0.002766969374863839,"IAT_Std":0.002911594619620114,"IAT_Max":0.017578620987478645,"IAT_Min":0.0001075353029591497,"received_addresses":23,"max_pkt_from_sameId":221,"has_attacker":1}
{"received packets":579,"IAT_Mean":0.003453539601218875,"IAT_Std":0.003235594931197902,"IAT_Max":0.03134039481301443,"IAT_Min":0.000105593069747556,"received_addresses":20,"max_pkt_from_sameId":172,"has_attacker":1}
{"received packets":491,"IAT_Mean":0.004068063320109847,"IAT_Std":0.0048522736006618208,"IAT_Max":0.03478597086359514,"IAT_Min":0.00011440994057920761,"received_addresses":12,"max_pkt_from_sameId":214,"has_attacker":1}
{"received packets":441,"IAT_Mean":0.004501963621248938,"IAT_Std":0.003961023005526425,"IAT_Max":0.04049551481148228,"IAT_Min":0.0001227949142048601,"received_addresses":9,"max_pkt_from_sameId":281,"has_attacker":1}
{"received packets":267,"IAT_Mean":0.007476895331087468,"IAT_Std":0.0072654603142596279,"IAT_Max":0.03942300045673619,"IAT_Min":0.00010425395521451719,"received_addresses":8,"max_pkt_from_sameId":136,"has_attacker":1}
{"received packets":533,"IAT_Mean":0.0037437448110490408,"IAT_Std":0.0023931656790454238,"IAT_Max":0.02629671988688642,"IAT_Min":0.00016300006973324344,"received_addresses":9,"max_pkt_from_sameId":231,"has_attacker":1}
{"received packets":244,"IAT_Mean":0.008176692912844583,"IAT_Std":0.008111165376307623,"IAT_Max":0.04107600948555046,"IAT_Min":0.00011598383207456209,"received_addresses":9,"max_pkt_from_sameId":77,"has_attacker":1}
{"received packets":81,"IAT_Mean":0.024227170009481475,"IAT_Std":0.01450692525733725,"IAT_Max":0.04959357147527044,"IAT_Min":0.0003330703839310445,"received_addresses":5,"max_pkt_from_sameId":20,"has_attacker":1}
{"received packets":90,"IAT_Mean":0.021804382170012107,"IAT_Std":0.014895741884361793,"IAT_Max":0.04958914843155071,"IAT_Min":0.006625591719057411,"received_addresses":5,"max_pkt_from_sameId":20,"has_attacker":0}
{"received packets":90,"IAT_Mean":0.021804500074924565,"IAT_Std":0.014897728176106138,"IAT_Max":0.04958900358178653,"IAT_Min":0.0066310035581409469,"received_addresses":5,"max_pkt_from_sameId":20,"has_attacker":0}
{"received packets":80,"IAT_Mean":0.02453006969767557,"IAT_Std":0.014345075397489318,"IAT_Max":0.04958900266501587,"IAT_Min":0.011767988773499383,"received_addresses":4,"max_pkt_from_sameId":20,"has_attacker":0}
