{"sendtime":25270.025714831372,"rcvtime":25270.02582456438,"senderID":418,"messageID":5654417,"position":[5729.784004102793,4750.3969178989659,0.0],"speed":[-11.219094713299418,-0.6684998746515514,0.0],"heading":-0.23675403706726576,"ddostype":0,"msgtype":0}
{"sendtime":25270.067728498754,"rcvtime":25270.06784066729,"senderID":394,"messageID":5658185,"position":[5924.726622692456,4806.731332278737,0.0],"speed":[9.23668525607728,5.467658453936969,0.0],"heading":-0.23675403706726576,"ddostype":0,"msgtype":0}
{"sendtime":25270.12571483137,"rcvtime":25270.12582244502,"senderID":418,"messageID":5662673,"position":[5729.784004102793,4750.3969178989659,0.0],"speed":[-11.219094713299418,-0.6684998746515514,0.0],"heading":-0.23675403706726576,"ddostype":0,"msgtype":0}
{"sendtime":25270.167728498756,"rcvtime":25270.16783825146,"senderID":394,"messageID":5664107,"position":[5924.726622692456,4806.731332278737,0.0],"speed":[9.23668525607728,5.467658453936969,0.0],"heading":-0.23675403706726576,"ddostype":0,"msgtype":0}
{"sendtime":25270.225714831373,"rcvtime":25270.22583302919,"senderID":418,"messageID":5667070,"position":[5729.784004102793,4750.3969178989659,0.0],"speed":[-11.219094713299418,-0.6684998746515514,0.0],"heading":-0.23675403706726576,"ddostype":0,"msgtype":0}
{"sendtime":25270.267728498755,"rcvtime":25270.26783583563,"senderID":394,"messageID":5668628,"position":[5924.726622692456,4806.731332278737,0.0],"speed":[9.23668525607728,5.467658453936969,0.0],"heading":-0.23675403706726576,"ddostype":0,"msgtype":0}
{"sendtime":25270.32571483137,"rcvtime":25270.32583061337,"senderID":418,"messageID":5671925,"position":[5729.784004102793,4750.3969178989659,0.0],"speed":[-11.219094713299418,-0.6684998746515514,0.0],"heading":-0.23675403706726576,"ddostype":0,"msgtype":0}
{"sendtime":25270.367728498757,"rcvtime":25270.36784641981,"senderID":394,"messageID":5673737,"position":[5924.726622692456,4806.731332278737,0.0],"speed":[9.23668525607728,5.467658453936969,0.0],"heading":-0.23675403706726576,"ddostype":0,"msgtype":0}
{"sendtime":25270.42571483137,"rcvtime":25270.425828197538,"senderID":418,"messageID":5677637,"position":[5729.784004102793,4750.3969178989659,0.0],"speed":[-11.219094713299418,-0.6684998746515514,0.0],"heading":-0.23675403706726576,"ddostype":0,"msgtype":0}
{"sendtime":25270.467728498756,"rcvtime":25270.46784400398,"senderID":394,"messageID":5679957,"position":[5924.726622692456,4806.731332278737,0.0],"speed":[9.23668525607728,5.467658453936969,0.0],"heading":-0.23675403706726576,"ddostype":0,"msgtype":0}
{"sendtime":25270.525714831372,"rcvtime":25270.52582578171,"senderID":418,"messageID":5683913,"position":[5729.784004102793,4750.3969178989659,0.0],"speed":[-11.219094713299418,-0.6684998746515514,0.0],"heading":-0.23675403706726576,"ddostype":0,"msgtype":0}
{"sendtime":25270.567728498754,"rcvtime":25270.567841588152,"senderID":394,"messageID":5686378,"position":[5924.726622692456,4806.731332278737,0.0],"speed":[9.23668525607728,5.467658453936969,0.0],"heading":-0.23675403706726576,"ddostype":0,"msgtype":0}
{"sendtime":25270.62571483137,"rcvtime":25270.62582336589,"senderID":418,"messageID":5690121,"position":[5729.784004102793,4750.3969178989659,0.0],"speed":[-11.219094713299418,-0.6684998746515514,0.0],"heading":-0.23675403706726576,"ddostype":0,"msgtype":0}
{"sendtime":25270.667728498756,"rcvtime":25270.66783917233,"senderID":394,"messageID":5692718,"position":[5924.726622692456,4806.731332278737,0.0],"speed":[9.23668525607728,5.467658453936969,0.0],"heading":-0.23675403706726576,"ddostype":0,"msgtype":0}
{"sendtime":25270.725714831373,"rcvtime":25270.725820950054,"senderID":418,"messageID":5696727,"position":[5729.784004102793,4750.3969178989659,0.0],"speed":[-11.219094713299418,-0.6684998746515514,0.0],"heading":-0.23675403706726576,"ddostype":0,"msgtype":0}
{"sendtime":25270.767728498755,"rcvtime":25270.7678367565,"senderID":394,"messageID":5699047,"position":[5924.726622692456,4806.731332278737,0.0],"speed":[9.23668525607728,5.467658453936969,0.0],"heading":-0.23675403706726576,"ddostype":0,"msgtype":0}
{"sendtime":25270.82571483137,"rcvtime":25270.825831534232,"senderID":418,"messageID":5703055,"position":[5729.784004102793,4750.3969178989659,0.0],"speed":[-11.219094713299418,-0.6684998746515514,0.0],"heading":-0.23675403706726576,"ddostype":0,"msgtype":0}
{"sendtime":25270.867728498757,"rcvtime":25270.867834340672,"senderID":394,"messageID":5705562,"position":[5924.726622692456,4806.731332278737,0.0],"speed":[9.23668525607728,5.467658453936969,0.0],"heading":-0.23675403706726576,"ddostype":0,"msgtype":0}
{"sendtime":25270.92571483137,"rcvtime":25270.925829118405,"senderID":418,"messageID":5709530,"position":[5729.784004102793,4750.3969178989659,0.0],"speed":[-11.219094713299418,-0.6684998746515514,0.0],"heading":-0.23675403706726576,"ddostype":0,"msgtype":0}
{"sendtime":25270.967728498756,"rcvtime":25270.967844924842,"senderID":394,"messageID":5712123,"position":[5924.726622692456,4806.731332278737,0.0],"speed":[9.23668525607728,5.467658453936969,0.0],"heading":-0.23675403706726576,"ddostype":0,"msgtype":0}
{"sendtime":25271.025714831372,"rcvtime":25271.025826746227,"senderID":418,"messageID":5716142,"position":[5719.2255559183399,4749.767783243436,0.0],"speed":[-10.559342719807996,-0.629187957226874,0.0],"heading":-0.23675403706744237,"ddostype":0,"msgtype":0}
{"sendtime":25271.062288243127,"rcvtime":25271.062402746444,"senderID":430,"messageID":5718135,"position":[5758.203469081348,4755.861447711868,0.0],"speed":[15.541440610842799,1.3349432610271295,0.0],"heading":-0.23675403706744237,"ddostype":0,"msgtype":0}
{"sendtime":25271.12571483137,"rcvtime":25271.125831611473,"senderID":418,"messageID":5722704,"position":[5719.2255559183399,4749.767783243436,0.0],"speed":[-10.559342719807996,-0.629187957226874,0.0],"heading":-0.23675403706744237,"ddostype":0,"msgtype":0}
{"sendtime":25271.16228824313,"rcvtime":25271.16239461169,"senderID":430,"messageID":5724697,"position":[5758.203469081348,4755.861447711868,0.0],"speed":[15.541440610842799,1.3349432610271295,0.0],"heading":-0.23675403706744237,"ddostype":0,"msgtype":0}
{"sendtime":25271.225714831373,"rcvtime":25271.22582347671,"senderID":418,"messageID":5729106,"position":[5719.2255559183399,4749.767783243436,0.0],"speed":[-10.559342719807996,-0.629187957226874,0.0],"heading":-0.23675403706744237,"ddostype":0,"msgtype":0}
{"sendtime":25271.262288243128,"rcvtime":25271.262399476927,"senderID":430,"messageID":5731231,"position":[5758.203469081348,4755.861447711868,0.0],"speed":[15.541440610842799,1.3349432610271295,0.0],"heading":-0.23675403706744237,"ddostype":0,"msgtype":0}
{"sendtime":25271.32571483137,"rcvtime":25271.325828341953,"senderID":418,"messageID":5735618,"position":[5719.2255559183399,4749.767783243436,0.0],"speed":[-10.559342719807996,-0.629187957226874,0.0],"heading":-0.23675403706744237,"ddostype":0,"msgtype":0}
{"sendtime":25271.362288243126,"rcvtime":25271.362404342166,"senderID":430,"messageID":5737879,"position":[5758.203469081348,4755.861447711868,0.0],"speed":[15.541440610842799,1.3349432610271295,0.0],"heading":-0.23675403706744237,"ddostype":0,"msgtype":0}
{"sendtime":25271.42571483137,"rcvtime":25271.425833207195,"senderID":418,"messageID":5742258,"position":[5719.2255559183399,4749.767783243436,0.0],"speed":[-10.559342719807996,-0.629187957226874,0.0],"heading":-0.23675403706744237,"ddostype":0,"msgtype":0}
{"sendtime":25271.46228824313,"rcvtime":25271.46239620741,"senderID":430,"messageID":5744650,"position":[5758.203469081348,4755.861447711868,0.0],"speed":[15.541440610842799,1.3349432610271295,0.0],"heading":-0.23675403706744237,"ddostype":0,"msgtype":0}
{"sendtime":25271.525714831372,"rcvtime":25271.52582507244,"senderID":418,"messageID":5749014,"position":[5719.2255559183399,4749.767783243436,0.0],"speed":[-10.559342719807996,-0.629187957226874,0.0],"heading":-0.23675403706744237,"ddostype":0,"msgtype":0}
{"sendtime":25271.562288243127,