{"received packets":300,"IAT_Mean":0.006659879200584935,"IAT_Std":0.005442100685998641,"IAT_Max":0.018401238976366586,"IAT_Min":0.00016306342513416894,"received_addresses":15,"max_pkt_from_sameId":20,"has_attacker":0}
{"received packets":290,"IAT_Mean":0.0068895469548367368,"IAT_Std":0.005399220059074484,"IAT_Max":0.018402155532385224,"IAT_Min":0.0001631174200156238,"received_addresses":15,"max_pkt_from_sameId":20,"has_attacker":0}
{"received packets":250,"IAT_Mean":0.007991026000367129,"IAT_Std":0.005118762251776984,"IAT_Max":0.018610056013130817,"IAT_Min":0.001200590340886265,"received_addresses":13,"max_pkt_from_sameId":20,"has_attacker":0}
{"received packets":200,"IAT_Mean":0.009988799147740792,"IAT_Std":0.008262373456122316,"IAT_Max":0.02975974269429571,"IAT_Min":0.001207348828756949,"received_addresses":10,"max_pkt_from_sameId":20,"has_attacker":0}
{"received packets":150,"IAT_Mean":0.013318393111452073,"IAT_Std":0.007679866973872019,"IAT_Max":0.029759596451185645,"IAT_Min":0.0036996223643654959,"received_addresses":8,"max_pkt_from_sameId":20,"has_attacker":0}
{"received packets":168,"IAT_Mean":0.011891427665540548,"IAT_Std":0.007237997513139305,"IAT_Max":0.029759449640550885,"IAT_Min":0.0025940006162272768,"received_addresses":9,"max_pkt_from_sameId":20,"has_attacker":0}
{"received packets":190,"IAT_Mean":0.010514499958126658,"IAT_Std":0.008056292708862202,"IAT_Max":0.029767218104097993,"IAT_Min":0.0012031900987494737,"received_addresses":10,"max_pkt_from_sameId":20,"has_attacker":0}
{"received packets":205,"IAT_Mean":0.009745157560246298,"IAT_Std":0.008005953821064274,"IAT_Max":0.034022660067421387,"IAT_Min":0.0001630533042771276,"received_addresses":10,"max_pkt_from_sameId":24,"has_attacker":1}
{"received packets":697,"IAT_Mean":0.0028686109488071937,"IAT_Std":0.0029167240883912336,"IAT_Max":0.0250712442175427,"IAT_Min":0.00010824089258676395,"received_addresses":10,"max_pkt_from_sameId":268,"has_attacker":1}
{"received packets":493,"IAT_Mean":0.004052235024883676,"IAT_Std":0.003088760835625807,"IAT_Max":0.02147372844046913,"IAT_Min":0.00015718738723080605,"received_addresses":11,"max_pkt_from_sameId":259,"has_attacker":1}
{"received packets":535,"IAT_Mean":0.0037378844889789325,"IAT_Std":0.003498343774964919,"IAT_Max":0.032517212861421288,"IAT_Min":0.0001384872339258436,"received_addresses":10,"max_pkt_from_sameId":213,"has_attacker":1}
{"received packets":437,"IAT_Mean":0.004575330102092957,"IAT_Std":0.006136841871488062,"IAT_Max":0.0352336165815359,"IAT_Min":0.00011230166637687944,"received_addresses":12,"max_pkt_from_sameId":118,"has_attacker":1}
{"received packets":498,"IAT_Mean":0.004011563136870049,"IAT_Std":0.003687413376408856,"IAT_Max":0.034504180031945,"IAT_Min":0.00013932301590102725,"received_addresses":12,"max_pkt_from_sameId":279,"has_attacker":1}
{"received packets":516,"IAT_Mean":0.00387196277750108,"IAT_Std":0.0042776773098122679,"IAT_Max":0.024963221381767654,"IAT_Min":0.00011261979307164438,"received_addresses":15,"max_pkt_from_sameId":109,"has_attacker":1}
{"received packets":568,"IAT_Mean":0.0035171735305827408,"IAT_Std":0.0028626094181459385,"IAT_Max":0.016607999998086599,"IAT_Min":0.00011089194231317379,"received_addresses":16,"max_pkt_from_sameId":249,"has_attacker":1}
{"received packets":485,"IAT_Mean":0.004119080718381381,"IAT_Std":0.004664226280807779,"IAT_Max":0.03169522137977765,"IAT_Min":0.00013801827299175784,"received_addresses":18,"max_pkt_from_sameId":95,"has_attacker":1}
{"received packets":423,"IAT_Mean":0.00472284016563311,"IAT_Std":0.004893178177991474,"IAT_Max":0.02430178203576361,"IAT_Min":0.00014096754603087902,"received_addresses":18,"max_pkt_from_sameId":135,"has_attacker":1}
{"received packets":579,"IAT_Mean":0.003450366318943554,"IAT_Std":0.0034798499287905535,"IAT_Max":0.024291539244586603,"IAT_Min":0.00010935501995845698,"received_addresses":16,"max_pkt_from_sameId":174,"has_attacker":1}
{"received packets":365,"IAT_Mean":0.005473310488971087,"IAT_Std":0.005518635935195328,"IAT_Max":0.024304281701915899,"IAT_Min":0.00011052459376514889,"received_addresses":19,"max_pkt_from_sameId":39,"has_attacker":1}
{"received packets":629,"IAT_Mean":0.0031760840226101375,"IAT_Std":0.002837246339467334,"IAT_Max":0.024292826194141527,"IAT_Min":0.0001094198232749477,"received_addresses":18,"max_pkt_from_sameId":270,"has_attacker":1}
{"received packets":494,"IAT_Mean":0.004044043914685242,"IAT_Std":0.004852000434980783,"IAT_Max":0.024297712116094773,"IAT_Min":0.00011058248128392734,"received_addresses":20,"max_pkt_from_sameId":73,"has_attacker":1}
{"received packets":625,"IAT_Mean":0.003196419198100921,"IAT_Std":0.0028815751116486756,"IAT_Max":0.02429164699424291,"IAT_Min":0.00010941984146484174,"received_addresses":20,"max_pkt_from_sameId":288,"has_attacker":1}
{"received packets":506,"IAT_Mean":0.003948124831195198,"IAT_Std":0.00464231923172783,"IAT_Max":0.024298431984789205,"IAT_Min":0.00011821823136415333,"received_addresses":20,"max_pkt_from_sameId":94,"has_attacker":1}
{"received packets":499,"IAT_Mean":0.004007212018618584,"IAT_Std":0.004277984943821126,"IAT_Max":0.024297314546856798,"IAT_Min":0.00010941984146484174,"received_addresses":21,"max_pkt_from_sameId":174,"has_attacker":1}
{"received packets":588,"IAT_Mean":0.0033975374447368425,"IAT_Std":0.0038632348437532108,"IAT_Max":0.024300446617417039,"IAT_Min":0.00011714348875102587,"received_addresses":19,"max_pkt_from_sameId":133,"has_attacker":1}
{"received packets":401,"IAT_Mean":0.004982587891075461,"IAT_Std":0.005372727401342368,"IAT_Max":0.024296417377627223,"IAT_Min":0.00011211895252927206,"received_addresses":21,"max_pkt_from_sameId":59,"has_attacker":1}
{"received packets":612,"IAT_Mean":0.003264314276635393,"IAT_Std":0.003490512338611293,"IAT_Max":0.024298266205732945,"IAT_Min":0.00010943923189188354,"received_addresses":19,"max_pkt_from_sameId":251,"has_attacker":1}
{"received packets":397,"IAT_Mean":0.0050321332995786559,"IAT_Std":0.005721976484469601,"IAT_Max":0.024296729199704715,"IAT_Min":0.00010745782492449507,"received_addresses":22,"max_pkt_from_sameId":27,"has_attacker":1}
{"received packets":659,"IAT_Mean":0.0030315007031424436,"IAT_Std":0.0026800092937819474,"IAT_Max":0.014445326876739273,"IAT_Min":0.00010944308451144025,"received_addresses":23,"max_pkt_from_sameId":284,"has_attacker":1}
{"received packets":554,"IAT_Mean":0.003606051615730026,"IAT_Std":0.00373093741198029,"IAT_Max":0.014457260429480812,"IAT_Min":0.00010608496813802049,"received_addresses":26,"max_pkt_from_sameId":83,"has_attacker":1}
{"received packets":620,"IAT_Mean":0.0032232843021882866,"IAT_Std":0.0029130955822039168,"IAT_Max":0.014458380013820716,"IAT_Min":0.00010954105891869403,"received_addresses":25,"max_pkt_from_sameId":213,"has_attacker":1}
{"received packets":607,"IAT_Mean":0.003291192438866835,"IAT_Std":0.003310136863449585,"IAT_Max":0.01569312237916165,"IAT_Min":0.00011860076847369783,"received_addresses":21,"max_pkt_from_sameId":101,"has_attacker":1}
{"received packets":471,"IAT_Mean":0.0042415292338422289,"IAT_Std":0.003736237043237598,"IAT_Max":0.014458506168011809,"IAT_Min":0.00016300001152558252,"received_addresses":22,"max_pkt_from_sameId":97,"has_attacker":1}
{"received packets":640,"IAT_Mean":0.0031214950847754609,"IAT_Std":0.0026360706925423855,"IAT_Max":0.014452420702582458,"IAT_Min":0.00010995941920555197,"received_addresses":20,"max_pkt_from_sameId":212,"has_attacker":1}
{"received packets":350,"IAT_Mean":0.005712646053756804,"IAT_Std":0.005195027193399468,"IAT_Max":0.025397189991053894,"IAT_Min":0.00011122037540189922,"received_addresses":17,"max_pkt_from_sameId":64,"has_attacker":1}
{"received packets":207,"IAT_Mean":0.00965101674599036,"IAT_Std":0.0086796000742782,"IAT_Max":0.025384099120856264,"IAT_Min":0.0002670001958904322,"received_addresses":11,"max_pkt_from_sameId":26,"has_attacker":1}
{"received packets":160,"IAT_Mean":0.012485972430340553,"IAT_Std":0.008993230081552367,"IAT_Max":0.025396921297215159,