{"received packets":460,"IAT_Mean":0.0043445920774699878,"IAT_Std":0.004495916318116721,"IAT_Max":0.02238000744546298,"IAT_Min":0.0001632240746403113,"received_addresses":23,"max_pkt_from_sameId":20,"has_attacker":0}
{"received packets":460,"IAT_Mean":0.004344609825341689,"IAT_Std":0.004496126892294707,"IAT_Max":0.022380006172170398,"IAT_Min":0.00016315819812007248,"received_addresses":23,"max_pkt_from_sameId":20,"has_attacker":0}
{"received packets":480,"IAT_Mean":0.004163587462282218,"IAT_Std":0.0038191224387207785,"IAT_Max":0.022380005782906666,"IAT_Min":0.00016304518067045137,"received_addresses":25,"max_pkt_from_sameId":20,"has_attacker":0}
{"received packets":520,"IAT_Mean":0.003843300804909142,"IAT_Std":0.00290132453400531,"IAT_Max":0.013124429464369314,"IAT_Min":0.00016300331481033936,"received_addresses":26,"max_pkt_from_sameId":20,"has_attacker":0}
{"received packets":520,"IAT_Mean":0.003843290584224563,"IAT_Std":0.002901888966694772,"IAT_Max":0.01312426180447801,"IAT_Min":0.00016300235074595548,"received_addresses":26,"max_pkt_from_sameId":20,"has_attacker":0}
{"received packets":520,"IAT_Mean":0.0038432992829886926,"IAT_Std":0.002819724490725006,"IAT_Max":0.013124095057719387,"IAT_Min":0.0001630028673389461,"received_addresses":26,"max_pkt_from_sameId":20,"has_attacker":0}
{"received packets":529,"IAT_Mean":0.0037779152828289286,"IAT_Std":0.002828464407998251,"IAT_Max":0.013124292385327863,"IAT_Min":0.00016300734569085762,"received_addresses":27,"max_pkt_from_sameId":20,"has_attacker":0}
{"received packets":560,"IAT_Mean":0.0035687852363610417,"IAT_Std":0.00286102209279261,"IAT_Max":0.013124646760843462,"IAT_Min":0.0001630216029298026,"received_addresses":28,"max_pkt_from_sameId":24,"has_attacker":1}
{"received packets":1858,"IAT_Mean":0.0010762009061799495,"IAT_Std":0.001277522117233161,"IAT_Max":0.011373777950211661,"IAT_Min":0.0001336002242169343,"received_addresses":27,"max_pkt_from_sameId":266,"has_attacker":1}
{"received packets":662,"IAT_Mean":0.003018904575962477,"IAT_Std":0.00323227377405537,"IAT_Max":0.026366558246081696,"IAT_Min":0.00010760061923065223,"received_addresses":25,"max_pkt_from_sameId":204,"has_attacker":1}
{"received packets":617,"IAT_Mean":0.003241112913621612,"IAT_Std":0.003177106532544254,"IAT_Max":0.03268040440889308,"IAT_Min":0.00010789011139422655,"received_addresses":24,"max_pkt_from_sameId":212,"has_attacker":1}
{"received packets":653,"IAT_Mean":0.0030618983828292407,"IAT_Std":0.002865265122230032,"IAT_Max":0.026335599981393899,"IAT_Min":0.00011278841702733189,"received_addresses":20,"max_pkt_from_sameId":257,"has_attacker":1}
{"received packets":623,"IAT_Mean":0.0032066754853079337,"IAT_Std":0.002646651769536797,"IAT_Max":0.024819887959893096,"IAT_Min":0.00015565648209303617,"received_addresses":23,"max_pkt_from_sameId":279,"has_attacker":1}
{"received packets":609,"IAT_Mean":0.003280678113731271,"IAT_Std":0.0029827022799303328,"IAT_Max":0.024830045687849635,"IAT_Min":0.00011291137707303278,"received_addresses":20,"max_pkt_from_sameId":149,"has_attacker":1}
{"received packets":667,"IAT_Mean":0.0029951345666582738,"IAT_Std":0.00209850188518363,"IAT_Max":0.01660800017270958,"IAT_Min":0.0001544027945783455,"received_addresses":17,"max_pkt_from_sameId":251,"has_attacker":1}
{"received packets":717,"IAT_Mean":0.0027862681425207004,"IAT_Std":0.0028373227389700218,"IAT_Max":0.021434411730297144,"IAT_Min":0.00010979650323861279,"received_addresses":20,"max_pkt_from_sameId":222,"has_attacker":1}
{"received packets":605,"IAT_Mean":0.0033020850826484878,"IAT_Std":0.0027466582799011674,"IAT_Max":0.01660800002355245,"IAT_Min":0.00011426017954363488,"received_addresses":19,"max_pkt_from_sameId":165,"has_attacker":1}
{"received packets":738,"IAT_Mean":0.002708123822245634,"IAT_Std":0.0024941783422486268,"IAT_Max":0.016608000001724578,"IAT_Min":0.0001160122592409607,"received_addresses":19,"max_pkt_from_sameId":174,"has_attacker":1}
{"received packets":634,"IAT_Mean":0.003151038506285007,"IAT_Std":0.002860607239872725,"IAT_Max":0.02192706322603044,"IAT_Min":0.0001105106966861058,"received_addresses":20,"max_pkt_from_sameId":190,"has_attacker":1}
{"received packets":688,"IAT_Mean":0.002903716474901198,"IAT_Std":0.002561495167705988,"IAT_Max":0.02147036193855456,"IAT_Min":0.00011811096192104742,"received_addresses":20,"max_pkt_from_sameId":271,"has_attacker":1}
{"received packets":717,"IAT_Mean":0.002786273052107559,"IAT_Std":0.0025598113877539848,"IAT_Max":0.01660800968966214,"IAT_Min":0.00011060673932661302,"received_addresses":20,"max_pkt_from_sameId":173,"has_attacker":1}
{"received packets":690,"IAT_Mean":0.002897710267016141,"IAT_Std":0.0023116252391525329,"IAT_Max":0.016607999998086599,"IAT_Min":0.00011714343418134376,"received_addresses":20,"max_pkt_from_sameId":288,"has_attacker":1}
{"received packets":718,"IAT_Mean":0.002782383355280473,"IAT_Std":0.0028892075525269779,"IAT_Max":0.02130100000067614,"IAT_Min":0.00010879933688556775,"received_addresses":21,"max_pkt_from_sameId":216,"has_attacker":1}
{"received packets":654,"IAT_Mean":0.0030574904944299914,"IAT_Std":0.0025322089689932879,"IAT_Max":0.016608000001724578,"IAT_Min":0.00015740094022476114,"received_addresses":21,"max_pkt_from_sameId":176,"has_attacker":1}
{"received packets":751,"IAT_Mean":0.002660122639158768,"IAT_Std":0.0026886929275663649,"IAT_Max":0.02825201055384241,"IAT_Min":0.00014891351747792214,"received_addresses":20,"max_pkt_from_sameId":206,"has_attacker":1}
{"received packets":603,"IAT_Mean":0.003313462253801911,"IAT_Std":0.003441368877456423,"IAT_Max":0.030599409215938068,"IAT_Min":0.0001121050154324621,"received_addresses":20,"max_pkt_from_sameId":147,"has_attacker":1}
{"received packets":660,"IAT_Mean":0.003026909776296331,"IAT_Std":0.0023641982271130868,"IAT_Max":0.021457000002556016,"IAT_Min":0.00010603038390399888,"received_addresses":20,"max_pkt_from_sameId":251,"has_attacker":1}
{"received packets":639,"IAT_Mean":0.0031263803378896567,"IAT_Std":0.0025511210465238999,"IAT_Max":0.01660800969330012,"IAT_Min":0.00010745536201284267,"received_addresses":20,"max_pkt_from_sameId":168,"has_attacker":1}
{"received packets":658,"IAT_Mean":0.0030361080233995876,"IAT_Std":0.002486804198912123,"IAT_Max":0.018985085258464097,"IAT_Min":0.00011475366045488045,"received_addresses":20,"max_pkt_from_sameId":284,"has_attacker":1}
{"received packets":723,"IAT_Mean":0.0027631434651797677,"IAT_Std":0.0022868847241085249,"IAT_Max":0.01445708998653572,"IAT_Min":0.00010608240336296149,"received_addresses":22,"max_pkt_from_sameId":249,"has_attacker":1}
{"received packets":650,"IAT_Mean":0.003074517275913072,"IAT_Std":0.0022371168956808378,"IAT_Max":0.012065128517861013,"IAT_Min":0.00010677514728740789,"received_addresses":20,"max_pkt_from_sameId":214,"has_attacker":1}
{"received packets":775,"IAT_Mean":0.0025777470571929667,"IAT_Std":0.002102447704628846,"IAT_Max":0.014106042908679229,"IAT_Min":0.000118233456305461,"received_addresses":20,"max_pkt_from_sameId":277,"has_attacker":1}
{"received packets":593,"IAT_Mean":0.0033689044709884739,"IAT_Std":0.0027151952023778747,"IAT_Max":0.014444089989410714,"IAT_Min":0.00011397024354664609,"received_addresses":20,"max_pkt_from_sameId":154,"has_attacker":1}
{"received packets":750,"IAT_Mean":0.0026661464674883367,"IAT_Std":0.002067532253725399,"IAT_Max":0.012669403011386749,"IAT_Min":0.00011561675273696892,"received_addresses":20,"max_pkt_from_sameId":213,"has_attacker":1}
{"received packets":654,"IAT_Mean":0.00305722590611153,"IAT_Std":0.0025133453820726356,"IAT_Max":0.0144570899901737,"IAT_Min":0.00011093070497736335,"received_addresses":21,"max_pkt_from_sameId":157,"has_attacker":1}
{"received packets":659,"IAT_Mean":0.0030318881389919487,"IAT_Std":0.0023771586818728169,"IAT_Max":0.014093042907916243,"IAT_Min":0.00010874259533011355,"received_addresses":19,"max_pkt_from_sameId":278,"has_attacker":1}
{"received packets":697,"IAT_Mean":0.0028667063470989154,"IAT_Std":0.0023425414598767476,