{"received packets":70,"IAT_Mean":0.028571406574961396,"IAT_Std":0.02179008227054378,"IAT_Max":0.07357461118590436,"IAT_Min":0.01144493933315971,"received_addresses":4,"max_pkt_from_sameId":20,"has_attacker":0}
{"received packets":70,"IAT_Mean":0.027900010648331126,"IAT_Std":0.021106104586760229,"IAT_Max":0.07357045997559908,"IAT_Min":0.011442860661190935,"received_addresses":4,"max_pkt_from_sameId":20,"has_attacker":0}
{"received packets":80,"IAT_Mean":0.024932199853537896,"IAT_Std":0.012300038004008007,"IAT_Max":0.04158523684964166,"IAT_Min":0.011442884184361902,"received_addresses":4,"max_pkt_from_sameId":20,"has_attacker":0}
{"received packets":90,"IAT_Mean":0.022161992999382268,"IAT_Std":0.01210302893242629,"IAT_Max":0.04158851081592729,"IAT_Min":0.010206101458607009,"received_addresses":5,"max_pkt_from_sameId":20,"has_attacker":0}
{"received packets":100,"IAT_Mean":0.019945785843810884,"IAT_Std":0.011518438606090418,"IAT_Max":0.04158833720794064,"IAT_Min":0.010202151876001154,"received_addresses":5,"max_pkt_from_sameId":20,"has_attacker":0}
{"received packets":148,"IAT_Mean":0.01347688915919551,"IAT_Std":0.008802275729932665,"IAT_Max":0.033990431191341489,"IAT_Min":0.0025940005471056795,"received_addresses":8,"max_pkt_from_sameId":20,"has_attacker":0}
{"received packets":170,"IAT_Mean":0.011732850073787953,"IAT_Std":0.008854379833009865,"IAT_Max":0.03398324566660449,"IAT_Min":0.0012031918813590892,"received_addresses":9,"max_pkt_from_sameId":20,"has_attacker":0}
{"received packets":204,"IAT_Mean":0.009783457606299992,"IAT_Std":0.008269689486925167,"IAT_Max":0.03278000035061268,"IAT_Min":0.00016301961659337394,"received_addresses":10,"max_pkt_from_sameId":24,"has_attacker":1}
{"received packets":459,"IAT_Mean":0.004356039110662135,"IAT_Std":0.0037492637594508276,"IAT_Max":0.030701327392307577,"IAT_Min":0.000150838906847639,"received_addresses":10,"max_pkt_from_sameId":269,"has_attacker":1}
{"received packets":477,"IAT_Mean":0.004184136706519949,"IAT_Std":0.0031390513760316798,"IAT_Max":0.02147372844410711,"IAT_Min":0.0001630015358387027,"received_addresses":10,"max_pkt_from_sameId":259,"has_attacker":1}
{"received packets":465,"IAT_Mean":0.004300225976444918,"IAT_Std":0.0033432852133805179,"IAT_Max":0.0314252451134962,"IAT_Min":0.00015940623052301817,"received_addresses":10,"max_pkt_from_sameId":213,"has_attacker":1}
{"received packets":392,"IAT_Mean":0.005100559548068583,"IAT_Std":0.00521454000976566,"IAT_Max":0.03397846110237879,"IAT_Min":0.00011238989463890903,"received_addresses":10,"max_pkt_from_sameId":152,"has_attacker":1}
{"received packets":515,"IAT_Mean":0.003879142396456621,"IAT_Std":0.0036074688678504075,"IAT_Max":0.03397705366296577,"IAT_Min":0.00016300018978654407,"received_addresses":12,"max_pkt_from_sameId":279,"has_attacker":1}
{"received packets":408,"IAT_Mean":0.004896894353671943,"IAT_Std":0.004478588354022503,"IAT_Max":0.025126402022578988,"IAT_Min":0.00011270801769569516,"received_addresses":14,"max_pkt_from_sameId":108,"has_attacker":1}
{"received packets":463,"IAT_Mean":0.004314804489930956,"IAT_Std":0.003963616106611804,"IAT_Max":0.03070384326201747,"IAT_Min":0.00016300018978654407,"received_addresses":14,"max_pkt_from_sameId":251,"has_attacker":1}
{"received packets":353,"IAT_Mean":0.005659359949024638,"IAT_Std":0.005390725194510329,"IAT_Max":0.033977109644183659,"IAT_Min":0.0001630028200452216,"received_addresses":14,"max_pkt_from_sameId":95,"has_attacker":1}
{"received packets":369,"IAT_Mean":0.005413987272783661,"IAT_Std":0.005600079265952997,"IAT_Max":0.03125797395478003,"IAT_Min":0.00016300192874041386,"received_addresses":14,"max_pkt_from_sameId":135,"has_attacker":1}
{"received packets":447,"IAT_Mean":0.004469266246672669,"IAT_Std":0.004380009085393652,"IAT_Max":0.03398999497949262,"IAT_Min":0.00016300018978654407,"received_addresses":12,"max_pkt_from_sameId":174,"has_attacker":1}
{"received packets":293,"IAT_Mean":0.006818287515605632,"IAT_Std":0.007185283247623891,"IAT_Max":0.033981678021518749,"IAT_Min":0.00011061282202717848,"received_addresses":15,"max_pkt_from_sameId":39,"has_attacker":1}
{"received packets":522,"IAT_Mean":0.003827120237202643,"IAT_Std":0.0035743222549625187,"IAT_Max":0.03397705366296577,"IAT_Min":0.00016300018614856526,"received_addresses":13,"max_pkt_from_sameId":271,"has_attacker":1}
{"received packets":362,"IAT_Mean":0.00551866742389192,"IAT_Std":0.00627094083772814,"IAT_Max":0.03398629503499251,"IAT_Min":0.00011703990458045155,"received_addresses":16,"max_pkt_from_sameId":72,"has_attacker":1}
{"received packets":557,"IAT_Mean":0.0035866461623113839,"IAT_Std":0.0033972921693231799,"IAT_Max":0.030697323451022386,"IAT_Min":0.00016300019342452288,"received_addresses":16,"max_pkt_from_sameId":288,"has_attacker":1}
{"received packets":374,"IAT_Mean":0.005341580422938864,"IAT_Std":0.005839684540796246,"IAT_Max":0.03398629503499251,"IAT_Min":0.0001630428378120996,"received_addresses":17,"max_pkt_from_sameId":93,"has_attacker":1}
{"received packets":449,"IAT_Mean":0.004453449633672462,"IAT_Std":0.005109232956166922,"IAT_Max":0.03398629503499251,"IAT_Min":0.00016300018978654407,"received_addresses":17,"max_pkt_from_sameId":175,"has_attacker":1}
{"received packets":466,"IAT_Mean":0.004287021311372594,"IAT_Std":0.0047413992363680829,"IAT_Max":0.03397705366660375,"IAT_Min":0.00016301275172736496,"received_addresses":15,"max_pkt_from_sameId":134,"has_attacker":1}
{"received packets":348,"IAT_Mean":0.005741430578183653,"IAT_Std":0.006702663062837654,"IAT_Max":0.03397813270203187,"IAT_Min":0.00011220718079130165,"received_addresses":17,"max_pkt_from_sameId":59,"has_attacker":1}
{"received packets":544,"IAT_Mean":0.003672353458542228,"IAT_Std":0.004498487782832605,"IAT_Max":0.03399109210295137,"IAT_Min":0.00016300018614856526,"received_addresses":15,"max_pkt_from_sameId":251,"has_attacker":1}
{"received packets":344,"IAT_Mean":0.005807432747090832,"IAT_Std":0.00733430607569045,"IAT_Max":0.03399309203814482,"IAT_Min":0.00010755752737168223,"received_addresses":18,"max_pkt_from_sameId":29,"has_attacker":1}
{"received packets":573,"IAT_Mean":0.0034864902416899166,"IAT_Std":0.0032854445476106417,"IAT_Max":0.03170269423935679,"IAT_Min":0.00016300019342452288,"received_addresses":18,"max_pkt_from_sameId":284,"has_attacker":1}
{"received packets":370,"IAT_Mean":0.005399331228142507,"IAT_Std":0.005511978238015421,"IAT_Max":0.033986601662036267,"IAT_Min":0.00010618456872180104,"received_addresses":17,"max_pkt_from_sameId":89,"has_attacker":1}
{"received packets":484,"IAT_Mean":0.004129000684935652,"IAT_Std":0.004465047388808419,"IAT_Max":0.03398634931363631,"IAT_Min":0.00016300019342452288,"received_addresses":17,"max_pkt_from_sameId":213,"has_attacker":1}
{"received packets":416,"IAT_Mean":0.004802292784653708,"IAT_Std":0.004147147280171216,"IAT_Max":0.02395065190285095,"IAT_Min":0.00016301725190714933,"received_addresses":15,"max_pkt_from_sameId":95,"has_attacker":1}
{"received packets":365,"IAT_Mean":0.005473315562695673,"IAT_Std":0.0053119911568603,"IAT_Max":0.02482852007233305,"IAT_Min":0.00016300283095915802,"received_addresses":16,"max_pkt_from_sameId":97,"has_attacker":1}
{"received packets":499,"IAT_Mean":0.0040035203983607718,"IAT_Std":0.003448460548518851,"IAT_Max":0.02412340202499763,"IAT_Min":0.00016300019342452288,"received_addresses":15,"max_pkt_from_sameId":212,"has_attacker":1}
{"received packets":298,"IAT_Mean":0.006709482700532422,"IAT_Std":0.005758827695161881,"IAT_Max":0.024824815951433267,"IAT_Min":0.0001110328703362029,"received_addresses":16,"max_pkt_from_sameId":32,"has_attacker":1}
{"received packets":509,"IAT_Mean":0.003924872518201109,"IAT_Std":0.0033182761750265856,"IAT_Max":0.02412340202499763,"IAT_Min":0.00016300018978654407,"received_addresses":13,"max_pkt_from_sameId":277,"has_attacker":1}
{"received packets":294,"IAT_Mean":0.006796239902950201,"IAT_Std":0.006386747353378062,"IAT_Max":0.03523918213613797,"IAT_Min":0.000114465849037515,"received_addresses":15,