{"received packets":19,"IAT_Mean":0.10186917546946604,"IAT_Std":0.22052299438555676,"IAT_Max":1.0355230635977933,"IAT_Min":0.035234233117080297,"received_addresses":2,"max_pkt_from_sameId":10,"has_attacker":1}
{"received packets":80,"IAT_Mean":0.02497721320028177,"IAT_Std":0.018981433868571003,"IAT_Max":0.07754493531319895,"IAT_Min":0.00011042263940908015,"received_addresses":2,"max_pkt_from_sameId":60,"has_attacker":1}
{"received packets":228,"IAT_Mean":0.008489112936123939,"IAT_Std":0.0186358923361999,"IAT_Max":0.10000845310059958,"IAT_Min":0.0001630161605135072,"received_addresses":2,"max_pkt_from_sameId":208,"has_attacker":1}
{"received packets":20,"IAT_Mean":0.09764998501032096,"IAT_Std":0.010243312243324744,"IAT_Max":0.10001033093067236,"IAT_Min":0.05300042746239342,"received_addresses":1,"max_pkt_from_sameId":20,"has_attacker":0}
{"received packets":20,"IAT_Mean":0.09765000229799625,"IAT_Std":0.010244174635604078,"IAT_Max":0.10013595813506982,"IAT_Min":0.05299710618055542,"received_addresses":1,"max_pkt_from_sameId":20,"has_attacker":0}
{"received packets":40,"IAT_Mean":0.049196060043504987,"IAT_Std":0.03472803596356067,"IAT_Max":0.08542800111536053,"IAT_Min":0.014567199312295998,"received_addresses":2,"max_pkt_from_sameId":20,"has_attacker":0}
{"received packets":40,"IAT_Mean":0.04919614410937356,"IAT_Std":0.034720384809194888,"IAT_Max":0.08528898857912282,"IAT_Min":0.014710049908899237,"received_addresses":2,"max_pkt_from_sameId":20,"has_attacker":0}
{"received packets":20,"IAT_Mean":0.09839170667964936,"IAT_Std":0.007009575247237346,"IAT_Max":0.1000108507432742,"IAT_Min":0.06783769039975596,"received_addresses":1,"max_pkt_from_sameId":20,"has_attacker":0}
{"received packets":20,"IAT_Mean":0.09839210630925663,"IAT_Std":0.0070087358869196339,"IAT_Max":0.10001249018750969,"IAT_Min":0.0678417449707922,"received_addresses":1,"max_pkt_from_sameId":20,"has_attacker":0}
{"received packets":20,"IAT_Mean":0.09839186893623264,"IAT_Std":0.007007819835348296,"IAT_Max":0.10001040625502356,"IAT_Min":0.067845495952497,"received_addresses":1,"max_pkt_from_sameId":20,"has_attacker":0}
{"received packets":20,"IAT_Mean":0.09839208194589447,"IAT_Std":0.007010317780884025,"IAT_Max":0.1000112492183689,"IAT_Min":0.06783482518585515,"received_addresses":1,"max_pkt_from_sameId":20,"has_attacker":0}
{"received packets":20,"IAT_Mean":0.09839202573166403,"IAT_Std":0.007008065923420072,"IAT_Max":0.10001052181178238,"IAT_Min":0.06784458064794308,"received_addresses":1,"max_pkt_from_sameId":20,"has_attacker":0}
{"received packets":10,"IAT_Mean":0.09678423914447194,"IAT_Std":0.009648713638064027,"IAT_Max":0.10001058768466464,"IAT_Min":0.06783810231718235,"received_addresses":1,"max_pkt_from_sameId":10,"has_attacker":0}
{"received packets":10,"IAT_Mean":0.19474725009349642,"IAT_Std":0.2842411901819747,"IAT_Max":1.0474708205765638,"IAT_Min":0.09999493263239856,"received_addresses":1,"max_pkt_from_sameId":10,"has_attacker":0}
{"received packets":40,"IAT_Mean":0.048686964072658159,"IAT_Std":0.01548234572906885,"IAT_Max":0.06451997741896776,"IAT_Min":0.011989303311565891,"received_addresses":2,"max_pkt_from_sameId":20,"has_attacker":0}
{"received packets":60,"IAT_Mean":0.032797391861943959,"IAT_Std":0.019354509741256386,"IAT_Max":0.06451820527217933,"IAT_Min":0.005434452119516209,"received_addresses":4,"max_pkt_from_sameId":20,"has_attacker":0}
{"received packets":70,"IAT_Mean":0.028034229359140487,"IAT_Std":0.01543910650134436,"IAT_Max":0.04959266531295725,"IAT_Min":0.005434504149889108,"received_addresses":4,"max_pkt_from_sameId":20,"has_attacker":0}
{"received packets":70,"IAT_Mean":0.028034296767769516,"IAT_Std":0.014805025190014419,"IAT_Max":0.04959371965742321,"IAT_Min":0.011982504813204287,"received_addresses":4,"max_pkt_from_sameId":20,"has_attacker":0}
{"received packets":80,"IAT_Mean":0.024529931783263238,"IAT_Std":0.01417283653050846,"IAT_Max":0.04958908253684058,"IAT_Min":0.011985662684310228,"received_addresses":4,"max_pkt_from_sameId":20,"has_attacker":0}
{"received packets":302,"IAT_Mean":0.006609546165604091,"IAT_Std":0.00902077810862433,"IAT_Max":0.04958903658189229,"IAT_Min":0.00011981663919868879,"received_addresses":7,"max_pkt_from_sameId":203,"has_attacker":1}
{"received packets":421,"IAT_Mean":0.004657239769023747,"IAT_Std":0.004351060493614974,"IAT_Max":0.042771317279402868,"IAT_Min":0.00010694191223592497,"received_addresses":9,"max_pkt_from_sameId":275,"has_attacker":1}
{"received packets":299,"IAT_Mean":0.006687637532028069,"IAT_Std":0.007409250767421699,"IAT_Max":0.052639846286183459,"IAT_Min":0.00010796279821079224,"received_addresses":7,"max_pkt_from_sameId":176,"has_attacker":1}
{"received packets":495,"IAT_Mean":0.004038575173689598,"IAT_Std":0.0021932036130124915,"IAT_Max":0.017487858942331515,"IAT_Min":0.00016300175411743112,"received_addresses":7,"max_pkt_from_sameId":270,"has_attacker":1}
{"received packets":196,"IAT_Mean":0.010193952040100733,"IAT_Std":0.00975251742368303,"IAT_Max":0.038917874662729449,"IAT_Min":0.00011578379780985415,"received_addresses":7,"max_pkt_from_sameId":58,"has_attacker":1}
{"received packets":460,"IAT_Mean":0.004343684667369614,"IAT_Std":0.002904987552570963,"IAT_Max":0.01445246308867354,"IAT_Min":0.00012032270024064928,"received_addresses":22,"max_pkt_from_sameId":212,"has_attacker":1}
