{"received packets":40,"IAT_Mean":0.04831170999341339,"IAT_Std":0.04295587743650842,"IAT_Max":0.09337203530230909,"IAT_Min":0.006624004014156526,"received_addresses":2,"max_pkt_from_sameId":20,"has_attacker":0}
{"received packets":40,"IAT_Mean":0.04831172639096622,"IAT_Std":0.04295551371194742,"IAT_Max":0.09337541737113497,"IAT_Min":0.0066240055493835829,"received_addresses":2,"max_pkt_from_sameId":20,"has_attacker":0}
