{"received packets":539,"IAT_Mean":0.0037078146294885919,"IAT_Std":0.004293891803417605,"IAT_Max":0.0223800324529293,"IAT_Min":0.00016317003610311076,"received_addresses":27,"max_pkt_from_sameId":20,"has_attacker":0}
{"received packets":521,"IAT_Mean":0.003835931416136622,"IAT_Std":0.00432319967322761,"IAT_Max":0.02238004971513874,"IAT_Min":0.00016315175162162632,"received_addresses":27,"max_pkt_from_sameId":20,"has_attacker":0}
{"received packets":550,"IAT_Mean":0.0036336760240771005,"IAT_Std":0.0037465772902774898,"IAT_Max":0.022380071597581265,"IAT_Min":0.00016305392273352481,"received_addresses":29,"max_pkt_from_sameId":20,"has_attacker":0}
{"received packets":580,"IAT_Mean":0.0034457178739605049,"IAT_Std":0.0030374391345401559,"IAT_Max":0.01312402883922914,"IAT_Min":0.00016302363655995578,"received_addresses":29,"max_pkt_from_sameId":20,"has_attacker":0}
{"received packets":550,"IAT_Mean":0.003633656717713827,"IAT_Std":0.003152018168253926,"IAT_Max":0.013124017114023446,"IAT_Min":0.00016306175530189648,"received_addresses":28,"max_pkt_from_sameId":20,"has_attacker":0}
{"received packets":522,"IAT_Mean":0.0038285744664800856,"IAT_Std":0.0032167687876265484,"IAT_Max":0.013124023345881142,"IAT_Min":0.00016318856069119647,"received_addresses":28,"max_pkt_from_sameId":20,"has_attacker":0}
{"received packets":510,"IAT_Mean":0.003918661583156791,"IAT_Std":0.0032096291045226289,"IAT_Max":0.01312429050449282,"IAT_Min":0.0001633512911212165,"received_addresses":26,"max_pkt_from_sameId":20,"has_attacker":0}
{"received packets":505,"IAT_Mean":0.0039574651199013768,"IAT_Std":0.003294702339143764,"IAT_Max":0.013125100696925074,"IAT_Min":0.00016300000788760372,"received_addresses":25,"max_pkt_from_sameId":24,"has_attacker":1}
{"received packets":1539,"IAT_Mean":0.0012992731032532546,"IAT_Std":0.0014897103300954478,"IAT_Max":0.014916679971065605,"IAT_Min":0.00013478337859851308,"received_addresses":23,"max_pkt_from_sameId":264,"has_attacker":1}
{"received packets":594,"IAT_Mean":0.003364503021339107,"IAT_Std":0.0035498611217233547,"IAT_Max":0.024418442888418214,"IAT_Min":0.00010840578033821657,"received_addresses":18,"max_pkt_from_sameId":149,"has_attacker":1}
{"received packets":437,"IAT_Mean":0.004576124903285816,"IAT_Std":0.005377656188531777,"IAT_Max":0.036710075717564908,"IAT_Min":0.00010629462485667318,"received_addresses":19,"max_pkt_from_sameId":145,"has_attacker":1}
{"received packets":558,"IAT_Mean":0.0035739168654027287,"IAT_Std":0.0034613354670346479,"IAT_Max":0.0333444428324583,"IAT_Min":0.000123482368508121,"received_addresses":16,"max_pkt_from_sameId":189,"has_attacker":1}
{"received packets":310,"IAT_Mean":0.006445731524382286,"IAT_Std":0.0064868480922113508,"IAT_Max":0.03213363760369248,"IAT_Min":0.00012179935947642662,"received_addresses":16,"max_pkt_from_sameId":50,"has_attacker":1}
{"received packets":606,"IAT_Mean":0.0032886329313126648,"IAT_Std":0.0033339005481200906,"IAT_Max":0.03440230249907472,"IAT_Min":0.00011796899343607947,"received_addresses":12,"max_pkt_from_sameId":207,"has_attacker":1}
{"received packets":319,"IAT_Mean":0.00626255573299666,"IAT_Std":0.007539402227736572,"IAT_Max":0.03441828224094934,"IAT_Min":0.00011150817226734944,"received_addresses":9,"max_pkt_from_sameId":155,"has_attacker":1}
{"received packets":445,"IAT_Mean":0.004489336768246983,"IAT_Std":0.005297560863359406,"IAT_Max":0.032195109666645297,"IAT_Min":0.00011039815581170842,"received_addresses":9,"max_pkt_from_sameId":145,"has_attacker":1}
{"received packets":404,"IAT_Mean":0.004944955701767588,"IAT_Std":0.005553453305884747,"IAT_Max":0.03794477739575086,"IAT_Min":0.00010508313062018715,"received_addresses":8,"max_pkt_from_sameId":267,"has_attacker":1}
{"received packets":364,"IAT_Mean":0.0054906450705047879,"IAT_Std":0.006670749392771049,"IAT_Max":0.037953688675770539,"IAT_Min":0.00011722730050678365,"received_addresses":10,"max_pkt_from_sameId":105,"has_attacker":1}
{"received packets":529,"IAT_Mean":0.0037764821208426215,"IAT_Std":0.00326526243297104,"IAT_Max":0.03241499449359253,"IAT_Min":0.0001572763103467878,"received_addresses":10,"max_pkt_from_sameId":288,"has_attacker":1}
{"received packets":274,"IAT_Mean":0.007291085998833402,"IAT_Std":0.007650342634025164,"IAT_Max":0.03242188273725333,"IAT_Min":0.00010615072824293748,"received_addresses":10,"max_pkt_from_sameId":57,"has_attacker":1}
{"received packets":542,"IAT_Mean":0.0036859011204904239,"IAT_Std":0.0034789630288648038,"IAT_Max":0.023274505616427633,"IAT_Min":0.00015217619147733785,"received_addresses":11,"max_pkt_from_sameId":195,"has_attacker":1}
{"received packets":321,"IAT_Mean":0.0062292333876659169,"IAT_Std":0.005576930392214835,"IAT_Max":0.02244500031520147,"IAT_Min":0.00010551610466791317,"received_addresses":11,"max_pkt_from_sameId":118,"has_attacker":1}
{"received packets":527,"IAT_Mean":0.003790800527237516,"IAT_Std":0.004135361233113028,"IAT_Max":0.020472804804740009,"IAT_Min":0.00011091744090663269,"received_addresses":23,"max_pkt_from_sameId":108,"has_attacker":1}
{"received packets":578,"IAT_Mean":0.003459514565409361,"IAT_Std":0.0032898590708075215,"IAT_Max":0.03134041874000104,"IAT_Min":0.00010556919005466625,"received_addresses":20,"max_pkt_from_sameId":172,"has_attacker":1}
{"received packets":571,"IAT_Mean":0.0034981069090037999,"IAT_Std":0.0038119638987661049,"IAT_Max":0.029099800307449187,"IAT_Min":0.0001055870670825243,"received_addresses":19,"max_pkt_from_sameId":133,"has_attacker":1}
{"received packets":437,"IAT_Mean":0.004543171474284938,"IAT_Std":0.0037844903221314724,"IAT_Max":0.03729051461777999,"IAT_Min":0.00011274855933152139,"received_addresses":10,"max_pkt_from_sameId":284,"has_attacker":1}
{"received packets":249,"IAT_Mean":0.008017393089680096,"IAT_Std":0.007275980212417467,"IAT_Max":0.039423159974830927,"IAT_Min":0.00010545780605752952,"received_addresses":7,"max_pkt_from_sameId":137,"has_attacker":1}
{"received packets":519,"IAT_Mean":0.0038447312142470379,"IAT_Std":0.002251670559518684,"IAT_Max":0.019363999999768568,"IAT_Min":0.00014717287922394462,"received_addresses":8,"max_pkt_from_sameId":233,"has_attacker":1}
{"received packets":216,"IAT_Mean":0.009236631651051372,"IAT_Std":0.007914242263777148,"IAT_Max":0.039410213717928858,"IAT_Min":0.00011565052045625634,"received_addresses":8,"max_pkt_from_sameId":78,"has_attacker":1}
{"received packets":461,"IAT_Mean":0.0043361061383652408,"IAT_Std":0.002529345589799428,"IAT_Max":0.019363999996130589,"IAT_Min":0.00016336503540514968,"received_addresses":6,"max_pkt_from_sameId":274,"has_attacker":1}
{"received packets":277,"IAT_Mean":0.007124631331136848,"IAT_Std":0.009041862466381478,"IAT_Max":0.07177611874067225,"IAT_Min":0.00010907208343269303,"received_addresses":5,"max_pkt_from_sameId":194,"has_attacker":1}
{"received packets":386,"IAT_Mean":0.005171197484629054,"IAT_Std":0.00447099508200882,"IAT_Max":0.03623800101195229,"IAT_Min":0.00011487944721011445,"received_addresses":5,"max_pkt_from_sameId":290,"has_attacker":1}
{"received packets":374,"IAT_Mean":0.005242505732418009,"IAT_Std":0.0058238475793982269,"IAT_Max":0.07177190118090948,"IAT_Min":0.00010622910849633627,"received_addresses":6,"max_pkt_from_sameId":276,"has_attacker":1}
{"received packets":271,"IAT_Mean":0.00737860822411468,"IAT_Std":0.008045607548938143,"IAT_Max":0.04956300004050718,"IAT_Min":0.00010719223064370453,"received_addresses":6,"max_pkt_from_sameId":177,"has_attacker":1}
{"received packets":485,"IAT_Mean":0.004122900836595476,"IAT_Std":0.0022364647393704119,"IAT_Max":0.0173100000465638,"IAT_Min":0.00016307234909618273,"received_addresses":7,"max_pkt_from_sameId":270,"has_attacker":1}
{"received packets":176,"IAT_Mean":0.011352350757451032,"IAT_Std":0.00991686556801899,"IAT_Max":0.049063685910368807,"IAT_Min":0.00011495131184346974,"received_addresses":7,"max_pkt_from_sameId":58,"has_attacker":1}
{"received packets":490,"IAT_Mean":0.004077083425385799,"IAT_Std":0.002151481901862132,"IAT_Max":0.017310000162979123,