{"received packets":480,"IAT_Mean":0.0041635668175104,"IAT_Std":0.004413809572163679,"IAT_Max":0.022543107661476826,"IAT_Min":0.0005660568749590311,"received_addresses":24,"max_pkt_from_sameId":20,"has_attacker":0}
{"received packets":480,"IAT_Mean":0.0041635839552479109,"IAT_Std":0.004414260477775551,"IAT_Max":0.022543155475432287,"IAT_Min":0.0005660896640620194,"received_addresses":24,"max_pkt_from_sameId":20,"has_attacker":0}
{"received packets":510,"IAT_Mean":0.003918670303213659,"IAT_Std":0.003566971140559701,"IAT_Max":0.022543178994965275,"IAT_Min":0.0005661204013449606,"received_addresses":27,"max_pkt_from_sameId":20,"has_attacker":0}
{"received packets":559,"IAT_Mean":0.0035751634580871965,"IAT_Std":0.002761101820399376,"IAT_Max":0.01312400416645687,"IAT_Min":0.0005661127979692537,"received_addresses":29,"max_pkt_from_sameId":20,"has_attacker":0}
{"received packets":590,"IAT_Mean":0.0033873070145661696,"IAT_Std":0.0027729790603809045,"IAT_Max":0.013124005181452958,"IAT_Min":0.00045401922034216113,"received_addresses":30,"max_pkt_from_sameId":20,"has_attacker":0}
{"received packets":521,"IAT_Mean":0.0038359227147337227,"IAT_Std":0.0028214187033019329,"IAT_Max":0.013124016411893536,"IAT_Min":0.0005660865281242877,"received_addresses":27,"max_pkt_from_sameId":20,"has_attacker":0}
{"received packets":539,"IAT_Mean":0.0037078240982227458,"IAT_Std":0.0028400917765872117,"IAT_Max":0.013124279845214915,"IAT_Min":0.000566081129363738,"received_addresses":28,"max_pkt_from_sameId":20,"has_attacker":0}
{"received packets":561,"IAT_Mean":0.0035624234969386856,"IAT_Std":0.0028460661668553014,"IAT_Max":0.013124350283760578,"IAT_Min":0.00016331823644577526,"received_addresses":28,"max_pkt_from_sameId":24,"has_attacker":1}
{"received packets":1867,"IAT_Mean":0.0010710131813165068,"IAT_Std":0.0012569149700530792,"IAT_Max":0.01137406815905706,"IAT_Min":0.00013359864533413202,"received_addresses":26,"max_pkt_from_sameId":268,"has_attacker":1}
{"received packets":652,"IAT_Mean":0.003065206018328337,"IAT_Std":0.0028233465010621976,"IAT_Max":0.017297005684667967,"IAT_Min":0.00013940453209215775,"received_addresses":22,"max_pkt_from_sameId":209,"has_attacker":1}
{"received packets":582,"IAT_Mean":0.0034360258123155124,"IAT_Std":0.0032944068992489829,"IAT_Max":0.03268040428883978,"IAT_Min":0.00010743689927039668,"received_addresses":23,"max_pkt_from_sameId":212,"has_attacker":1}
{"received packets":431,"IAT_Mean":0.0046390266973961378,"IAT_Std":0.005090979251515362,"IAT_Max":0.035231655685493027,"IAT_Min":0.00011347184408805333,"received_addresses":21,"max_pkt_from_sameId":47,"has_attacker":1}
