{"received packets":10,"IAT_Mean":0.19678434530360393,"IAT_Std":0.2903534269587696,"IAT_Max":1.0678446261263162,"IAT_Min":0.09999442764819833,"received_addresses":1,"max_pkt_from_sameId":10,"has_attacker":0}
{"received packets":20,"IAT_Mean":0.09839210114278103,"IAT_Std":0.007009394449025722,"IAT_Max":0.10001129593729275,"IAT_Min":0.0678388692867884,"received_addresses":1,"max_pkt_from_sameId":20,"has_attacker":0}
{"received packets":20,"IAT_Mean":0.0983920095488429,"IAT_Std":0.0070092507677449069,"IAT_Max":0.10001037923575496,"IAT_Min":0.06783940208697459,"received_addresses":1,"max_pkt_from_sameId":20,"has_attacker":0}
{"received packets":40,"IAT_Mean":0.04919584812314497,"IAT_Std":0.037221446053539598,"IAT_Max":0.0945705665362766,"IAT_Min":0.005428000087704277,"received_addresses":3,"max_pkt_from_sameId":20,"has_attacker":0}
{"received packets":50,"IAT_Mean":0.039356712154694838,"IAT_Std":0.023532604363011773,"IAT_Max":0.07964024344619247,"IAT_Min":0.009789989337150474,"received_addresses":4,"max_pkt_from_sameId":20,"has_attacker":0}
{"received packets":20,"IAT_Mean":0.09839169691149437,"IAT_Std":0.007008127272459612,"IAT_Max":0.10001062475203071,"IAT_Min":0.06784398407035042,"received_addresses":1,"max_pkt_from_sameId":20,"has_attacker":0}
{"received packets":30,"IAT_Mean":0.0654131784138978,"IAT_Std":0.04290956195534682,"IAT_Max":0.10001091738740797,"IAT_Min":0.005430840727058239,"received_addresses":2,"max_pkt_from_sameId":20,"has_attacker":0}
{"received packets":20,"IAT_Mean":0.0981197747601982,"IAT_Std":0.00819328152806968,"IAT_Max":0.10001026324607665,"IAT_Min":0.06240609715314349,"received_addresses":1,"max_pkt_from_sameId":20,"has_attacker":0}
{"received packets":60,"IAT_Mean":0.03324121610172976,"IAT_Std":0.02442160584433286,"IAT_Max":0.06793926388854743,"IAT_Min":0.01361858811651473,"received_addresses":3,"max_pkt_from_sameId":20,"has_attacker":0}
{"received packets":60,"IAT_Mean":0.03293377128854142,"IAT_Std":0.017384198153895915,"IAT_Max":0.056447476461471527,"IAT_Min":0.013618513567053015,"received_addresses":3,"max_pkt_from_sameId":20,"has_attacker":0}
