{"received packets":480,"IAT_Mean":0.004163566770565315,"IAT_Std":0.004396625091510915,"IAT_Max":0.02238005312756286,"IAT_Min":0.00016305018289131112,"received_addresses":24,"max_pkt_from_sameId":20,"has_attacker":0}
{"received packets":500,"IAT_Mean":0.003997040528767684,"IAT_Std":0.00418647219652006,"IAT_Max":0.02238008133281255,"IAT_Min":0.00016305605458910577,"received_addresses":25,"max_pkt_from_sameId":20,"has_attacker":0}
{"received packets":539,"IAT_Mean":0.0037078326687473566,"IAT_Std":0.003540590659144161,"IAT_Max":0.02238009582652012,"IAT_Min":0.00016303106895065866,"received_addresses":29,"max_pkt_from_sameId":20,"has_attacker":0}
{"received packets":580,"IAT_Mean":0.003445717777798689,"IAT_Std":0.002817109500404364,"IAT_Max":0.013124002423865023,"IAT_Min":0.00016300001152558252,"received_addresses":30,"max_pkt_from_sameId":20,"has_attacker":0}
{"received packets":541,"IAT_Mean":0.003694105466485928,"IAT_Std":0.0027602293068299105,"IAT_Max":0.0131240029768378,"IAT_Min":0.0001630001024750527,"received_addresses":28,"max_pkt_from_sameId":20,"has_attacker":0}
{"received packets":520,"IAT_Mean":0.0038432993511168416,"IAT_Std":0.0028269987104859166,"IAT_Max":0.013124013192282291,"IAT_Min":0.0001630003025638871,"received_addresses":26,"max_pkt_from_sameId":20,"has_attacker":0}
{"received packets":540,"IAT_Mean":0.0037009576643497524,"IAT_Std":0.0028477595545697419,"IAT_Max":0.013124217715812847,"IAT_Min":0.00016300257266266271,"received_addresses":27,"max_pkt_from_sameId":20,"has_attacker":0}
{"received packets":560,"IAT_Mean":0.0035687849038108004,"IAT_Std":0.0028527433526484328,"IAT_Max":0.013124269025865943,"IAT_Min":0.0001630044644116424,"received_addresses":27,"max_pkt_from_sameId":24,"has_attacker":1}
{"received packets":1911,"IAT_Mean":0.0010463535539552744,"IAT_Std":0.0012517638081210588,"IAT_Max":0.01137407126952894,"IAT_Min":0.00013778230641037226,"received_addresses":27,"max_pkt_from_sameId":268,"has_attacker":1}
{"received packets":692,"IAT_Mean":0.0028880264341693345,"IAT_Std":0.002737264495508184,"IAT_Max":0.017297007005254274,"IAT_Min":0.0001346451863355469,"received_addresses":21,"max_pkt_from_sameId":213,"has_attacker":1}
{"received packets":581,"IAT_Mean":0.0034419398604319236,"IAT_Std":0.0032586123012263207,"IAT_Max":0.032680404128768717,"IAT_Min":0.00010740189100033604,"received_addresses":23,"max_pkt_from_sameId":212,"has_attacker":1}
