{"received packets":19,"IAT_Mean":0.1032529177680676,"IAT_Std":0.22597632721491174,"IAT_Max":1.0618019444118546,"IAT_Min":0.04540935654222267,"received_addresses":2,"max_pkt_from_sameId":10,"has_attacker":0}
