{"received packets":60,"IAT_Mean":0.03329591033198085,"IAT_Std":0.03237648130748194,"IAT_Max":0.07822769833364873,"IAT_Min":0.00316720432965667,"received_addresses":3,"max_pkt_from_sameId":20,"has_attacker":0}
{"received packets":60,"IAT_Mean":0.0332959827461309,"IAT_Std":0.03237436712038492,"IAT_Max":0.07822617933197762,"IAT_Min":0.003173151420924114,"received_addresses":3,"max_pkt_from_sameId":20,"has_attacker":0}
{"received packets":275,"IAT_Mean":0.007265212791072289,"IAT_Std":0.008287416533526498,"IAT_Max":0.048431723364046778,"IAT_Min":0.00016309025522787124,"received_addresses":8,"max_pkt_from_sameId":156,"has_attacker":1}
{"received packets":501,"IAT_Mean":0.0039875348577656489,"IAT_Std":0.00484457311155089,"IAT_Max":0.04710849146795226,"IAT_Min":0.00011213750258320943,"received_addresses":13,"max_pkt_from_sameId":202,"has_attacker":1}
{"received packets":691,"IAT_Mean":0.002891106268299785,"IAT_Std":0.0030993556363909156,"IAT_Max":0.022616759248194286,"IAT_Min":0.00010996534547302872,"received_addresses":19,"max_pkt_from_sameId":256,"has_attacker":1}
{"received packets":458,"IAT_Mean":0.004361924792325488,"IAT_Std":0.00395486224535181,"IAT_Max":0.013893751915020403,"IAT_Min":0.00011480087414383888,"received_addresses":19,"max_pkt_from_sameId":135,"has_attacker":1}
{"received packets":721,"IAT_Mean":0.002771977480264513,"IAT_Std":0.0026232050609306496,"IAT_Max":0.017532322603074136,"IAT_Min":0.00010992330135195516,"received_addresses":15,"max_pkt_from_sameId":189,"has_attacker":1}
{"received packets":434,"IAT_Mean":0.0046031296491081219,"IAT_Std":0.004357495603820207,"IAT_Max":0.01404292314327904,"IAT_Min":0.00011077001545345411,"received_addresses":21,"max_pkt_from_sameId":41,"has_attacker":1}
{"received packets":672,"IAT_Mean":0.002972852282119848,"IAT_Std":0.002714604315634253,"IAT_Max":0.023043896992021474,"IAT_Min":0.00010968508286168799,"received_addresses":19,"max_pkt_from_sameId":270,"has_attacker":1}
{"received packets":566,"IAT_Mean":0.003529607021133004,"IAT_Std":0.004195485223767186,"IAT_Max":0.023048741146340036,"IAT_Min":0.00010957272388623096,"received_addresses":21,"max_pkt_from_sameId":102,"has_attacker":1}
{"received packets":653,"IAT_Mean":0.0030618988787030228,"IAT_Std":0.0028164998452679214,"IAT_Max":0.023036735256027897,"IAT_Min":0.00010962405576719902,"received_addresses":21,"max_pkt_from_sameId":288,"has_attacker":1}
{"received packets":625,"IAT_Mean":0.0031964016714540776,"IAT_Std":0.003657450222582402,"IAT_Max":0.023049485334922794,"IAT_Min":0.00010957121412502602,"received_addresses":22,"max_pkt_from_sameId":144,"has_attacker":1}
{"received packets":550,"IAT_Mean":0.003635634305610438,"IAT_Std":0.004048771761953157,"IAT_Max":0.023044218629365788,"IAT_Min":0.0001096238920581527,"received_addresses":23,"max_pkt_from_sameId":175,"has_attacker":1}
{"received packets":707,"IAT_Mean":0.002825674536882113,"IAT_Std":0.003020074197626079,"IAT_Max":0.02304811659269035,"IAT_Min":0.00010957117410725914,"received_addresses":21,"max_pkt_from_sameId":134,"has_attacker":1}
{"received packets":439,"IAT_Mean":0.004551293448233979,"IAT_Std":0.004796748679200114,"IAT_Max":0.02305168991733808,"IAT_Min":0.00011218975123483688,"received_addresses":22,"max_pkt_from_sameId":59,"has_attacker":1}
{"received packets":644,"IAT_Mean":0.003102112186215834,"IAT_Std":0.00326866005984342,"IAT_Max":0.023054289235005855,"IAT_Min":0.0001096238920581527,"received_addresses":19,"max_pkt_from_sameId":251,"has_attacker":1}
{"received packets":460,"IAT_Mean":0.004342949633649803,"IAT_Std":0.0051132222829081909,"IAT_Max":0.02304966655356111,"IAT_Min":0.00010754009417723864,"received_addresses":22,"max_pkt_from_sameId":75,"has_attacker":1}
{"received packets":661,"IAT_Mean":0.003022328101307636,"IAT_Std":0.002706484354417996,"IAT_Max":0.018985040587722325,"IAT_Min":0.00010962389569613151,"received_addresses":22,"max_pkt_from_sameId":284,"has_attacker":1}
{"received packets":619,"IAT_Mean":0.003227386948129872,"IAT_Std":0.003238352703481334,"IAT_Max":0.016597065594396555,"IAT_Min":0.00010616713552735746,"received_addresses":24,"max_pkt_from_sameId":164,"has_attacker":1}
{"received packets":605,"IAT_Mean":0.003303200519139338,"IAT_Std":0.002940594931663211,"IAT_Max":0.01445850397067261,"IAT_Min":0.00010691248462535441,"received_addresses":24,"max_pkt_from_sameId":213,"has_attacker":1}
{"received packets":701,"IAT_Mean":0.002849862717392251,"IAT_Std":0.0027776683248696427,"IAT_Max":0.013002308307477506,"IAT_Min":0.00010957117774523795,"received_addresses":21,"max_pkt_from_sameId":185,"has_attacker":1}
{"received packets":482,"IAT_Mean":0.004144730595152663,"IAT_Std":0.0036594247302024248,"IAT_Max":0.01445850396703463,"IAT_Min":0.0001630004153412301,"received_addresses":22,"max_pkt_from_sameId":97,"has_attacker":1}
{"received packets":735,"IAT_Mean":0.002720557461438469,"IAT_Std":0.0024106658417473436,"IAT_Max":0.01270307175218477,"IAT_Min":0.00010957117410725914,"received_addresses":22,"max_pkt_from_sameId":210,"has_attacker":1}
{"received packets":530,"IAT_Mean":0.0037725015609983119,"IAT_Std":0.0037183682895760674,"IAT_Max":0.014458503974310588,"IAT_Min":0.00011101544077973813,"received_addresses":24,"max_pkt_from_sameId":84,"has_attacker":1}
{"received packets":696,"IAT_Mean":0.002870710010253903,"IAT_Std":0.00238258809376893,"IAT_Max":0.01267607175395824,"IAT_Min":0.00010890012708841823,"received_addresses":21,"max_pkt_from_sameId":277,"has_attacker":1}
{"received packets":609,"IAT_Mean":0.003280943388909349,"IAT_Std":0.0032037849412130589,"IAT_Max":0.014100000604230445,"IAT_Min":0.00010957117046928033,"received_addresses":24,"max_pkt_from_sameId":156,"has_attacker":1}
