{"received packets":558,"IAT_Mean":0.003581562884154074,"IAT_Std":0.004113920142394973,"IAT_Max":0.022380021433491494,"IAT_Min":0.00016320024587912485,"received_addresses":28,"max_pkt_from_sameId":20,"has_attacker":0}
{"received packets":532,"IAT_Mean":0.003756617035039944,"IAT_Std":0.004155974815727682,"IAT_Max":0.022380075250111987,"IAT_Min":0.00016311502622556873,"received_addresses":28,"max_pkt_from_sameId":20,"has_attacker":0}
{"received packets":510,"IAT_Mean":0.003918670402430614,"IAT_Std":0.0037344041904826764,"IAT_Max":0.02238015269540483,"IAT_Min":0.0001630205151741393,"received_addresses":28,"max_pkt_from_sameId":20,"has_attacker":0}
{"received packets":540,"IAT_Mean":0.0037009565900748217,"IAT_Std":0.0030294950374697806,"IAT_Max":0.01312400895767496,"IAT_Min":0.00016307323676301166,"received_addresses":27,"max_pkt_from_sameId":20,"has_attacker":0}
{"received packets":551,"IAT_Mean":0.0036270625807839627,"IAT_Std":0.0029765218977994246,"IAT_Max":0.013124006825819379,"IAT_Min":0.00016334297833964229,"received_addresses":29,"max_pkt_from_sameId":20,"has_attacker":0}
{"received packets":560,"IAT_Mean":0.003568779024668142,"IAT_Std":0.0028083636895779595,"IAT_Max":0.013124018143571448,"IAT_Min":0.00016367311036447063,"received_addresses":28,"max_pkt_from_sameId":20,"has_attacker":0}
{"received packets":560,"IAT_Mean":0.0035687819346549079,"IAT_Std":0.0028082335374208318,"IAT_Max":0.013124287081154762,"IAT_Min":0.0001640177688386757,"received_addresses":28,"max_pkt_from_sameId":20,"has_attacker":0}
{"received packets":620,"IAT_Mean":0.003223420087576209,"IAT_Std":0.00278740262117097,"IAT_Max":0.013124667326337658,"IAT_Min":0.00010901114364969544,"received_addresses":30,"max_pkt_from_sameId":24,"has_attacker":1}
{"received packets":2115,"IAT_Mean":0.0009454288182472733,"IAT_Std":0.0011546186905273544,"IAT_Max":0.010628216226905352,"IAT_Min":0.00012133664858993143,"received_addresses":29,"max_pkt_from_sameId":268,"has_attacker":1}
{"received packets":735,"IAT_Mean":0.0027190686675833168,"IAT_Std":0.0032032156506177245,"IAT_Max":0.02348104211341706,"IAT_Min":0.00013497340842150152,"received_addresses":25,"max_pkt_from_sameId":182,"has_attacker":1}
{"received packets":772,"IAT_Mean":0.002590161785279407,"IAT_Std":0.0024970920187240726,"IAT_Max":0.03126202372732223,"IAT_Min":0.0001542763966426719,"received_addresses":26,"max_pkt_from_sameId":213,"has_attacker":1}
{"received packets":673,"IAT_Mean":0.002970905194104119,"IAT_Std":0.003661031917329834,"IAT_Max":0.03266612332663499,"IAT_Min":0.00011224269474041648,"received_addresses":22,"max_pkt_from_sameId":118,"has_attacker":1}
{"received packets":679,"IAT_Mean":0.002942206894289047,"IAT_Std":0.0025408135159639608,"IAT_Max":0.019826040046609707,"IAT_Min":0.00011523568900884129,"received_addresses":23,"max_pkt_from_sameId":279,"has_attacker":1}
{"received packets":734,"IAT_Mean":0.0027219791950338614,"IAT_Std":0.002723828368004717,"IAT_Max":0.02394298655053717,"IAT_Min":0.0001125608068832662,"received_addresses":22,"max_pkt_from_sameId":215,"has_attacker":1}
{"received packets":659,"IAT_Mean":0.003031494092057199,"IAT_Std":0.002606975245886068,"IAT_Max":0.016940040048211814,"IAT_Min":0.00011076101509388536,"received_addresses":20,"max_pkt_from_sameId":252,"has_attacker":1}
{"received packets":718,"IAT_Mean":0.002782387450864319,"IAT_Std":0.00314626658944368,"IAT_Max":0.021434545978991083,"IAT_Min":0.00010996573837473989,"received_addresses":20,"max_pkt_from_sameId":238,"has_attacker":1}
{"received packets":606,"IAT_Mean":0.003296636025354421,"IAT_Std":0.0029874528472869194,"IAT_Max":0.01747304004675243,"IAT_Min":0.00011422883835621178,"received_addresses":19,"max_pkt_from_sameId":166,"has_attacker":1}
{"received packets":752,"IAT_Mean":0.002657706683062025,"IAT_Std":0.0026319635958820606,"IAT_Max":0.0224260400464118,"IAT_Min":0.00010843921700143255,"received_addresses":19,"max_pkt_from_sameId":178,"has_attacker":1}
{"received packets":620,"IAT_Mean":0.0032221909189942266,"IAT_Std":0.00337229059917614,"IAT_Max":0.021927013953245479,"IAT_Min":0.00011046561121474952,"received_addresses":20,"max_pkt_from_sameId":172,"has_attacker":1}
{"received packets":706,"IAT_Mean":0.0028296839823334105,"IAT_Std":0.0027184154862642097,"IAT_Max":0.02242604004277382,"IAT_Min":0.00011816078040283173,"received_addresses":20,"max_pkt_from_sameId":271,"has_attacker":1}
{"received packets":721,"IAT_Mean":0.0027708151666525429,"IAT_Std":0.0030309817326632855,"IAT_Max":0.02663822278918815,"IAT_Min":0.0001106123709178064,"received_addresses":20,"max_pkt_from_sameId":181,"has_attacker":1}
{"received packets":705,"IAT_Mean":0.0028360568499791185,"IAT_Std":0.0025451319996983477,"IAT_Max":0.017486040043877439,"IAT_Min":0.00011719324902514927,"received_addresses":20,"max_pkt_from_sameId":288,"has_attacker":1}
{"received packets":712,"IAT_Mean":0.0028058303453465497,"IAT_Std":0.003312724593421154,"IAT_Max":0.02663822278555017,"IAT_Min":0.00010884914809139445,"received_addresses":21,"max_pkt_from_sameId":218,"has_attacker":1}
{"received packets":651,"IAT_Mean":0.00307158024317684,"IAT_Std":0.0029003015023857986,"IAT_Max":0.01747304005039041,"IAT_Min":0.00015745084238005802,"received_addresses":21,"max_pkt_from_sameId":176,"has_attacker":1}
{"received packets":758,"IAT_Mean":0.002635556805814296,"IAT_Std":0.002853079208127109,"IAT_Max":0.02825202373060165,"IAT_Min":0.0001127521572925616,"received_addresses":20,"max_pkt_from_sameId":212,"has_attacker":1}
{"received packets":611,"IAT_Mean":0.003270078058903147,"IAT_Std":0.003451317964716088,"IAT_Max":0.03059933613621979,"IAT_Min":0.00011205996634089388,"received_addresses":20,"max_pkt_from_sameId":155,"has_attacker":1}
{"received packets":686,"IAT_Mean":0.0029121871853512277,"IAT_Std":0.0024860207722120716,"IAT_Max":0.022439040043536808,"IAT_Min":0.00010607493823044933,"received_addresses":20,"max_pkt_from_sameId":251,"has_attacker":1}
{"received packets":662,"IAT_Mean":0.003017759807708786,"IAT_Std":0.0029181625624604397,"IAT_Max":0.026625226957548877,"IAT_Min":0.00010741031655925326,"received_addresses":20,"max_pkt_from_sameId":170,"has_attacker":1}
{"received packets":677,"IAT_Mean":0.002950899610328349,"IAT_Std":0.0027289763274498644,"IAT_Max":0.02259504004905466,"IAT_Min":0.00011466925570857711,"received_addresses":20,"max_pkt_from_sameId":284,"has_attacker":1}
{"received packets":743,"IAT_Mean":0.002690367012072861,"IAT_Std":0.0024999182577589709,"IAT_Max":0.017486102115071846,"IAT_Min":0.00010603735063341446,"received_addresses":23,"max_pkt_from_sameId":252,"has_attacker":1}
{"received packets":710,"IAT_Mean":0.0028146988511188809,"IAT_Std":0.002454013647520811,"IAT_Max":0.01747304004311445,"IAT_Min":0.00010677014506654814,"received_addresses":22,"max_pkt_from_sameId":214,"has_attacker":1}
{"received packets":787,"IAT_Mean":0.002538442091639025,"IAT_Std":0.0022609409683863269,"IAT_Max":0.02017965466438909,"IAT_Min":0.00010719814235926606,"received_addresses":21,"max_pkt_from_sameId":273,"has_attacker":1}
{"received packets":605,"IAT_Mean":0.0033020831538702955,"IAT_Std":0.00287807749569834,"IAT_Max":0.017486102115071846,"IAT_Min":0.00016300268907798454,"received_addresses":20,"max_pkt_from_sameId":167,"has_attacker":1}
{"received packets":757,"IAT_Mean":0.0026414925305289218,"IAT_Std":0.0022266903981416846,"IAT_Max":0.020192313771985938,"IAT_Min":0.0001073159437510185,"received_addresses":20,"max_pkt_from_sameId":213,"has_attacker":1}
{"received packets":659,"IAT_Mean":0.0030340298900574348,"IAT_Std":0.0026064852988211758,"IAT_Max":0.01747310211430886,"IAT_Min":0.00011088565588579513,"received_addresses":21,"max_pkt_from_sameId":164,"has_attacker":1}
{"received packets":671,"IAT_Mean":0.0029776665850817219,"IAT_Std":0.002596904288142607,"IAT_Max":0.020179051298327978,"IAT_Min":0.0001087375931092538,"received_addresses":19,"max_pkt_from_sameId":278,"has_attacker":1}
{"received packets":691,"IAT_Mean":0.002891598204470475,"IAT_Std":0.0024931985138911749,