{"received packets":40,"IAT_Mean":0.04882505754558224,"IAT_Std":0.04692179731015576,"IAT_Max":0.09755327341190423,"IAT_Min":0.002445549067488173,"received_addresses":2,"max_pkt_from_sameId":20,"has_attacker":0}
{"received packets":40,"IAT_Mean":0.04882514345799791,"IAT_Std":0.04692770551549582,"IAT_Max":0.09755312347988365,"IAT_Min":0.0024401201771979688,"received_addresses":2,"max_pkt_from_sameId":20,"has_attacker":0}
{"received packets":40,"IAT_Mean":0.04882517701535107,"IAT_Std":0.0469353020776741,"IAT_Max":0.09755310569380527,"IAT_Min":0.0024497887934558095,"received_addresses":2,"max_pkt_from_sameId":20,"has_attacker":0}
{"received packets":232,"IAT_Mean":0.008418597829859209,"IAT_Std":0.014554723494228669,"IAT_Max":0.09755755776859587,"IAT_Min":0.0001629999933356885,"received_addresses":4,"max_pkt_from_sameId":188,"has_attacker":1}
{"received packets":175,"IAT_Mean":0.011426196218588822,"IAT_Std":0.015030547711913112,"IAT_Max":0.05044370241012075,"IAT_Min":0.00010610809840727597,"received_addresses":4,"max_pkt_from_sameId":112,"has_attacker":1}
{"received packets":396,"IAT_Mean":0.0050385281289312519,"IAT_Std":0.006456731247799869,"IAT_Max":0.04956675952416845,"IAT_Min":0.00011138860645587556,"received_addresses":7,"max_pkt_from_sameId":126,"has_attacker":1}
{"received packets":22,"IAT_Mean":0.08866164789420013,"IAT_Std":0.04197318541612131,"IAT_Max":0.19999763486339362,"IAT_Min":0.001489000060246326,"received_addresses":3,"max_pkt_from_sameId":19,"has_attacker":1}
{"received packets":10,"IAT_Mean":0.09505450974684209,"IAT_Std":0.014833567643849417,"IAT_Max":0.10001058768102667,"IAT_Min":0.05055380833437084,"received_addresses":1,"max_pkt_from_sameId":10,"has_attacker":0}
{"received packets":20,"IAT_Mean":0.09752730204600084,"IAT_Std":0.21438281970958,"IAT_Max":1.0258260340960988,"IAT_Min":0.024717602365853965,"received_addresses":2,"max_pkt_from_sameId":10,"has_attacker":0}
{"received packets":30,"IAT_Mean":0.06419439203806785,"IAT_Std":0.03152581684591787,"IAT_Max":0.10000566445523873,"IAT_Min":0.024720764016819886,"received_addresses":2,"max_pkt_from_sameId":20,"has_attacker":0}
{"received packets":20,"IAT_Mean":0.09629150361270149,"IAT_Std":0.016165159041317518,"IAT_Max":0.10001037923575496,"IAT_Min":0.02582921254361281,"received_addresses":1,"max_pkt_from_sameId":20,"has_attacker":0}
{"received packets":20,"IAT_Mean":0.0962911947935936,"IAT_Std":0.01616554155802703,"IAT_Max":0.10001156662110589,"IAT_Min":0.025827237222983969,"received_addresses":1,"max_pkt_from_sameId":20,"has_attacker":0}
{"received packets":20,"IAT_Mean":0.0962912718690859,"IAT_Std":0.01616698458789448,"IAT_Max":0.10000907174617169,"IAT_Min":0.02582102317319368,"received_addresses":1,"max_pkt_from_sameId":20,"has_attacker":0}
{"received packets":20,"IAT_Mean":0.09629118128941627,"IAT_Std":0.01616702807971748,"IAT_Max":0.10001062475203071,"IAT_Min":0.025820743074291387,"received_addresses":1,"max_pkt_from_sameId":20,"has_attacker":0}
{"received packets":10,"IAT_Mean":0.09258272738770757,"IAT_Std":0.02225380163700259,"IAT_Max":0.10001077218112187,"IAT_Min":0.025821324248681777,"received_addresses":1,"max_pkt_from_sameId":10,"has_attacker":0}
