{"received packets":60,"IAT_Mean":0.03324301376960648,"IAT_Std":0.006313551450418081,"IAT_Max":0.04157907632543356,"IAT_Min":0.02642561152606504,"received_addresses":3,"max_pkt_from_sameId":20,"has_attacker":0}
{"received packets":250,"IAT_Mean":0.007991874637213187,"IAT_Std":0.007811568760939999,"IAT_Max":0.0319991707947338,"IAT_Min":0.00020216362827341072,"received_addresses":15,"max_pkt_from_sameId":20,"has_attacker":0}
{"received packets":230,"IAT_Mean":0.008685897909036494,"IAT_Std":0.007314923408961231,"IAT_Max":0.028819382401707118,"IAT_Min":0.0013980031762912404,"received_addresses":12,"max_pkt_from_sameId":20,"has_attacker":0}
{"received packets":190,"IAT_Mean":0.010514525512840727,"IAT_Std":0.009573286279289164,"IAT_Max":0.028816559071856319,"IAT_Min":0.0012073383768438362,"received_addresses":10,"max_pkt_from_sameId":20,"has_attacker":0}
{"received packets":140,"IAT_Mean":0.014269707032430494,"IAT_Std":0.00935035411399907,"IAT_Max":0.02881647300819168,"IAT_Min":0.003167592702084221,"received_addresses":7,"max_pkt_from_sameId":20,"has_attacker":0}
{"received packets":120,"IAT_Mean":0.016647998879458709,"IAT_Std":0.008736894944443285,"IAT_Max":0.028816382997320035,"IAT_Min":0.0031673722514824478,"received_addresses":6,"max_pkt_from_sameId":20,"has_attacker":0}
{"received packets":109,"IAT_Mean":0.018328027611385034,"IAT_Std":0.00910593322186792,"IAT_Max":0.028819676783314209,"IAT_Min":0.003170598061842611,"received_addresses":6,"max_pkt_from_sameId":20,"has_attacker":0}
{"received packets":141,"IAT_Mean":0.014168491611966834,"IAT_Std":0.007779454263837595,"IAT_Max":0.03399276252093841,"IAT_Min":0.00038400524863391183,"received_addresses":7,"max_pkt_from_sameId":22,"has_attacker":1}
{"received packets":678,"IAT_Mean":0.002948999742370004,"IAT_Std":0.0030595477654199235,"IAT_Max":0.02507126556156436,"IAT_Min":0.00010822786134667695,"received_addresses":9,"max_pkt_from_sameId":268,"has_attacker":1}
{"received packets":483,"IAT_Mean":0.004136132265504811,"IAT_Std":0.003273044277506772,"IAT_Max":0.02147372844046913,"IAT_Min":0.0001571717111801263,"received_addresses":10,"max_pkt_from_sameId":259,"has_attacker":1}
{"received packets":517,"IAT_Mean":0.003868023626281942,"IAT_Std":0.0035710505435741456,"IAT_Max":0.03126200841870741,"IAT_Min":0.00013848032176611014,"received_addresses":9,"max_pkt_from_sameId":213,"has_attacker":1}
{"received packets":591,"IAT_Mean":0.003383112130243189,"IAT_Std":0.003144561099300132,"IAT_Max":0.02992324392835144,"IAT_Min":0.00011231602911720984,"received_addresses":12,"max_pkt_from_sameId":271,"has_attacker":1}
{"received packets":518,"IAT_Mean":0.0038566765625795719,"IAT_Std":0.003943351511552221,"IAT_Max":0.03397704111193889,"IAT_Min":0.0001393163802276831,"received_addresses":12,"max_pkt_from_sameId":279,"has_attacker":1}
{"received packets":497,"IAT_Mean":0.004019985518709174,"IAT_Std":0.0047770424290125659,"IAT_Max":0.03172597295997548,"IAT_Min":0.00011263415217399597,"received_addresses":13,"max_pkt_from_sameId":109,"has_attacker":1}
{"received packets":508,"IAT_Mean":0.003932587762421004,"IAT_Std":0.00311458109643752,"IAT_Max":0.019371709782717518,"IAT_Min":0.00011088834071415477,"received_addresses":14,"max_pkt_from_sameId":250,"has_attacker":1}
{"received packets":455,"IAT_Mean":0.004390668497480974,"IAT_Std":0.005723461392485624,"IAT_Max":0.031724321270303338,"IAT_Min":0.0001380116409563925,"received_addresses":17,"max_pkt_from_sameId":95,"has_attacker":1}
{"received packets":423,"IAT_Mean":0.004722840208033195,"IAT_Std":0.004926704043423551,"IAT_Max":0.02305283485839027,"IAT_Min":0.00014096387531026267,"received_addresses":18,"max_pkt_from_sameId":135,"has_attacker":1}
{"received packets":559,"IAT_Mean":0.0035738141620879988,"IAT_Std":0.003571741426414887,"IAT_Max":0.02304936409200309,"IAT_Min":0.00010935121463262476,"received_addresses":15,"max_pkt_from_sameId":174,"has_attacker":1}
{"received packets":365,"IAT_Mean":0.005473310538128653,"IAT_Std":0.005536892349759666,"IAT_Max":0.023054545617924306,"IAT_Min":0.00011053895650547929,"received_addresses":19,"max_pkt_from_sameId":39,"has_attacker":1}
{"received packets":630,"IAT_Mean":0.003171042647879822,"IAT_Std":0.0028481828226505935,"IAT_Max":0.023043616609356833,"IAT_Min":0.0001094160252250731,"received_addresses":18,"max_pkt_from_sameId":271,"has_attacker":1}
{"received packets":484,"IAT_Mean":0.004127598578077986,"IAT_Std":0.005007189059904674,"IAT_Max":0.023048477072734387,"IAT_Min":0.00011057863957830705,"received_addresses":20,"max_pkt_from_sameId":73,"has_attacker":1}
{"received packets":615,"IAT_Mean":0.003248393523173901,"IAT_Std":0.002966200857573472,"IAT_Max":0.02303647184089641,"IAT_Min":0.00010941604705294594,"received_addresses":20,"max_pkt_from_sameId":288,"has_attacker":1}
{"received packets":506,"IAT_Mean":0.003948124866647517,"IAT_Std":0.0046473199455889569,"IAT_Max":0.02304922239636653,"IAT_Min":0.00011823298336821608,"received_addresses":20,"max_pkt_from_sameId":94,"has_attacker":1}
{"received packets":499,"IAT_Mean":0.00400721204739434,"IAT_Std":0.00420407853523359,"IAT_Max":0.023043955687171548,"IAT_Min":0.00010941604341496713,"received_addresses":21,"max_pkt_from_sameId":174,"has_attacker":1}
{"received packets":588,"IAT_Mean":0.0033975374752451307,"IAT_Std":0.003819066017474259,"IAT_Max":0.023047853657772067,"IAT_Min":0.00011715301661752164,"received_addresses":19,"max_pkt_from_sameId":133,"has_attacker":1}
{"received packets":398,"IAT_Mean":0.005020145135401878,"IAT_Std":0.005316800178941551,"IAT_Max":0.02305143722696812,"IAT_Min":0.00011213331163162366,"received_addresses":20,"max_pkt_from_sameId":59,"has_attacker":1}
{"received packets":618,"IAT_Mean":0.0032326219425688146,"IAT_Std":0.0034829216051975627,"IAT_Max":0.023054092293023133,"IAT_Min":0.00010941844811895862,"received_addresses":18,"max_pkt_from_sameId":251,"has_attacker":1}
{"received packets":404,"IAT_Mean":0.004944942914118997,"IAT_Std":0.005605916971952588,"IAT_Max":0.023049470746627777,"IAT_Min":0.00010746476982603781,"received_addresses":21,"max_pkt_from_sameId":30,"has_attacker":1}
{"received packets":666,"IAT_Mean":0.002999638108648996,"IAT_Std":0.0027035555424015326,"IAT_Max":0.014445306249399437,"IAT_Min":0.00010942717199213803,"received_addresses":23,"max_pkt_from_sameId":284,"has_attacker":1}
{"received packets":569,"IAT_Mean":0.0035109887901243065,"IAT_Std":0.0037666133986276578,"IAT_Max":0.014457221081102034,"IAT_Min":0.00010608828233671375,"received_addresses":26,"max_pkt_from_sameId":87,"has_attacker":1}
{"received packets":630,"IAT_Mean":0.0031721210065514908,"IAT_Std":0.0029327820705661916,"IAT_Max":0.014458320973062655,"IAT_Min":0.00010945637404802255,"received_addresses":25,"max_pkt_from_sameId":213,"has_attacker":1}
{"received packets":589,"IAT_Mean":0.003391772169492414,"IAT_Std":0.0036036807803818554,"IAT_Max":0.014458289319009055,"IAT_Min":0.00011853907926706597,"received_addresses":23,"max_pkt_from_sameId":95,"has_attacker":1}
{"received packets":457,"IAT_Mean":0.004371466512619992,"IAT_Std":0.0038966528662091098,"IAT_Max":0.01445850302479812,"IAT_Min":0.0001630000042496249,"received_addresses":22,"max_pkt_from_sameId":97,"has_attacker":1}
{"received packets":660,"IAT_Mean":0.0030269041969321816,"IAT_Std":0.0029376709574584324,"IAT_Max":0.014452421171881725,"IAT_Min":0.0001097891727113165,"received_addresses":21,"max_pkt_from_sameId":212,"has_attacker":1}
{"received packets":470,"IAT_Mean":0.00425409794476396,"IAT_Std":0.004166565725135058,"IAT_Max":0.014458505684160628,"IAT_Min":0.00011113517030025832,"received_addresses":22,"max_pkt_from_sameId":63,"has_attacker":1}
{"received packets":600,"IAT_Mean":0.003329600629331253,"IAT_Std":0.0029241677009494545,"IAT_Max":0.019058070836763365,"IAT_Min":0.0001101389316318091,"received_addresses":19,"max_pkt_from_sameId":277,"has_attacker":1}
{"received packets":232,"IAT_Mean":0.008612478045428174,"IAT_Std":0.008857084559903559,"IAT_Max":0.03173786256957101,"IAT_Min":0.00011474164421088062,