{"received packets":59,"IAT_Mean":0.03386025988016873,"IAT_Std":0.12935757001409438,"IAT_Max":1.0106120674572595,"IAT_Min":0.003175524794642115,"received_addresses":6,"max_pkt_from_sameId":10,"has_attacker":0}
{"received packets":120,"IAT_Mean":0.016647966530005458,"IAT_Std":0.01684298955775085,"IAT_Max":0.048619213463098279,"IAT_Min":0.0031755248201079668,"received_addresses":6,"max_pkt_from_sameId":20,"has_attacker":0}
{"received packets":120,"IAT_Mean":0.016648030335030249,"IAT_Std":0.016841598714338839,"IAT_Max":0.04861859137236024,"IAT_Min":0.0031671864599047696,"received_addresses":6,"max_pkt_from_sameId":20,"has_attacker":0}
{"received packets":120,"IAT_Mean":0.01664795419598401,"IAT_Std":0.01684236737581013,"IAT_Max":0.04861748898474616,"IAT_Min":0.0031671864635427484,"received_addresses":6,"max_pkt_from_sameId":20,"has_attacker":0}
{"received packets":130,"IAT_Mean":0.015367346594295948,"IAT_Std":0.014145187368317176,"IAT_Max":0.048617390286381127,"IAT_Min":0.0031801880395505579,"received_addresses":7,"max_pkt_from_sameId":20,"has_attacker":0}
{"received packets":120,"IAT_Mean":0.01664797025232474,"IAT_Std":0.01684107781717976,"IAT_Max":0.04862097259319853,"IAT_Min":0.0031671696524426808,"received_addresses":6,"max_pkt_from_sameId":20,"has_attacker":0}
{"received packets":120,"IAT_Mean":0.016648004155225258,"IAT_Std":0.016842452737978979,"IAT_Max":0.04862158451214782,"IAT_Min":0.0031671864635427484,"received_addresses":6,"max_pkt_from_sameId":20,"has_attacker":0}
{"received packets":120,"IAT_Mean":0.01664804031688618,"IAT_Std":0.01684272024565098,"IAT_Max":0.048621631707646887,"IAT_Min":0.0031671864635427484,"received_addresses":6,"max_pkt_from_sameId":20,"has_attacker":0}
{"received packets":120,"IAT_Mean":0.01664793739467617,"IAT_Std":0.016843118861251419,"IAT_Max":0.04862193802182446,"IAT_Min":0.0031671880424255507,"received_addresses":6,"max_pkt_from_sameId":20,"has_attacker":0}
{"received packets":120,"IAT_Mean":0.016647963024327814,"IAT_Std":0.016843200601975983,"IAT_Max":0.04861749138945015,"IAT_Min":0.00316718975227559,"received_addresses":6,"max_pkt_from_sameId":20,"has_attacker":0}
{"received packets":130,"IAT_Mean":0.015367380135984814,"IAT_Std":0.013829687323282112,"IAT_Max":0.04862160479751765,"IAT_Min":0.0031755106174387039,"received_addresses":7,"max_pkt_from_sameId":20,"has_attacker":0}
{"received packets":140,"IAT_Mean":0.014269739824807662,"IAT_Std":0.010460863409740808,"IAT_Max":0.02960819967847783,"IAT_Min":0.0031802332341612784,"received_addresses":7,"max_pkt_from_sameId":20,"has_attacker":0}
{"received packets":130,"IAT_Mean":0.01536732724072443,"IAT_Std":0.014500295726440946,"IAT_Max":0.04861249588793726,"IAT_Min":0.003167211307300022,"received_addresses":7,"max_pkt_from_sameId":20,"has_attacker":0}
{"received packets":130,"IAT_Mean":0.015367413643252804,"IAT_Std":0.01450127194145253,"IAT_Max":0.048620201589073989,"IAT_Min":0.0031672180994064549,"received_addresses":7,"max_pkt_from_sameId":20,"has_attacker":0}
{"received packets":120,"IAT_Mean":0.016647985952052598,"IAT_Std":0.016841810400739393,"IAT_Max":0.04861971264836029,"IAT_Min":0.003180265750415856,"received_addresses":6,"max_pkt_from_sameId":20,"has_attacker":0}
{"received packets":120,"IAT_Mean":0.01664797260937121,"IAT_Std":0.01700715906455915,"IAT_Max":0.05081624843296595,"IAT_Min":0.003180498941219412,"received_addresses":7,"max_pkt_from_sameId":20,"has_attacker":0}
{"received packets":130,"IAT_Mean":0.015367343375776098,"IAT_Std":0.01650076822877861,"IAT_Max":0.05082218407187611,"IAT_Min":0.0031675897334935145,"received_addresses":7,"max_pkt_from_sameId":20,"has_attacker":0}
{"received packets":140,"IAT_Mean":0.014269708556016017,"IAT_Std":0.015215294952834377,"IAT_Max":0.04507339318661252,"IAT_Min":0.0031677279694122264,"received_addresses":7,"max_pkt_from_sameId":20,"has_attacker":0}
{"received packets":130,"IAT_Mean":0.01536738940709396,"IAT_Std":0.016030083578930468,"IAT_Max":0.0486163247442164,"IAT_Min":0.003167901475535473,"received_addresses":7,"max_pkt_from_sameId":20,"has_attacker":0}
{"received packets":140,"IAT_Mean":0.01426969380169924,"IAT_Std":0.015213618402775638,"IAT_Max":0.045077183971443449,"IAT_Min":0.0031751401038491169,"received_addresses":7,"max_pkt_from_sameId":20,"has_attacker":0}
{"received packets":140,"IAT_Mean":0.01426967283096019,"IAT_Std":0.015215245024460842,"IAT_Max":0.04508315185375977,"IAT_Min":0.003177488881192403,"received_addresses":7,"max_pkt_from_sameId":20,"has_attacker":0}
