{"sendtime":25270.03198758924,"rcvtime":25270.032101777713,"senderID":418,"messageID":6034285,"position":[5729.784004102793,4750.3969178989659,0.0],"speed":[-11.219094713299418,-0.6684998746515514,0.0],"heading":-0.23675403706726576,"ddostype":0,"msgtype":0}
{"sendtime":25270.058009898326,"rcvtime":25270.058127584296,"senderID":394,"messageID":6036531,"position":[5924.726622692456,4806.731332278737,0.0],"speed":[9.23668525607728,5.467658453936969,0.0],"heading":-0.23675403706726576,"ddostype":0,"msgtype":0}
{"sendtime":25270.13198758924,"rcvtime":25270.13209936201,"senderID":418,"messageID":6043388,"position":[5729.784004102793,4750.3969178989659,0.0],"speed":[-11.219094713299418,-0.6684998746515514,0.0],"heading":-0.23675403706726576,"ddostype":0,"msgtype":0}
{"sendtime":25270.15800989833,"rcvtime":25270.158125168597,"senderID":394,"messageID":6045664,"position":[5924.726622692456,4806.731332278737,0.0],"speed":[9.23668525607728,5.467658453936969,0.0],"heading":-0.23675403706726576,"ddostype":0,"msgtype":0}
{"sendtime":25270.23198758924,"rcvtime":25270.232096946307,"senderID":418,"messageID":6052506,"position":[5729.784004102793,4750.3969178989659,0.0],"speed":[-11.219094713299418,-0.6684998746515514,0.0],"heading":-0.23675403706726576,"ddostype":0,"msgtype":0}
{"sendtime":25270.258009898327,"rcvtime":25270.25812275289,"senderID":394,"messageID":6054742,"position":[5924.726622692456,4806.731332278737,0.0],"speed":[9.23668525607728,5.467658453936969,0.0],"heading":-0.23675403706726576,"ddostype":0,"msgtype":0}
{"sendtime":25270.33198758924,"rcvtime":25270.332094530608,"senderID":418,"messageID":6061605,"position":[5729.784004102793,4750.3969178989659,0.0],"speed":[-11.219094713299418,-0.6684998746515514,0.0],"heading":-0.23675403706726576,"ddostype":0,"msgtype":0}
{"sendtime":25270.358009898326,"rcvtime":25270.358120337187,"senderID":394,"messageID":6063839,"position":[5924.726622692456,4806.731332278737,0.0],"speed":[9.23668525607728,5.467658453936969,0.0],"heading":-0.23675403706726576,"ddostype":0,"msgtype":0}
{"sendtime":25270.43198758924,"rcvtime":25270.4321051149,"senderID":418,"messageID":6070673,"position":[5729.784004102793,4750.3969178989659,0.0],"speed":[-11.219094713299418,-0.6684998746515514,0.0],"heading":-0.23675403706726576,"ddostype":0,"msgtype":0}
{"sendtime":25270.458009898328,"rcvtime":25270.458117921487,"senderID":394,"messageID":6072935,"position":[5924.726622692456,4806.731332278737,0.0],"speed":[9.23668525607728,5.467658453936969,0.0],"heading":-0.23675403706726576,"ddostype":0,"msgtype":0}
{"sendtime":25270.53198758924,"rcvtime":25270.5321026992,"senderID":418,"messageID":6079800,"position":[5729.784004102793,4750.3969178989659,0.0],"speed":[-11.219094713299418,-0.6684998746515514,0.0],"heading":-0.23675403706726576,"ddostype":0,"msgtype":0}
{"sendtime":25270.558009898326,"rcvtime":25270.558115505784,"senderID":394,"messageID":6082074,"position":[5924.726622692456,4806.731332278737,0.0],"speed":[9.23668525607728,5.467658453936969,0.0],"heading":-0.23675403706726576,"ddostype":0,"msgtype":0}
{"sendtime":25270.63198758924,"rcvtime":25270.632100283496,"senderID":418,"messageID":6088877,"position":[5729.784004102793,4750.3969178989659,0.0],"speed":[-11.219094713299418,-0.6684998746515514,0.0],"heading":-0.23675403706726576,"ddostype":0,"msgtype":0}
{"sendtime":25270.65800989833,"rcvtime":25270.65812609008,"senderID":394,"messageID":6091151,"position":[5924.726622692456,4806.731332278737,0.0],"speed":[9.23668525607728,5.467658453936969,0.0],"heading":-0.23675403706726576,"ddostype":0,"msgtype":0}
{"sendtime":25270.73198758924,"rcvtime":25270.732097867793,"senderID":418,"messageID":6097981,"position":[5729.784004102793,4750.3969178989659,0.0],"speed":[-11.219094713299418,-0.6684998746515514,0.0],"heading":-0.23675403706726576,"ddostype":0,"msgtype":0}
{"sendtime":25270.758009898327,"rcvtime":25270.758123674375,"senderID":394,"messageID":6100253,"position":[5924.726622692456,4806.731332278737,0.0],"speed":[9.23668525607728,5.467658453936969,0.0],"heading":-0.23675403706726576,"ddostype":0,"msgtype":0}
{"sendtime":25270.83198758924,"rcvtime":25270.832095452093,"senderID":418,"messageID":6107066,"position":[5729.784004102793,4750.3969178989659,0.0],"speed":[-11.219094713299418,-0.6684998746515514,0.0],"heading":-0.23675403706726576,"ddostype":0,"msgtype":0}
{"sendtime":25270.858009898326,"rcvtime":25270.858121258672,"senderID":394,"messageID":6109340,"position":[5924.726622692456,4806.731332278737,0.0],"speed":[9.23668525607728,5.467658453936969,0.0],"heading":-0.23675403706726576,"ddostype":0,"msgtype":0}
{"sendtime":25270.93198758924,"rcvtime":25270.932093036387,"senderID":418,"messageID":6116194,"position":[5729.784004102793,4750.3969178989659,0.0],"speed":[-11.219094713299418,-0.6684998746515514,0.0],"heading":-0.23675403706726576,"ddostype":0,"msgtype":0}
{"sendtime":25270.958009898328,"rcvtime":25270.958118842973,"senderID":394,"messageID":6118470,"position":[5924.726622692456,4806.731332278737,0.0],"speed":[9.23668525607728,5.467658453936969,0.0],"heading":-0.23675403706726576,"ddostype":0,"msgtype":0}
{"sendtime":25271.03198758924,"rcvtime":25271.032103707974,"senderID":418,"messageID":6125296,"position":[5719.2255559183399,4749.767783243436,0.0],"speed":[-10.559342719807996,-0.629187957226874,0.0],"heading":-0.23675403706744237,"ddostype":0,"msgtype":0}
{"sendtime":25271.057144184473,"rcvtime":25271.05725270782,"senderID":430,"messageID":6127461,"position":[5758.203469081348,4755.861447711868,0.0],"speed":[15.541440610842799,1.3349432610271295,0.0],"heading":-0.23675403706744237,"ddostype":0,"msgtype":0}
{"sendtime":25271.13198758924,"rcvtime":25271.132095572822,"senderID":418,"messageID":6134161,"position":[5719.2255559183399,4749.767783243436,0.0],"speed":[-10.559342719807996,-0.629187957226874,0.0],"heading":-0.23675403706744237,"ddostype":0,"msgtype":0}
{"sendtime":25271.15714418447,"rcvtime":25271.157257572668,"senderID":430,"messageID":6136326,"position":[5758.203469081348,4755.861447711868,0.0],"speed":[15.541440610842799,1.3349432610271295,0.0],"heading":-0.23675403706744237,"ddostype":0,"msgtype":0}
{"sendtime":25271.23198758924,"rcvtime":25271.23210043767,"senderID":418,"messageID":6143077,"position":[5719.2255559183399,4749.767783243436,0.0],"speed":[-10.559342719807996,-0.629187957226874,0.0],"heading":-0.23675403706744237,"ddostype":0,"msgtype":0}
{"sendtime":25271.25714418447,"rcvtime":25271.257262437517,"senderID":430,"messageID":6145260,"position":[5758.203469081348,4755.861447711868,0.0],"speed":[15.541440610842799,1.3349432610271295,0.0],"heading":-0.23675403706744237,"ddostype":0,"msgtype":0}
{"sendtime":25271.33198758924,"rcvtime":25271.33210530252,"senderID":418,"messageID":6151993,"position":[5719.2255559183399,4749.767783243436,0.0],"speed":[-10.559342719807996,-0.629187957226874,0.0],"heading":-0.23675403706744237,"ddostype":0,"msgtype":0}
{"sendtime":25271.357144184472,"rcvtime":25271.357254302362,"senderID":430,"messageID":6154200,"position":[5758.203469081348,4755.861447711868,0.0],"speed":[15.541440610842799,1.3349432610271295,0.0],"heading":-0.23675403706744237,"ddostype":0,"msgtype":0}
{"sendtime":25271.43198758924,"rcvtime":25271.432097167366,"senderID":418,"messageID":6160922,"position":[5719.2255559183399,4749.767783243436,0.0],"speed":[-10.559342719807996,-0.629187957226874,0.0],"heading":-0.23675403706744237,"ddostype":0,"msgtype":0}
{"sendtime":25271.45714418447,"rcvtime":25271.45725916721,"senderID":430,"messageID":6163109,"position":[5758.203469081348,4755.861447711868,0.0],"speed":[15.541440610842799,1.3349432610271295,0.0],"heading":-0.23675403706744237,"ddostype":0,"msgtype":0}
{"sendtime":25271.53198758924,"rcvtime":25271.532102032215,"senderID":418,"messageID":6169869,"position":[5719.2255559183399,4749.767783243436,0.0],"speed":[-10.559342719807996,-0.629187957226874,0.0],"heading":-0.23675403706744237,"ddostype":0,"msgtype":0}
{"sendtime":25271.557144184473,