{"received packets":460,"IAT_Mean":0.0043445915986803419,"IAT_Std":0.004551242074878401,"IAT_Max":0.02238009908614913,"IAT_Min":0.00016300134666380472,"received_addresses":23,"max_pkt_from_sameId":20,"has_attacker":0}
{"received packets":460,"IAT_Mean":0.004344609437374975,"IAT_Std":0.0045513392607296168,"IAT_Max":0.022380151334800759,"IAT_Min":0.0001630000006116461,"received_addresses":23,"max_pkt_from_sameId":20,"has_attacker":0}
{"received packets":480,"IAT_Mean":0.004163587317119285,"IAT_Std":0.0038811171936081699,"IAT_Max":0.022380177928425839,"IAT_Min":0.00016300216884701513,"received_addresses":25,"max_pkt_from_sameId":20,"has_attacker":0}
{"received packets":540,"IAT_Mean":0.0037009563733186548,"IAT_Std":0.0027510389041648429,"IAT_Max":0.013124003271514085,"IAT_Min":0.00016306223551509902,"received_addresses":27,"max_pkt_from_sameId":20,"has_attacker":0}
{"received packets":550,"IAT_Mean":0.0036336567825426097,"IAT_Std":0.002756412898167968,"IAT_Max":0.013124003824486863,"IAT_Min":0.0001631481572985649,"received_addresses":28,"max_pkt_from_sameId":20,"has_attacker":0}
{"received packets":549,"IAT_Mean":0.00364028391307715,"IAT_Std":0.0028749866695378558,"IAT_Max":0.013124015011271695,"IAT_Min":0.00016322805458912626,"received_addresses":28,"max_pkt_from_sameId":20,"has_attacker":0}
{"received packets":571,"IAT_Mean":0.0035000303637397116,"IAT_Std":0.0028939296802733538,"IAT_Max":0.013124280267220457,"IAT_Min":0.00016328465062542818,"received_addresses":30,"max_pkt_from_sameId":20,"has_attacker":0}
{"received packets":1644,"IAT_Mean":0.001215930429706711,"IAT_Std":0.0017286804935158472,"IAT_Max":0.013124467783200089,"IAT_Min":0.00016300008064717986,"received_addresses":27,"max_pkt_from_sameId":208,"has_attacker":1}
{"received packets":2781,"IAT_Mean":0.0007187852462651743,"IAT_Std":0.0006759002462921125,"IAT_Max":0.002386063959420426,"IAT_Min":0.0001630000515433494,"received_addresses":26,"max_pkt_from_sameId":400,"has_attacker":1}
{"received packets":726,"IAT_Mean":0.002752780100416619,"IAT_Std":0.0021627155866487995,"IAT_Max":0.010325814651878318,"IAT_Min":0.00015135882495087571,"received_addresses":21,"max_pkt_from_sameId":310,"has_attacker":1}
{"received packets":572,"IAT_Mean":0.0034925845001917415,"IAT_Std":0.002489619666746022,"IAT_Max":0.013203759845055174,"IAT_Min":0.00016300157949444838,"received_addresses":18,"max_pkt_from_sameId":200,"has_attacker":1}
{"received packets":628,"IAT_Mean":0.003181139573756415,"IAT_Std":0.001762763058727066,"IAT_Max":0.005721901783545036,"IAT_Min":0.0001635861881368328,"received_addresses":15,"max_pkt_from_sameId":381,"has_attacker":1}
{"received packets":598,"IAT_Mean":0.0033407335572260964,"IAT_Std":0.004173345626099044,"IAT_Max":0.029833161672286225,"IAT_Min":0.00015570021787425503,"received_addresses":16,"max_pkt_from_sameId":147,"has_attacker":1}
{"received packets":479,"IAT_Mean":0.0041706985228716,"IAT_Std":0.006142444467826245,"IAT_Max":0.03439841606814298,"IAT_Min":0.0001556925635668449,"received_addresses":15,"max_pkt_from_sameId":102,"has_attacker":1}
{"received packets":198,"IAT_Mean":0.010089667927171134,"IAT_Std":0.009417537997677037,"IAT_Max":0.03439836450343137,"IAT_Min":0.00016300007700920105,"received_addresses":12,"max_pkt_from_sameId":20,"has_attacker":1}
