{"received packets":40,"IAT_Mean":0.04999751968489363,"IAT_Std":0.003098178968520525,"IAT_Max":0.053108599488041367,"IAT_Min":0.046892199738067578,"received_addresses":2,"max_pkt_from_sameId":20,"has_attacker":0}
{"received packets":40,"IAT_Mean":0.04999746541407148,"IAT_Std":0.0030963228887395776,"IAT_Max":0.05310234318312723,"IAT_Min":0.04689205203612801,"received_addresses":2,"max_pkt_from_sameId":20,"has_attacker":0}
{"received packets":40,"IAT_Mean":0.049997609170986837,"IAT_Std":0.0030964749334303424,"IAT_Max":0.05310844979976537,"IAT_Min":0.04689203658563201,"received_addresses":2,"max_pkt_from_sameId":20,"has_attacker":0}
{"received packets":69,"IAT_Mean":0.028984132996402628,"IAT_Std":0.018946199193045276,"IAT_Max":0.04690525670230272,"IAT_Min":0.0001629999933356885,"received_addresses":4,"max_pkt_from_sameId":20,"has_attacker":0}
{"received packets":323,"IAT_Mean":0.006191658579411281,"IAT_Std":0.008590210785949477,"IAT_Max":0.034635482745215998,"IAT_Min":0.000155999994603917,"received_addresses":3,"max_pkt_from_sameId":154,"has_attacker":1}
{"received packets":450,"IAT_Mean":0.004444232767499569,"IAT_Std":0.004535380352879719,"IAT_Max":0.02483568079333054,"IAT_Min":0.00010723859668360092,"received_addresses":7,"max_pkt_from_sameId":187,"has_attacker":1}
{"received packets":23,"IAT_Mean":0.08695212393839662,"IAT_Std":0.033036701671940098,"IAT_Max":0.10001052195730154,"IAT_Min":0.00011200504377484322,"received_addresses":3,"max_pkt_from_sameId":20,"has_attacker":1}
{"received packets":10,"IAT_Mean":0.09999007309961598,"IAT_Std":0.000027156170988965218,"IAT_Max":0.10001058804118657,"IAT_Min":0.09990943862430868,"received_addresses":1,"max_pkt_from_sameId":10,"has_attacker":0}
{"received packets":20,"IAT_Mean":0.09999516334919463,"IAT_Std":0.21454078436521535,"IAT_Max":1.0320999038231094,"IAT_Min":0.03218788299273001,"received_addresses":2,"max_pkt_from_sameId":10,"has_attacker":0}
{"received packets":30,"IAT_Mean":0.06440315167261966,"IAT_Std":0.02765047290766225,"IAT_Max":0.10001098969223676,"IAT_Min":0.032104074733069868,"received_addresses":2,"max_pkt_from_sameId":20,"has_attacker":0}
{"received packets":20,"IAT_Mean":0.096604666604253,"IAT_Std":0.014797131775369739,"IAT_Max":0.10001037948313751,"IAT_Min":0.03210546768605127,"received_addresses":1,"max_pkt_from_sameId":20,"has_attacker":0}
{"received packets":20,"IAT_Mean":0.09660500556619808,"IAT_Std":0.01479766173702292,"IAT_Max":0.10001082151575247,"IAT_Min":0.03210349729488371,"received_addresses":1,"max_pkt_from_sameId":20,"has_attacker":0}
{"received packets":20,"IAT_Mean":0.09660504831736035,"IAT_Std":0.014799107708041373,"IAT_Max":0.10001013343571685,"IAT_Min":0.032097238374262818,"received_addresses":1,"max_pkt_from_sameId":20,"has_attacker":0}
{"received packets":20,"IAT_Mean":0.09660511859492545,"IAT_Std":0.014798909452538966,"IAT_Max":0.10001062450464815,"IAT_Min":0.03209817256720271,"received_addresses":1,"max_pkt_from_sameId":20,"has_attacker":0}
{"received packets":10,"IAT_Mean":0.09321055024229282,"IAT_Std":0.020370160408615936,"IAT_Max":0.10001191004630528,"IAT_Min":0.03210007010784466,"received_addresses":1,"max_pkt_from_sameId":10,"has_attacker":0}
