{"received packets":480,"IAT_Mean":0.0041635668175104,"IAT_Std":0.004413809572163679,"IAT_Max":0.022543107661476826,"IAT_Min":0.0005660568749590311,"received_addresses":24,"max_pkt_from_sameId":20,"has_attacker":0}
{"received packets":480,"IAT_Mean":0.0041635839552479109,"IAT_Std":0.004414260477775551,"IAT_Max":0.022543155475432287,"IAT_Min":0.0005660896640620194,"received_addresses":24,"max_pkt_from_sameId":20,"has_attacker":0}
{"received packets":510,"IAT_Mean":0.003918670303213659,"IAT_Std":0.003566971140559701,"IAT_Max":0.022543178994965275,"IAT_Min":0.0005661204013449606,"received_addresses":27,"max_pkt_from_sameId":20,"has_attacker":0}
{"received packets":559,"IAT_Mean":0.0035751634580871965,"IAT_Std":0.002761101820399376,"IAT_Max":0.01312400416645687,"IAT_Min":0.0005661127979692537,"received_addresses":29,"max_pkt_from_sameId":20,"has_attacker":0}
{"received packets":590,"IAT_Mean":0.0033873070145661696,"IAT_Std":0.0027729790603809045,"IAT_Max":0.013124005181452958,"IAT_Min":0.00045401922034216113,"received_addresses":30,"max_pkt_from_sameId":20,"has_attacker":0}
{"received packets":521,"IAT_Mean":0.0038359227147337227,"IAT_Std":0.0028214187033019329,"IAT_Max":0.013124016411893536,"IAT_Min":0.0005660865281242877,"received_addresses":27,"max_pkt_from_sameId":20,"has_attacker":0}
{"received packets":539,"IAT_Mean":0.0037078240982227458,"IAT_Std":0.0028400917765872117,"IAT_Max":0.013124279845214915,"IAT_Min":0.000566081129363738,"received_addresses":28,"max_pkt_from_sameId":20,"has_attacker":0}
{"received packets":1646,"IAT_Mean":0.0012144528779239649,"IAT_Std":0.0017163017459648665,"IAT_Max":0.013124347355187638,"IAT_Min":0.00016300002607749775,"received_addresses":28,"max_pkt_from_sameId":208,"has_attacker":1}
{"received packets":2784,"IAT_Mean":0.0007180106141491371,"IAT_Std":0.0006738573785841171,"IAT_Max":0.002386067066254327,"IAT_Min":0.00016300023344228975,"received_addresses":26,"max_pkt_from_sameId":400,"has_attacker":1}
{"received packets":746,"IAT_Mean":0.002678978701509545,"IAT_Std":0.0021973873997464894,"IAT_Max":0.014996999540016987,"IAT_Min":0.000151354048284702,"received_addresses":22,"max_pkt_from_sameId":317,"has_attacker":1}
{"received packets":541,"IAT_Mean":0.0036927145729502045,"IAT_Std":0.004570245521485905,"IAT_Max":0.0345072521486145,"IAT_Min":0.00016300022616633214,"received_addresses":18,"max_pkt_from_sameId":200,"has_attacker":1}
{"received packets":629,"IAT_Mean":0.00317608252021743,"IAT_Std":0.0017499388521999536,"IAT_Max":0.005721678528061602,"IAT_Min":0.0001630869555810932,"received_addresses":15,"max_pkt_from_sameId":381,"has_attacker":1}
