{"received packets":324,"IAT_Mean":0.006165913372345209,"IAT_Std":0.055885638499549698,"IAT_Max":1.0101191362045939,"IAT_Min":0.0002800116744765546,"received_addresses":15,"max_pkt_from_sameId":189,"has_attacker":1}
{"received packets":615,"IAT_Mean":0.0032483882493705288,"IAT_Std":0.003986011382791589,"IAT_Max":0.02983316168683814,"IAT_Min":0.0001559032461955212,"received_addresses":17,"max_pkt_from_sameId":154,"has_attacker":1}
{"received packets":479,"IAT_Mean":0.004170698388281574,"IAT_Std":0.006085630854845477,"IAT_Max":0.03523742264951579,"IAT_Min":0.00015573110431432724,"received_addresses":15,"max_pkt_from_sameId":102,"has_attacker":1}
{"received packets":198,"IAT_Mean":0.010089666759618794,"IAT_Std":0.009343534061585703,"IAT_Max":0.03523736556962831,"IAT_Min":0.00016300000788760372,"received_addresses":12,"max_pkt_from_sameId":20,"has_attacker":1}
{"received packets":579,"IAT_Mean":0.0034503509090810819,"IAT_Std":0.0017243056995231356,"IAT_Max":0.006352496009640163,"IAT_Min":0.00012510866872617044,"received_addresses":13,"max_pkt_from_sameId":379,"has_attacker":1}
{"received packets":633,"IAT_Mean":0.0031560117532143268,"IAT_Std":0.001984015347000292,"IAT_Max":0.010558196565398248,"IAT_Min":0.00011318688484607264,"received_addresses":13,"max_pkt_from_sameId":191,"has_attacker":1}
{"received packets":721,"IAT_Mean":0.002770812802142919,"IAT_Std":0.002169413725060297,"IAT_Max":0.012372940007480793,"IAT_Min":0.00012252217857167125,"received_addresses":14,"max_pkt_from_sameId":336,"has_attacker":1}
{"received packets":446,"IAT_Mean":0.004479290571483609,"IAT_Std":0.005185781678791707,"IAT_Max":0.030007000001205598,"IAT_Min":0.00012743908519041725,"received_addresses":15,"max_pkt_from_sameId":190,"has_attacker":1}
{"received packets":313,"IAT_Mean":0.006239613903337809,"IAT_Std":0.010271604590005392,"IAT_Max":0.04826774469256634,"IAT_Min":0.00010536101035540923,"received_addresses":15,"max_pkt_from_sameId":117,"has_attacker":1}
{"received packets":130,"IAT_Mean":0.01502307542905328,"IAT_Std":0.01665328746564892,"IAT_Max":0.04827157923136838,"IAT_Min":0.0012668964300246444,"received_addresses":7,"max_pkt_from_sameId":20,"has_attacker":0}
{"received packets":423,"IAT_Mean":0.004646028041205646,"IAT_Std":0.006337776437335934,"IAT_Max":0.034837265506212137,"IAT_Min":0.00015573481869068928,"received_addresses":8,"max_pkt_from_sameId":154,"has_attacker":1}
{"received packets":472,"IAT_Mean":0.004226934218083551,"IAT_Std":0.0036287445992360287,"IAT_Max":0.020679809989815113,"IAT_Min":0.00010712693620007485,"received_addresses":9,"max_pkt_from_sameId":187,"has_attacker":1}
{"received packets":3,"IAT_Mean":0.001704533997932837,"IAT_Std":0.0013252853350791757,"IAT_Max":0.003356589044415159,"IAT_Min":0.0001119509179261513,"received_addresses":2,"max_pkt_from_sameId":2,"has_attacker":1}
{"received packets":9,"IAT_Mean":0.211251614319028,"IAT_Std":0.3146702686085387,"IAT_Max":1.1012735372423777,"IAT_Min":0.09998761652241228,"received_addresses":1,"max_pkt_from_sameId":9,"has_attacker":0}
{"received packets":10,"IAT_Mean":0.19034716987043794,"IAT_Std":0.3053757991419218,"IAT_Max":1.1022082165181928,"IAT_Min":0.0012650586322706659,"received_addresses":2,"max_pkt_from_sameId":9,"has_attacker":0}
{"received packets":286,"IAT_Mean":0.0069759151834926989,"IAT_Std":0.008262513229518857,"IAT_Max":0.0426232262107078,"IAT_Min":0.0002930212613136973,"received_addresses":7,"max_pkt_from_sameId":186,"has_attacker":1}
{"received packets":480,"IAT_Mean":0.004156478922072893,"IAT_Std":0.0018323742739276028,"IAT_Max":0.008759446896874579,"IAT_Min":0.00011213578909519129,"received_addresses":6,"max_pkt_from_sameId":380,"has_attacker":1}
{"received packets":313,"IAT_Mean":0.006382612242723611,"IAT_Std":0.007220038806805844,"IAT_Max":0.029614436913107057,"IAT_Min":0.00011027591244783252,"received_addresses":14,"max_pkt_from_sameId":90,"has_attacker":1}
{"received packets":363,"IAT_Mean":0.0055034599126658639,"IAT_Std":0.006321243233985235,"IAT_Max":0.029607304353703513,"IAT_Min":0.00016315991160809062,"received_addresses":17,"max_pkt_from_sameId":42,"has_attacker":1}
{"received packets":360,"IAT_Mean":0.0055493162128793,"IAT_Std":0.006370223903892728,"IAT_Max":0.02813563401286956,"IAT_Min":0.0007945789511722978,"received_addresses":18,"max_pkt_from_sameId":20,"has_attacker":0}
{"received packets":735,"IAT_Mean":0.002718038582946863,"IAT_Std":0.0019695589122238389,"IAT_Max":0.01034317636367632,"IAT_Min":0.0001631360428291373,"received_addresses":19,"max_pkt_from_sameId":375,"has_attacker":1}
{"received packets":619,"IAT_Mean":0.003227398656644356,"IAT_Std":0.0033329802855315566,"IAT_Max":0.028135556265624474,"IAT_Min":0.00010553691390668973,"received_addresses":21,"max_pkt_from_sameId":195,"has_attacker":1}
{"received packets":550,"IAT_Mean":0.0036322842753857417,"IAT_Std":0.004817932368518238,"IAT_Max":0.028134333533671453,"IAT_Min":0.00010685663073672913,"received_addresses":19,"max_pkt_from_sameId":134,"has_attacker":1}
{"received packets":334,"IAT_Mean":0.00598774605729674,"IAT_Std":0.006691596765958197,"IAT_Max":0.028144353251263966,"IAT_Min":0.00016300002243951894,"received_addresses":19,"max_pkt_from_sameId":20,"has_attacker":1}
