{"received packets":320,"IAT_Mean":0.00624363664626344,"IAT_Std":0.00632544461720025,"IAT_Max":0.0204908962805348,"IAT_Min":0.00016306369070662186,"received_addresses":16,"max_pkt_from_sameId":20,"has_attacker":0}
{"received packets":310,"IAT_Mean":0.006445059946899193,"IAT_Std":0.006328908552076869,"IAT_Max":0.020490965122007766,"IAT_Min":0.0001631176819500979,"received_addresses":16,"max_pkt_from_sameId":20,"has_attacker":0}
{"received packets":250,"IAT_Mean":0.007991025856885244,"IAT_Std":0.006360290529498026,"IAT_Max":0.021894911049457734,"IAT_Min":0.001200583908939734,"received_addresses":13,"max_pkt_from_sameId":20,"has_attacker":0}
{"received packets":527,"IAT_Mean":0.003792252572467842,"IAT_Std":0.003871723386378505,"IAT_Max":0.02335776724066818,"IAT_Min":0.0001630680744710844,"received_addresses":35,"max_pkt_from_sameId":20,"has_attacker":0}
{"received packets":601,"IAT_Mean":0.0033253110324916086,"IAT_Std":0.002850069716907745,"IAT_Max":0.013124005559802754,"IAT_Min":0.0001633417487028055,"received_addresses":32,"max_pkt_from_sameId":20,"has_attacker":0}
{"received packets":132,"IAT_Mean":0.015110451751008275,"IAT_Std":0.0073584126661168929,"IAT_Max":0.026579070759908065,"IAT_Min":0.0026070006970257966,"received_addresses":9,"max_pkt_from_sameId":20,"has_attacker":0}
{"received packets":59,"IAT_Mean":0.03335602640744567,"IAT_Std":0.018486825147631323,"IAT_Max":0.07354893023875775,"IAT_Min":0.014970260985137429,"received_addresses":4,"max_pkt_from_sameId":20,"has_attacker":0}
{"received packets":217,"IAT_Mean":0.009207361257722369,"IAT_Std":0.015130454566140206,"IAT_Max":0.07355349540011957,"IAT_Min":0.0014479550955002197,"received_addresses":2,"max_pkt_from_sameId":197,"has_attacker":1}
{"received packets":420,"IAT_Mean":0.004757146724677157,"IAT_Std":0.0008073754979487514,"IAT_Max":0.005162918227142654,"IAT_Min":0.0014481417274510023,"received_addresses":2,"max_pkt_from_sameId":400,"has_attacker":1}
{"received packets":1,"IAT_Mean":2.0,"IAT_Std":0.0,"IAT_Max":2.0,"IAT_Min":2.0,"received_addresses":1,"max_pkt_from_sameId":1,"has_attacker":0}
{"received packets":10,"IAT_Mean":0.19681842226345909,"IAT_Std":0.2904575373062165,"IAT_Max":1.0681910341045296,"IAT_Min":0.09999779872305226,"received_addresses":1,"max_pkt_from_sameId":10,"has_attacker":0}
{"received packets":20,"IAT_Mean":0.09999524825361732,"IAT_Std":0.000020762867213672015,"IAT_Max":0.10001031795763993,"IAT_Min":0.09990653861677856,"received_addresses":1,"max_pkt_from_sameId":20,"has_attacker":0}
{"received packets":210,"IAT_Mean":0.0095233613303814,"IAT_Std":0.02029848279432634,"IAT_Max":0.09989906996997888,"IAT_Min":0.00015145768702495843,"received_addresses":3,"max_pkt_from_sameId":101,"has_attacker":1}
{"received packets":445,"IAT_Mean":0.004494159588787451,"IAT_Std":0.005357814039573174,"IAT_Max":0.02462774532250478,"IAT_Min":0.00011308362081763335,"received_addresses":5,"max_pkt_from_sameId":208,"has_attacker":1}
{"received packets":511,"IAT_Mean":0.0039136966879880778,"IAT_Std":0.001472242092018871,"IAT_Max":0.005162219313206151,"IAT_Min":0.00011368192645022646,"received_addresses":9,"max_pkt_from_sameId":378,"has_attacker":1}
{"received packets":331,"IAT_Mean":0.005925759121640571,"IAT_Std":0.008042209123257956,"IAT_Max":0.03984096923522884,"IAT_Min":0.00010557399218669161,"received_addresses":8,"max_pkt_from_sameId":192,"has_attacker":1}
{"received packets":150,"IAT_Mean":0.013076207687602922,"IAT_Std":0.01354317937504439,"IAT_Max":0.039840778223151577,"IAT_Min":0.00126723849461996,"received_addresses":8,"max_pkt_from_sameId":20,"has_attacker":0}
{"received packets":524,"IAT_Mean":0.003750514822169987,"IAT_Std":0.005114916956566734,"IAT_Max":0.03483701379445847,"IAT_Min":0.00015599967809976079,"received_addresses":8,"max_pkt_from_sameId":250,"has_attacker":1}
