{"received packets":460,"IAT_Mean":0.004344591496579676,"IAT_Std":0.0046378043235803909,"IAT_Max":0.02238010030851001,"IAT_Min":0.00016300231800414622,"received_addresses":23,"max_pkt_from_sameId":20,"has_attacker":0}
{"received packets":465,"IAT_Mean":0.004297893156520635,"IAT_Std":0.0046112844322040769,"IAT_Max":0.022380149901437109,"IAT_Min":0.00016300057177431881,"received_addresses":24,"max_pkt_from_sameId":20,"has_attacker":0}
{"received packets":490,"IAT_Mean":0.004078616095381332,"IAT_Std":0.003929092102072788,"IAT_Max":0.022380174494173845,"IAT_Min":0.0001630000042496249,"received_addresses":26,"max_pkt_from_sameId":20,"has_attacker":0}
{"received packets":530,"IAT_Mean":0.003770785695739488,"IAT_Std":0.0029811560239527809,"IAT_Max":0.01312400188180618,"IAT_Min":0.00016304297969327308,"received_addresses":27,"max_pkt_from_sameId":20,"has_attacker":0}
{"received packets":569,"IAT_Mean":0.003512321964841754,"IAT_Std":0.0029458486544852678,"IAT_Max":0.013124003300617915,"IAT_Min":0.0001631058839848265,"received_addresses":29,"max_pkt_from_sameId":20,"has_attacker":0}
{"received packets":551,"IAT_Mean":0.003627070427950467,"IAT_Std":0.0030310225619105777,"IAT_Max":0.013124014712957433,"IAT_Min":0.0001631236846151296,"received_addresses":29,"max_pkt_from_sameId":20,"has_attacker":0}
{"received packets":540,"IAT_Mean":0.0037009579181930924,"IAT_Std":0.0030289348411091114,"IAT_Max":0.013124280991178239,"IAT_Min":0.00016315092943841591,"received_addresses":27,"max_pkt_from_sameId":20,"has_attacker":0}
{"received packets":1655,"IAT_Mean":0.0012078486819496748,"IAT_Std":0.0017604680089629763,"IAT_Max":0.013124464858265128,"IAT_Min":0.00016300001516356133,"received_addresses":28,"max_pkt_from_sameId":208,"has_attacker":1}
{"received packets":2784,"IAT_Mean":0.0007180106712918006,"IAT_Std":0.0006749344324844391,"IAT_Max":0.002386063613812439,"IAT_Min":0.00016300001516356133,"received_addresses":26,"max_pkt_from_sameId":400,"has_attacker":1}
{"received packets":829,"IAT_Mean":0.002410757890569819,"IAT_Std":0.0018740998097714422,"IAT_Max":0.005294107824738603,"IAT_Min":0.00015003644148237072,"received_addresses":21,"max_pkt_from_sameId":367,"has_attacker":1}
{"received packets":569,"IAT_Mean":0.003510998957833911,"IAT_Std":0.002549616622763116,"IAT_Max":0.013203897116909502,"IAT_Min":0.00016300135030178353,"received_addresses":18,"max_pkt_from_sameId":200,"has_attacker":1}
{"received packets":636,"IAT_Mean":0.0031411253608184897,"IAT_Std":0.001823697597776156,"IAT_Max":0.005721900652133627,"IAT_Min":0.0001634338805160951,"received_addresses":16,"max_pkt_from_sameId":381,"has_attacker":1}
{"received packets":684,"IAT_Mean":0.002920699917374496,"IAT_Std":0.0038641879553710904,"IAT_Max":0.029833161668648246,"IAT_Min":0.00011587045082706027,"received_addresses":16,"max_pkt_from_sameId":179,"has_attacker":1}
{"received packets":478,"IAT_Mean":0.00417942401407223,"IAT_Std":0.006266139667548578,"IAT_Max":0.03439842047737329,"IAT_Min":0.0001558565054438077,"received_addresses":15,"max_pkt_from_sameId":102,"has_attacker":1}
