{"received packets":40,"IAT_Mean":0.04893143728631912,"IAT_Std":0.024237809730627479,"IAT_Max":0.07484286500402959,"IAT_Min":0.02514899984089425,"received_addresses":3,"max_pkt_from_sameId":20,"has_attacker":0}
{"received packets":20,"IAT_Mean":0.09786248954733309,"IAT_Std":0.009317271632504345,"IAT_Max":0.10001082748203771,"IAT_Min":0.05724945477413712,"received_addresses":1,"max_pkt_from_sameId":20,"has_attacker":0}
