{"received packets":559,"IAT_Mean":0.003575155791056622,"IAT_Std":0.004077574837020136,"IAT_Max":0.02238001186924521,"IAT_Min":0.0005660000097122975,"received_addresses":28,"max_pkt_from_sameId":20,"has_attacker":0}
{"received packets":541,"IAT_Mean":0.0036941224445698956,"IAT_Std":0.004105099395102,"IAT_Max":0.02238004147511674,"IAT_Min":0.0005660273018293083,"received_addresses":28,"max_pkt_from_sameId":20,"has_attacker":0}
{"received packets":531,"IAT_Mean":0.003763694615983983,"IAT_Std":0.003526846361281808,"IAT_Max":0.022380090311344249,"IAT_Min":0.0005661074355884921,"received_addresses":29,"max_pkt_from_sameId":20,"has_attacker":0}
{"received packets":540,"IAT_Mean":0.003700956423111805,"IAT_Std":0.0027333797512621488,"IAT_Max":0.013124009070452303,"IAT_Min":0.0005661117065756116,"received_addresses":27,"max_pkt_from_sameId":20,"has_attacker":0}
{"received packets":540,"IAT_Mean":0.0037009470185862655,"IAT_Std":0.0027338943535174318,"IAT_Max":0.013124006229190855,"IAT_Min":0.0005660998031089548,"received_addresses":27,"max_pkt_from_sameId":20,"has_attacker":0}
{"received packets":550,"IAT_Mean":0.0036336657455897445,"IAT_Std":0.002835722014312276,"IAT_Max":0.013124017645168351,"IAT_Min":0.0002506219389033504,"received_addresses":28,"max_pkt_from_sameId":20,"has_attacker":0}
{"received packets":571,"IAT_Mean":0.003500031146797129,"IAT_Std":0.002762308850633503,"IAT_Max":0.013124286644597305,"IAT_Min":0.0002505832235328853,"received_addresses":30,"max_pkt_from_sameId":20,"has_attacker":0}
{"received packets":1851,"IAT_Mean":0.0010799514899216933,"IAT_Std":0.0016146401635939213,"IAT_Max":0.013124477562087123,"IAT_Min":0.00016300001516356133,"received_addresses":29,"max_pkt_from_sameId":209,"has_attacker":1}
{"received packets":3164,"IAT_Mean":0.0006317770225025806,"IAT_Std":0.0006313768461391609,"IAT_Max":0.003225066804589005,"IAT_Min":0.0001630009282962419,"received_addresses":27,"max_pkt_from_sameId":400,"has_attacker":1}
{"received packets":540,"IAT_Mean":0.0037009615212068808,"IAT_Std":0.0038367116246252974,"IAT_Max":0.022435455717641163,"IAT_Min":0.00016395399507018737,"received_addresses":25,"max_pkt_from_sameId":124,"has_attacker":1}
{"received packets":588,"IAT_Mean":0.0033975465275881994,"IAT_Std":0.004416270355961249,"IAT_Max":0.032666166607668859,"IAT_Min":0.00016552706802031025,"received_addresses":22,"max_pkt_from_sameId":200,"has_attacker":1}
{"received packets":719,"IAT_Mean":0.0027785182163102804,"IAT_Std":0.0017707193303239063,"IAT_Max":0.00736123316528392,"IAT_Min":0.00016562089513172396,"received_addresses":20,"max_pkt_from_sameId":381,"has_attacker":1}
{"received packets":785,"IAT_Mean":0.002544914054602591,"IAT_Std":0.0033587393105216879,"IAT_Max":0.024306019447976725,"IAT_Min":0.0001073647836165037,"received_addresses":20,"max_pkt_from_sameId":250,"has_attacker":1}
{"received packets":592,"IAT_Mean":0.0033746003066180247,"IAT_Std":0.005147462930485069,"IAT_Max":0.03314711874554632,"IAT_Min":0.00015599674225086346,"received_addresses":22,"max_pkt_from_sameId":141,"has_attacker":1}
{"received packets":322,"IAT_Mean":0.006204201748044832,"IAT_Std":0.007529375467192256,"IAT_Max":0.033147125413961479,"IAT_Min":0.00016135080659296364,"received_addresses":18,"max_pkt_from_sameId":20,"has_attacker":1}
{"received packets":698,"IAT_Mean":0.0028621091835450047,"IAT_Std":0.0017209671961032339,"IAT_Max":0.006228331050806446,"IAT_Min":0.0001361671820632182,"received_addresses":18,"max_pkt_from_sameId":379,"has_attacker":1}
{"received packets":732,"IAT_Mean":0.0027291729032240354,"IAT_Std":0.002902539167527094,"IAT_Max":0.02930501944865682,"IAT_Min":0.00011221727618249133,"received_addresses":19,"max_pkt_from_sameId":191,"has_attacker":1}
{"received packets":812,"IAT_Mean":0.002460289714856359,"IAT_Std":0.002682445492727161,"IAT_Max":0.019307019447296626,"IAT_Min":0.00011461027315817773,"received_addresses":18,"max_pkt_from_sameId":291,"has_attacker":1}
{"received packets":319,"IAT_Mean":0.00626257964121176,"IAT_Std":0.007384407515976526,"IAT_Max":0.029611404021125055,"IAT_Min":0.00011529357652761973,"received_addresses":18,"max_pkt_from_sameId":20,"has_attacker":1}
{"received packets":512,"IAT_Mean":0.003901862829870595,"IAT_Std":0.004665422535544433,"IAT_Max":0.029611404021125055,"IAT_Min":0.00016300293282256462,"received_addresses":18,"max_pkt_from_sameId":188,"has_attacker":1}
{"received packets":691,"IAT_Mean":0.0028911061108979725,"IAT_Std":0.001772602925091085,"IAT_Max":0.005012000001443084,"IAT_Min":0.00011377605187590234,"received_addresses":17,"max_pkt_from_sameId":380,"has_attacker":1}
{"received packets":776,"IAT_Mean":0.0025744274428539076,"IAT_Std":0.0020979487254734246,"IAT_Max":0.014308110821730225,"IAT_Min":0.00011432979226810858,"received_addresses":20,"max_pkt_from_sameId":322,"has_attacker":1}
{"received packets":569,"IAT_Mean":0.0035110013427048444,"IAT_Std":0.004695743440047891,"IAT_Max":0.029611404021125055,"IAT_Min":0.00011574076779652387,"received_addresses":20,"max_pkt_from_sameId":155,"has_attacker":1}
{"received packets":337,"IAT_Mean":0.005928083392873493,"IAT_Std":0.007168415033178452,"IAT_Max":0.029611404021125055,"IAT_Min":0.00016325682372553274,"received_addresses":19,"max_pkt_from_sameId":20,"has_attacker":1}
{"received packets":690,"IAT_Mean":0.00289529239527073,"IAT_Std":0.0018871345627718235,"IAT_Max":0.00618912942809402,"IAT_Min":0.00011960316624026746,"received_addresses":19,"max_pkt_from_sameId":377,"has_attacker":1}
{"received packets":651,"IAT_Mean":0.0030687478161213535,"IAT_Std":0.0019022491012536689,"IAT_Max":0.012672981865762268,"IAT_Min":0.00011175989493494853,"received_addresses":18,"max_pkt_from_sameId":193,"has_attacker":1}
{"received packets":734,"IAT_Mean":0.002721742075005026,"IAT_Std":0.0018925106185690966,"IAT_Max":0.0068482459100778218,"IAT_Min":0.00011487340816529468,"received_addresses":18,"max_pkt_from_sameId":366,"has_attacker":1}
{"received packets":315,"IAT_Mean":0.006342104256662655,"IAT_Std":0.006809781683873916,"IAT_Max":0.028135331445810153,"IAT_Min":0.00010572816609055735,"received_addresses":19,"max_pkt_from_sameId":20,"has_attacker":1}
{"received packets":502,"IAT_Mean":0.003979585272250676,"IAT_Std":0.004448526403351127,"IAT_Max":0.02813533147855196,"IAT_Min":0.00016300506104016677,"received_addresses":18,"max_pkt_from_sameId":186,"has_attacker":1}
{"received packets":735,"IAT_Mean":0.0027180449510134558,"IAT_Std":0.0018560265713172238,"IAT_Max":0.008752246139920317,"IAT_Min":0.00011181382797076367,"received_addresses":22,"max_pkt_from_sameId":380,"has_attacker":1}
{"received packets":679,"IAT_Mean":0.002942205566448214,"IAT_Std":0.003948779513048885,"IAT_Max":0.024306030023581117,"IAT_Min":0.00011004615589627065,"received_addresses":21,"max_pkt_from_sameId":256,"has_attacker":1}
{"received packets":528,"IAT_Mean":0.0037836287471525959,"IAT_Std":0.0046917843115936558,"IAT_Max":0.028135574793850539,"IAT_Min":0.00011762473513954319,"received_addresses":20,"max_pkt_from_sameId":142,"has_attacker":1}
{"received packets":340,"IAT_Mean":0.00587574677713693,"IAT_Std":0.006646460923243433,"IAT_Max":0.028135754328104669,"IAT_Min":0.0008261450420832261,"received_addresses":17,"max_pkt_from_sameId":20,"has_attacker":0}
{"received packets":715,"IAT_Mean":0.002794067780724344,"IAT_Std":0.002004568866762299,"IAT_Max":0.01034317371522775,"IAT_Min":0.00016300506104016677,"received_addresses":18,"max_pkt_from_sameId":375,"has_attacker":1}
{"received packets":699,"IAT_Mean":0.002858025591270212,"IAT_Std":0.003016691581042933,"IAT_Max":0.028135579708759907,"IAT_Min":0.00010547037527430803,"received_addresses":20,"max_pkt_from_sameId":195,"has_attacker":1}
{"received packets":720,"IAT_Mean":0.0027746616633471099,"IAT_Std":0.0031717472898844607,"IAT_Max":0.028668002774793423,"IAT_Min":0.0001069334102794528,"received_addresses":19,"max_pkt_from_sameId":313,"has_attacker":1}
{"received packets":335,"IAT_Mean":0.005969871091080826,"IAT_Std":0.006918562738048281,"IAT_Max":0.02939027022512164,