{"received packets":30,"IAT_Mean":0.06648611127808787,"IAT_Std":0.17688027612051683,"IAT_Max":1.0163583746143559,"IAT_Min":0.021775064742541873,"received_addresses":3,"max_pkt_from_sameId":10,"has_attacker":0}
{"received packets":60,"IAT_Mean":0.0332429018661666,"IAT_Std":0.013365316546927532,"IAT_Max":0.05194754560579895,"IAT_Min":0.016358357595890994,"received_addresses":3,"max_pkt_from_sameId":20,"has_attacker":0}
{"received packets":60,"IAT_Mean":0.03324290962452021,"IAT_Std":0.013370174995024154,"IAT_Max":0.05194471891809371,"IAT_Min":0.016366312200261747,"received_addresses":3,"max_pkt_from_sameId":20,"has_attacker":0}
{"received packets":60,"IAT_Mean":0.0332429134654376,"IAT_Std":0.01336576435056896,"IAT_Max":0.0519431551474554,"IAT_Min":0.016360098674340408,"received_addresses":3,"max_pkt_from_sameId":20,"has_attacker":0}
{"received packets":60,"IAT_Mean":0.03324299743156492,"IAT_Std":0.0133674350079846,"IAT_Max":0.05193429883001954,"IAT_Min":0.016365671992389254,"received_addresses":3,"max_pkt_from_sameId":20,"has_attacker":0}
{"received packets":70,"IAT_Mean":0.02849405852929132,"IAT_Std":0.015567764564613174,"IAT_Max":0.05194579768067342,"IAT_Min":0.00981596080964664,"received_addresses":4,"max_pkt_from_sameId":20,"has_attacker":0}
{"received packets":80,"IAT_Mean":0.02493230818236043,"IAT_Std":0.016129705334156698,"IAT_Max":0.05194338128421805,"IAT_Min":0.009805642435821938,"received_addresses":4,"max_pkt_from_sameId":20,"has_attacker":0}
{"received packets":60,"IAT_Mean":0.033242910648975037,"IAT_Std":0.01336855480083751,"IAT_Max":0.05194325941920397,"IAT_Min":0.01635587127384497,"received_addresses":3,"max_pkt_from_sameId":20,"has_attacker":0}
{"received packets":330,"IAT_Mean":0.006053814114475795,"IAT_Std":0.007314696484511936,"IAT_Max":0.03398633242250071,"IAT_Min":0.00016305293320328929,"received_addresses":13,"max_pkt_from_sameId":162,"has_attacker":1}
{"received packets":286,"IAT_Mean":0.006985184457824709,"IAT_Std":0.007697351844369024,"IAT_Max":0.02960813706886256,"IAT_Min":0.00016300070274155587,"received_addresses":18,"max_pkt_from_sameId":20,"has_attacker":1}
{"received packets":522,"IAT_Mean":0.0038271106042738285,"IAT_Std":0.004747787223885244,"IAT_Max":0.028135204142017757,"IAT_Min":0.00016311995204887353,"received_addresses":19,"max_pkt_from_sameId":186,"has_attacker":1}
{"received packets":687,"IAT_Mean":0.002907952025596988,"IAT_Std":0.0018894163768041347,"IAT_Max":0.00875947037275182,"IAT_Min":0.00011186487972736359,"received_addresses":17,"max_pkt_from_sameId":380,"has_attacker":1}
{"received packets":271,"IAT_Mean":0.007360063868366346,"IAT_Std":0.008484319420409885,"IAT_Max":0.0331578099176113,"IAT_Min":0.00011014736810466275,"received_addresses":13,"max_pkt_from_sameId":98,"has_attacker":1}
{"received packets":70,"IAT_Mean":0.02802035954752812,"IAT_Std":0.019578255794100085,"IAT_Max":0.0516147766757058,"IAT_Min":0.0008260089016403072,"received_addresses":5,"max_pkt_from_sameId":20,"has_attacker":0}
{"received packets":50,"IAT_Mean":0.03922872510229354,"IAT_Std":0.013070755876970665,"IAT_Max":0.05161481567847659,"IAT_Min":0.009822706368140644,"received_addresses":3,"max_pkt_from_sameId":20,"has_attacker":0}
{"received packets":257,"IAT_Mean":0.007632015806285674,"IAT_Std":0.009935764388451618,"IAT_Max":0.0483970726672851,"IAT_Min":0.0002800207585096359,"received_addresses":4,"max_pkt_from_sameId":197,"has_attacker":1}
{"received packets":41,"IAT_Mean":0.04767582664694268,"IAT_Std":0.037412267999629839,"IAT_Max":0.08780006483721081,"IAT_Min":0.009825134875427466,"received_addresses":3,"max_pkt_from_sameId":20,"has_attacker":0}
{"received packets":20,"IAT_Mean":0.09712498559438246,"IAT_Std":0.01253290410120396,"IAT_Max":0.10001144656780525,"IAT_Min":0.042495326029893479,"received_addresses":1,"max_pkt_from_sameId":20,"has_attacker":0}
{"received packets":20,"IAT_Mean":0.09712509710589075,"IAT_Std":0.012532315574406626,"IAT_Max":0.100010236063099,"IAT_Min":0.04249800536490511,"received_addresses":1,"max_pkt_from_sameId":20,"has_attacker":0}
