{"received packets":540,"IAT_Mean":0.003700949413164549,"IAT_Std":0.0037107441754308226,"IAT_Max":0.016355427043890815,"IAT_Min":0.00016300120842061006,"received_addresses":27,"max_pkt_from_sameId":20,"has_attacker":0}
{"received packets":540,"IAT_Mean":0.0037009646532708388,"IAT_Std":0.0037107391570087436,"IAT_Max":0.016352156868379099,"IAT_Min":0.00016300141578540206,"received_addresses":27,"max_pkt_from_sameId":20,"has_attacker":0}
{"received packets":560,"IAT_Mean":0.0035687901678621918,"IAT_Std":0.003322844724320934,"IAT_Max":0.016355822699551937,"IAT_Min":0.0001630057959118858,"received_addresses":29,"max_pkt_from_sameId":20,"has_attacker":0}
{"received packets":580,"IAT_Mean":0.003445719061741768,"IAT_Std":0.0029104390802422756,"IAT_Max":0.013124004639394116,"IAT_Min":0.00016307031910400838,"received_addresses":29,"max_pkt_from_sameId":20,"has_attacker":0}
{"received packets":590,"IAT_Mean":0.003387308283265033,"IAT_Std":0.002836355773221325,"IAT_Max":0.01312400542155956,"IAT_Min":0.00016334245810867287,"received_addresses":30,"max_pkt_from_sameId":20,"has_attacker":0}
{"received packets":610,"IAT_Mean":0.003276256665192138,"IAT_Std":0.0027609252631434816,"IAT_Max":0.013124017328664195,"IAT_Min":0.0001636731503822375,"received_addresses":31,"max_pkt_from_sameId":20,"has_attacker":0}
{"received packets":610,"IAT_Mean":0.0032762591844507145,"IAT_Std":0.002800626397486853,"IAT_Max":0.013124286590027623,"IAT_Min":0.00016401795801357366,"received_addresses":31,"max_pkt_from_sameId":20,"has_attacker":0}
{"received packets":1854,"IAT_Mean":0.001078204119031734,"IAT_Std":0.0016336216793152263,"IAT_Max":0.013124477565725102,"IAT_Min":0.0001630000042496249,"received_addresses":30,"max_pkt_from_sameId":209,"has_attacker":1}
{"received packets":3161,"IAT_Mean":0.0006323766642606364,"IAT_Std":0.000635931292417462,"IAT_Max":0.0032250668336928358,"IAT_Min":0.0001630003134778235,"received_addresses":27,"max_pkt_from_sameId":400,"has_attacker":1}
{"received packets":795,"IAT_Mean":0.0025138607279598164,"IAT_Std":0.0032725805736178897,"IAT_Max":0.022435455735831057,"IAT_Min":0.00015121736942091957,"received_addresses":25,"max_pkt_from_sameId":269,"has_attacker":1}
{"received packets":473,"IAT_Mean":0.004223588451835544,"IAT_Std":0.00668625574151448,"IAT_Max":0.03266615801840089,"IAT_Min":0.00010816362191690132,"received_addresses":22,"max_pkt_from_sameId":81,"has_attacker":1}
{"received packets":338,"IAT_Mean":0.0059105165070654709,"IAT_Std":0.0074900053157563408,"IAT_Max":0.03266615801840089,"IAT_Min":0.000327429184835637,"received_addresses":19,"max_pkt_from_sameId":20,"has_attacker":0}
{"received packets":816,"IAT_Mean":0.0024482322497069799,"IAT_Std":0.0032957891399784929,"IAT_Max":0.024306034330948024,"IAT_Min":0.00010735380055848509,"received_addresses":20,"max_pkt_from_sameId":281,"has_attacker":1}
{"received packets":638,"IAT_Mean":0.003131290541581432,"IAT_Std":0.005047404009314752,"IAT_Max":0.03314710244740127,"IAT_Min":0.00015600048936903477,"received_addresses":22,"max_pkt_from_sameId":157,"has_attacker":1}
{"received packets":415,"IAT_Mean":0.004813862523298601,"IAT_Std":0.00681986317616922,"IAT_Max":0.033147109097626529,"IAT_Min":0.00016138267164933495,"received_addresses":19,"max_pkt_from_sameId":104,"has_attacker":1}
{"received packets":309,"IAT_Mean":0.006465217457670461,"IAT_Std":0.008098895896925552,"IAT_Max":0.033147158017527548,"IAT_Min":0.0008279448156827129,"received_addresses":16,"max_pkt_from_sameId":20,"has_attacker":0}
{"received packets":512,"IAT_Mean":0.003901864354418194,"IAT_Std":0.005737737782099891,"IAT_Max":0.033147158017527548,"IAT_Min":0.00015599979815306142,"received_addresses":17,"max_pkt_from_sameId":129,"has_attacker":1}
{"received packets":798,"IAT_Mean":0.002503452672643011,"IAT_Std":0.0026918244360875228,"IAT_Max":0.019307034330267926,"IAT_Min":0.00012893107123090886,"received_addresses":18,"max_pkt_from_sameId":277,"has_attacker":1}
{"received packets":537,"IAT_Mean":0.003720228845155815,"IAT_Std":0.002963227730036692,"IAT_Max":0.010011090078478447,"IAT_Min":0.00016304331074934453,"received_addresses":18,"max_pkt_from_sameId":219,"has_attacker":1}
{"received packets":435,"IAT_Mean":0.0045925373636686579,"IAT_Std":0.005229170900980506,"IAT_Max":0.02961115801736014,"IAT_Min":0.0001099283981602639,"received_addresses":18,"max_pkt_from_sameId":111,"has_attacker":1}
{"received packets":311,"IAT_Mean":0.00642364728918411,"IAT_Std":0.007432779271579558,"IAT_Max":0.02961115801736014,"IAT_Min":0.00016323471936630085,"received_addresses":16,"max_pkt_from_sameId":20,"has_attacker":0}
{"received packets":731,"IAT_Mean":0.0027329079069225608,"IAT_Std":0.002233552086102788,"IAT_Max":0.014308093836007174,"IAT_Min":0.00012966762005817145,"received_addresses":18,"max_pkt_from_sameId":287,"has_attacker":1}
{"received packets":668,"IAT_Mean":0.0029906583058455329,"IAT_Std":0.0025918981109327744,"IAT_Max":0.014308093836007174,"IAT_Min":0.0001552735011500772,"received_addresses":22,"max_pkt_from_sameId":136,"has_attacker":1}
{"received packets":564,"IAT_Mean":0.0035421349072768204,"IAT_Std":0.0029362097254273988,"IAT_Max":0.010011090074840468,"IAT_Min":0.00010678685430320911,"received_addresses":20,"max_pkt_from_sameId":227,"has_attacker":1}
{"received packets":315,"IAT_Mean":0.006342069006472778,"IAT_Std":0.007930389706504254,"IAT_Max":0.02961115801736014,"IAT_Min":0.00011112625725218095,"received_addresses":19,"max_pkt_from_sameId":20,"has_attacker":1}
{"received packets":444,"IAT_Mean":0.004499447776127839,"IAT_Std":0.005163693850484248,"IAT_Max":0.029611152061988834,"IAT_Min":0.0001291013031732291,"received_addresses":17,"max_pkt_from_sameId":165,"has_attacker":1}
{"received packets":705,"IAT_Mean":0.002833700237389289,"IAT_Std":0.001961628109767976,"IAT_Max":0.0062150912344804969,"IAT_Min":0.00016300067727570422,"received_addresses":18,"max_pkt_from_sameId":337,"has_attacker":1}
{"received packets":555,"IAT_Mean":0.003599572657929473,"IAT_Std":0.002908688762550411,"IAT_Max":0.010011090074840468,"IAT_Min":0.00016300191055051982,"received_addresses":20,"max_pkt_from_sameId":242,"has_attacker":1}
{"received packets":445,"IAT_Mean":0.004489329867360896,"IAT_Std":0.00482118548983591,"IAT_Max":0.02813513527144096,"IAT_Min":0.00010986370398313738,"received_addresses":19,"max_pkt_from_sameId":119,"has_attacker":1}
{"received packets":372,"IAT_Mean":0.005370330707797444,"IAT_Std":0.006387638075793784,"IAT_Max":0.028135143678809983,"IAT_Min":0.00016331632286892273,"received_addresses":21,"max_pkt_from_sameId":20,"has_attacker":0}
{"received packets":657,"IAT_Mean":0.003040726885729219,"IAT_Std":0.0040668349863637489,"IAT_Max":0.0243060223874636,"IAT_Min":0.00013186377691454254,"received_addresses":21,"max_pkt_from_sameId":218,"has_attacker":1}
{"received packets":642,"IAT_Mean":0.0031117694124590219,"IAT_Std":0.003035732756364184,"IAT_Max":0.02430605529661989,"IAT_Min":0.00013176627180655487,"received_addresses":22,"max_pkt_from_sameId":120,"has_attacker":1}
{"received packets":600,"IAT_Mean":0.003329589814220526,"IAT_Std":0.0029793596631898144,"IAT_Max":0.01034317371522775,"IAT_Min":0.00011600135258049704,"received_addresses":19,"max_pkt_from_sameId":240,"has_attacker":1}
{"received packets":354,"IAT_Mean":0.005643385444971829,"IAT_Std":0.006491176191921294,"IAT_Max":0.028135709679190769,"IAT_Min":0.00011392708256607875,"received_addresses":19,"max_pkt_from_sameId":20,"has_attacker":1}
{"received packets":476,"IAT_Mean":0.004196974522276549,"IAT_Std":0.005266591604411575,"IAT_Max":0.028135793880210259,"IAT_Min":0.0001630738188396208,"received_addresses":19,"max_pkt_from_sameId":109,"has_attacker":1}
{"received packets":671,"IAT_Mean":0.002977282238324409,"IAT_Std":0.0033554759187163177,"IAT_Max":0.028667999999015593,"IAT_Min":0.00015282682579709217,"received_addresses":18,"max_pkt_from_sameId":274,"has_attacker":1}
{"received packets":550,"IAT_Mean":0.003636194246494349,"IAT_Std":0.0030742107654940697,"IAT_Max":0.010343174319132232,