{"received packets":460,"IAT_Mean":0.004344591523065743,"IAT_Std":0.0046544946468214999,"IAT_Max":0.022380094640539029,"IAT_Min":0.00016300351126119494,"received_addresses":23,"max_pkt_from_sameId":20,"has_attacker":0}
{"received packets":460,"IAT_Mean":0.004344609404854608,"IAT_Std":0.004654680985436434,"IAT_Max":0.022380144022463356,"IAT_Min":0.00016300227798637934,"received_addresses":23,"max_pkt_from_sameId":20,"has_attacker":0}
{"received packets":480,"IAT_Mean":0.004163587284415371,"IAT_Std":0.003997061841886186,"IAT_Max":0.022380169633834158,"IAT_Min":0.0001630003134778235,"received_addresses":25,"max_pkt_from_sameId":20,"has_attacker":0}
{"received packets":530,"IAT_Mean":0.0037707856983615784,"IAT_Std":0.003003626346133726,"IAT_Max":0.013124000801326475,"IAT_Min":0.00016304141172440723,"received_addresses":27,"max_pkt_from_sameId":20,"has_attacker":0}
{"received packets":569,"IAT_Mean":0.003512321957974989,"IAT_Std":0.0029667227077709876,"IAT_Max":0.013124002049153205,"IAT_Min":0.000163099160999991,"received_addresses":29,"max_pkt_from_sameId":20,"has_attacker":0}
{"received packets":551,"IAT_Mean":0.003627070409496473,"IAT_Std":0.0030521896045559106,"IAT_Max":0.013124012846674305,"IAT_Min":0.00016311291983583942,"received_addresses":29,"max_pkt_from_sameId":20,"has_attacker":0}
{"received packets":540,"IAT_Mean":0.0037009579053052155,"IAT_Std":0.003050491617159497,"IAT_Max":0.01312427677839878,"IAT_Min":0.0001631364029890392,"received_addresses":27,"max_pkt_from_sameId":20,"has_attacker":0}
{"received packets":1468,"IAT_Mean":0.0013617094892808076,"IAT_Std":0.0018331871400796294,"IAT_Max":0.013124450408213307,"IAT_Min":0.00016300006609526463,"received_addresses":28,"max_pkt_from_sameId":208,"has_attacker":1}
{"received packets":2404,"IAT_Mean":0.0008315065135469069,"IAT_Std":0.0007049478276702821,"IAT_Max":0.0023860633446020076,"IAT_Min":0.0001630000551813282,"received_addresses":26,"max_pkt_from_sameId":400,"has_attacker":1}
{"received packets":848,"IAT_Mean":0.0023567431848501,"IAT_Std":0.001812031718613224,"IAT_Max":0.0052941072899557188,"IAT_Min":0.00015003595763118938,"received_addresses":22,"max_pkt_from_sameId":367,"has_attacker":1}
{"received packets":573,"IAT_Mean":0.0034864894906472866,"IAT_Std":0.004361922755587118,"IAT_Max":0.03320003645058023,"IAT_Min":0.00015702195014455356,"received_addresses":19,"max_pkt_from_sameId":200,"has_attacker":1}
{"received packets":648,"IAT_Mean":0.003082956481418399,"IAT_Std":0.0017627558693329563,"IAT_Max":0.00572189975719084,"IAT_Min":0.00016329254867741838,"received_addresses":16,"max_pkt_from_sameId":381,"has_attacker":1}
{"received packets":524,"IAT_Mean":0.003812516826912945,"IAT_Std":0.004139547596962956,"IAT_Max":0.029833161672286225,"IAT_Min":0.00016110416254377924,"received_addresses":16,"max_pkt_from_sameId":146,"has_attacker":1}
