{"received packets":40,"IAT_Mean":0.049864368144153559,"IAT_Std":0.028362669904954515,"IAT_Max":0.07822203688556329,"IAT_Min":0.01635527683174587,"received_addresses":2,"max_pkt_from_sameId":20,"has_attacker":0}
{"received packets":40,"IAT_Mean":0.04986442474391879,"IAT_Std":0.028367860297184516,"IAT_Max":0.07822949948968017,"IAT_Min":0.016360658653866268,"received_addresses":2,"max_pkt_from_sameId":20,"has_attacker":0}
{"received packets":40,"IAT_Mean":0.04986459015635773,"IAT_Std":0.02836812076718947,"IAT_Max":0.07822834521357436,"IAT_Min":0.016357671804144048,"received_addresses":2,"max_pkt_from_sameId":20,"has_attacker":0}
{"received packets":40,"IAT_Mean":0.049864325186445058,"IAT_Std":0.028371261889121148,"IAT_Max":0.0782283092084981,"IAT_Min":0.01635753486334579,"received_addresses":2,"max_pkt_from_sameId":20,"has_attacker":0}
{"received packets":40,"IAT_Mean":0.04986463159784762,"IAT_Std":0.028368339130957364,"IAT_Max":0.07822348829722614,"IAT_Min":0.01635691876799683,"received_addresses":2,"max_pkt_from_sameId":20,"has_attacker":0}
{"received packets":40,"IAT_Mean":0.04986447997498544,"IAT_Std":0.02836664011510555,"IAT_Max":0.07822327206667979,"IAT_Min":0.016355697458493525,"received_addresses":2,"max_pkt_from_sameId":20,"has_attacker":0}
{"received packets":40,"IAT_Mean":0.04986449504976918,"IAT_Std":0.028365308367963004,"IAT_Max":0.0782225518123596,"IAT_Min":0.01636251696618274,"received_addresses":2,"max_pkt_from_sameId":20,"has_attacker":0}
{"received packets":59,"IAT_Mean":0.033806486702753508,"IAT_Std":0.02331476772710308,"IAT_Max":0.07821823767517344,"IAT_Min":0.0065285255514027089,"received_addresses":4,"max_pkt_from_sameId":20,"has_attacker":0}
{"received packets":442,"IAT_Mean":0.004515435799862953,"IAT_Std":0.0027304195969934405,"IAT_Max":0.010021519465226448,"IAT_Min":0.0002929976908490062,"received_addresses":11,"max_pkt_from_sameId":188,"has_attacker":1}
{"received packets":640,"IAT_Mean":0.0031214910242624686,"IAT_Std":0.001647589932139095,"IAT_Max":0.005012000161514152,"IAT_Min":0.00011392625310691074,"received_addresses":16,"max_pkt_from_sameId":380,"has_attacker":1}
{"received packets":573,"IAT_Mean":0.003486484501829172,"IAT_Std":0.004189307710958333,"IAT_Max":0.02930508779900265,"IAT_Min":0.0001144257330452092,"received_addresses":19,"max_pkt_from_sameId":127,"has_attacker":1}
{"received packets":470,"IAT_Mean":0.004250552526834926,"IAT_Std":0.004927780490941903,"IAT_Max":0.02961156695164391,"IAT_Min":0.00016300166316796094,"received_addresses":20,"max_pkt_from_sameId":64,"has_attacker":1}
{"received packets":357,"IAT_Mean":0.0055959776666689429,"IAT_Std":0.006643750715605984,"IAT_Max":0.029611560992634624,"IAT_Min":0.00016300165952998213,"received_addresses":21,"max_pkt_from_sameId":20,"has_attacker":1}
{"received packets":695,"IAT_Mean":0.0028744628436483609,"IAT_Std":0.001763783622406494,"IAT_Max":0.006189305338921258,"IAT_Min":0.0001193905554828234,"received_addresses":20,"max_pkt_from_sameId":377,"has_attacker":1}
{"received packets":508,"IAT_Mean":0.00393258807590306,"IAT_Std":0.004336211903830875,"IAT_Max":0.02961121391490451,"IAT_Min":0.00011184568575117737,"received_addresses":18,"max_pkt_from_sameId":193,"has_attacker":1}
{"received packets":465,"IAT_Mean":0.004296255043253393,"IAT_Std":0.006024092338236294,"IAT_Max":0.029611169320560295,"IAT_Min":0.0001311433588853106,"received_addresses":18,"max_pkt_from_sameId":92,"has_attacker":1}
{"received packets":299,"IAT_Mean":0.006681480958871796,"IAT_Std":0.007059074023726756,"IAT_Max":0.029607916512759404,"IAT_Min":0.00016301994764944538,"received_addresses":18,"max_pkt_from_sameId":20,"has_attacker":1}
{"received packets":453,"IAT_Mean":0.004410048227968395,"IAT_Std":0.0047222217488524409,"IAT_Max":0.02960781727961148,"IAT_Min":0.00016308478370774537,"received_addresses":17,"max_pkt_from_sameId":186,"has_attacker":1}
{"received packets":509,"IAT_Mean":0.003919665746114991,"IAT_Std":0.002013580206840352,"IAT_Max":0.00875945012739976,"IAT_Min":0.00011194936087122187,"received_addresses":9,"max_pkt_from_sameId":380,"has_attacker":1}
{"received packets":94,"IAT_Mean":0.02086625990473004,"IAT_Std":0.015116632891070667,"IAT_Max":0.04839561632616096,"IAT_Min":0.00011025766434613615,"received_addresses":6,"max_pkt_from_sameId":20,"has_attacker":1}
{"received packets":70,"IAT_Mean":0.02802036058695064,"IAT_Std":0.017841160161035434,"IAT_Max":0.04839753735723207,"IAT_Min":0.006541314294736367,"received_addresses":4,"max_pkt_from_sameId":20,"has_attacker":0}
{"received packets":51,"IAT_Mean":0.03845953560748432,"IAT_Std":0.029090745571211265,"IAT_Max":0.0905324122759339,"IAT_Min":0.009466764717217302,"received_addresses":3,"max_pkt_from_sameId":20,"has_attacker":0}
{"received packets":20,"IAT_Mean":0.09759806258734898,"IAT_Std":0.010471042035024577,"IAT_Max":0.10001192603886011,"IAT_Min":0.05195585167166428,"received_addresses":1,"max_pkt_from_sameId":20,"has_attacker":0}
{"received packets":40,"IAT_Mean":0.04886771901965403,"IAT_Std":0.04664539759404371,"IAT_Max":0.09726115734156338,"IAT_Min":0.002737730977969477,"received_addresses":2,"max_pkt_from_sameId":20,"has_attacker":0}
{"received packets":20,"IAT_Mean":0.09759794432957278,"IAT_Std":0.010471566896514134,"IAT_Max":0.1000117420553579,"IAT_Min":0.05195344750973163,"received_addresses":1,"max_pkt_from_sameId":20,"has_attacker":0}
{"received packets":20,"IAT_Mean":0.09759800300762436,"IAT_Std":0.010470271515270294,"IAT_Max":0.100010236063099,"IAT_Min":0.0519591540833062,"received_addresses":1,"max_pkt_from_sameId":20,"has_attacker":0}
