{"received packets":39,"IAT_Mean":0.049540906518720877,"IAT_Std":0.019129487026687456,"IAT_Max":0.06917790995066753,"IAT_Min":0.030820622654573527,"received_addresses":2,"max_pkt_from_sameId":20,"has_attacker":0}
{"received packets":40,"IAT_Mean":0.04830251190578565,"IAT_Std":0.020362442222045666,"IAT_Max":0.06917354504184914,"IAT_Min":0.0012728513902402484,"received_addresses":2,"max_pkt_from_sameId":20,"has_attacker":0}
