{"received packets":450,"IAT_Mean":0.004439460589936869,"IAT_Std":0.004747553013544297,"IAT_Max":0.02813729647459695,"IAT_Min":0.00016300005881930701,"received_addresses":14,"max_pkt_from_sameId":192,"has_attacker":1}
{"received packets":280,"IAT_Mean":0.007134839730094557,"IAT_Std":0.007334803213272267,"IAT_Max":0.028137285393313506,"IAT_Min":0.0008261430011771154,"received_addresses":14,"max_pkt_from_sameId":20,"has_attacker":0}
{"received packets":655,"IAT_Mean":0.003050014678770294,"IAT_Std":0.002079439862596025,"IAT_Max":0.010345128925109748,"IAT_Min":0.00016300001152558252,"received_addresses":15,"max_pkt_from_sameId":375,"has_attacker":1}
{"received packets":650,"IAT_Mean":0.0030734784200299495,"IAT_Std":0.002076453544385053,"IAT_Max":0.008776002385275206,"IAT_Min":0.00010662458225851879,"received_addresses":16,"max_pkt_from_sameId":195,"has_attacker":1}
{"received packets":630,"IAT_Mean":0.003171043520296013,"IAT_Std":0.002064443837537532,"IAT_Max":0.008770408596319612,"IAT_Min":0.0001079808862414211,"received_addresses":14,"max_pkt_from_sameId":380,"has_attacker":1}
{"received packets":259,"IAT_Mean":0.007721646387895486,"IAT_Std":0.007746352279689312,"IAT_Max":0.02939165636053076,"IAT_Min":0.00011742563947336748,"received_addresses":16,"max_pkt_from_sameId":20,"has_attacker":1}
