{"received packets":80,"IAT_Mean":0.02493226096280523,"IAT_Std":0.006146397801079842,"IAT_Max":0.0319955199083779,"IAT_Min":0.014996617999713635,"received_addresses":4,"max_pkt_from_sameId":20,"has_attacker":0}
{"received packets":100,"IAT_Mean":0.01994572626252193,"IAT_Std":0.006469215731210867,"IAT_Max":0.026588597018417205,"IAT_Min":0.010197674459050177,"received_addresses":5,"max_pkt_from_sameId":20,"has_attacker":0}
{"received packets":219,"IAT_Mean":0.00910765204238296,"IAT_Std":0.00464138044942732,"IAT_Max":0.020957214717782337,"IAT_Min":0.002598600523924688,"received_addresses":12,"max_pkt_from_sameId":20,"has_attacker":0}
{"received packets":218,"IAT_Mean":0.009149446188964307,"IAT_Std":0.006006056440780694,"IAT_Max":0.026579202738503228,"IAT_Min":0.002606999874842586,"received_addresses":12,"max_pkt_from_sameId":20,"has_attacker":0}
{"received packets":200,"IAT_Mean":0.009972892756668444,"IAT_Std":0.007734374703985373,"IAT_Max":0.026579208963084967,"IAT_Min":0.0025939999395632187,"received_addresses":10,"max_pkt_from_sameId":20,"has_attacker":0}
{"received packets":210,"IAT_Mean":0.009503955875334213,"IAT_Std":0.00866999733207709,"IAT_Max":0.026579211866192055,"IAT_Min":0.0012031794321956114,"received_addresses":11,"max_pkt_from_sameId":20,"has_attacker":0}
{"received packets":220,"IAT_Mean":0.009071922212768352,"IAT_Std":0.008648713560806095,"IAT_Max":0.02657921212448855,"IAT_Min":0.0012031911574013066,"received_addresses":11,"max_pkt_from_sameId":20,"has_attacker":0}
{"received packets":586,"IAT_Mean":0.0034095512573012675,"IAT_Std":0.004865901770466461,"IAT_Max":0.026579212128126529,"IAT_Min":0.00016303562370012514,"received_addresses":11,"max_pkt_from_sameId":209,"has_attacker":1}
{"received packets":980,"IAT_Mean":0.0020387767177082276,"IAT_Std":0.001620767569438794,"IAT_Max":0.004490453484322643,"IAT_Min":0.0001630356564419344,"received_addresses":11,"max_pkt_from_sameId":400,"has_attacker":1}
{"received packets":550,"IAT_Mean":0.0036287708726872966,"IAT_Std":0.0017285616109587147,"IAT_Max":0.005166815855773166,"IAT_Min":0.00026980289112543687,"received_addresses":10,"max_pkt_from_sameId":380,"has_attacker":1}
{"received packets":421,"IAT_Mean":0.00474067883154144,"IAT_Std":0.006670728353376174,"IAT_Max":0.03403835052449722,"IAT_Min":0.00010801470125443302,"received_addresses":11,"max_pkt_from_sameId":200,"has_attacker":1}
{"received packets":568,"IAT_Mean":0.003517173340152484,"IAT_Std":0.00172855634492838,"IAT_Max":0.007648166170838522,"IAT_Min":0.00010982343155774288,"received_addresses":12,"max_pkt_from_sameId":380,"has_attacker":1}
{"received packets":695,"IAT_Mean":0.0028744710698355706,"IAT_Std":0.003339321419097468,"IAT_Max":0.029136019431462047,"IAT_Min":0.00010720487625803798,"received_addresses":12,"max_pkt_from_sameId":325,"has_attacker":1}
{"received packets":505,"IAT_Mean":0.003955966826477307,"IAT_Std":0.006137402025662995,"IAT_Max":0.03398829005527659,"IAT_Min":0.00011740643458324485,"received_addresses":14,"max_pkt_from_sameId":157,"has_attacker":1}
{"received packets":244,"IAT_Mean":0.008187511604237294,"IAT_Std":0.00892600384693514,"IAT_Max":0.0339882021471567,"IAT_Min":0.00016300895731546916,"received_addresses":13,"max_pkt_from_sameId":20,"has_attacker":1}
{"received packets":599,"IAT_Mean":0.0033351453735281477,"IAT_Std":0.001693443585113017,"IAT_Max":0.005012000001443084,"IAT_Min":0.0002800170623231679,"received_addresses":12,"max_pkt_from_sameId":379,"has_attacker":1}
{"received packets":606,"IAT_Mean":0.003296624478199573,"IAT_Std":0.0024248772907809899,"IAT_Max":0.013607447377580684,"IAT_Min":0.00011234353587497026,"received_addresses":13,"max_pkt_from_sameId":191,"has_attacker":1}
{"received packets":640,"IAT_Mean":0.0031214923704567358,"IAT_Std":0.0029841766102827406,"IAT_Max":0.013594446561910445,"IAT_Min":0.0001144589259638451,"received_addresses":12,"max_pkt_from_sameId":286,"has_attacker":1}
{"received packets":241,"IAT_Mean":0.008289472092014517,"IAT_Std":0.009514242739210942,"IAT_Max":0.03398301007109694,"IAT_Min":0.00011514223297126591,"received_addresses":12,"max_pkt_from_sameId":22,"has_attacker":1}
{"received packets":424,"IAT_Mean":0.004711683107356259,"IAT_Std":0.0057480252210245,"IAT_Max":0.03398268949968042,"IAT_Min":0.00016307815894833766,"received_addresses":14,"max_pkt_from_sameId":188,"has_attacker":1}
{"received packets":620,"IAT_Mean":0.0032221841794507195,"IAT_Std":0.001779118350406576,"IAT_Max":0.005012000001443084,"IAT_Min":0.00011390231156838126,"received_addresses":13,"max_pkt_from_sameId":380,"has_attacker":1}
{"received packets":645,"IAT_Mean":0.0030972954485016738,"IAT_Std":0.004226693405523975,"IAT_Max":0.029305019434104908,"IAT_Min":0.0001144560519605875,"received_addresses":16,"max_pkt_from_sameId":252,"has_attacker":1}
{"received packets":474,"IAT_Mean":0.004214682769257391,"IAT_Std":0.005544583674485769,"IAT_Max":0.02961157619211008,"IAT_Min":0.00011558942787814885,"received_addresses":17,"max_pkt_from_sameId":150,"has_attacker":1}
{"received packets":277,"IAT_Mean":0.0072121443033477069,"IAT_Std":0.008000646391941667,"IAT_Max":0.029611575017042925,"IAT_Min":0.00016300406423397362,"received_addresses":15,"max_pkt_from_sameId":20,"has_attacker":1}
{"received packets":642,"IAT_Mean":0.003111762650096749,"IAT_Std":0.0017863362346076354,"IAT_Max":0.00618937187755364,"IAT_Min":0.0001630829465284478,"received_addresses":15,"max_pkt_from_sameId":377,"has_attacker":1}
{"received packets":650,"IAT_Mean":0.003073468764498382,"IAT_Std":0.0022523659612300585,"IAT_Max":0.01359444676199928,"IAT_Min":0.00011188615098944865,"received_addresses":16,"max_pkt_from_sameId":193,"has_attacker":1}
{"received packets":638,"IAT_Mean":0.003131282996367769,"IAT_Std":0.004032100862035439,"IAT_Max":0.02930500057482277,"IAT_Min":0.00011472206460894085,"received_addresses":15,"max_pkt_from_sameId":294,"has_attacker":1}
{"received packets":288,"IAT_Mean":0.006936676074562658,"IAT_Std":0.007144957605190849,"IAT_Max":0.02960812655510381,"IAT_Min":0.00010557682253420353,"received_addresses":16,"max_pkt_from_sameId":24,"has_attacker":1}
{"received packets":466,"IAT_Mean":0.0042870207624359419,"IAT_Std":0.004594158957863543,"IAT_Max":0.029607934488012689,"IAT_Min":0.00016306922407238744,"received_addresses":15,"max_pkt_from_sameId":186,"has_attacker":1}
{"received packets":640,"IAT_Mean":0.003121504543162246,"IAT_Std":0.0017220896175336497,"IAT_Max":0.005012000001443084,"IAT_Min":0.0001119400876632426,"received_addresses":14,"max_pkt_from_sameId":380,"has_attacker":1}
{"received packets":612,"IAT_Mean":0.0032643095559596157,"IAT_Std":0.002987771076105465,"IAT_Max":0.0243061744440638,"IAT_Min":0.00011017241558874957,"received_addresses":16,"max_pkt_from_sameId":315,"has_attacker":1}
{"received packets":428,"IAT_Mean":0.004667653848415608,"IAT_Std":0.005956638608844462,"IAT_Max":0.02960730091581354,"IAT_Min":0.00011747339158318937,"received_addresses":14,"max_pkt_from_sameId":157,"has_attacker":1}
{"received packets":260,"IAT_Mean":0.0076836683571365519,"IAT_Std":0.007966082096862086,"IAT_Max":0.029607273761939724,"IAT_Min":0.0008260021459136624,"received_addresses":13,"max_pkt_from_sameId":20,"has_attacker":0}
{"received packets":615,"IAT_Mean":0.003248387531458298,"IAT_Std":0.002057004209134651,"IAT_Max":0.012523530356702395,"IAT_Min":0.00016323885574820451,"received_addresses":13,"max_pkt_from_sameId":375,"has_attacker":1}
{"received packets":589,"IAT_Mean":0.003391782269824831,"IAT_Std":0.0030529667226990065,"IAT_Max":0.029447654611431063,"IAT_Min":0.00010559663496678695,"received_addresses":15,"max_pkt_from_sameId":195,"has_attacker":1}
{"received packets":557,"IAT_Mean":0.0035866360255634944,"IAT_Std":0.004467574005794646,"IAT_Max":0.02430686833031359,"IAT_Min":0.00010678207036107779,"received_addresses":14,"max_pkt_from_sameId":241,"has_attacker":1}
{"received packets":250,"IAT_Mean":0.007991013321341598,"IAT_Std":0.008250999932056271,"IAT_Max":0.0296089465773548,"IAT_Min":0.00011629138316493481,