{"received packets":49,"IAT_Mean":0.04077046883833887,"IAT_Std":0.14183984279778337,"IAT_Max":1.0163598422368523,"IAT_Min":0.003167187864164589,"received_addresses":5,"max_pkt_from_sameId":10,"has_attacker":0}
{"received packets":110,"IAT_Mean":0.018161411833948067,"IAT_Std":0.017007202138289089,"IAT_Max":0.04862016482002218,"IAT_Min":0.003167187904182356,"received_addresses":6,"max_pkt_from_sameId":20,"has_attacker":0}
{"received packets":120,"IAT_Mean":0.016647966530824004,"IAT_Std":0.016839239904024619,"IAT_Max":0.04861921281553805,"IAT_Min":0.0031755248055560516,"received_addresses":6,"max_pkt_from_sameId":20,"has_attacker":0}
{"received packets":120,"IAT_Mean":0.016648030338516644,"IAT_Std":0.016837969580981335,"IAT_Max":0.0486185907793697,"IAT_Min":0.0031671863798692358,"received_addresses":6,"max_pkt_from_sameId":20,"has_attacker":0}
{"received packets":120,"IAT_Mean":0.01664795419977357,"IAT_Std":0.01683873429405482,"IAT_Max":0.04861748840266955,"IAT_Min":0.0031671863798692358,"received_addresses":6,"max_pkt_from_sameId":20,"has_attacker":0}
{"received packets":130,"IAT_Mean":0.015367346597794004,"IAT_Std":0.014141201447914209,"IAT_Max":0.04861738975159824,"IAT_Min":0.003180187959515024,"received_addresses":7,"max_pkt_from_sameId":20,"has_attacker":0}
{"received packets":120,"IAT_Mean":0.0166479702561143,"IAT_Std":0.016837429857160338,"IAT_Max":0.04862097225122852,"IAT_Min":0.003167169572407147,"received_addresses":6,"max_pkt_from_sameId":20,"has_attacker":0}
{"received packets":120,"IAT_Mean":0.0166480041589845,"IAT_Std":0.01683878922840965,"IAT_Max":0.048621584406646437,"IAT_Min":0.0031671863835072147,"received_addresses":6,"max_pkt_from_sameId":20,"has_attacker":0}
{"received packets":120,"IAT_Mean":0.016648040320675744,"IAT_Std":0.016839071776136036,"IAT_Max":0.04862163165671518,"IAT_Min":0.0031671863835072147,"received_addresses":6,"max_pkt_from_sameId":20,"has_attacker":0}
{"received packets":120,"IAT_Mean":0.016647937398465728,"IAT_Std":0.016839398612045376,"IAT_Max":0.04862193813096383,"IAT_Min":0.003167187958752038,"received_addresses":6,"max_pkt_from_sameId":20,"has_attacker":0}
{"received packets":120,"IAT_Mean":0.01664796302808706,"IAT_Std":0.016839376759900223,"IAT_Max":0.04861749166593654,"IAT_Min":0.003167189639498247,"received_addresses":6,"max_pkt_from_sameId":20,"has_attacker":0}
{"received packets":130,"IAT_Mean":0.01536738013948287,"IAT_Std":0.01382542796929135,"IAT_Max":0.04862160500852042,"IAT_Min":0.0031755103409523146,"received_addresses":7,"max_pkt_from_sameId":20,"has_attacker":0}
{"received packets":140,"IAT_Mean":0.014269739828055859,"IAT_Std":0.010455581908231126,"IAT_Max":0.029608199703943684,"IAT_Min":0.0031802329467609526,"received_addresses":7,"max_pkt_from_sameId":20,"has_attacker":0}
{"received packets":140,"IAT_Mean":0.014269661012492309,"IAT_Std":0.012026096532316979,"IAT_Max":0.03561020349297905,"IAT_Min":0.0031672110162617175,"received_addresses":7,"max_pkt_from_sameId":20,"has_attacker":0}
{"received packets":130,"IAT_Mean":0.01536741364669489,"IAT_Std":0.014497187086907447,"IAT_Max":0.04862020163636771,"IAT_Min":0.0031672177829022987,"received_addresses":7,"max_pkt_from_sameId":20,"has_attacker":0}
{"received packets":120,"IAT_Mean":0.016647985955781529,"IAT_Std":0.0168380109263194,"IAT_Max":0.048619712641084337,"IAT_Min":0.0031802653029444629,"received_addresses":6,"max_pkt_from_sameId":20,"has_attacker":0}
{"received packets":140,"IAT_Mean":0.014269690811254675,"IAT_Std":0.015209509398559055,"IAT_Max":0.04507340658528847,"IAT_Min":0.003180382049322361,"received_addresses":7,"max_pkt_from_sameId":20,"has_attacker":0}
{"received packets":140,"IAT_Mean":0.014269675995014301,"IAT_Std":0.015211458803927755,"IAT_Max":0.04507335832022363,"IAT_Min":0.0031675893733336126,"received_addresses":7,"max_pkt_from_sameId":20,"has_attacker":0}
{"received packets":140,"IAT_Mean":0.014269708559264212,"IAT_Std":0.015211653426084039,"IAT_Max":0.045073393204802417,"IAT_Min":0.0031677277911512648,"received_addresses":7,"max_pkt_from_sameId":20,"has_attacker":0}
{"received packets":140,"IAT_Mean":0.014269718738406871,"IAT_Std":0.015211001088220624,"IAT_Max":0.04507331486456678,"IAT_Min":0.003167901129927486,"received_addresses":7,"max_pkt_from_sameId":20,"has_attacker":0}
{"received packets":140,"IAT_Mean":0.014269693804921449,"IAT_Std":0.015210024889509819,"IAT_Max":0.04507718419699813,"IAT_Min":0.003175139630911872,"received_addresses":7,"max_pkt_from_sameId":20,"has_attacker":0}
{"received packets":140,"IAT_Mean":0.014269672834156413,"IAT_Std":0.015211606084710535,"IAT_Max":0.045083151668222857,"IAT_Min":0.0031774882118043026,"received_addresses":7,"max_pkt_from_sameId":20,"has_attacker":0}
