{"received packets":300,"IAT_Mean":0.006659879200584935,"IAT_Std":0.005442100685998641,"IAT_Max":0.018401238976366586,"IAT_Min":0.00016306342513416894,"received_addresses":15,"max_pkt_from_sameId":20,"has_attacker":0}
{"received packets":290,"IAT_Mean":0.0068895469548367368,"IAT_Std":0.005399220059074484,"IAT_Max":0.018402155532385224,"IAT_Min":0.0001631174200156238,"received_addresses":15,"max_pkt_from_sameId":20,"has_attacker":0}
{"received packets":250,"IAT_Mean":0.007991026000367129,"IAT_Std":0.005118762251776984,"IAT_Max":0.018610056013130817,"IAT_Min":0.001200590340886265,"received_addresses":13,"max_pkt_from_sameId":20,"has_attacker":0}
{"received packets":200,"IAT_Mean":0.009988799147740792,"IAT_Std":0.008262373456122316,"IAT_Max":0.02975974269429571,"IAT_Min":0.001207348828756949,"received_addresses":10,"max_pkt_from_sameId":20,"has_attacker":0}
{"received packets":150,"IAT_Mean":0.013318393111452073,"IAT_Std":0.007679866973872019,"IAT_Max":0.029759596451185645,"IAT_Min":0.0036996223643654959,"received_addresses":8,"max_pkt_from_sameId":20,"has_attacker":0}
{"received packets":168,"IAT_Mean":0.011891427665540548,"IAT_Std":0.007237997513139305,"IAT_Max":0.029759449640550885,"IAT_Min":0.0025940006162272768,"received_addresses":9,"max_pkt_from_sameId":20,"has_attacker":0}
{"received packets":190,"IAT_Mean":0.010514499958126658,"IAT_Std":0.008056292708862202,"IAT_Max":0.029767218104097993,"IAT_Min":0.0012031900987494737,"received_addresses":10,"max_pkt_from_sameId":20,"has_attacker":0}
{"received packets":566,"IAT_Mean":0.003530030284496158,"IAT_Std":0.00476978292228862,"IAT_Max":0.027834752268972808,"IAT_Min":0.0002331790019525215,"received_addresses":10,"max_pkt_from_sameId":209,"has_attacker":1}
{"received packets":960,"IAT_Mean":0.00208125134125036,"IAT_Std":0.0016347779652418785,"IAT_Max":0.004490245835768292,"IAT_Min":0.00023325212896452285,"received_addresses":10,"max_pkt_from_sameId":400,"has_attacker":1}
{"received packets":548,"IAT_Mean":0.0036455395157798089,"IAT_Std":0.0017189235450109403,"IAT_Max":0.0075198989688942678,"IAT_Min":0.0002699071337701753,"received_addresses":10,"max_pkt_from_sameId":380,"has_attacker":1}
{"received packets":530,"IAT_Mean":0.003769353438899929,"IAT_Std":0.0017045620627425397,"IAT_Max":0.005165418537217192,"IAT_Min":0.00010811894389917143,"received_addresses":9,"max_pkt_from_sameId":200,"has_attacker":1}
{"received packets":545,"IAT_Mean":0.0036656047009081696,"IAT_Std":0.0017393487197538075,"IAT_Max":0.005845568368386012,"IAT_Min":0.00010992767420248128,"received_addresses":10,"max_pkt_from_sameId":380,"has_attacker":1}
{"received packets":511,"IAT_Mean":0.003909505863226094,"IAT_Std":0.005231942236501667,"IAT_Max":0.02967624511802569,"IAT_Min":0.00010730911890277639,"received_addresses":9,"max_pkt_from_sameId":191,"has_attacker":1}
{"received packets":434,"IAT_Mean":0.004603141344807629,"IAT_Std":0.006460038185450316,"IAT_Max":0.030145578832161847,"IAT_Min":0.00011751068086596206,"received_addresses":14,"max_pkt_from_sameId":99,"has_attacker":1}
{"received packets":304,"IAT_Mean":0.006571555673477441,"IAT_Std":0.007569144535704288,"IAT_Max":0.03086410023024655,"IAT_Min":0.0001630286315048579,"received_addresses":14,"max_pkt_from_sameId":58,"has_attacker":1}
{"received packets":639,"IAT_Mean":0.003126372726105038,"IAT_Std":0.001822634769658042,"IAT_Max":0.005012000001443084,"IAT_Min":0.00013300386490300298,"received_addresses":15,"max_pkt_from_sameId":379,"has_attacker":1}
{"received packets":569,"IAT_Mean":0.003510992138880601,"IAT_Std":0.0038453557973603094,"IAT_Max":0.029845245117030573,"IAT_Min":0.00011227342838537879,"received_addresses":15,"max_pkt_from_sameId":191,"has_attacker":1}
{"received packets":560,"IAT_Mean":0.0035674200184400565,"IAT_Std":0.004588196958628725,"IAT_Max":0.020551780267851428,"IAT_Min":0.00012888987112091854,"received_addresses":14,"max_pkt_from_sameId":166,"has_attacker":1}
{"received packets":252,"IAT_Mean":0.007927630426214213,"IAT_Std":0.008143574233116645,"IAT_Max":0.030860569055221278,"IAT_Min":0.0002802153649099637,"received_addresses":14,"max_pkt_from_sameId":20,"has_attacker":1}
{"received packets":468,"IAT_Mean":0.0042687045528991729,"IAT_Std":0.004843704477138524,"IAT_Max":0.030860570208460559,"IAT_Min":0.00016308858175761998,"received_addresses":15,"max_pkt_from_sameId":188,"has_attacker":1}
{"received packets":660,"IAT_Mean":0.003026900431056371,"IAT_Std":0.0017685571791807404,"IAT_Max":0.005012000001443084,"IAT_Min":0.0001138322040787898,"received_addresses":15,"max_pkt_from_sameId":380,"has_attacker":1}
{"received packets":573,"IAT_Mean":0.003486484568093718,"IAT_Std":0.004851273262300879,"IAT_Max":0.029845245117030573,"IAT_Min":0.00011438594447099604,"received_addresses":17,"max_pkt_from_sameId":148,"has_attacker":1}
{"received packets":431,"IAT_Mean":0.0046351733778703589,"IAT_Std":0.005751446312933511,"IAT_Max":0.030860578881402036,"IAT_Min":0.00015148107195273042,"received_addresses":18,"max_pkt_from_sameId":78,"has_attacker":1}
{"received packets":326,"IAT_Mean":0.006128110629647464,"IAT_Std":0.007230282985836474,"IAT_Max":0.030860579554428115,"IAT_Min":0.00016301630239468068,"received_addresses":18,"max_pkt_from_sameId":20,"has_attacker":1}
{"received packets":679,"IAT_Mean":0.002942196928718515,"IAT_Std":0.0017813453787274222,"IAT_Max":0.006189210875163553,"IAT_Min":0.00016308974591083825,"received_addresses":18,"max_pkt_from_sameId":377,"has_attacker":1}
{"received packets":536,"IAT_Mean":0.003727154429433635,"IAT_Std":0.00445392667640893,"IAT_Max":0.03086025614538812,"IAT_Min":0.000111816047137836,"received_addresses":19,"max_pkt_from_sameId":193,"has_attacker":1}
{"received packets":475,"IAT_Mean":0.004205807609197157,"IAT_Std":0.006150781626013603,"IAT_Max":0.030856054385367316,"IAT_Min":0.00013112421584082767,"received_addresses":18,"max_pkt_from_sameId":92,"has_attacker":1}
{"received packets":312,"IAT_Mean":0.006403085805255288,"IAT_Std":0.007119953671872807,"IAT_Max":0.029384425663010917,"IAT_Min":0.00016300443530781195,"received_addresses":18,"max_pkt_from_sameId":20,"has_attacker":1}
{"received packets":522,"IAT_Mean":0.0038271106073124469,"IAT_Std":0.004547738532934859,"IAT_Max":0.029384425484749955,"IAT_Min":0.00016310589126078412,"received_addresses":19,"max_pkt_from_sameId":186,"has_attacker":1}
{"received packets":752,"IAT_Mean":0.0026565996744166307,"IAT_Std":0.0018567088644575955,"IAT_Max":0.00875233600163483,"IAT_Min":0.00011185860785190016,"received_addresses":22,"max_pkt_from_sameId":380,"has_attacker":1}
{"received packets":488,"IAT_Mean":0.004093765298786492,"IAT_Std":0.00528899726149507,"IAT_Max":0.025555446391081206,"IAT_Min":0.00011009512672899291,"received_addresses":22,"max_pkt_from_sameId":75,"has_attacker":1}
{"received packets":452,"IAT_Mean":0.0044198138626775009,"IAT_Std":0.005683123446317669,"IAT_Max":0.029384664852841526,"IAT_Min":0.00013198185479268432,"received_addresses":19,"max_pkt_from_sameId":87,"has_attacker":1}
{"received packets":340,"IAT_Mean":0.0058757466718816439,"IAT_Std":0.006931229158364826,"IAT_Max":0.029384844452579274,"IAT_Min":0.0007941415751702152,"received_addresses":17,"max_pkt_from_sameId":20,"has_attacker":0}
{"received packets":685,"IAT_Mean":0.0029164357870744108,"IAT_Std":0.0020442905616839658,"IAT_Max":0.010343173762521474,"IAT_Min":0.00016328698256984353,"received_addresses":17,"max_pkt_from_sameId":365,"has_attacker":1}
{"received packets":408,"IAT_Mean":0.00489647066122273,"IAT_Std":0.005550869288370866,"IAT_Max":0.030863941963616527,"IAT_Min":0.0001058022644429002,"received_addresses":14,"max_pkt_from_sameId":184,"has_attacker":1}
{"received packets":182,"IAT_Mean":0.010976684767728739,"IAT_Std":0.01061052887291947,"IAT_Max":0.03279273589942022,"IAT_Min":0.0002926898159785196,"received_addresses":11,"max_pkt_from_sameId":20,"has_attacker":0}
{"received packets":160,"IAT_Mean":0.012485961141715052,"IAT_Std":0.011061194659439639,"IAT_Max":0.032785705516289457,