{"received packets":558,"IAT_Mean":0.0035815628824263604,"IAT_Std":0.00416544004778936,"IAT_Max":0.0223800006097008,"IAT_Min":0.00016317211702698842,"received_addresses":28,"max_pkt_from_sameId":20,"has_attacker":0}
{"received packets":541,"IAT_Mean":0.003694122481575066,"IAT_Std":0.0041935309773511509,"IAT_Max":0.02238000076613389,"IAT_Min":0.00016312262232531793,"received_addresses":28,"max_pkt_from_sameId":20,"has_attacker":0}
{"received packets":550,"IAT_Mean":0.0036336759907466,"IAT_Std":0.003613160458667591,"IAT_Max":0.022380009140761105,"IAT_Min":0.00016302796575473621,"received_addresses":29,"max_pkt_from_sameId":20,"has_attacker":0}
{"received packets":570,"IAT_Mean":0.0035061690319452556,"IAT_Std":0.002905839063697299,"IAT_Max":0.01312400038659689,"IAT_Min":0.0001630000006116461,"received_addresses":29,"max_pkt_from_sameId":20,"has_attacker":0}
{"received packets":590,"IAT_Mean":0.003387307079759983,"IAT_Std":0.002875097892964164,"IAT_Max":0.013124000848620199,"IAT_Min":0.00016302871154039167,"received_addresses":30,"max_pkt_from_sameId":20,"has_attacker":0}
{"received packets":610,"IAT_Mean":0.0032762554996195118,"IAT_Std":0.0029179248243420914,"IAT_Max":0.013124011777108536,"IAT_Min":0.00016315140601363964,"received_addresses":31,"max_pkt_from_sameId":20,"has_attacker":0}
{"received packets":600,"IAT_Mean":0.0033308623181255829,"IAT_Std":0.0029571019499437629,"IAT_Max":0.013124278786563082,"IAT_Min":0.00016331586084561422,"received_addresses":30,"max_pkt_from_sameId":20,"has_attacker":0}
{"received packets":1703,"IAT_Mean":0.0011738048884480674,"IAT_Std":0.0017115514732569727,"IAT_Max":0.013124468037858606,"IAT_Min":0.00016300001516356133,"received_addresses":30,"max_pkt_from_sameId":208,"has_attacker":1}
{"received packets":2838,"IAT_Mean":0.0007043488103738206,"IAT_Std":0.0006680665746491507,"IAT_Max":0.0023860634537413718,"IAT_Min":0.0001630000006116461,"received_addresses":29,"max_pkt_from_sameId":400,"has_attacker":1}
{"received packets":704,"IAT_Mean":0.0028388047823103659,"IAT_Std":0.0026683553707734614,"IAT_Max":0.014073721093154746,"IAT_Min":0.00016300524293910712,"received_addresses":24,"max_pkt_from_sameId":201,"has_attacker":1}
{"received packets":564,"IAT_Mean":0.0035421241979638068,"IAT_Std":0.003710251560147391,"IAT_Max":0.025001721536682454,"IAT_Min":0.00016375185441575013,"received_addresses":21,"max_pkt_from_sameId":200,"has_attacker":1}
{"received packets":658,"IAT_Mean":0.0030361022602661575,"IAT_Std":0.001746211690513511,"IAT_Max":0.005721965248085326,"IAT_Min":0.0001050696155289188,"received_addresses":17,"max_pkt_from_sameId":380,"has_attacker":1}
{"received packets":775,"IAT_Mean":0.002577752543480939,"IAT_Std":0.00216641460559977,"IAT_Max":0.02707736400043359,"IAT_Min":0.00015651644571335055,"received_addresses":19,"max_pkt_from_sameId":327,"has_attacker":1}
{"received packets":647,"IAT_Mean":0.0030877342633990744,"IAT_Std":0.0026409336975200187,"IAT_Max":0.013595061653177254,"IAT_Min":0.00010524317622184753,"received_addresses":18,"max_pkt_from_sameId":168,"has_attacker":1}
{"received packets":505,"IAT_Mean":0.00395594782063145,"IAT_Std":0.0027694973967043125,"IAT_Max":0.013771822345006513,"IAT_Min":0.00012241568038007244,"received_addresses":15,"max_pkt_from_sameId":273,"has_attacker":1}
{"received packets":600,"IAT_Mean":0.003329588161098703,"IAT_Std":0.0017890790532785427,"IAT_Max":0.006222328047442716,"IAT_Min":0.00012504301776061766,"received_addresses":13,"max_pkt_from_sameId":379,"has_attacker":1}
{"received packets":683,"IAT_Mean":0.0029249710859513948,"IAT_Std":0.001984956926868273,"IAT_Max":0.006222328851436032,"IAT_Min":0.00011291006376268342,"received_addresses":14,"max_pkt_from_sameId":191,"has_attacker":1}
{"received packets":830,"IAT_Mean":0.002406934861455629,"IAT_Std":0.0021902352375980326,"IAT_Max":0.012209671640448505,"IAT_Min":0.00011278979218332097,"received_addresses":15,"max_pkt_from_sameId":336,"has_attacker":1}
{"received packets":467,"IAT_Mean":0.004277866364213537,"IAT_Std":0.0051567908980408509,"IAT_Max":0.030007000001205598,"IAT_Min":0.00011347292456775904,"received_addresses":16,"max_pkt_from_sameId":189,"has_attacker":1}
{"received packets":579,"IAT_Mean":0.0034503531181950175,"IAT_Std":0.0037320518020949645,"IAT_Max":0.02999400000044261,"IAT_Min":0.00010540231232880615,"received_addresses":16,"max_pkt_from_sameId":188,"has_attacker":1}
{"received packets":671,"IAT_Mean":0.0029772801925116354,"IAT_Std":0.0017877665969718883,"IAT_Max":0.005012000001443084,"IAT_Min":0.00011446883945609443,"received_addresses":17,"max_pkt_from_sameId":380,"has_attacker":1}
{"received packets":796,"IAT_Mean":0.0025097441987430165,"IAT_Std":0.002155910325775832,"IAT_Max":0.015005373355961638,"IAT_Min":0.00011502257984830067,"received_addresses":19,"max_pkt_from_sameId":276,"has_attacker":1}
{"received packets":733,"IAT_Mean":0.0027254576397444535,"IAT_Std":0.002221940734579953,"IAT_Max":0.013594482123153285,"IAT_Min":0.00010690199997043237,"received_addresses":21,"max_pkt_from_sameId":160,"has_attacker":1}
{"received packets":546,"IAT_Mean":0.003658909869698572,"IAT_Std":0.0037232278934289919,"IAT_Max":0.02999400000408059,"IAT_Min":0.00012921290544909425,"received_addresses":19,"max_pkt_from_sameId":250,"has_attacker":1}
{"received packets":149,"IAT_Mean":0.012915597963318754,"IAT_Std":0.02112811225133684,"IAT_Max":0.07684527652236284,"IAT_Min":0.0001537517564429436,"received_addresses":12,"max_pkt_from_sameId":20,"has_attacker":1}
{"received packets":297,"IAT_Mean":0.006733673580230162,"IAT_Std":0.01333172244343443,"IAT_Max":0.07685826556189568,"IAT_Min":0.00020630962171708234,"received_addresses":7,"max_pkt_from_sameId":187,"has_attacker":1}
{"received packets":522,"IAT_Mean":0.0038312312257284917,"IAT_Std":0.0018287132873284816,"IAT_Max":0.008292030473967316,"IAT_Min":0.00011567352703423239,"received_addresses":8,"max_pkt_from_sameId":396,"has_attacker":1}
{"received packets":509,"IAT_Mean":0.003929082729068001,"IAT_Std":0.002161705706316901,"IAT_Max":0.013125963378115558,"IAT_Min":0.00019918681937269866,"received_addresses":9,"max_pkt_from_sameId":376,"has_attacker":1}
{"received packets":325,"IAT_Mean":0.00615356600236667,"IAT_Std":0.009599500049732766,"IAT_Max":0.04272970073725446,"IAT_Min":0.00011812255252152681,"received_addresses":8,"max_pkt_from_sameId":194,"has_attacker":1}
{"received packets":80,"IAT_Mean":0.02499874901709518,"IAT_Std":0.01926867900578753,"IAT_Max":0.045280552931217247,"IAT_Min":0.001262736703210976,"received_addresses":4,"max_pkt_from_sameId":20,"has_attacker":0}
{"received packets":90,"IAT_Mean":0.022221156063096715,"IAT_Std":0.016713491082440608,"IAT_Max":0.04528018387645716,"IAT_Min":0.0012623075126612094,"received_addresses":5,"max_pkt_from_sameId":20,"has_attacker":0}
{"received packets":90,"IAT_Mean":0.02222107734616859,"IAT_Std":0.016713267599710359,"IAT_Max":0.04528033215319738,"IAT_Min":0.001262777455849573,"received_addresses":5,"max_pkt_from_sameId":20,"has_attacker":0}
{"received packets":80,"IAT_Mean":0.024998724302122356,"IAT_Std":0.01926957750229893,"IAT_Max":0.045281086073373447,"IAT_Min":0.0012734364572679625,"received_addresses":4,"max_pkt_from_sameId":20,"has_attacker":0}
{"received packets":60,"IAT_Mean":0.033331641253062118,"IAT_Std":0.038787266346269087,"IAT_Max":0.08792690098198364,"IAT_Min":0.0012657840343308636,"received_addresses":3,"max_pkt_from_sameId":20,"has_attacker":0}
