{"received packets":60,"IAT_Mean":0.03329591774587849,"IAT_Std":0.03237305404192049,"IAT_Max":0.0782220401451923,"IAT_Min":0.003167188449879177,"received_addresses":3,"max_pkt_from_sameId":20,"has_attacker":0}
{"received packets":60,"IAT_Mean":0.03329596697864569,"IAT_Std":0.03237636228196364,"IAT_Max":0.07822950282206875,"IAT_Min":0.0031671692886448,"received_addresses":3,"max_pkt_from_sameId":20,"has_attacker":0}
{"received packets":328,"IAT_Mean":0.006090743414161563,"IAT_Std":0.008976255137363615,"IAT_Max":0.04861622474709293,"IAT_Min":0.00013375806156545877,"received_addresses":8,"max_pkt_from_sameId":209,"has_attacker":1}
{"received packets":269,"IAT_Mean":0.007426592279193671,"IAT_Std":0.008600568328597935,"IAT_Max":0.031112823086004938,"IAT_Min":0.00011118138354504481,"received_addresses":12,"max_pkt_from_sameId":91,"has_attacker":1}
{"received packets":620,"IAT_Mean":0.00322218137896984,"IAT_Std":0.002097915622163987,"IAT_Max":0.009828270696743857,"IAT_Min":0.00013413608758128248,"received_addresses":16,"max_pkt_from_sameId":379,"has_attacker":1}
{"received packets":713,"IAT_Mean":0.0028018999885577728,"IAT_Std":0.00238374619038335,"IAT_Max":0.014308006273495267,"IAT_Min":0.00011274645294179209,"received_addresses":16,"max_pkt_from_sameId":191,"has_attacker":1}
{"received packets":746,"IAT_Mean":0.002677956108810569,"IAT_Std":0.0030272221412192947,"IAT_Max":0.014308005494967802,"IAT_Min":0.0001150652242358774,"received_addresses":13,"max_pkt_from_sameId":292,"has_attacker":1}
{"received packets":297,"IAT_Mean":0.00672647409645824,"IAT_Std":0.007776989846524398,"IAT_Max":0.02961185578533332,"IAT_Min":0.00011563485531951301,"received_addresses":16,"max_pkt_from_sameId":20,"has_attacker":1}
{"received packets":472,"IAT_Mean":0.0042325288434659669,"IAT_Std":0.004920951268011104,"IAT_Max":0.029611684887640878,"IAT_Min":0.00016330880680470727,"received_addresses":16,"max_pkt_from_sameId":188,"has_attacker":1}
{"received packets":671,"IAT_Mean":0.0029772789338306075,"IAT_Std":0.0018339396503575603,"IAT_Max":0.005012000041460851,"IAT_Min":0.00011391154475859366,"received_addresses":16,"max_pkt_from_sameId":380,"has_attacker":1}
{"received packets":657,"IAT_Mean":0.0030407238015150185,"IAT_Std":0.003926297917546033,"IAT_Max":0.029305039723112715,"IAT_Min":0.00011445729614933953,"received_addresses":18,"max_pkt_from_sameId":180,"has_attacker":1}
{"received packets":528,"IAT_Mean":0.00378363561730332,"IAT_Std":0.004874008503214167,"IAT_Max":0.029611628811835545,"IAT_Min":0.00011562649888219312,"received_addresses":20,"max_pkt_from_sameId":111,"has_attacker":1}
{"received packets":348,"IAT_Mean":0.005740700992343288,"IAT_Std":0.007124516291953985,"IAT_Max":0.029611628753627885,"IAT_Min":0.00016300067727570422,"received_addresses":20,"max_pkt_from_sameId":20,"has_attacker":1}
{"received packets":680,"IAT_Mean":0.0029378699921621509,"IAT_Std":0.001899743886890904,"IAT_Max":0.006352422962663695,"IAT_Min":0.00016300444622174837,"received_addresses":19,"max_pkt_from_sameId":377,"has_attacker":1}
{"received packets":626,"IAT_Mean":0.0031913013901471215,"IAT_Std":0.0022383825518553538,"IAT_Max":0.01267270290190936,"IAT_Min":0.000111886842205422,"received_addresses":17,"max_pkt_from_sameId":193,"has_attacker":1}
{"received packets":644,"IAT_Mean":0.003102109510855258,"IAT_Std":0.004008886331999988,"IAT_Max":0.02930501024093246,"IAT_Min":0.0001147591246990487,"received_addresses":18,"max_pkt_from_sameId":244,"has_attacker":1}
{"received packets":315,"IAT_Mean":0.006342103754864111,"IAT_Std":0.007106752148842941,"IAT_Max":0.02813519230039674,"IAT_Min":0.00010561388262431137,"received_addresses":19,"max_pkt_from_sameId":20,"has_attacker":1}
{"received packets":502,"IAT_Mean":0.003979584957384335,"IAT_Std":0.004622308602326047,"IAT_Max":0.028135191943874817,"IAT_Min":0.0001630974111321848,"received_addresses":18,"max_pkt_from_sameId":186,"has_attacker":1}
{"received packets":712,"IAT_Mean":0.002805846742882004,"IAT_Std":0.0018791181099330034,"IAT_Max":0.00875232740145293,"IAT_Min":0.00011194077887921594,"received_addresses":20,"max_pkt_from_sameId":380,"has_attacker":1}
{"received packets":698,"IAT_Mean":0.0028621166497928855,"IAT_Std":0.0027992313822127877,"IAT_Max":0.024306148014147767,"IAT_Min":0.00011017310316674411,"received_addresses":21,"max_pkt_from_sameId":315,"has_attacker":1}
{"received packets":512,"IAT_Mean":0.003901866836777401,"IAT_Std":0.005299295600738304,"IAT_Max":0.028135261447459926,"IAT_Min":0.0001175104480353184,"received_addresses":19,"max_pkt_from_sameId":147,"has_attacker":1}
{"received packets":340,"IAT_Mean":0.005875746312246038,"IAT_Std":0.006935683531943391,"IAT_Max":0.028135432450653754,"IAT_Min":0.0007943908422021195,"received_addresses":17,"max_pkt_from_sameId":20,"has_attacker":0}
{"received packets":725,"IAT_Mean":0.002755528696765521,"IAT_Std":0.0020382212405794279,"IAT_Max":0.010343175792513648,"IAT_Min":0.00016328574565704912,"received_addresses":19,"max_pkt_from_sameId":375,"has_attacker":1}
{"received packets":704,"IAT_Mean":0.0028377268895383169,"IAT_Std":0.0026636007958510878,"IAT_Max":0.02813560369395418,"IAT_Min":0.0001055973261827603,"received_addresses":21,"max_pkt_from_sameId":195,"has_attacker":1}
{"received packets":639,"IAT_Mean":0.0031263790916228734,"IAT_Std":0.004188375087557639,"IAT_Max":0.02430682985141175,"IAT_Min":0.00010681912681320682,"received_addresses":19,"max_pkt_from_sameId":223,"has_attacker":1}
{"received packets":359,"IAT_Mean":0.005570771530998821,"IAT_Std":0.006769883909016921,"IAT_Max":0.02814467119969777,"IAT_Min":0.00011632843961706385,"received_addresses":21,"max_pkt_from_sameId":20,"has_attacker":1}
