{"received packets":558,"IAT_Mean":0.003581562876649928,"IAT_Std":0.004104916052807683,"IAT_Max":0.02238001689693192,"IAT_Min":0.000163208635058254,"received_addresses":28,"max_pkt_from_sameId":20,"has_attacker":0}
{"received packets":532,"IAT_Mean":0.0037566170157901127,"IAT_Std":0.004167912341770293,"IAT_Max":0.022380066257028376,"IAT_Min":0.00016311818035319448,"received_addresses":28,"max_pkt_from_sameId":20,"has_attacker":0}
{"received packets":500,"IAT_Mean":0.003997043808405578,"IAT_Std":0.0037352877916681187,"IAT_Max":0.022380155711289264,"IAT_Min":0.00016301577488775365,"received_addresses":27,"max_pkt_from_sameId":20,"has_attacker":0}
{"received packets":530,"IAT_Mean":0.003770785976618908,"IAT_Std":0.0030049715427571679,"IAT_Max":0.013124006567522884,"IAT_Min":0.00016307123587466776,"received_addresses":27,"max_pkt_from_sameId":20,"has_attacker":0}
{"received packets":560,"IAT_Mean":0.0035687705368608088,"IAT_Std":0.0028704710644569645,"IAT_Max":0.013124005796271377,"IAT_Min":0.00016334256724803708,"received_addresses":28,"max_pkt_from_sameId":20,"has_attacker":0}
{"received packets":571,"IAT_Mean":0.0035000285151941198,"IAT_Std":0.002815965782953024,"IAT_Max":0.013124017397785792,"IAT_Min":0.00016367313219234347,"received_addresses":30,"max_pkt_from_sameId":20,"has_attacker":0}
{"received packets":590,"IAT_Mean":0.003387318510684023,"IAT_Std":0.0028439019542224979,"IAT_Max":0.013124286488164217,"IAT_Min":0.00016401789980591275,"received_addresses":30,"max_pkt_from_sameId":20,"has_attacker":0}
{"received packets":1854,"IAT_Mean":0.001078204077061546,"IAT_Std":0.0016329314894089978,"IAT_Max":0.013124477431119886,"IAT_Min":0.00016300002243951894,"received_addresses":30,"max_pkt_from_sameId":209,"has_attacker":1}
{"received packets":3161,"IAT_Mean":0.0006323766588318651,"IAT_Std":0.0006475954389035471,"IAT_Max":0.003225066320737824,"IAT_Min":0.00016300079369102605,"received_addresses":27,"max_pkt_from_sameId":400,"has_attacker":1}
{"received packets":905,"IAT_Mean":0.0022083085947489954,"IAT_Std":0.0017553064246956733,"IAT_Max":0.009842000010394259,"IAT_Min":0.0001512179514975287,"received_addresses":25,"max_pkt_from_sameId":379,"has_attacker":1}
{"received packets":763,"IAT_Mean":0.0026182927084778654,"IAT_Std":0.001785393751977777,"IAT_Max":0.007355298959737411,"IAT_Min":0.00010815757559612393,"received_addresses":22,"max_pkt_from_sameId":201,"has_attacker":1}
{"received packets":700,"IAT_Mean":0.0028539351109014077,"IAT_Std":0.0017555846012852785,"IAT_Max":0.007361241172475275,"IAT_Min":0.00016305271492456086,"received_addresses":20,"max_pkt_from_sameId":381,"has_attacker":1}
{"received packets":778,"IAT_Mean":0.0025678117136664526,"IAT_Std":0.0033753995647128867,"IAT_Max":0.024306029754370685,"IAT_Min":0.00010734757597674616,"received_addresses":19,"max_pkt_from_sameId":263,"has_attacker":1}
{"received packets":711,"IAT_Mean":0.0028097937583380805,"IAT_Std":0.0032009068394111409,"IAT_Max":0.024306029750732706,"IAT_Min":0.00015599801554344594,"received_addresses":22,"max_pkt_from_sameId":141,"has_attacker":1}
{"received packets":606,"IAT_Mean":0.003296622019160027,"IAT_Std":0.002819486920009628,"IAT_Max":0.010011000002123183,"IAT_Min":0.00016138790306285955,"received_addresses":18,"max_pkt_from_sameId":304,"has_attacker":1}
{"received packets":678,"IAT_Mean":0.002946537154664055,"IAT_Std":0.0016971498836832642,"IAT_Max":0.006508353046228876,"IAT_Min":0.00013617520016850904,"received_addresses":17,"max_pkt_from_sameId":379,"has_attacker":1}
{"received packets":703,"IAT_Mean":0.0028417561108167457,"IAT_Std":0.0029230147314829866,"IAT_Max":0.029305029751412805,"IAT_Min":0.00011220544911338948,"received_addresses":18,"max_pkt_from_sameId":191,"has_attacker":1}
{"received packets":778,"IAT_Mean":0.0025678087779017245,"IAT_Std":0.002708899645517879,"IAT_Max":0.019307029753690587,"IAT_Min":0.00012892382801510394,"received_addresses":17,"max_pkt_from_sameId":277,"has_attacker":1}
{"received packets":643,"IAT_Mean":0.0031069407251799838,"IAT_Std":0.0019061504047131323,"IAT_Max":0.008343809367943323,"IAT_Min":0.0001614634893485345,"received_addresses":17,"max_pkt_from_sameId":345,"has_attacker":1}
{"received packets":676,"IAT_Mean":0.0029552570260916019,"IAT_Std":0.0018527760822256246,"IAT_Max":0.006880679553432856,"IAT_Min":0.00010992556417477317,"received_addresses":18,"max_pkt_from_sameId":188,"has_attacker":1}
{"received packets":671,"IAT_Mean":0.002977279140647805,"IAT_Std":0.0018226722582575786,"IAT_Max":0.006880679553432856,"IAT_Min":0.00011376422480680048,"received_addresses":16,"max_pkt_from_sameId":380,"has_attacker":1}
{"received packets":713,"IAT_Mean":0.0028019013694232967,"IAT_Std":0.0023668421080445735,"IAT_Max":0.014308084024378332,"IAT_Min":0.00011431795792304911,"received_addresses":18,"max_pkt_from_sameId":287,"has_attacker":1}
{"received packets":720,"IAT_Mean":0.0027746663121433815,"IAT_Std":0.002148108862404946,"IAT_Max":0.014308084024378332,"IAT_Min":0.0001552710273244884,"received_addresses":21,"max_pkt_from_sameId":180,"has_attacker":1}
{"received packets":679,"IAT_Mean":0.0029422151460125856,"IAT_Std":0.0019365341064314333,"IAT_Max":0.006883840720547596,"IAT_Min":0.00010678402031771839,"received_addresses":19,"max_pkt_from_sameId":362,"has_attacker":1}
{"received packets":672,"IAT_Mean":0.002972844841489556,"IAT_Std":0.0018671013015252344,"IAT_Max":0.005012000001443084,"IAT_Min":0.00011112341962871142,"received_addresses":19,"max_pkt_from_sameId":377,"has_attacker":1}
{"received packets":558,"IAT_Mean":0.003580205750966271,"IAT_Std":0.003986195004105339,"IAT_Max":0.029611093326820993,"IAT_Min":0.00011174806422786787,"received_addresses":18,"max_pkt_from_sameId":193,"has_attacker":1}
{"received packets":601,"IAT_Mean":0.003324057676868332,"IAT_Std":0.003917291071937509,"IAT_Max":0.029611084679345369,"IAT_Min":0.000163000455358997,"received_addresses":17,"max_pkt_from_sameId":275,"has_attacker":1}
{"received packets":654,"IAT_Mean":0.0030546832134448235,"IAT_Std":0.00186887478475548,"IAT_Max":0.010011090074840468,"IAT_Min":0.0001630000006116461,"received_addresses":18,"max_pkt_from_sameId":363,"has_attacker":1}
{"received packets":681,"IAT_Mean":0.0029335562223407015,"IAT_Std":0.0018794930261509609,"IAT_Max":0.008752207009820268,"IAT_Min":0.00010986086272168905,"received_addresses":19,"max_pkt_from_sameId":189,"has_attacker":1}
{"received packets":732,"IAT_Mean":0.002729184453195448,"IAT_Std":0.001834663786701856,"IAT_Max":0.008752245590585517,"IAT_Min":0.00011180200090166181,"received_addresses":21,"max_pkt_from_sameId":380,"has_attacker":1}
{"received packets":621,"IAT_Mean":0.0032170009023550977,"IAT_Std":0.004126357427635564,"IAT_Max":0.02430602720414754,"IAT_Min":0.00011003432518918999,"received_addresses":21,"max_pkt_from_sameId":198,"has_attacker":1}
{"received packets":651,"IAT_Mean":0.0030687495533652058,"IAT_Std":0.002865309937380639,"IAT_Max":0.024306061040988426,"IAT_Min":0.00013177235086914152,"received_addresses":21,"max_pkt_from_sameId":155,"has_attacker":1}
{"received packets":709,"IAT_Mean":0.002817706466813448,"IAT_Std":0.001951727055860245,"IAT_Max":0.010343173122237204,"IAT_Min":0.00011599851495702751,"received_addresses":18,"max_pkt_from_sameId":369,"has_attacker":1}
{"received packets":719,"IAT_Mean":0.0027785235660112439,"IAT_Std":0.0019394498034328114,"IAT_Max":0.01034317371522775,"IAT_Min":0.00011392424494260922,"received_addresses":19,"max_pkt_from_sameId":375,"has_attacker":1}
{"received packets":641,"IAT_Mean":0.0031166300609080444,"IAT_Std":0.003108774118027936,"IAT_Max":0.028135539796494414,"IAT_Min":0.00010545854820520617,"received_addresses":19,"max_pkt_from_sameId":195,"has_attacker":1}
{"received packets":641,"IAT_Mean":0.0031166246152170005,"IAT_Std":0.0033566248099028345,"IAT_Max":0.02866800143601722,"IAT_Min":0.00015282521781045943,"received_addresses":18,"max_pkt_from_sameId":254,"has_attacker":1}
{"received packets":621,"IAT_Mean":0.0032204618929601227,"IAT_Std":0.002127878786275119,