{"received packets":452,"IAT_Mean":0.004414317342473953,"IAT_Std":0.005217886319887451,"IAT_Max":0.024839268004143379,"IAT_Min":0.00015579481987515464,"received_addresses":5,"max_pkt_from_sameId":206,"has_attacker":1}
{"received packets":471,"IAT_Mean":0.004235897091645679,"IAT_Std":0.0012519278889073793,"IAT_Max":0.005162001743883593,"IAT_Min":0.00011470675963209942,"received_addresses":7,"max_pkt_from_sameId":378,"has_attacker":1}
{"received packets":332,"IAT_Mean":0.0059079123848825849,"IAT_Std":0.007167394285086804,"IAT_Max":0.042045219724968777,"IAT_Min":0.00010653042772901244,"received_addresses":8,"max_pkt_from_sameId":192,"has_attacker":1}
{"received packets":160,"IAT_Mean":0.01225894747115035,"IAT_Std":0.012701443952958358,"IAT_Max":0.042045120033435526,"IAT_Min":0.0017023511936713476,"received_addresses":8,"max_pkt_from_sameId":20,"has_attacker":0}
{"received packets":423,"IAT_Mean":0.004646029441268459,"IAT_Std":0.006169358008416342,"IAT_Max":0.03483726783451857,"IAT_Min":0.00015573242490063421,"received_addresses":8,"max_pkt_from_sameId":154,"has_attacker":1}
{"received packets":481,"IAT_Mean":0.004147844840114739,"IAT_Std":0.0035343310184573456,"IAT_Max":0.020680804198491388,"IAT_Min":0.00010772148743853904,"received_addresses":9,"max_pkt_from_sameId":187,"has_attacker":1}
{"received packets":476,"IAT_Mean":0.004191417749319678,"IAT_Std":0.0015938474945070014,"IAT_Max":0.008139285899233073,"IAT_Min":0.00011236835780437104,"received_addresses":8,"max_pkt_from_sameId":380,"has_attacker":1}
{"received packets":115,"IAT_Mean":0.01693450204149248,"IAT_Std":0.018922075456218769,"IAT_Max":0.05600615117873531,"IAT_Min":0.00011384900062694214,"received_addresses":7,"max_pkt_from_sameId":20,"has_attacker":1}
{"received packets":287,"IAT_Mean":0.0069516220999008919,"IAT_Std":0.01020380836141135,"IAT_Max":0.05600580083046225,"IAT_Min":0.0006320701468212064,"received_addresses":6,"max_pkt_from_sameId":187,"has_attacker":1}
{"received packets":512,"IAT_Mean":0.003897019396823964,"IAT_Std":0.0016573154174645698,"IAT_Max":0.008291531165014021,"IAT_Min":0.0001159566490969155,"received_addresses":8,"max_pkt_from_sameId":396,"has_attacker":1}
{"received packets":489,"IAT_Mean":0.0040799704851291729,"IAT_Std":0.0018007170956782343,"IAT_Max":0.013125149482220877,"IAT_Min":0.00026965227152686566,"received_addresses":7,"max_pkt_from_sameId":386,"has_attacker":1}
{"received packets":297,"IAT_Mean":0.0065814887313676889,"IAT_Std":0.009323687534522594,"IAT_Max":0.04877753197797574,"IAT_Min":0.00011756762978620827,"received_addresses":7,"max_pkt_from_sameId":194,"has_attacker":1}
{"received packets":431,"IAT_Mean":0.004640140308141076,"IAT_Std":0.008637001953164404,"IAT_Max":0.04877771625251626,"IAT_Min":0.00011780660497606732,"received_addresses":22,"max_pkt_from_sameId":188,"has_attacker":1}
{"received packets":500,"IAT_Mean":0.003999808533415489,"IAT_Std":0.0038053464510662338,"IAT_Max":0.028143748066213449,"IAT_Min":0.00011073841596953571,"received_addresses":23,"max_pkt_from_sameId":227,"has_attacker":1}
{"received packets":519,"IAT_Mean":0.003853365797042833,"IAT_Std":0.002104754133112496,"IAT_Max":0.0149971325226943,"IAT_Min":0.00011122413707198575,"received_addresses":9,"max_pkt_from_sameId":194,"has_attacker":1}
{"received packets":510,"IAT_Mean":0.003921367641590882,"IAT_Std":0.002070125674656846,"IAT_Max":0.01001104779788875,"IAT_Min":0.00010889111581491306,"received_addresses":8,"max_pkt_from_sameId":380,"has_attacker":1}
{"received packets":105,"IAT_Mean":0.019046647101987177,"IAT_Std":0.016953749218303377,"IAT_Max":0.04520101960224565,"IAT_Min":0.00011424465265008621,"received_addresses":6,"max_pkt_from_sameId":20,"has_attacker":1}
{"received packets":51,"IAT_Mean":0.03921370177369111,"IAT_Std":0.015413009642819421,"IAT_Max":0.05481055179552641,"IAT_Min":0.0034763699222821744,"received_addresses":4,"max_pkt_from_sameId":20,"has_attacker":0}
{"received packets":59,"IAT_Mean":0.03389662351154415,"IAT_Std":0.022478258862468665,"IAT_Max":0.054701746863429438,"IAT_Min":0.0016391284079873004,"received_addresses":3,"max_pkt_from_sameId":20,"has_attacker":0}
{"received packets":70,"IAT_Mean":0.027960715598185614,"IAT_Std":0.013350080817566454,"IAT_Max":0.04429082375281723,"IAT_Min":0.0015399155927298125,"received_addresses":4,"max_pkt_from_sameId":20,"has_attacker":0}
