{"received packets":238,"IAT_Mean":0.008397114224205608,"IAT_Std":0.007071441625726707,"IAT_Max":0.02310918578223209,"IAT_Min":0.0012029999816149939,"received_addresses":13,"max_pkt_from_sameId":20,"has_attacker":0}
{"received packets":320,"IAT_Mean":0.006245379031338416,"IAT_Std":0.006150207618131204,"IAT_Max":0.02254312865261454,"IAT_Min":0.0005660527967847884,"received_addresses":17,"max_pkt_from_sameId":20,"has_attacker":0}
{"received packets":241,"IAT_Mean":0.008281430249153496,"IAT_Std":0.007720614839336345,"IAT_Max":0.027219978255743628,"IAT_Min":0.0006845172720204573,"received_addresses":15,"max_pkt_from_sameId":20,"has_attacker":0}
{"received packets":181,"IAT_Mean":0.011026696109344626,"IAT_Std":0.01077444427165087,"IAT_Max":0.03869478332126164,"IAT_Min":0.000684671806084225,"received_addresses":12,"max_pkt_from_sameId":20,"has_attacker":0}
{"received packets":180,"IAT_Mean":0.010899802158686119,"IAT_Std":0.011348824829788562,"IAT_Max":0.04150764609221369,"IAT_Min":0.0030490137869492175,"received_addresses":10,"max_pkt_from_sameId":20,"has_attacker":0}
{"received packets":120,"IAT_Mean":0.01630947454920412,"IAT_Std":0.0170247136878904,"IAT_Max":0.04635266894183587,"IAT_Min":0.0030493182748614346,"received_addresses":7,"max_pkt_from_sameId":20,"has_attacker":0}
{"received packets":110,"IAT_Mean":0.0177920796401767,"IAT_Std":0.01747991121376009,"IAT_Max":0.04634929333769833,"IAT_Min":0.0030496666695398746,"received_addresses":7,"max_pkt_from_sameId":20,"has_attacker":0}
{"received packets":279,"IAT_Mean":0.007158199329780708,"IAT_Std":0.00969246379305158,"IAT_Max":0.046353670659300408,"IAT_Min":0.0003399700981390197,"received_addresses":5,"max_pkt_from_sameId":199,"has_attacker":1}
{"received packets":500,"IAT_Mean":0.003994257327663945,"IAT_Std":0.0016493077543342059,"IAT_Max":0.005047691272920929,"IAT_Min":0.0003400580426387023,"received_addresses":7,"max_pkt_from_sameId":400,"has_attacker":1}
{"received packets":291,"IAT_Mean":0.006856599910239449,"IAT_Std":0.006468372028684975,"IAT_Max":0.03000100095232483,"IAT_Min":0.0001521300400781911,"received_addresses":8,"max_pkt_from_sameId":108,"has_attacker":1}
{"received packets":193,"IAT_Mean":0.01009055833931508,"IAT_Std":0.01327174613976111,"IAT_Max":0.05599650130534428,"IAT_Min":0.00016300141578540206,"received_addresses":7,"max_pkt_from_sameId":64,"has_attacker":1}
{"received packets":100,"IAT_Mean":0.019474752905080097,"IAT_Std":0.018827096694782696,"IAT_Max":0.05600856242381269,"IAT_Min":0.00010525075776968151,"received_addresses":6,"max_pkt_from_sameId":20,"has_attacker":0}
{"received packets":689,"IAT_Mean":0.0028958980145322498,"IAT_Std":0.002594754868408022,"IAT_Max":0.034832160996302267,"IAT_Min":0.00010918191037490033,"received_addresses":9,"max_pkt_from_sameId":352,"has_attacker":1}
{"received packets":604,"IAT_Mean":0.003304358733115781,"IAT_Std":0.002755156145310183,"IAT_Max":0.013595060499937972,"IAT_Min":0.00010526784899411723,"received_addresses":13,"max_pkt_from_sameId":170,"has_attacker":1}
{"received packets":445,"IAT_Mean":0.004484993872895583,"IAT_Std":0.0027889838446930245,"IAT_Max":0.013771809499303345,"IAT_Min":0.00012240071737323888,"received_addresses":12,"max_pkt_from_sameId":272,"has_attacker":1}
{"received packets":570,"IAT_Mean":0.0035014412649233188,"IAT_Std":0.0017829823131093727,"IAT_Max":0.006222328440344427,"IAT_Min":0.00012502772733569145,"received_addresses":11,"max_pkt_from_sameId":379,"has_attacker":1}
{"received packets":674,"IAT_Mean":0.0029611630208484756,"IAT_Std":0.002022166548343689,"IAT_Max":0.006222329440788599,"IAT_Min":0.00011291375994915143,"received_addresses":14,"max_pkt_from_sameId":191,"has_attacker":1}
{"received packets":790,"IAT_Mean":0.002526360201715496,"IAT_Std":0.002229358214589903,"IAT_Max":0.012209657190396684,"IAT_Min":0.00011280813487246633,"received_addresses":13,"max_pkt_from_sameId":336,"has_attacker":1}
{"received packets":427,"IAT_Mean":0.0046740801321743089,"IAT_Std":0.005245467037488412,"IAT_Max":0.030007000001205598,"IAT_Min":0.0001134912708948832,"received_addresses":14,"max_pkt_from_sameId":189,"has_attacker":1}
{"received packets":539,"IAT_Mean":0.0037028257509869857,"IAT_Std":0.0037753246635963647,"IAT_Max":0.02999400000044261,"IAT_Min":0.00010542064774199389,"received_addresses":14,"max_pkt_from_sameId":188,"has_attacker":1}
{"received packets":611,"IAT_Mean":0.003266487125241207,"IAT_Std":0.0016997371058818073,"IAT_Max":0.005299369327985914,"IAT_Min":0.00011447253564256243,"received_addresses":14,"max_pkt_from_sameId":380,"has_attacker":1}
{"received packets":736,"IAT_Mean":0.002711718758894716,"IAT_Std":0.0021913762888358015,"IAT_Max":0.015005373355961638,"IAT_Min":0.00011502627603476867,"received_addresses":16,"max_pkt_from_sameId":276,"has_attacker":1}
{"received packets":654,"IAT_Mean":0.0030517264142063225,"IAT_Std":0.0023882765661968838,"IAT_Max":0.013594482366897865,"IAT_Min":0.00010692034629755653,"received_addresses":18,"max_pkt_from_sameId":160,"has_attacker":1}
{"received packets":525,"IAT_Mean":0.003805266265782328,"IAT_Std":0.0036916898675746275,"IAT_Max":0.02999400000044261,"IAT_Min":0.00013425512224785052,"received_addresses":19,"max_pkt_from_sameId":250,"has_attacker":1}
{"received packets":675,"IAT_Mean":0.002959633241822572,"IAT_Std":0.0019663607537686227,"IAT_Max":0.008763701811403735,"IAT_Min":0.00012090507152606733,"received_addresses":17,"max_pkt_from_sameId":377,"has_attacker":1}
{"received packets":329,"IAT_Mean":0.006064179853333965,"IAT_Std":0.007826139975616929,"IAT_Max":0.04711758950725198,"IAT_Min":0.00011244770576013252,"received_addresses":12,"max_pkt_from_sameId":204,"has_attacker":1}
{"received packets":522,"IAT_Mean":0.00383123138840608,"IAT_Std":0.0017514162943894625,"IAT_Max":0.008923208373744274,"IAT_Min":0.00011558494588825852,"received_addresses":8,"max_pkt_from_sameId":396,"has_attacker":1}
{"received packets":509,"IAT_Mean":0.003929082900710557,"IAT_Std":0.002088961325558261,"IAT_Max":0.013756963810010348,"IAT_Min":0.00019901246196241118,"received_addresses":9,"max_pkt_from_sameId":376,"has_attacker":1}
{"received packets":334,"IAT_Mean":0.005987751594561896,"IAT_Std":0.008686097119222525,"IAT_Max":0.042646999783755749,"IAT_Min":0.00011803556117229164,"received_addresses":8,"max_pkt_from_sameId":194,"has_attacker":1}
{"received packets":131,"IAT_Mean":0.015266412062936361,"IAT_Std":0.015224920730811942,"IAT_Max":0.0426469999802066,"IAT_Min":0.0012626554489543196,"received_addresses":8,"max_pkt_from_sameId":20,"has_attacker":0}
{"received packets":80,"IAT_Mean":0.02499879965330365,"IAT_Std":0.019694563632537924,"IAT_Max":0.0462161489558639,"IAT_Min":0.0012622335452761036,"received_addresses":4,"max_pkt_from_sameId":20,"has_attacker":0}
{"received packets":90,"IAT_Mean":0.022221076499489655,"IAT_Std":0.017354434645968206,"IAT_Max":0.04620927079668036,"IAT_Min":0.0012627040850929916,"received_addresses":5,"max_pkt_from_sameId":20,"has_attacker":0}
{"received packets":80,"IAT_Mean":0.024998723357248309,"IAT_Std":0.019694043728470075,"IAT_Max":0.04621615126961842,"IAT_Min":0.0012733603762171697,"received_addresses":4,"max_pkt_from_sameId":20,"has_attacker":0}
{"received packets":60,"IAT_Mean":0.033331639958184198,"IAT_Std":0.022750099039921397,"IAT_Max":0.05243711551884189,"IAT_Min":0.0012657084116654005,"received_addresses":3,"max_pkt_from_sameId":20,"has_attacker":0}
