{"received packets":468,"IAT_Mean":0.004270324951382781,"IAT_Std":0.004468108170815925,"IAT_Max":0.0223800810672401,"IAT_Min":0.00016301787763950415,"received_addresses":24,"max_pkt_from_sameId":20,"has_attacker":0}
{"received packets":480,"IAT_Mean":0.004163583965131086,"IAT_Std":0.004405313804803527,"IAT_Max":0.022380131984391484,"IAT_Min":0.000163011958647985,"received_addresses":24,"max_pkt_from_sameId":20,"has_attacker":0}
{"received packets":500,"IAT_Mean":0.003997043718081841,"IAT_Std":0.0036783360465017327,"IAT_Max":0.022380157555744519,"IAT_Min":0.0001630016959097702,"received_addresses":27,"max_pkt_from_sameId":20,"has_attacker":0}
{"received packets":549,"IAT_Mean":0.003640284824003188,"IAT_Std":0.0028150268651092695,"IAT_Max":0.013124000743118814,"IAT_Min":0.00016300608695019037,"received_addresses":29,"max_pkt_from_sameId":20,"has_attacker":0}
{"received packets":571,"IAT_Mean":0.0035000194811880254,"IAT_Std":0.0027913814408171294,"IAT_Max":0.01312400160895777,"IAT_Min":0.00016300900097121485,"received_addresses":30,"max_pkt_from_sameId":20,"has_attacker":0}
{"received packets":520,"IAT_Mean":0.0038432994817062888,"IAT_Std":0.00283919059829333,"IAT_Max":0.013124011653417256,"IAT_Min":0.0001630096485314425,"received_addresses":26,"max_pkt_from_sameId":20,"has_attacker":0}
{"received packets":549,"IAT_Mean":0.0036402863487669139,"IAT_Std":0.002865016761199034,"IAT_Max":0.013124267821694957,"IAT_Min":0.00016302598669426516,"received_addresses":28,"max_pkt_from_sameId":20,"has_attacker":0}
{"received packets":1458,"IAT_Mean":0.001371049013758161,"IAT_Std":0.0017742107688978899,"IAT_Max":0.013124370721925516,"IAT_Min":0.00016300016795867123,"received_addresses":28,"max_pkt_from_sameId":208,"has_attacker":1}
{"received packets":2404,"IAT_Mean":0.0008315064850741234,"IAT_Std":0.0006700169442805145,"IAT_Max":0.00238606230050209,"IAT_Min":0.0001630001606827136,"received_addresses":26,"max_pkt_from_sameId":400,"has_attacker":1}
{"received packets":675,"IAT_Mean":0.0029607676254710427,"IAT_Std":0.003150889287459622,"IAT_Max":0.02243544840530376,"IAT_Min":0.00015135536159505136,"received_addresses":22,"max_pkt_from_sameId":227,"has_attacker":1}
{"received packets":575,"IAT_Mean":0.0034743626954719809,"IAT_Std":0.0037473447001450637,"IAT_Max":0.03320018231897848,"IAT_Min":0.000163000870088581,"received_addresses":19,"max_pkt_from_sameId":200,"has_attacker":1}
{"received packets":648,"IAT_Mean":0.0030829565978561779,"IAT_Std":0.0017627588716017903,"IAT_Max":0.0057218990259571,"IAT_Min":0.00016314920503646135,"received_addresses":16,"max_pkt_from_sameId":381,"has_attacker":1}
