{"received packets":20,"IAT_Mean":0.0962210112320463,"IAT_Std":0.016472308695172686,"IAT_Max":0.10001093771279557,"IAT_Min":0.024419885194220116,"received_addresses":1,"max_pkt_from_sameId":20,"has_attacker":0}
{"received packets":20,"IAT_Mean":0.09622090557095362,"IAT_Std":0.016472679101286325,"IAT_Max":0.1000109463748231,"IAT_Min":0.024418164863163839,"received_addresses":1,"max_pkt_from_sameId":20,"has_attacker":0}
{"received packets":20,"IAT_Mean":0.09622119363430101,"IAT_Std":0.016473227517978068,"IAT_Max":0.10001095775442082,"IAT_Min":0.02441606347929337,"received_addresses":1,"max_pkt_from_sameId":20,"has_attacker":0}
{"received packets":20,"IAT_Mean":0.09622088903379336,"IAT_Std":0.016472650733078937,"IAT_Max":0.10000888206195669,"IAT_Min":0.024418271637841828,"received_addresses":1,"max_pkt_from_sameId":20,"has_attacker":0}
{"received packets":39,"IAT_Mean":0.04934408891364374,"IAT_Std":0.02680346434759067,"IAT_Max":0.07685160519758938,"IAT_Min":0.023147855703427923,"received_addresses":2,"max_pkt_from_sameId":20,"has_attacker":0}
{"received packets":31,"IAT_Mean":0.062077959226782348,"IAT_Std":0.03877078092599699,"IAT_Max":0.10000438628776465,"IAT_Min":0.0012710728260572069,"received_addresses":3,"max_pkt_from_sameId":20,"has_attacker":0}
{"received packets":30,"IAT_Mean":0.03366055499682261,"IAT_Std":0.03700713501462422,"IAT_Max":0.08540032424934907,"IAT_Min":0.0002930210357590113,"received_addresses":3,"max_pkt_from_sameId":10,"has_attacker":0}
{"received packets":30,"IAT_Mean":0.06414752035501199,"IAT_Std":0.039329870914950489,"IAT_Max":0.10000643935927656,"IAT_Min":0.01134667033329606,"received_addresses":2,"max_pkt_from_sameId":20,"has_attacker":0}
{"received packets":264,"IAT_Mean":0.007557858181151074,"IAT_Std":0.01839557569568446,"IAT_Max":0.10001098454085877,"IAT_Min":0.0003173816076014191,"received_addresses":7,"max_pkt_from_sameId":197,"has_attacker":1}
{"received packets":479,"IAT_Mean":0.004165148704008883,"IAT_Std":0.001985806841687812,"IAT_Max":0.013125148976541823,"IAT_Min":0.00027028067779610865,"received_addresses":7,"max_pkt_from_sameId":376,"has_attacker":1}
{"received packets":298,"IAT_Mean":0.0065351660113991479,"IAT_Std":0.010237575420449686,"IAT_Max":0.05379636360521545,"IAT_Min":0.00011822962915175594,"received_addresses":7,"max_pkt_from_sameId":194,"has_attacker":1}
{"received packets":90,"IAT_Mean":0.02133631840398367,"IAT_Std":0.03331542977062807,"IAT_Max":0.08929337629888323,"IAT_Min":0.00016300121569656767,"received_addresses":6,"max_pkt_from_sameId":20,"has_attacker":0}
{"received packets":436,"IAT_Mean":0.004575944988365011,"IAT_Std":0.0018203351700248575,"IAT_Max":0.013755691667029169,"IAT_Min":0.0011517270540934988,"received_addresses":4,"max_pkt_from_sameId":376,"has_attacker":1}
{"received packets":449,"IAT_Mean":0.004454114886185099,"IAT_Std":0.001924698080144079,"IAT_Max":0.014997074475104455,"IAT_Min":0.0001110153752961196,"received_addresses":6,"max_pkt_from_sameId":194,"has_attacker":1}
{"received packets":470,"IAT_Mean":0.004255102651873034,"IAT_Std":0.001967244914064117,"IAT_Max":0.010011047801526729,"IAT_Min":0.00010823749107657932,"received_addresses":6,"max_pkt_from_sameId":380,"has_attacker":1}
{"received packets":75,"IAT_Mean":0.026665312820550754,"IAT_Std":0.03421138246576365,"IAT_Max":0.09643510457317461,"IAT_Min":0.00011349780470482074,"received_addresses":5,"max_pkt_from_sameId":20,"has_attacker":1}
{"received packets":305,"IAT_Mean":0.0065570458383337579,"IAT_Std":0.008470403459213492,"IAT_Max":0.03902795730391517,"IAT_Min":0.00020295897775213234,"received_addresses":7,"max_pkt_from_sameId":185,"has_attacker":1}
{"received packets":480,"IAT_Mean":0.004166459681376485,"IAT_Std":0.0020807241886590629,"IAT_Max":0.010011119273258374,"IAT_Min":0.00011493966667330824,"received_addresses":6,"max_pkt_from_sameId":380,"has_attacker":1}
{"received packets":460,"IAT_Mean":0.004347622416350097,"IAT_Std":0.0020393078626334394,"IAT_Max":0.014997141257481417,"IAT_Min":0.00011697045920300297,"received_addresses":7,"max_pkt_from_sameId":374,"has_attacker":1}
