{"received packets":539,"IAT_Mean":0.0037078146294885919,"IAT_Std":0.004293891803417605,"IAT_Max":0.0223800324529293,"IAT_Min":0.00016317003610311076,"received_addresses":27,"max_pkt_from_sameId":20,"has_attacker":0}
{"received packets":521,"IAT_Mean":0.003835931416136622,"IAT_Std":0.00432319967322761,"IAT_Max":0.02238004971513874,"IAT_Min":0.00016315175162162632,"received_addresses":27,"max_pkt_from_sameId":20,"has_attacker":0}
{"received packets":550,"IAT_Mean":0.0036336760240771005,"IAT_Std":0.0037465772902774898,"IAT_Max":0.022380071597581265,"IAT_Min":0.00016305392273352481,"received_addresses":29,"max_pkt_from_sameId":20,"has_attacker":0}
{"received packets":580,"IAT_Mean":0.0034457178739605049,"IAT_Std":0.0030374391345401559,"IAT_Max":0.01312402883922914,"IAT_Min":0.00016302363655995578,"received_addresses":29,"max_pkt_from_sameId":20,"has_attacker":0}
{"received packets":550,"IAT_Mean":0.003633656717713827,"IAT_Std":0.003152018168253926,"IAT_Max":0.013124017114023446,"IAT_Min":0.00016306175530189648,"received_addresses":28,"max_pkt_from_sameId":20,"has_attacker":0}
{"received packets":522,"IAT_Mean":0.0038285744664800856,"IAT_Std":0.0032167687876265484,"IAT_Max":0.013124023345881142,"IAT_Min":0.00016318856069119647,"received_addresses":28,"max_pkt_from_sameId":20,"has_attacker":0}
{"received packets":510,"IAT_Mean":0.003918661583156791,"IAT_Std":0.0032096291045226289,"IAT_Max":0.01312429050449282,"IAT_Min":0.0001633512911212165,"received_addresses":26,"max_pkt_from_sameId":20,"has_attacker":0}
{"received packets":1405,"IAT_Mean":0.0014227684991975072,"IAT_Std":0.0019446307755680063,"IAT_Max":0.01312448040698655,"IAT_Min":0.0001630008737265598,"received_addresses":25,"max_pkt_from_sameId":207,"has_attacker":1}
{"received packets":2345,"IAT_Mean":0.0008524272664441918,"IAT_Std":0.000732180512849398,"IAT_Max":0.0023867354029789569,"IAT_Min":0.0001630018996365834,"received_addresses":23,"max_pkt_from_sameId":400,"has_attacker":1}
{"received packets":658,"IAT_Mean":0.0030372622827530006,"IAT_Std":0.0030052095407927649,"IAT_Max":0.01407365474733524,"IAT_Min":0.0001522121310699731,"received_addresses":19,"max_pkt_from_sameId":202,"has_attacker":1}
{"received packets":406,"IAT_Mean":0.0048322898019609139,"IAT_Std":0.007032657768201187,"IAT_Max":0.03835931895446265,"IAT_Min":0.00015714667097199708,"received_addresses":16,"max_pkt_from_sameId":132,"has_attacker":1}
{"received packets":222,"IAT_Mean":0.008837477857636882,"IAT_Std":0.010108739572361189,"IAT_Max":0.05006584784860024,"IAT_Min":0.00010514521636650898,"received_addresses":13,"max_pkt_from_sameId":20,"has_attacker":0}
{"received packets":675,"IAT_Mean":0.0029557177016653844,"IAT_Std":0.0023790749281291667,"IAT_Max":0.03191200125365867,"IAT_Min":0.00015197323955362663,"received_addresses":14,"max_pkt_from_sameId":327,"has_attacker":1}
{"received packets":576,"IAT_Mean":0.003468340376988029,"IAT_Std":0.0028224761625666855,"IAT_Max":0.019310025119921194,"IAT_Min":0.00010531877705943771,"received_addresses":12,"max_pkt_from_sameId":179,"has_attacker":1}
{"received packets":538,"IAT_Mean":0.0037132967252640894,"IAT_Std":0.0015348815824974955,"IAT_Max":0.005107255983602954,"IAT_Min":0.00016304644668707624,"received_addresses":8,"max_pkt_from_sameId":399,"has_attacker":1}
{"received packets":151,"IAT_Mean":0.013230151559155093,"IAT_Std":0.012411296445671983,"IAT_Max":0.036328938280348669,"IAT_Min":0.00011668463048408739,"received_addresses":8,"max_pkt_from_sameId":21,"has_attacker":1}
{"received packets":304,"IAT_Mean":0.006571563291034086,"IAT_Std":0.008964174859704187,"IAT_Max":0.03632893765097833,"IAT_Min":0.00015136114234337583,"received_addresses":8,"max_pkt_from_sameId":102,"has_attacker":1}
{"received packets":545,"IAT_Mean":0.003665607199592168,"IAT_Std":0.004483101391371579,"IAT_Max":0.02248864989451249,"IAT_Min":0.00011270524191786535,"received_addresses":10,"max_pkt_from_sameId":208,"has_attacker":1}
{"received packets":562,"IAT_Mean":0.003554739467730529,"IAT_Std":0.0015362844932042396,"IAT_Max":0.005012000001443084,"IAT_Min":0.00011338837430230342,"received_addresses":10,"max_pkt_from_sameId":399,"has_attacker":1}
{"received packets":370,"IAT_Mean":0.005399336335697602,"IAT_Std":0.006901845079681448,"IAT_Max":0.03632839073907235,"IAT_Min":0.00010531772204558365,"received_addresses":9,"max_pkt_from_sameId":210,"has_attacker":1}
{"received packets":190,"IAT_Mean":0.010514499989221804,"IAT_Std":0.01105082235517364,"IAT_Max":0.036337073739559858,"IAT_Min":0.00016304645032505505,"received_addresses":10,"max_pkt_from_sameId":20,"has_attacker":0}
{"received packets":470,"IAT_Mean":0.0042505454701545499,"IAT_Std":0.005640320761212805,"IAT_Max":0.03248664989587269,"IAT_Min":0.00015590362818329595,"received_addresses":11,"max_pkt_from_sameId":154,"has_attacker":1}
{"received packets":576,"IAT_Mean":0.00346833409572077,"IAT_Std":0.003256488758093047,"IAT_Max":0.017489649897470373,"IAT_Min":0.00010681744970497675,"received_addresses":20,"max_pkt_from_sameId":152,"has_attacker":1}
{"received packets":537,"IAT_Mean":0.003720232360811819,"IAT_Std":0.00369769510715003,"IAT_Max":0.02999400000044261,"IAT_Min":0.00012918705760966986,"received_addresses":19,"max_pkt_from_sameId":250,"has_attacker":1}
{"received packets":641,"IAT_Mean":0.003113625667586386,"IAT_Std":0.001973576522603603,"IAT_Max":0.008132626746373717,"IAT_Min":0.00016300761490128934,"received_addresses":17,"max_pkt_from_sameId":377,"has_attacker":1}
{"received packets":307,"IAT_Mean":0.006498746702439286,"IAT_Std":0.00955272765982583,"IAT_Max":0.053801799833308908,"IAT_Min":0.00011244565394008532,"received_addresses":9,"max_pkt_from_sameId":187,"has_attacker":1}
{"received packets":505,"IAT_Mean":0.003951037264043479,"IAT_Std":0.0016319213688431023,"IAT_Max":0.0082915304992639,"IAT_Min":0.00011565114982658997,"received_addresses":7,"max_pkt_from_sameId":396,"has_attacker":1}
{"received packets":489,"IAT_Mean":0.004079970631734511,"IAT_Std":0.0020387793174515146,"IAT_Max":0.013125149049301399,"IAT_Min":0.00026953895212500356,"received_addresses":8,"max_pkt_from_sameId":376,"has_attacker":1}
{"received packets":294,"IAT_Mean":0.006648645878096406,"IAT_Std":0.010185269683343324,"IAT_Max":0.04656053094367962,"IAT_Min":0.00011763891234295443,"received_addresses":7,"max_pkt_from_sameId":194,"has_attacker":1}
{"received packets":90,"IAT_Mean":0.021719032277380595,"IAT_Std":0.018753011671190243,"IAT_Max":0.04656744285966852,"IAT_Min":0.0001630005172046367,"received_addresses":6,"max_pkt_from_sameId":20,"has_attacker":0}
{"received packets":436,"IAT_Mean":0.0045759448190070849,"IAT_Std":0.0018807123452109919,"IAT_Max":0.013755366959230742,"IAT_Min":0.00039735864993417636,"received_addresses":4,"max_pkt_from_sameId":376,"has_attacker":1}
{"received packets":439,"IAT_Mean":0.004544668175357461,"IAT_Std":0.0018904657437943443,"IAT_Max":0.01499706869435613,"IAT_Min":0.00011094109868281521,"received_addresses":5,"max_pkt_from_sameId":194,"has_attacker":1}
{"received packets":460,"IAT_Mean":0.004347605475532359,"IAT_Std":0.001992633809437007,"IAT_Max":0.010011047801526729,"IAT_Min":0.00010832896441570483,"received_addresses":5,"max_pkt_from_sameId":380,"has_attacker":1}
{"received packets":75,"IAT_Mean":0.026665318767772989,"IAT_Std":0.021680405039728218,"IAT_Max":0.05345037506049266,"IAT_Min":0.00011351871944498271,"received_addresses":5,"max_pkt_from_sameId":20,"has_attacker":1}
{"received packets":265,"IAT_Mean":0.007546790921415383,"IAT_Std":0.010202683677255355,"IAT_Max":0.04890064793289639,"IAT_Min":0.0002020004831138067,"received_addresses":7,"max_pkt_from_sameId":185,"has_attacker":1}
{"received packets":461,"IAT_Mean":0.0043381809846165619,"IAT_Std":0.0020293564951351357,"IAT_Max":0.010011119273258374,"IAT_Min":0.0001145946589531377,"received_addresses":6,"max_pkt_from_sameId":380,"has_attacker":1}
{"received packets":459,"IAT_Mean":0.004357096442289134,"IAT_Std":0.002110847586977042,"IAT_Max":0.014997277987276903,