{"received packets":480,"IAT_Mean":0.0041635667689054879,"IAT_Std":0.004671850815358466,"IAT_Max":0.02238006441257312,"IAT_Min":0.00016304654127452523,"received_addresses":24,"max_pkt_from_sameId":20,"has_attacker":0}
{"received packets":500,"IAT_Mean":0.003997040524351177,"IAT_Std":0.004463439891156991,"IAT_Max":0.0223800856329035,"IAT_Min":0.00016305585450027138,"received_addresses":25,"max_pkt_from_sameId":20,"has_attacker":0}
{"received packets":539,"IAT_Mean":0.0037078326630845287,"IAT_Std":0.003827847995964784,"IAT_Max":0.02238009899156168,"IAT_Min":0.00016303761731251143,"received_addresses":29,"max_pkt_from_sameId":20,"has_attacker":0}
{"received packets":590,"IAT_Mean":0.003387315771088667,"IAT_Std":0.0030917329758034567,"IAT_Max":0.013124006105499575,"IAT_Min":0.00016300079005304724,"received_addresses":30,"max_pkt_from_sameId":20,"has_attacker":0}
{"received packets":541,"IAT_Mean":0.0036941054799282935,"IAT_Std":0.0031022637375379298,"IAT_Max":0.013124005978170317,"IAT_Min":0.00016300005881930701,"received_addresses":28,"max_pkt_from_sameId":20,"has_attacker":0}
{"received packets":520,"IAT_Mean":0.0038432993484373305,"IAT_Std":0.0031745585346924368,"IAT_Max":0.013124017023073975,"IAT_Min":0.00016300002971547656,"received_addresses":26,"max_pkt_from_sameId":20,"has_attacker":0}
{"received packets":530,"IAT_Mean":0.0037707870109580604,"IAT_Std":0.0031782827025159537,"IAT_Max":0.013124201967002591,"IAT_Min":0.00016300001880154014,"received_addresses":27,"max_pkt_from_sameId":20,"has_attacker":0}
{"received packets":1459,"IAT_Mean":0.001369997509196656,"IAT_Std":0.0019047737577415304,"IAT_Max":0.013124205350322882,"IAT_Min":0.0001630000006116461,"received_addresses":27,"max_pkt_from_sameId":208,"has_attacker":1}
{"received packets":2408,"IAT_Mean":0.0008300575085441866,"IAT_Std":0.0007800837931180469,"IAT_Max":0.0028682039519480897,"IAT_Min":0.00016300001516356133,"received_addresses":27,"max_pkt_from_sameId":400,"has_attacker":1}
{"received packets":776,"IAT_Mean":0.0025754098452481918,"IAT_Std":0.0023172538136795918,"IAT_Max":0.014243246332625859,"IAT_Min":0.0001500339640188031,"received_addresses":22,"max_pkt_from_sameId":297,"has_attacker":1}
{"received packets":552,"IAT_Mean":0.0036191279990078698,"IAT_Std":0.004657331969565833,"IAT_Max":0.03320025208086008,"IAT_Min":0.00016300018251058646,"received_addresses":19,"max_pkt_from_sameId":200,"has_attacker":1}
