{"received packets":70,"IAT_Mean":0.028571406574961396,"IAT_Std":0.02179008227054378,"IAT_Max":0.07357461118590436,"IAT_Min":0.01144493933315971,"received_addresses":4,"max_pkt_from_sameId":20,"has_attacker":0}
{"received packets":70,"IAT_Mean":0.027900010648331126,"IAT_Std":0.021106104586760229,"IAT_Max":0.07357045997559908,"IAT_Min":0.011442860661190935,"received_addresses":4,"max_pkt_from_sameId":20,"has_attacker":0}
{"received packets":80,"IAT_Mean":0.024932199853537896,"IAT_Std":0.012300038004008007,"IAT_Max":0.04158523684964166,"IAT_Min":0.011442884184361902,"received_addresses":4,"max_pkt_from_sameId":20,"has_attacker":0}
{"received packets":90,"IAT_Mean":0.022161992999382268,"IAT_Std":0.01210302893242629,"IAT_Max":0.04158851081592729,"IAT_Min":0.010206101458607009,"received_addresses":5,"max_pkt_from_sameId":20,"has_attacker":0}
{"received packets":100,"IAT_Mean":0.019945785843810884,"IAT_Std":0.011518438606090418,"IAT_Max":0.04158833720794064,"IAT_Min":0.010202151876001154,"received_addresses":5,"max_pkt_from_sameId":20,"has_attacker":0}
{"received packets":148,"IAT_Mean":0.01347688915919551,"IAT_Std":0.008802275729932665,"IAT_Max":0.033990431191341489,"IAT_Min":0.0025940005471056795,"received_addresses":8,"max_pkt_from_sameId":20,"has_attacker":0}
{"received packets":170,"IAT_Mean":0.011732850073787953,"IAT_Std":0.008854379833009865,"IAT_Max":0.03398324566660449,"IAT_Min":0.0012031918813590892,"received_addresses":9,"max_pkt_from_sameId":20,"has_attacker":0}
{"received packets":389,"IAT_Mean":0.005134449918925879,"IAT_Std":0.005508012606986047,"IAT_Max":0.03277424512634752,"IAT_Min":0.0004905486857751384,"received_addresses":10,"max_pkt_from_sameId":209,"has_attacker":1}
{"received packets":580,"IAT_Mean":0.0034436071811106904,"IAT_Std":0.0017304481088133454,"IAT_Max":0.00519925242770114,"IAT_Min":0.0004909053022856824,"received_addresses":10,"max_pkt_from_sameId":400,"has_attacker":1}
{"received packets":530,"IAT_Mean":0.003765705653564029,"IAT_Std":0.0020515852498235898,"IAT_Max":0.009451747202547267,"IAT_Min":0.00028018672674079426,"received_addresses":9,"max_pkt_from_sameId":380,"has_attacker":1}
{"received packets":530,"IAT_Mean":0.003765709066262715,"IAT_Std":0.0020402651899061525,"IAT_Max":0.00944229726519552,"IAT_Min":0.00028001724058412947,"received_addresses":9,"max_pkt_from_sameId":200,"has_attacker":1}
{"received packets":520,"IAT_Mean":0.0038381215126229598,"IAT_Std":0.0020396083493046397,"IAT_Max":0.009290409081586404,"IAT_Min":0.0002800172514980659,"received_addresses":8,"max_pkt_from_sameId":380,"has_attacker":1}
{"received packets":360,"IAT_Mean":0.005549326078117802,"IAT_Std":0.005416700060024675,"IAT_Max":0.029136016441043468,"IAT_Min":0.0003190028182871174,"received_addresses":10,"max_pkt_from_sameId":180,"has_attacker":1}
{"received packets":339,"IAT_Mean":0.005893106935011803,"IAT_Std":0.007254342075577448,"IAT_Max":0.033988286817475458,"IAT_Min":0.00016301245705108158,"received_addresses":13,"max_pkt_from_sameId":99,"has_attacker":1}
{"received packets":214,"IAT_Mean":0.009335293636468123,"IAT_Std":0.0093375097678116,"IAT_Max":0.03398819891299354,"IAT_Min":0.0001630105107324198,"received_addresses":12,"max_pkt_from_sameId":20,"has_attacker":1}
{"received packets":579,"IAT_Mean":0.0034503490251735489,"IAT_Std":0.0021220510064824218,"IAT_Max":0.00982776630189619,"IAT_Min":0.0002800172514980659,"received_addresses":11,"max_pkt_from_sameId":379,"has_attacker":1}
{"received packets":452,"IAT_Mean":0.004419810709322543,"IAT_Std":0.004149854505381988,"IAT_Max":0.02946824511673185,"IAT_Min":0.00011236165664740838,"received_addresses":12,"max_pkt_from_sameId":191,"has_attacker":1}
{"received packets":354,"IAT_Mean":0.005643376056273438,"IAT_Std":0.004961794989124199,"IAT_Max":0.019470245111733676,"IAT_Min":0.0003190028182871174,"received_addresses":11,"max_pkt_from_sameId":154,"has_attacker":1}
{"received packets":219,"IAT_Mean":0.00912220447947025,"IAT_Std":0.009512561139960109,"IAT_Max":0.03398300683693378,"IAT_Min":0.0009174106671707705,"received_addresses":11,"max_pkt_from_sameId":20,"has_attacker":0}
{"received packets":408,"IAT_Mean":0.004896455010664652,"IAT_Std":0.00573774193125007,"IAT_Max":0.03398268626915524,"IAT_Min":0.00047503659516223706,"received_addresses":12,"max_pkt_from_sameId":188,"has_attacker":1}
{"received packets":620,"IAT_Mean":0.003222184190470275,"IAT_Std":0.0017648589682809739,"IAT_Max":0.005012000001443084,"IAT_Min":0.00011392043234081939,"received_addresses":13,"max_pkt_from_sameId":380,"has_attacker":1}
{"received packets":385,"IAT_Mean":0.005188975509391438,"IAT_Std":0.005233716534884421,"IAT_Max":0.029305016440048349,"IAT_Min":0.00011447417273302563,"received_addresses":14,"max_pkt_from_sameId":143,"has_attacker":1}
{"received packets":333,"IAT_Mean":0.005999278196576961,"IAT_Std":0.006176920375082802,"IAT_Max":0.02961159631013288,"IAT_Min":0.00016300465358654037,"received_addresses":16,"max_pkt_from_sameId":71,"has_attacker":1}
{"received packets":282,"IAT_Mean":0.00708426942857957,"IAT_Std":0.007921622120120103,"IAT_Max":0.029611592493893114,"IAT_Min":0.00016300464994856156,"received_addresses":15,"max_pkt_from_sameId":20,"has_attacker":1}
{"received packets":637,"IAT_Mean":0.0031361877993630099,"IAT_Std":0.0018299477879318422,"IAT_Max":0.0061893816164229069,"IAT_Min":0.00016308056729030795,"received_addresses":14,"max_pkt_from_sameId":377,"has_attacker":1}
{"received packets":489,"IAT_Mean":0.004085387942234018,"IAT_Std":0.004399884994678458,"IAT_Max":0.02961122370470548,"IAT_Min":0.00011190427539986558,"received_addresses":15,"max_pkt_from_sameId":193,"has_attacker":1}
{"received packets":355,"IAT_Mean":0.00562748889721443,"IAT_Std":0.006660756477966151,"IAT_Max":0.029611209043650889,"IAT_Min":0.00016300754941767082,"received_addresses":14,"max_pkt_from_sameId":95,"has_attacker":1}
{"received packets":284,"IAT_Mean":0.0070343757616414428,"IAT_Std":0.007357259284745962,"IAT_Max":0.029608134864247405,"IAT_Min":0.0001630011356610339,"received_addresses":16,"max_pkt_from_sameId":20,"has_attacker":1}
{"received packets":456,"IAT_Mean":0.004381034390629985,"IAT_Std":0.004781912010834539,"IAT_Max":0.02960794280807022,"IAT_Min":0.00016306198813254014,"received_addresses":15,"max_pkt_from_sameId":186,"has_attacker":1}
{"received packets":640,"IAT_Mean":0.0031215045538374398,"IAT_Std":0.0020143377186522418,"IAT_Max":0.008759460364672123,"IAT_Min":0.00011195820843568072,"received_addresses":14,"max_pkt_from_sameId":380,"has_attacker":1}
{"received packets":309,"IAT_Mean":0.006465234482457634,"IAT_Std":0.006079257530981057,"IAT_Max":0.024469179723382696,"IAT_Min":0.0001101905363611877,"received_addresses":15,"max_pkt_from_sameId":55,"has_attacker":1}
{"received packets":291,"IAT_Mean":0.006865140391594516,"IAT_Std":0.007059337360193986,"IAT_Max":0.029607296015456087,"IAT_Min":0.0008260339054686483,"received_addresses":14,"max_pkt_from_sameId":31,"has_attacker":1}
{"received packets":260,"IAT_Mean":0.007683668383413953,"IAT_Std":0.008168152528151198,"IAT_Max":0.029607263273646823,"IAT_Min":0.0008260014838015195,"received_addresses":13,"max_pkt_from_sameId":20,"has_attacker":0}
{"received packets":625,"IAT_Mean":0.0031964133418805435,"IAT_Std":0.002078503305088703,"IAT_Max":0.012523548917670269,"IAT_Min":0.00016324790703947656,"received_addresses":14,"max_pkt_from_sameId":375,"has_attacker":1}
{"received packets":452,"IAT_Mean":0.004419822486192366,"IAT_Std":0.004340992340130531,"IAT_Max":0.0308610268002667,"IAT_Min":0.00010561475937720388,"received_addresses":14,"max_pkt_from_sameId":195,"has_attacker":1}
{"received packets":296,"IAT_Mean":0.006749176598212806,"IAT_Std":0.006308327064679419,"IAT_Max":0.030302245049824707,"IAT_Min":0.0005530114249268081,"received_addresses":12,"max_pkt_from_sameId":76,"has_attacker":1}
{"received packets":214,"IAT_Mean":0.00933529596807254,"IAT_Std":0.008902250455522792,"IAT_Max":0.030867640060023406,"IAT_Min":0.00016300465358654037,"received_addresses":13,