{"received packets":509,"IAT_Mean":0.003926349935658854,"IAT_Std":0.00442689367118634,"IAT_Max":0.022380012367648307,"IAT_Min":0.0001632234525459353,"received_addresses":26,"max_pkt_from_sameId":20,"has_attacker":0}
{"received packets":560,"IAT_Mean":0.003568786192304937,"IAT_Std":0.004257905010844748,"IAT_Max":0.022380018286639826,"IAT_Min":0.00016315931497956626,"received_addresses":28,"max_pkt_from_sameId":20,"has_attacker":0}
{"received packets":550,"IAT_Mean":0.0036336759855211395,"IAT_Std":0.0037137561126978719,"IAT_Max":0.02238003464299254,"IAT_Min":0.00016304773816955276,"received_addresses":29,"max_pkt_from_sameId":20,"has_attacker":0}
{"received packets":571,"IAT_Mean":0.0035000287182328389,"IAT_Std":0.002989764292238352,"IAT_Max":0.013124013243213995,"IAT_Min":0.00016301438154187053,"received_addresses":29,"max_pkt_from_sameId":20,"has_attacker":0}
{"received packets":540,"IAT_Mean":0.0037009468587173076,"IAT_Std":0.00299334616630414,"IAT_Max":0.013124007426085882,"IAT_Min":0.0001631775921850931,"received_addresses":27,"max_pkt_from_sameId":20,"has_attacker":0}
{"received packets":530,"IAT_Mean":0.0037707850436214907,"IAT_Std":0.0030782811854580306,"IAT_Max":0.013124017910740804,"IAT_Min":0.00016350010264432058,"received_addresses":27,"max_pkt_from_sameId":20,"has_attacker":0}
{"received packets":550,"IAT_Mean":0.0036336685474948769,"IAT_Std":0.0030585154401064965,"IAT_Max":0.013124286797392415,"IAT_Min":0.00016384721311624162,"received_addresses":28,"max_pkt_from_sameId":20,"has_attacker":0}
{"received packets":1861,"IAT_Mean":0.001074148375801014,"IAT_Std":0.0015540716974184336,"IAT_Max":0.013124477678502445,"IAT_Min":0.00016300001516356133,"received_addresses":30,"max_pkt_from_sameId":209,"has_attacker":1}
{"received packets":3178,"IAT_Mean":0.0006289938382122111,"IAT_Std":0.0006203438845290639,"IAT_Max":0.00238606580751366,"IAT_Min":0.0001630010228836909,"received_addresses":27,"max_pkt_from_sameId":400,"has_attacker":1}
{"received packets":646,"IAT_Mean":0.0030936828969415814,"IAT_Std":0.003763058828589805,"IAT_Max":0.022435455764934887,"IAT_Min":0.00015105519923963584,"received_addresses":24,"max_pkt_from_sameId":148,"has_attacker":1}
{"received packets":590,"IAT_Mean":0.003386029499579,"IAT_Std":0.004456710159129622,"IAT_Max":0.032666267041349787,"IAT_Min":0.00016311486979248002,"received_addresses":21,"max_pkt_from_sameId":200,"has_attacker":1}
{"received packets":697,"IAT_Mean":0.0028662189707630836,"IAT_Std":0.0017690125521561858,"IAT_Max":0.0073612318774394229,"IAT_Min":0.00016555625916225836,"received_addresses":19,"max_pkt_from_sameId":381,"has_attacker":1}
{"received packets":766,"IAT_Mean":0.002608038586809123,"IAT_Std":0.0033715349346760895,"IAT_Max":0.024306011575390586,"IAT_Min":0.00010738727723946795,"received_addresses":19,"max_pkt_from_sameId":251,"has_attacker":1}
{"received packets":612,"IAT_Mean":0.003264319290661851,"IAT_Std":0.005079648480439953,"IAT_Max":0.03314715808301116,"IAT_Min":0.00015598257596138865,"received_addresses":22,"max_pkt_from_sameId":133,"has_attacker":1}
{"received packets":411,"IAT_Mean":0.0048607128641392229,"IAT_Std":0.006766853007432095,"IAT_Max":0.03314716474415036,"IAT_Min":0.000161303691129433,"received_addresses":18,"max_pkt_from_sameId":109,"has_attacker":1}
{"received packets":668,"IAT_Mean":0.0029906470574928109,"IAT_Std":0.0016757497415722776,"IAT_Max":0.006228331101738149,"IAT_Min":0.00028001235477859154,"received_addresses":16,"max_pkt_from_sameId":379,"has_attacker":1}
{"received packets":712,"IAT_Mean":0.0028058350975381188,"IAT_Std":0.0029182132286614769,"IAT_Max":0.029305011572432706,"IAT_Min":0.00011224079207750037,"received_addresses":18,"max_pkt_from_sameId":191,"has_attacker":1}
{"received packets":792,"IAT_Mean":0.0025224182736748865,"IAT_Std":0.0026971299915299728,"IAT_Max":0.01930701156743453,"IAT_Min":0.00011459951201686636,"received_addresses":17,"max_pkt_from_sameId":291,"has_attacker":1}
{"received packets":299,"IAT_Mean":0.0066814813706690969,"IAT_Std":0.007463288529392996,"IAT_Max":0.029611393369123108,"IAT_Min":0.00011528281538630836,"received_addresses":17,"max_pkt_from_sameId":20,"has_attacker":1}
{"received packets":482,"IAT_Mean":0.004144717413238363,"IAT_Std":0.004723118306939908,"IAT_Max":0.029611393321829384,"IAT_Min":0.0001630014303373173,"received_addresses":17,"max_pkt_from_sameId":188,"has_attacker":1}
{"received packets":671,"IAT_Mean":0.0029772792055458767,"IAT_Std":0.0017497832201391884,"IAT_Max":0.005012000001443084,"IAT_Min":0.00011379956777091138,"received_addresses":16,"max_pkt_from_sameId":380,"has_attacker":1}
{"received packets":746,"IAT_Mean":0.0026779567291444759,"IAT_Std":0.002147309106042494,"IAT_Max":0.014308150064607617,"IAT_Min":0.00011435330816311762,"received_addresses":18,"max_pkt_from_sameId":322,"has_attacker":1}
{"received packets":560,"IAT_Mean":0.0035674281933682197,"IAT_Std":0.004724931578810666,"IAT_Max":0.029611393703817158,"IAT_Min":0.00011573000665521249,"received_addresses":20,"max_pkt_from_sameId":165,"has_attacker":1}
{"received packets":328,"IAT_Mean":0.006090744291735219,"IAT_Std":0.00721279958443314,"IAT_Max":0.02961139384933631,"IAT_Min":0.00016304003293043934,"received_addresses":19,"max_pkt_from_sameId":20,"has_attacker":1}
{"received packets":670,"IAT_Mean":0.002981719070185,"IAT_Std":0.001868725859588781,"IAT_Max":0.006189129842823604,"IAT_Min":0.00011965261728619225,"received_addresses":18,"max_pkt_from_sameId":377,"has_attacker":1}
{"received packets":631,"IAT_Mean":0.003166014029448728,"IAT_Std":0.0018742465147982314,"IAT_Max":0.012673029414145276,"IAT_Min":0.00011178340719197877,"received_addresses":17,"max_pkt_from_sameId":193,"has_attacker":1}
{"received packets":689,"IAT_Mean":0.002899504655071805,"IAT_Std":0.0020724416339544229,"IAT_Max":0.011439001998951426,"IAT_Min":0.0001148626470239833,"received_addresses":17,"max_pkt_from_sameId":351,"has_attacker":1}
{"received packets":297,"IAT_Mean":0.006726474293386811,"IAT_Std":0.006848976038852461,"IAT_Max":0.028135378546721769,"IAT_Min":0.00010571740858722478,"received_addresses":19,"max_pkt_from_sameId":20,"has_attacker":1}
{"received packets":482,"IAT_Mean":0.0041447133422344109,"IAT_Std":0.004481445077206629,"IAT_Max":0.028135378583101557,"IAT_Min":0.0001630037440918386,"received_addresses":17,"max_pkt_from_sameId":186,"has_attacker":1}
{"received packets":699,"IAT_Mean":0.002858030133450696,"IAT_Std":0.0018285439825088993,"IAT_Max":0.008752251211262774,"IAT_Min":0.00011183734386577271,"received_addresses":20,"max_pkt_from_sameId":380,"has_attacker":1}
{"received packets":639,"IAT_Mean":0.0031263812267748388,"IAT_Std":0.004056706943100457,"IAT_Max":0.02430603281391086,"IAT_Min":0.00011006967179127969,"received_addresses":20,"max_pkt_from_sameId":256,"has_attacker":1}
{"received packets":498,"IAT_Mean":0.00401155823852152,"IAT_Std":0.004808806178671626,"IAT_Max":0.02813562483061105,"IAT_Min":0.000117613970360253,"received_addresses":18,"max_pkt_from_sameId":142,"has_attacker":1}
{"received packets":320,"IAT_Mean":0.006242981026593953,"IAT_Std":0.006704129388737956,"IAT_Max":0.02813580436486518,"IAT_Min":0.0008261504663096275,"received_addresses":16,"max_pkt_from_sameId":20,"has_attacker":0}
{"received packets":695,"IAT_Mean":0.0028744726438921619,"IAT_Std":0.0019955983129014539,"IAT_Max":0.01034317371522775,"IAT_Min":0.0001630037404538598,"received_addresses":17,"max_pkt_from_sameId":375,"has_attacker":1}
{"received packets":679,"IAT_Mean":0.0029422090023343519,"IAT_Std":0.0030335304684223996,"IAT_Max":0.028135629607277225,"IAT_Min":0.00010549389116931707,"received_addresses":19,"max_pkt_from_sameId":195,"has_attacker":1}
{"received packets":701,"IAT_Mean":0.002849866507704285,"IAT_Std":0.0031824344486352815,"IAT_Max":0.028668017032032368,"IAT_Min":0.00010692265277612023,"received_addresses":19,"max_pkt_from_sameId":313,"has_attacker":1}
{"received packets":317,"IAT_Mean":0.006308854228675264,"IAT_Std":0.007455831811812075,"IAT_Max":0.03132165691567934,