{"received packets":460,"IAT_Mean":0.0043445920774699878,"IAT_Std":0.004495916318116721,"IAT_Max":0.02238000744546298,"IAT_Min":0.0001632240746403113,"received_addresses":23,"max_pkt_from_sameId":20,"has_attacker":0}
{"received packets":460,"IAT_Mean":0.004344609825341689,"IAT_Std":0.004496126892294707,"IAT_Max":0.022380006172170398,"IAT_Min":0.00016315819812007248,"received_addresses":23,"max_pkt_from_sameId":20,"has_attacker":0}
{"received packets":480,"IAT_Mean":0.004163587462282218,"IAT_Std":0.0038191224387207785,"IAT_Max":0.022380005782906666,"IAT_Min":0.00016304518067045137,"received_addresses":25,"max_pkt_from_sameId":20,"has_attacker":0}
{"received packets":520,"IAT_Mean":0.003843300804909142,"IAT_Std":0.00290132453400531,"IAT_Max":0.013124429464369314,"IAT_Min":0.00016300331481033936,"received_addresses":26,"max_pkt_from_sameId":20,"has_attacker":0}
{"received packets":520,"IAT_Mean":0.003843290584224563,"IAT_Std":0.002901888966694772,"IAT_Max":0.01312426180447801,"IAT_Min":0.00016300235074595548,"received_addresses":26,"max_pkt_from_sameId":20,"has_attacker":0}
{"received packets":520,"IAT_Mean":0.0038432992829886926,"IAT_Std":0.002819724490725006,"IAT_Max":0.013124095057719387,"IAT_Min":0.0001630028673389461,"received_addresses":26,"max_pkt_from_sameId":20,"has_attacker":0}
{"received packets":529,"IAT_Mean":0.0037779152828289286,"IAT_Std":0.002828464407998251,"IAT_Max":0.013124292385327863,"IAT_Min":0.00016300734569085762,"received_addresses":27,"max_pkt_from_sameId":20,"has_attacker":0}
{"received packets":1643,"IAT_Mean":0.001216670473691683,"IAT_Std":0.0017164855501299334,"IAT_Max":0.01312447342206724,"IAT_Min":0.0001630009173823055,"received_addresses":28,"max_pkt_from_sameId":208,"has_attacker":1}
{"received packets":2786,"IAT_Mean":0.0007174952902731019,"IAT_Std":0.0006749104580868727,"IAT_Max":0.0023860684887040408,"IAT_Min":0.0001630056394787971,"received_addresses":27,"max_pkt_from_sameId":400,"has_attacker":1}
{"received packets":830,"IAT_Mean":0.0024078537550159095,"IAT_Std":0.00199988889187359,"IAT_Max":0.009615195674996358,"IAT_Min":0.00015888558118604124,"received_addresses":24,"max_pkt_from_sameId":330,"has_attacker":1}
{"received packets":660,"IAT_Mean":0.003026905911103699,"IAT_Std":0.002140541201695976,"IAT_Max":0.01320307117930497,"IAT_Min":0.00016003376003936864,"received_addresses":21,"max_pkt_from_sameId":200,"has_attacker":1}
{"received packets":668,"IAT_Mean":0.0029906512646301348,"IAT_Std":0.0017681839672032468,"IAT_Max":0.005716398678487167,"IAT_Min":0.00015729863662272692,"received_addresses":17,"max_pkt_from_sameId":381,"has_attacker":1}
{"received packets":558,"IAT_Mean":0.003580211256805968,"IAT_Std":0.0042544156638663148,"IAT_Max":0.02930502332674223,"IAT_Min":0.000153953875269508,"received_addresses":20,"max_pkt_from_sameId":111,"has_attacker":1}
{"received packets":641,"IAT_Mean":0.0031166359353527685,"IAT_Std":0.002991759452690496,"IAT_Max":0.024469386149576168,"IAT_Min":0.00015421030548168346,"received_addresses":19,"max_pkt_from_sameId":191,"has_attacker":1}
{"received packets":611,"IAT_Mean":0.0032696450332628087,"IAT_Std":0.0017995905609772634,"IAT_Max":0.009717550623463467,"IAT_Min":0.00011063460260629654,"received_addresses":16,"max_pkt_from_sameId":361,"has_attacker":1}
{"received packets":668,"IAT_Mean":0.002990647128368045,"IAT_Std":0.0016994747132864452,"IAT_Max":0.00622833192392136,"IAT_Min":0.00011311537309666164,"received_addresses":17,"max_pkt_from_sameId":379,"has_attacker":1}
{"received packets":692,"IAT_Mean":0.0028869286300037446,"IAT_Std":0.002937038872721135,"IAT_Max":0.029305010477401085,"IAT_Min":0.00011228583025513217,"received_addresses":17,"max_pkt_from_sameId":191,"has_attacker":1}
{"received packets":783,"IAT_Mean":0.0025514116154050387,"IAT_Std":0.0027138334854831757,"IAT_Max":0.019307010541524506,"IAT_Min":0.00011461295071057975,"received_addresses":18,"max_pkt_from_sameId":291,"has_attacker":1}
{"received packets":519,"IAT_Mean":0.0038492542426131588,"IAT_Std":0.0030850759033549236,"IAT_Max":0.010011090078478447,"IAT_Min":0.00011529578841873445,"received_addresses":18,"max_pkt_from_sameId":220,"has_attacker":1}
{"received packets":582,"IAT_Mean":0.0034325666928924785,"IAT_Std":0.002497661802551238,"IAT_Max":0.010011090078478447,"IAT_Min":0.00016300001152558252,"received_addresses":18,"max_pkt_from_sameId":188,"has_attacker":1}
{"received packets":671,"IAT_Mean":0.002977279238450338,"IAT_Std":0.00172890011855294,"IAT_Max":0.005012000001443084,"IAT_Min":0.00011381827061995864,"received_addresses":16,"max_pkt_from_sameId":380,"has_attacker":1}
{"received packets":741,"IAT_Mean":0.002696026642407976,"IAT_Std":0.0021328186999441096,"IAT_Max":0.014308190740848659,"IAT_Min":0.00011437200737418607,"received_addresses":18,"max_pkt_from_sameId":317,"has_attacker":1}
{"received packets":661,"IAT_Mean":0.0030223295164428659,"IAT_Std":0.0027351411990531508,"IAT_Max":0.014308190740848659,"IAT_Min":0.00011574294330785051,"received_addresses":20,"max_pkt_from_sameId":160,"has_attacker":1}
{"received packets":530,"IAT_Mean":0.0037693663203170666,"IAT_Std":0.003025848759444713,"IAT_Max":0.010011090078478447,"IAT_Min":0.00016300965944537893,"received_addresses":19,"max_pkt_from_sameId":213,"has_attacker":1}
{"received packets":671,"IAT_Mean":0.0029772754084990218,"IAT_Std":0.0018513339356155336,"IAT_Max":0.006189129060658161,"IAT_Min":0.00011969277329626493,"received_addresses":19,"max_pkt_from_sameId":377,"has_attacker":1}
{"received packets":632,"IAT_Mean":0.0031610045485200618,"IAT_Std":0.001854729231328864,"IAT_Max":0.012673069315496832,"IAT_Min":0.00011180211004102603,"received_addresses":18,"max_pkt_from_sameId":193,"has_attacker":1}
{"received packets":691,"IAT_Mean":0.0028911124883116746,"IAT_Std":0.0020590694710418157,"IAT_Max":0.011439011850598036,"IAT_Min":0.00011487558367662132,"received_addresses":18,"max_pkt_from_sameId":351,"has_attacker":1}
{"received packets":467,"IAT_Mean":0.004277864854849628,"IAT_Std":0.0031363586991766006,"IAT_Max":0.012516027603851399,"IAT_Min":0.0001057303452398628,"received_addresses":19,"max_pkt_from_sameId":172,"has_attacker":1}
{"received packets":570,"IAT_Mean":0.0035048278123500306,"IAT_Std":0.00257906741578831,"IAT_Max":0.012516116585175041,"IAT_Min":0.00016300111747113988,"received_addresses":18,"max_pkt_from_sameId":186,"has_attacker":1}
{"received packets":692,"IAT_Mean":0.0028869408748042888,"IAT_Std":0.0018342975357417339,"IAT_Max":0.008752247242227896,"IAT_Min":0.00011185604671481997,"received_addresses":19,"max_pkt_from_sameId":380,"has_attacker":1}
{"received packets":623,"IAT_Mean":0.0032066735569631066,"IAT_Std":0.004120787542411643,"IAT_Max":0.024306030856678264,"IAT_Min":0.00011008837100234814,"received_addresses":18,"max_pkt_from_sameId":260,"has_attacker":1}
{"received packets":597,"IAT_Mean":0.0033463249997698668,"IAT_Std":0.0030595491157859907,"IAT_Max":0.024306064267875628,"IAT_Min":0.00011762690701289102,"received_addresses":19,"max_pkt_from_sameId":142,"has_attacker":1}
{"received packets":520,"IAT_Mean":0.0038418345203773734,"IAT_Std":0.00296461942191117,"IAT_Max":0.010011090078478447,"IAT_Min":0.00016479143596370704,"received_addresses":17,"max_pkt_from_sameId":200,"has_attacker":1}
{"received packets":696,"IAT_Mean":0.002870342686189057,"IAT_Std":0.0020025493985240765,"IAT_Max":0.008776165610470344,"IAT_Min":0.00016300111747113988,"received_addresses":18,"max_pkt_from_sameId":375,"has_attacker":1}
{"received packets":674,"IAT_Mean":0.002964035511376196,"IAT_Std":0.0029223434039639254,"IAT_Max":0.028662321186857299,"IAT_Min":0.00010551259038038552,"received_addresses":19,"max_pkt_from_sameId":195,"has_attacker":1}
{"received packets":690,"IAT_Mean":0.002895299194173329,"IAT_Std":0.003238266046862569,"IAT_Max":0.028668050053966,"IAT_Min":0.00010693558579077944,"received_addresses":17,"max_pkt_from_sameId":313,"has_attacker":1}
{"received packets":476,"IAT_Mean":0.004201484811981099,"IAT_Std":0.00335687100279618,