{"received packets":509,"IAT_Mean":0.003926349946422697,"IAT_Std":0.004263287294484666,"IAT_Max":0.02238001515797805,"IAT_Min":0.00016322072769980878,"received_addresses":26,"max_pkt_from_sameId":20,"has_attacker":0}
{"received packets":540,"IAT_Mean":0.003700963452798465,"IAT_Std":0.004120811720979844,"IAT_Max":0.0223800286075857,"IAT_Min":0.0001631605628062971,"received_addresses":27,"max_pkt_from_sameId":20,"has_attacker":0}
{"received packets":541,"IAT_Mean":0.0036941253980841725,"IAT_Std":0.0035728248027114665,"IAT_Max":0.02238006920379121,"IAT_Min":0.00016305512690450996,"received_addresses":29,"max_pkt_from_sameId":20,"has_attacker":0}
{"received packets":550,"IAT_Mean":0.003633666330186481,"IAT_Std":0.0028748567177090684,"IAT_Max":0.013124011984473328,"IAT_Min":0.0001630757687962614,"received_addresses":28,"max_pkt_from_sameId":20,"has_attacker":0}
{"received packets":560,"IAT_Mean":0.003568770356585966,"IAT_Std":0.002888574943248214,"IAT_Max":0.013124007447913755,"IAT_Min":0.00016333992607542314,"received_addresses":28,"max_pkt_from_sameId":20,"has_attacker":0}
{"received packets":551,"IAT_Mean":0.003627071075510695,"IAT_Std":0.00315004574201444,"IAT_Max":0.013124018449161668,"IAT_Min":0.00016366574709536508,"received_addresses":30,"max_pkt_from_sameId":20,"has_attacker":0}
{"received packets":560,"IAT_Mean":0.0035687817509304816,"IAT_Std":0.0030319563775144306,"IAT_Max":0.013124287281243597,"IAT_Min":0.00016400642562075518,"received_addresses":28,"max_pkt_from_sameId":20,"has_attacker":0}
{"received packets":1663,"IAT_Mean":0.0012020386044877103,"IAT_Std":0.0017586109634432066,"IAT_Max":0.013124478122335859,"IAT_Min":0.00016300002243951894,"received_addresses":29,"max_pkt_from_sameId":207,"has_attacker":1}
{"received packets":2785,"IAT_Mean":0.0007177531370562685,"IAT_Std":0.0006494035526358739,"IAT_Max":0.0032250676849798767,"IAT_Min":0.0001630012375244405,"received_addresses":27,"max_pkt_from_sameId":400,"has_attacker":1}
{"received packets":693,"IAT_Mean":0.002883866099679742,"IAT_Std":0.0036432837736695385,"IAT_Max":0.0224354558486084,"IAT_Min":0.00015118335431907326,"received_addresses":26,"max_pkt_from_sameId":155,"has_attacker":1}
{"received packets":632,"IAT_Mean":0.0031610085110906204,"IAT_Std":0.004337858982723262,"IAT_Max":0.032666197897924579,"IAT_Min":0.00016303198208333924,"received_addresses":23,"max_pkt_from_sameId":200,"has_attacker":1}
{"received packets":718,"IAT_Mean":0.002782388048561943,"IAT_Std":0.001778163315880613,"IAT_Max":0.007361228963418398,"IAT_Min":0.0001655837331782095,"received_addresses":20,"max_pkt_from_sameId":381,"has_attacker":1}
{"received packets":545,"IAT_Mean":0.003665610192086731,"IAT_Std":0.004363396485817677,"IAT_Max":0.02929918978770729,"IAT_Min":0.00010738758282968774,"received_addresses":20,"max_pkt_from_sameId":110,"has_attacker":1}
{"received packets":481,"IAT_Mean":0.004153354269651279,"IAT_Std":0.005764214365824327,"IAT_Max":0.03314715836313553,"IAT_Min":0.00015855337915127166,"received_addresses":21,"max_pkt_from_sameId":58,"has_attacker":1}
{"received packets":415,"IAT_Mean":0.004813862614765278,"IAT_Std":0.006819883289980801,"IAT_Max":0.03314716501699877,"IAT_Min":0.00016130904987221584,"received_addresses":19,"max_pkt_from_sameId":104,"has_attacker":1}
{"received packets":688,"IAT_Mean":0.0029037096400855286,"IAT_Std":0.0017025059687438914,"IAT_Max":0.006228333211765857,"IAT_Min":0.00028000953898299485,"received_addresses":17,"max_pkt_from_sameId":379,"has_attacker":1}
{"received packets":574,"IAT_Mean":0.0034804086888927255,"IAT_Std":0.0035523899777813495,"IAT_Max":0.029305016440048349,"IAT_Min":0.00011223446199437603,"received_addresses":17,"max_pkt_from_sameId":191,"has_attacker":1}
{"received packets":511,"IAT_Mean":0.003909501508273569,"IAT_Std":0.003860084755331191,"IAT_Max":0.019998240233690013,"IAT_Min":0.00012902051457786,"received_addresses":17,"max_pkt_from_sameId":130,"has_attacker":1}
{"received packets":318,"IAT_Mean":0.0062822733578847289,"IAT_Std":0.007387653196403139,"IAT_Max":0.029611404508614215,"IAT_Min":0.0002771609797491692,"received_addresses":17,"max_pkt_from_sameId":20,"has_attacker":1}
{"received packets":502,"IAT_Mean":0.003979589225407444,"IAT_Std":0.004682466934364155,"IAT_Max":0.029611404042952928,"IAT_Min":0.00016300000788760372,"received_addresses":18,"max_pkt_from_sameId":188,"has_attacker":1}
{"received packets":691,"IAT_Mean":0.002891106143118566,"IAT_Std":0.001772603274761153,"IAT_Max":0.005012000001443084,"IAT_Min":0.00011379323768778704,"received_addresses":17,"max_pkt_from_sameId":380,"has_attacker":1}
{"received packets":444,"IAT_Mean":0.0044994498151330239,"IAT_Std":0.005017520289137533,"IAT_Max":0.029468189790350153,"IAT_Min":0.00011434698171797208,"received_addresses":18,"max_pkt_from_sameId":74,"has_attacker":1}
{"received packets":415,"IAT_Mean":0.0048138790030445468,"IAT_Std":0.00541376561443858,"IAT_Max":0.029611402034788627,"IAT_Min":0.00016304056043736637,"received_addresses":20,"max_pkt_from_sameId":62,"has_attacker":1}
{"received packets":348,"IAT_Mean":0.005740701510525281,"IAT_Std":0.007125104839576934,"IAT_Max":0.029611401885631495,"IAT_Min":0.00016304056043736637,"received_addresses":20,"max_pkt_from_sameId":20,"has_attacker":1}
{"received packets":690,"IAT_Mean":0.00289529242753802,"IAT_Std":0.0018871322911666316,"IAT_Max":0.0061891290242783729,"IAT_Min":0.0001196435587189626,"received_addresses":19,"max_pkt_from_sameId":377,"has_attacker":1}
{"received packets":472,"IAT_Mean":0.004232531463041935,"IAT_Std":0.004699875325455745,"IAT_Max":0.02961108567615156,"IAT_Min":0.00011177708438481204,"received_addresses":17,"max_pkt_from_sameId":193,"has_attacker":1}
{"received packets":358,"IAT_Mean":0.005580331579090731,"IAT_Std":0.006794323475481135,"IAT_Max":0.029612205507874024,"IAT_Min":0.00016300075003528036,"received_addresses":17,"max_pkt_from_sameId":34,"has_attacker":1}
{"received packets":314,"IAT_Mean":0.006362302111825371,"IAT_Std":0.006810755902442705,"IAT_Max":0.02813537417387124,"IAT_Min":0.00016304055679938756,"received_addresses":19,"max_pkt_from_sameId":20,"has_attacker":1}
{"received packets":502,"IAT_Mean":0.003979585316594884,"IAT_Std":0.00444853346897146,"IAT_Max":0.028135374202975073,"IAT_Min":0.00016300077913911082,"received_addresses":18,"max_pkt_from_sameId":186,"has_attacker":1}
{"received packets":722,"IAT_Mean":0.0027669848493846016,"IAT_Std":0.0018462875343417318,"IAT_Max":0.008752241537877126,"IAT_Min":0.00011183102105860598,"received_addresses":21,"max_pkt_from_sameId":380,"has_attacker":1}
{"received packets":403,"IAT_Mean":0.004957214893000322,"IAT_Std":0.005318360782466388,"IAT_Max":0.02446943020186154,"IAT_Min":0.00011006334170815535,"received_addresses":20,"max_pkt_from_sameId":75,"has_attacker":1}
{"received packets":376,"IAT_Mean":0.005313180853087769,"IAT_Std":0.006024345721502915,"IAT_Max":0.028135615033534124,"IAT_Min":0.00013169245721655898,"received_addresses":18,"max_pkt_from_sameId":42,"has_attacker":1}
{"received packets":340,"IAT_Mean":0.0058757468426098489,"IAT_Std":0.006646477260093976,"IAT_Max":0.02813579439316527,"IAT_Min":0.0008261588154709898,"received_addresses":17,"max_pkt_from_sameId":20,"has_attacker":0}
{"received packets":715,"IAT_Mean":0.002794067811858319,"IAT_Std":0.002004568891614812,"IAT_Max":0.01034317493031267,"IAT_Min":0.00016300077913911082,"received_addresses":18,"max_pkt_from_sameId":375,"has_attacker":1}
{"received packets":552,"IAT_Mean":0.0036191302727512149,"IAT_Std":0.003989570438282385,"IAT_Max":0.02938498594085104,"IAT_Min":0.00010548756836215034,"received_addresses":19,"max_pkt_from_sameId":195,"has_attacker":1}
{"received packets":397,"IAT_Mean":0.005032132039976603,"IAT_Std":0.005743021762126067,"IAT_Max":0.028831402021751275,"IAT_Min":0.0005530114249268081,"received_addresses":17,"max_pkt_from_sameId":77,"has_attacker":1}
{"received packets":314,"IAT_Mean":0.006369129922065794,"IAT_Std":0.007025035491430999,"IAT_Max":0.029390277370112018,