{"received packets":20,"IAT_Mean":0.0954212145321435,"IAT_Std":0.0199593126649037,"IAT_Max":0.10001078522327589,"IAT_Min":0.008420590944297146,"received_addresses":1,"max_pkt_from_sameId":20,"has_attacker":0}
{"received packets":60,"IAT_Mean":0.03326371527855372,"IAT_Std":0.03321745039627319,"IAT_Max":0.0874157446269237,"IAT_Min":0.004574827660690062,"received_addresses":4,"max_pkt_from_sameId":20,"has_attacker":0}
{"received packets":30,"IAT_Mean":0.06614500728768083,"IAT_Std":0.03249418100890933,"IAT_Max":0.10001048891354003,"IAT_Min":0.00842195428776904,"received_addresses":2,"max_pkt_from_sameId":20,"has_attacker":0}
{"received packets":40,"IAT_Mean":0.04875616483323029,"IAT_Std":0.019334186354746514,"IAT_Max":0.07451752350607421,"IAT_Min":0.008423862087511225,"received_addresses":3,"max_pkt_from_sameId":20,"has_attacker":0}
{"received packets":70,"IAT_Mean":0.027959036009789479,"IAT_Std":0.01868650682271323,"IAT_Max":0.08547968280618079,"IAT_Min":0.004831463476875797,"received_addresses":7,"max_pkt_from_sameId":20,"has_attacker":0}
{"received packets":80,"IAT_Mean":0.02446420974129069,"IAT_Std":0.0169234211862439,"IAT_Max":0.046352496447070738,"IAT_Min":0.00347167600193643,"received_addresses":5,"max_pkt_from_sameId":20,"has_attacker":0}
{"received packets":90,"IAT_Mean":0.02213559543698567,"IAT_Std":0.016646862816365683,"IAT_Max":0.04635026142204879,"IAT_Min":0.003476275745924795,"received_addresses":6,"max_pkt_from_sameId":20,"has_attacker":0}
{"received packets":106,"IAT_Mean":0.018372388203475429,"IAT_Std":0.016950286880052593,"IAT_Max":0.05614226238321862,"IAT_Min":0.0028963938857486939,"received_addresses":6,"max_pkt_from_sameId":20,"has_attacker":1}
{"received packets":257,"IAT_Mean":0.007770928195704877,"IAT_Std":0.009137508927963483,"IAT_Max":0.035513382932549578,"IAT_Min":0.00016300068091368303,"received_addresses":7,"max_pkt_from_sameId":147,"has_attacker":1}
{"received packets":270,"IAT_Mean":0.007296704455950897,"IAT_Std":0.006506217262139409,"IAT_Max":0.03336261110234773,"IAT_Min":0.0001616459630895406,"received_addresses":10,"max_pkt_from_sameId":91,"has_attacker":1}
{"received packets":167,"IAT_Mean":0.011785535168555017,"IAT_Std":0.009543057419140043,"IAT_Max":0.0352849368864554,"IAT_Min":0.0016347518940165174,"received_addresses":8,"max_pkt_from_sameId":48,"has_attacker":1}
{"received packets":123,"IAT_Mean":0.01600156319628747,"IAT_Std":0.009719027681802644,"IAT_Max":0.03529101881940733,"IAT_Min":0.00010518329872866161,"received_addresses":7,"max_pkt_from_sameId":20,"has_attacker":0}
{"received packets":583,"IAT_Mean":0.0034221431762760819,"IAT_Std":0.0026979325804421707,"IAT_Max":0.03207522146112751,"IAT_Min":0.00010897077663685195,"received_addresses":6,"max_pkt_from_sameId":329,"has_attacker":1}
{"received packets":259,"IAT_Mean":0.0075191767439694539,"IAT_Std":0.012367930834049806,"IAT_Max":0.05600845586741343,"IAT_Min":0.00010534191824262962,"received_addresses":5,"max_pkt_from_sameId":111,"has_attacker":1}
{"received packets":79,"IAT_Mean":0.024651509891048627,"IAT_Std":0.021873795677402637,"IAT_Max":0.05600844067885191,"IAT_Min":0.0016303967422572896,"received_addresses":4,"max_pkt_from_sameId":20,"has_attacker":0}
{"received packets":80,"IAT_Mean":0.02434346313543756,"IAT_Std":0.021897419558886245,"IAT_Max":0.05600285802574945,"IAT_Min":0.001627224795811344,"received_addresses":4,"max_pkt_from_sameId":20,"has_attacker":0}
{"received packets":255,"IAT_Mean":0.00782458679105712,"IAT_Std":0.01281726666327449,"IAT_Max":0.056002769008046019,"IAT_Min":0.00015140759569476359,"received_addresses":5,"max_pkt_from_sameId":102,"has_attacker":1}
{"received packets":544,"IAT_Mean":0.003667776314380396,"IAT_Std":0.004473754657934975,"IAT_Max":0.024839049990987406,"IAT_Min":0.0001126818206103053,"received_addresses":8,"max_pkt_from_sameId":217,"has_attacker":1}
{"received packets":143,"IAT_Mean":0.01371626779227945,"IAT_Std":0.014849141043950756,"IAT_Max":0.039845577121013778,"IAT_Min":0.00011336495299474336,"received_addresses":8,"max_pkt_from_sameId":22,"has_attacker":1}
{"received packets":140,"IAT_Mean":0.01401018626259299,"IAT_Std":0.014872754677951777,"IAT_Max":0.03984537314318004,"IAT_Min":0.0012717665013042279,"received_addresses":7,"max_pkt_from_sameId":20,"has_attacker":0}
{"received packets":150,"IAT_Mean":0.013076206978027283,"IAT_Std":0.013430880433652286,"IAT_Max":0.03984077761560911,"IAT_Min":0.0012670451251324267,"received_addresses":8,"max_pkt_from_sameId":20,"has_attacker":0}
{"received packets":522,"IAT_Mean":0.0037648845672512865,"IAT_Std":0.005232645018582752,"IAT_Max":0.03483704992686398,"IAT_Min":0.0001559500815346837,"received_addresses":10,"max_pkt_from_sameId":208,"has_attacker":1}
{"received packets":369,"IAT_Mean":0.005315535346364024,"IAT_Std":0.007406407271793054,"IAT_Max":0.03984465104076662,"IAT_Min":0.0001067940283974167,"received_addresses":10,"max_pkt_from_sameId":119,"has_attacker":1}
{"received packets":116,"IAT_Mean":0.01678859607207038,"IAT_Std":0.01788348039308514,"IAT_Max":0.053801409205334497,"IAT_Min":0.0006310001881502103,"received_addresses":8,"max_pkt_from_sameId":20,"has_attacker":0}
{"received packets":671,"IAT_Mean":0.0029772763444029556,"IAT_Std":0.001981550928440191,"IAT_Max":0.008132676673994866,"IAT_Min":0.00012090446034562774,"received_addresses":17,"max_pkt_from_sameId":377,"has_attacker":1}
{"received packets":568,"IAT_Mean":0.003513774877076134,"IAT_Std":0.0048004278998017208,"IAT_Max":0.03523542525363155,"IAT_Min":0.00011243726476095617,"received_addresses":19,"max_pkt_from_sameId":193,"has_attacker":1}
{"received packets":505,"IAT_Mean":0.003951037088844183,"IAT_Std":0.0016294541078065303,"IAT_Max":0.00829153043741826,"IAT_Min":0.0002930678892880678,"received_addresses":8,"max_pkt_from_sameId":394,"has_attacker":1}
{"received packets":123,"IAT_Mean":0.015891898728313676,"IAT_Std":0.017500728099061677,"IAT_Max":0.046565228039980869,"IAT_Min":0.0002694505201361608,"received_addresses":7,"max_pkt_from_sameId":20,"has_attacker":1}
{"received packets":120,"IAT_Mean":0.01628918328930619,"IAT_Std":0.017543519419023758,"IAT_Max":0.04656513343434199,"IAT_Min":0.0006321464788925368,"received_addresses":6,"max_pkt_from_sameId":20,"has_attacker":0}
{"received packets":100,"IAT_Mean":0.01954713019371411,"IAT_Std":0.018787235113368024,"IAT_Max":0.0465672140053357,"IAT_Min":0.0006324958158074878,"received_addresses":6,"max_pkt_from_sameId":20,"has_attacker":0}
{"received packets":456,"IAT_Mean":0.004375245212175191,"IAT_Std":0.0019704796226790554,"IAT_Max":0.013755130319623277,"IAT_Min":0.0003971112164435908,"received_addresses":5,"max_pkt_from_sameId":376,"has_attacker":1}
{"received packets":274,"IAT_Mean":0.007133967856519446,"IAT_Std":0.010448208476268213,"IAT_Max":0.04656639696258935,"IAT_Min":0.00011081679258495569,"received_addresses":5,"max_pkt_from_sameId":194,"has_attacker":1}
{"received packets":100,"IAT_Mean":0.01999898370097071,"IAT_Std":0.019956886212005786,"IAT_Max":0.04520783299813047,"IAT_Min":0.0012735896489175503,"received_addresses":5,"max_pkt_from_sameId":20,"has_attacker":0}
{"received packets":90,"IAT_Mean":0.022221097186977406,"IAT_Std":0.021392964470346364,"IAT_Max":0.05123641577665694,"IAT_Min":0.0012661193031817675,"received_addresses":5,"max_pkt_from_sameId":20,"has_attacker":0}
{"received packets":276,"IAT_Mean":0.007246012407462779,"IAT_Std":0.010453474866250265,"IAT_Max":0.05123560242645908,"IAT_Min":0.00020207284615025856,"received_addresses":6,"max_pkt_from_sameId":185,"has_attacker":1}
{"received packets":480,"IAT_Mean":0.004166460937737307,"IAT_Std":0.0020946334477061217,"IAT_Max":0.010011119273258374,"IAT_Min":0.00011449731027823873,"received_addresses":6,"max_pkt_from_sameId":380,"has_attacker":1}
{"received packets":105,"IAT_Mean":0.019046734073518088,"IAT_Std":0.01479921157582997,"IAT_Max":0.04180202665520483,"IAT_Min":0.00011636826457106508,"received_addresses":6,"max_pkt_from_sameId":20,"has_attacker":1}
