{"received packets":437,"IAT_Mean":0.004573254508112325,"IAT_Std":0.005717070500382283,"IAT_Max":0.022380012251232985,"IAT_Min":0.00016313350351992995,"received_addresses":23,"max_pkt_from_sameId":20,"has_attacker":0}
{"received packets":452,"IAT_Mean":0.004421505309067398,"IAT_Std":0.005177882450856925,"IAT_Max":0.02238002866579336,"IAT_Min":0.00016308662088704295,"received_addresses":24,"max_pkt_from_sameId":20,"has_attacker":0}
