{"received packets":19,"IAT_Mean":0.1035890596770179,"IAT_Std":0.22803853139413086,"IAT_Max":1.0681941420698423,"IAT_Min":0.031917015057842949,"received_addresses":2,"max_pkt_from_sameId":10,"has_attacker":0}
{"received packets":420,"IAT_Mean":0.004750262476556513,"IAT_Std":0.0008014711258399414,"IAT_Max":0.0051731748280872129,"IAT_Min":0.00010914892845903523,"received_addresses":2,"max_pkt_from_sameId":400,"has_attacker":1}
{"received packets":222,"IAT_Mean":0.008865725922274776,"IAT_Std":0.019153545553276319,"IAT_Max":0.10001047769401339,"IAT_Min":0.0002691102563403547,"received_addresses":2,"max_pkt_from_sameId":202,"has_attacker":1}
{"received packets":20,"IAT_Mean":0.09765033997282444,"IAT_Std":0.010244552208991375,"IAT_Max":0.10001206039669342,"IAT_Min":0.052995379654021238,"received_addresses":1,"max_pkt_from_sameId":20,"has_attacker":0}
{"received packets":20,"IAT_Mean":0.09765038174682558,"IAT_Std":0.010243304178054179,"IAT_Max":0.10001080048823497,"IAT_Min":0.05300086667921278,"received_addresses":1,"max_pkt_from_sameId":20,"has_attacker":0}
{"received packets":40,"IAT_Mean":0.04895311718892117,"IAT_Std":0.04430831226382673,"IAT_Max":0.09489018183012377,"IAT_Min":0.00511619931057794,"received_addresses":2,"max_pkt_from_sameId":20,"has_attacker":0}
{"received packets":40,"IAT_Mean":0.048953064764373267,"IAT_Std":0.044305785979520739,"IAT_Max":0.09489134532122989,"IAT_Min":0.005116049898788333,"received_addresses":2,"max_pkt_from_sameId":20,"has_attacker":0}
{"received packets":20,"IAT_Mean":0.09790576568939287,"IAT_Std":0.009126750229136144,"IAT_Max":0.10000873531680554,"IAT_Min":0.0581231879441475,"received_addresses":1,"max_pkt_from_sameId":20,"has_attacker":0}
{"received packets":20,"IAT_Mean":0.0979058024184269,"IAT_Std":0.009126574594777846,"IAT_Max":0.09999969550699461,"IAT_Min":0.0581239860621281,"received_addresses":1,"max_pkt_from_sameId":20,"has_attacker":0}
{"received packets":20,"IAT_Mean":0.09790582589121186,"IAT_Std":0.009126599695732346,"IAT_Max":0.10000902465253603,"IAT_Min":0.05812390748906182,"received_addresses":1,"max_pkt_from_sameId":20,"has_attacker":0}
{"received packets":20,"IAT_Mean":0.0979057752439985,"IAT_Std":0.009127437550692338,"IAT_Max":0.10000919763115235,"IAT_Min":0.05812020365920034,"received_addresses":1,"max_pkt_from_sameId":20,"has_attacker":0}
{"received packets":20,"IAT_Mean":0.09790612947963382,"IAT_Std":0.009126476755525264,"IAT_Max":0.10001052195730154,"IAT_Min":0.05812474413323798,"received_addresses":1,"max_pkt_from_sameId":20,"has_attacker":0}
{"received packets":10,"IAT_Mean":0.09581244369401247,"IAT_Std":0.012564100753812015,"IAT_Max":0.10001058804118657,"IAT_Min":0.05812014457114856,"received_addresses":1,"max_pkt_from_sameId":10,"has_attacker":0}
{"received packets":10,"IAT_Mean":0.1947477470301237,"IAT_Std":0.2842431593160312,"IAT_Max":1.0474772245252098,"IAT_Min":0.09998958913274692,"received_addresses":1,"max_pkt_from_sameId":10,"has_attacker":0}
{"received packets":40,"IAT_Mean":0.048686980922866499,"IAT_Std":0.015486321806174975,"IAT_Max":0.06452390183039825,"IAT_Min":0.011990659641014645,"received_addresses":2,"max_pkt_from_sameId":20,"has_attacker":0}
{"received packets":60,"IAT_Mean":0.03263544660276239,"IAT_Std":0.022406416958408318,"IAT_Max":0.06451948512767558,"IAT_Min":0.0008566249598516151,"received_addresses":4,"max_pkt_from_sameId":20,"has_attacker":0}
{"received packets":70,"IAT_Mean":0.02796088278217732,"IAT_Std":0.020176408471890604,"IAT_Max":0.05473566767250304,"IAT_Min":0.0008576817235734779,"received_addresses":4,"max_pkt_from_sameId":20,"has_attacker":0}
{"received packets":69,"IAT_Mean":0.0283659841964212,"IAT_Std":0.017086794926245889,"IAT_Max":0.05473555877688341,"IAT_Min":0.009783362711459631,"received_addresses":4,"max_pkt_from_sameId":20,"has_attacker":0}
{"received packets":80,"IAT_Mean":0.024465710993945325,"IAT_Std":0.015133004487942489,"IAT_Max":0.044017561678629139,"IAT_Min":0.0012623024231288583,"received_addresses":4,"max_pkt_from_sameId":20,"has_attacker":0}
{"received packets":113,"IAT_Mean":0.017320793205211548,"IAT_Std":0.015110870349419919,"IAT_Max":0.044023505306540759,"IAT_Min":0.0006275324885791633,"received_addresses":7,"max_pkt_from_sameId":20,"has_attacker":1}
{"received packets":507,"IAT_Mean":0.003935121204881712,"IAT_Std":0.002052465961261638,"IAT_Max":0.010011047801526729,"IAT_Min":0.00039709712655167095,"received_addresses":8,"max_pkt_from_sameId":378,"has_attacker":1}
{"received packets":105,"IAT_Mean":0.01861628381912375,"IAT_Std":0.017474921201301509,"IAT_Max":0.04657175144893699,"IAT_Min":0.00011428928701207042,"received_addresses":6,"max_pkt_from_sameId":20,"has_attacker":1}
{"received packets":273,"IAT_Mean":0.0073080860543969449,"IAT_Std":0.009625616423081185,"IAT_Max":0.046557978726923469,"IAT_Min":0.0003979589273512829,"received_addresses":6,"max_pkt_from_sameId":185,"has_attacker":1}
{"received packets":480,"IAT_Mean":0.004156477742890274,"IAT_Std":0.002071069232933798,"IAT_Max":0.010011119273258374,"IAT_Min":0.0001154271449195221,"received_addresses":6,"max_pkt_from_sameId":380,"has_attacker":1}
{"received packets":401,"IAT_Mean":0.0049819305147281839,"IAT_Std":0.004824911434497214,"IAT_Max":0.029391578020295129,"IAT_Min":0.00011642694153124467,"received_addresses":19,"max_pkt_from_sameId":186,"has_attacker":1}
