{"received packets":240,"IAT_Mean":0.00832484492589174,"IAT_Std":0.008375923539612635,"IAT_Max":0.0319740446684591,"IAT_Min":0.00016301865252899006,"received_addresses":12,"max_pkt_from_sameId":20,"has_attacker":0}
{"received packets":240,"IAT_Mean":0.008324865213504987,"IAT_Std":0.007030968515758015,"IAT_Max":0.031970235981134468,"IAT_Min":0.00016308998601743951,"received_addresses":13,"max_pkt_from_sameId":20,"has_attacker":0}
{"received packets":190,"IAT_Mean":0.01049777155115551,"IAT_Std":0.005390231846372287,"IAT_Max":0.021790938430058305,"IAT_Min":0.0013980040785099846,"received_addresses":10,"max_pkt_from_sameId":20,"has_attacker":0}
{"received packets":140,"IAT_Mean":0.014246999967716485,"IAT_Std":0.007292583548948149,"IAT_Max":0.0278012276685331,"IAT_Min":0.0068191195096005689,"received_addresses":7,"max_pkt_from_sameId":20,"has_attacker":0}
{"received packets":70,"IAT_Mean":0.02849398864491377,"IAT_Std":0.016956100665928746,"IAT_Max":0.0643094183797075,"IAT_Min":0.013904472489230102,"received_addresses":4,"max_pkt_from_sameId":20,"has_attacker":0}
{"received packets":90,"IAT_Mean":0.022162001775601918,"IAT_Std":0.01058395476061873,"IAT_Max":0.037455453235452299,"IAT_Min":0.009649850249843439,"received_addresses":5,"max_pkt_from_sameId":20,"has_attacker":0}
{"received packets":359,"IAT_Mean":0.005566904515118878,"IAT_Std":0.005812335794266674,"IAT_Max":0.027219583567784868,"IAT_Min":0.0001641906565055251,"received_addresses":22,"max_pkt_from_sameId":20,"has_attacker":0}
{"received packets":1634,"IAT_Mean":0.001223372696221991,"IAT_Std":0.001757472733623167,"IAT_Max":0.013124477496603504,"IAT_Min":0.0001630000042496249,"received_addresses":28,"max_pkt_from_sameId":207,"has_attacker":1}
{"received packets":2759,"IAT_Mean":0.0007245172580865109,"IAT_Std":0.0006894463052560579,"IAT_Max":0.003225065353035461,"IAT_Min":0.0001630006117920857,"received_addresses":26,"max_pkt_from_sameId":400,"has_attacker":1}
{"received packets":824,"IAT_Mean":0.002425387970044575,"IAT_Std":0.0021560340772171797,"IAT_Max":0.014075250241148752,"IAT_Min":0.00015121791875571944,"received_addresses":22,"max_pkt_from_sameId":348,"has_attacker":1}
{"received packets":606,"IAT_Mean":0.0032934422345746794,"IAT_Std":0.004382783019486485,"IAT_Max":0.03266603618612862,"IAT_Min":0.0001630004589969758,"received_addresses":18,"max_pkt_from_sameId":200,"has_attacker":1}
{"received packets":670,"IAT_Mean":0.002978840752686339,"IAT_Std":0.0018423787639247208,"IAT_Max":0.007776571179419989,"IAT_Min":0.00016565958139835857,"received_addresses":19,"max_pkt_from_sameId":381,"has_attacker":1}
{"received packets":745,"IAT_Mean":0.002678961488831399,"IAT_Std":0.0024617914780107059,"IAT_Max":0.019307045531604673,"IAT_Min":0.00015599258404108696,"received_addresses":19,"max_pkt_from_sameId":189,"has_attacker":1}
{"received packets":597,"IAT_Mean":0.0033431025187514076,"IAT_Std":0.004775396196037402,"IAT_Max":0.029610495395900217,"IAT_Min":0.00011947230450459756,"received_addresses":23,"max_pkt_from_sameId":93,"has_attacker":1}
{"received packets":328,"IAT_Mean":0.006084822541607736,"IAT_Std":0.0067779717847058118,"IAT_Max":0.029615055369504263,"IAT_Min":0.00012080510350642726,"received_addresses":19,"max_pkt_from_sameId":20,"has_attacker":1}
{"received packets":698,"IAT_Mean":0.0028593424656948765,"IAT_Std":0.0018158661875808708,"IAT_Max":0.006228617778106127,"IAT_Min":0.00012343078196863644,"received_addresses":18,"max_pkt_from_sameId":379,"has_attacker":1}
{"received packets":720,"IAT_Mean":0.0027719769390286174,"IAT_Std":0.002170161815565742,"IAT_Max":0.012677059556153836,"IAT_Min":0.00011234778867219575,"received_addresses":19,"max_pkt_from_sameId":191,"has_attacker":1}
{"received packets":756,"IAT_Mean":0.0026399789410105477,"IAT_Std":0.0022308330528281827,"IAT_Max":0.012677058835834032,"IAT_Min":0.00011448513396317139,"received_addresses":18,"max_pkt_from_sameId":203,"has_attacker":1}
{"received packets":319,"IAT_Mean":0.0062565258197089719,"IAT_Std":0.007481341337860351,"IAT_Max":0.029611617737828057,"IAT_Min":0.0001151684409705922,"received_addresses":17,"max_pkt_from_sameId":20,"has_attacker":1}
{"received packets":492,"IAT_Mean":0.004056549999655929,"IAT_Std":0.004769634414438371,"IAT_Max":0.029611618869239466,"IAT_Min":0.00016302240328514017,"received_addresses":17,"max_pkt_from_sameId":188,"has_attacker":1}
{"received packets":691,"IAT_Mean":0.0028883113655153536,"IAT_Std":0.0018555598365317017,"IAT_Max":0.005012000001443084,"IAT_Min":0.00011390656072762795,"received_addresses":17,"max_pkt_from_sameId":380,"has_attacker":1}
{"received packets":677,"IAT_Mean":0.0029480421367728845,"IAT_Std":0.003893681458400657,"IAT_Max":0.029305034498975148,"IAT_Min":0.00011446030111983418,"received_addresses":19,"max_pkt_from_sameId":180,"has_attacker":1}
{"received packets":542,"IAT_Mean":0.003682340581069496,"IAT_Std":0.004876714908336958,"IAT_Max":0.02961162714200327,"IAT_Min":0.00011561563223949634,"received_addresses":20,"max_pkt_from_sameId":114,"has_attacker":1}
{"received packets":344,"IAT_Mean":0.005801839925404006,"IAT_Std":0.007225868623839838,"IAT_Max":0.029611627986014356,"IAT_Min":0.00015848470502533019,"received_addresses":20,"max_pkt_from_sameId":20,"has_attacker":1}
{"received packets":690,"IAT_Mean":0.0028925124401080277,"IAT_Std":0.001900896823662471,"IAT_Max":0.006189414783875691,"IAT_Min":0.00016300483548548073,"received_addresses":20,"max_pkt_from_sameId":377,"has_attacker":1}
{"received packets":626,"IAT_Mean":0.003188216708044108,"IAT_Std":0.0022278768088824609,"IAT_Max":0.012672691616899101,"IAT_Min":0.00011189040378667414,"received_addresses":17,"max_pkt_from_sameId":193,"has_attacker":1}
{"received packets":644,"IAT_Mean":0.003099111046575,"IAT_Std":0.004004518268497303,"IAT_Max":0.02930500706861494,"IAT_Min":0.00011474827260826714,"received_addresses":18,"max_pkt_from_sameId":244,"has_attacker":1}
{"received packets":323,"IAT_Mean":0.006179045423485166,"IAT_Std":0.006861143062997796,"IAT_Max":0.028135191889305135,"IAT_Min":0.00010560303053352982,"received_addresses":19,"max_pkt_from_sameId":20,"has_attacker":1}
{"received packets":506,"IAT_Mean":0.003944335252188883,"IAT_Std":0.004497642255490825,"IAT_Max":0.028135191449109699,"IAT_Min":0.0001630901824682951,"received_addresses":19,"max_pkt_from_sameId":186,"has_attacker":1}
{"received packets":712,"IAT_Mean":0.002803134648785815,"IAT_Std":0.001879384655875662,"IAT_Max":0.00875233249462326,"IAT_Min":0.00011194433682248928,"received_addresses":20,"max_pkt_from_sameId":380,"has_attacker":1}
{"received packets":698,"IAT_Mean":0.002859350158393908,"IAT_Std":0.002801300752407498,"IAT_Max":0.024306151593918913,"IAT_Min":0.00011017666474799626,"received_addresses":21,"max_pkt_from_sameId":315,"has_attacker":1}
{"received packets":513,"IAT_Mean":0.0038904967045559088,"IAT_Std":0.00520383560769764,"IAT_Max":0.028135269294580213,"IAT_Min":0.00011749959958251566,"received_addresses":19,"max_pkt_from_sameId":148,"has_attacker":1}
{"received packets":340,"IAT_Mean":0.005870066868138725,"IAT_Std":0.006724982897192913,"IAT_Max":0.028135435553849676,"IAT_Min":0.0007943904711282812,"received_addresses":17,"max_pkt_from_sameId":20,"has_attacker":0}
{"received packets":735,"IAT_Mean":0.00271541128456941,"IAT_Std":0.0019853009446858815,"IAT_Max":0.010343177320464747,"IAT_Min":0.00016327830599038862,"received_addresses":19,"max_pkt_from_sameId":375,"has_attacker":1}
{"received packets":694,"IAT_Mean":0.002875833889392635,"IAT_Std":0.0026857872783654756,"IAT_Max":0.02813560622962541,"IAT_Min":0.00010560088776401244,"received_addresses":21,"max_pkt_from_sameId":195,"has_attacker":1}
{"received packets":639,"IAT_Mean":0.0031233571651807978,"IAT_Std":0.004183067315100709,"IAT_Max":0.024306830142450054,"IAT_Min":0.00010680827472242527,"received_addresses":19,"max_pkt_from_sameId":223,"has_attacker":1}
{"received packets":359,"IAT_Mean":0.0055707715324986,"IAT_Std":0.00659421696661,"IAT_Max":0.028144673735368998,