{"received packets":308,"IAT_Mean":0.006488676814823721,"IAT_Std":0.006567456282955956,"IAT_Max":0.02254314970195992,"IAT_Min":0.0005660369461111259,"received_addresses":17,"max_pkt_from_sameId":20,"has_attacker":0}
{"received packets":371,"IAT_Mean":0.005386847867086392,"IAT_Std":0.005534240604139936,"IAT_Max":0.022543130959093106,"IAT_Min":0.0005660502247337718,"received_addresses":20,"max_pkt_from_sameId":20,"has_attacker":0}
{"received packets":341,"IAT_Mean":0.0058607682732302259,"IAT_Std":0.005954222146354728,"IAT_Max":0.022388315865100595,"IAT_Min":0.00016301260984619148,"received_addresses":19,"max_pkt_from_sameId":20,"has_attacker":0}
{"received packets":320,"IAT_Mean":0.00623697271863648,"IAT_Std":0.007855788726317032,"IAT_Max":0.033862448879517618,"IAT_Min":0.00016300529750878923,"received_addresses":16,"max_pkt_from_sameId":20,"has_attacker":0}
{"received packets":399,"IAT_Mean":0.005002069826817964,"IAT_Std":0.007181594533993358,"IAT_Max":0.03386225716531044,"IAT_Min":0.00016305272220051847,"received_addresses":21,"max_pkt_from_sameId":20,"has_attacker":0}
{"received packets":610,"IAT_Mean":0.003276255481692029,"IAT_Std":0.0030023724951455555,"IAT_Max":0.013124011602485553,"IAT_Min":0.00016313206651830114,"received_addresses":31,"max_pkt_from_sameId":20,"has_attacker":0}
{"received packets":600,"IAT_Mean":0.0033308622998144226,"IAT_Std":0.0030793830590674965,"IAT_Max":0.013124278582836269,"IAT_Min":0.00016329421123373322,"received_addresses":30,"max_pkt_from_sameId":20,"has_attacker":0}
{"received packets":1524,"IAT_Mean":0.0013116730407088996,"IAT_Std":0.0018081063362173575,"IAT_Max":0.013124467692250619,"IAT_Min":0.00016300002607749775,"received_addresses":30,"max_pkt_from_sameId":208,"has_attacker":1}
{"received packets":2458,"IAT_Mean":0.0008132391834172721,"IAT_Std":0.0006841856294477956,"IAT_Max":0.002386063446465414,"IAT_Min":0.0001630000042496249,"received_addresses":29,"max_pkt_from_sameId":400,"has_attacker":1}
{"received packets":721,"IAT_Mean":0.002771870396323006,"IAT_Std":0.0026087359170667747,"IAT_Max":0.014073710230150028,"IAT_Min":0.00016300932475132868,"received_addresses":24,"max_pkt_from_sameId":201,"has_attacker":1}
{"received packets":580,"IAT_Mean":0.0034444104458904399,"IAT_Std":0.003649728023337182,"IAT_Max":0.025001732563396219,"IAT_Min":0.0001641227863729,"received_addresses":22,"max_pkt_from_sameId":200,"has_attacker":1}
{"received packets":686,"IAT_Mean":0.002912179735030486,"IAT_Std":0.0016721058228449918,"IAT_Max":0.005721956225897884,"IAT_Min":0.0001642135757720098,"received_addresses":18,"max_pkt_from_sameId":380,"has_attacker":1}
{"received packets":469,"IAT_Mean":0.004259612435345731,"IAT_Std":0.005051110111630102,"IAT_Max":0.027632925055513625,"IAT_Min":0.00015687025370425545,"received_addresses":19,"max_pkt_from_sameId":83,"has_attacker":1}
{"received packets":498,"IAT_Mean":0.004011574456609127,"IAT_Std":0.004381721654479851,"IAT_Max":0.030004628646565835,"IAT_Min":0.00015723759861430153,"received_addresses":18,"max_pkt_from_sameId":122,"has_attacker":1}
{"received packets":517,"IAT_Mean":0.0038641270026905738,"IAT_Std":0.002746262887883377,"IAT_Max":0.013771831436315552,"IAT_Min":0.00012242462616995908,"received_addresses":15,"max_pkt_from_sameId":272,"has_attacker":1}
{"received packets":609,"IAT_Mean":0.003280382442744443,"IAT_Std":0.0017834346928913197,"IAT_Max":0.006228331018064637,"IAT_Min":0.00012505199629231356,"received_addresses":13,"max_pkt_from_sameId":379,"has_attacker":1}
{"received packets":546,"IAT_Mean":0.0036588924224852505,"IAT_Std":0.0036369226838931488,"IAT_Max":0.03383973850213806,"IAT_Min":0.00011292094495729543,"received_addresses":15,"max_pkt_from_sameId":191,"has_attacker":1}
{"received packets":534,"IAT_Mean":0.0037411160037084569,"IAT_Std":0.003841982175946586,"IAT_Max":0.02999914873362286,"IAT_Min":0.00011279116733931005,"received_addresses":16,"max_pkt_from_sameId":150,"has_attacker":1}
{"received packets":470,"IAT_Mean":0.0042505608575819238,"IAT_Std":0.0050523758418760879,"IAT_Max":0.030007000001205598,"IAT_Min":0.00011347429972374812,"received_addresses":16,"max_pkt_from_sameId":189,"has_attacker":1}
{"received packets":585,"IAT_Mean":0.003414964899841127,"IAT_Std":0.003647240175888362,"IAT_Max":0.02999400000044261,"IAT_Min":0.00010540392031543888,"received_addresses":16,"max_pkt_from_sameId":188,"has_attacker":1}
{"received packets":690,"IAT_Mean":0.0028952971306484807,"IAT_Std":0.0016837257273975655,"IAT_Max":0.005012000001443084,"IAT_Min":0.00011447972065070644,"received_addresses":18,"max_pkt_from_sameId":380,"has_attacker":1}
{"received packets":560,"IAT_Mean":0.0035674221306635446,"IAT_Std":0.0048491825225215729,"IAT_Max":0.03016537335861358,"IAT_Min":0.00011503346104291268,"received_addresses":20,"max_pkt_from_sameId":119,"has_attacker":1}
{"received packets":593,"IAT_Mean":0.0033689046564026956,"IAT_Std":0.0028196253370304437,"IAT_Max":0.020157148734142539,"IAT_Min":0.00010690337512642145,"received_addresses":21,"max_pkt_from_sameId":147,"has_attacker":1}
{"received packets":542,"IAT_Mean":0.0036859129647761597,"IAT_Std":0.003737728369589032,"IAT_Max":0.02999400000044261,"IAT_Min":0.00012921043889946304,"received_addresses":18,"max_pkt_from_sameId":250,"has_attacker":1}
{"received packets":625,"IAT_Mean":0.0031964040551916699,"IAT_Std":0.0019633629657212325,"IAT_Max":0.008132695256790612,"IAT_Min":0.00012096570571884513,"received_addresses":15,"max_pkt_from_sameId":377,"has_attacker":1}
{"received packets":439,"IAT_Mean":0.004550696348529208,"IAT_Std":0.0047752076001451328,"IAT_Max":0.029611062815092738,"IAT_Min":0.0001125464441429358,"received_addresses":15,"max_pkt_from_sameId":193,"has_attacker":1}
{"received packets":275,"IAT_Mean":0.007264580523372966,"IAT_Std":0.007433704176213849,"IAT_Max":0.029612193029606716,"IAT_Min":0.0001632633175177034,"received_addresses":12,"max_pkt_from_sameId":56,"has_attacker":1}
{"received packets":214,"IAT_Mean":0.009335345315572069,"IAT_Std":0.008370753518625745,"IAT_Max":0.028137440127466108,"IAT_Min":0.00016300006609526463,"received_addresses":13,"max_pkt_from_sameId":20,"has_attacker":1}
{"received packets":436,"IAT_Mean":0.004582002161007891,"IAT_Std":0.004978413753829952,"IAT_Max":0.028137526409409476,"IAT_Min":0.00016300501738442108,"received_addresses":15,"max_pkt_from_sameId":186,"has_attacker":1}
{"received packets":629,"IAT_Mean":0.0031760957085846558,"IAT_Std":0.002054944106303048,"IAT_Max":0.010007366436184384,"IAT_Min":0.00011295367585262284,"received_addresses":15,"max_pkt_from_sameId":380,"has_attacker":1}
