{"received packets":457,"IAT_Mean":0.004365662050492875,"IAT_Std":0.0017761104570881703,"IAT_Max":0.010168927288759733,"IAT_Min":0.0002930814844148699,"received_addresses":7,"max_pkt_from_sameId":379,"has_attacker":1}
{"received packets":480,"IAT_Mean":0.004157971682320749,"IAT_Std":0.0015630079566295984,"IAT_Max":0.00516541823890293,"IAT_Min":0.00010870673941099085,"received_addresses":7,"max_pkt_from_sameId":200,"has_attacker":1}
{"received packets":478,"IAT_Mean":0.004175363355761303,"IAT_Std":0.0016268499131748983,"IAT_Max":0.009285415791964624,"IAT_Min":0.0001104118964576628,"received_addresses":6,"max_pkt_from_sameId":380,"has_attacker":1}
{"received packets":451,"IAT_Mean":0.004425336258966224,"IAT_Std":0.00557678469882412,"IAT_Max":0.02967601794443908,"IAT_Min":0.00010768737774924375,"received_addresses":6,"max_pkt_from_sameId":191,"has_attacker":1}
{"received packets":478,"IAT_Mean":0.004179421574107243,"IAT_Std":0.0042489128519641729,"IAT_Max":0.024846244861691959,"IAT_Min":0.00011778298357967287,"received_addresses":8,"max_pkt_from_sameId":190,"has_attacker":1}
{"received packets":194,"IAT_Mean":0.010297695905934497,"IAT_Std":0.010925604428330594,"IAT_Max":0.033988188766670649,"IAT_Min":0.00016317808695021085,"received_addresses":9,"max_pkt_from_sameId":54,"has_attacker":1}
{"received packets":559,"IAT_Mean":0.0035737963511424965,"IAT_Std":0.0018080076545355679,"IAT_Max":0.005270630917948438,"IAT_Min":0.00027996650169370696,"received_addresses":11,"max_pkt_from_sameId":379,"has_attacker":1}
{"received packets":618,"IAT_Mean":0.0032326124034292938,"IAT_Std":0.0021845311651813574,"IAT_Max":0.009842000934440876,"IAT_Min":0.00011245027053519152,"received_addresses":12,"max_pkt_from_sameId":191,"has_attacker":1}
{"received packets":675,"IAT_Mean":0.0029596372406673189,"IAT_Std":0.002653388441231231,"IAT_Max":0.011279037225904176,"IAT_Min":0.00011447468205005862,"received_addresses":11,"max_pkt_from_sameId":341,"has_attacker":1}
{"received packets":221,"IAT_Mean":0.009039650653603243,"IAT_Std":0.009580114683370165,"IAT_Max":0.033983004210313087,"IAT_Min":0.000115144022856839,"received_addresses":11,"max_pkt_from_sameId":22,"has_attacker":1}
{"received packets":408,"IAT_Mean":0.004896455043602627,"IAT_Std":0.005794326499665037,"IAT_Max":0.03398268364253454,"IAT_Min":0.0002800003239826765,"received_addresses":12,"max_pkt_from_sameId":188,"has_attacker":1}
{"received packets":620,"IAT_Mean":0.003222184212145587,"IAT_Std":0.0018464009669558796,"IAT_Max":0.005012000001443084,"IAT_Min":0.00011394024477340281,"received_addresses":13,"max_pkt_from_sameId":380,"has_attacker":1}
{"received packets":665,"IAT_Mean":0.0030041437361720266,"IAT_Std":0.004022952136697966,"IAT_Max":0.029305014038982337,"IAT_Min":0.00011449398516560905,"received_addresses":14,"max_pkt_from_sameId":300,"has_attacker":1}
{"received packets":495,"IAT_Mean":0.004035878086664286,"IAT_Std":0.005335391000118643,"IAT_Max":0.029611614627356177,"IAT_Min":0.0001155910904344637,"received_addresses":16,"max_pkt_from_sameId":182,"has_attacker":1}
{"received packets":282,"IAT_Mean":0.007084269476234513,"IAT_Std":0.007957237854820023,"IAT_Max":0.029611606580147055,"IAT_Min":0.00016300521383527666,"received_addresses":15,"max_pkt_from_sameId":20,"has_attacker":1}
{"received packets":637,"IAT_Mean":0.0031361878204655714,"IAT_Std":0.001889459889180452,"IAT_Max":0.00618938773550326,"IAT_Min":0.00016307866098941304,"received_addresses":14,"max_pkt_from_sameId":377,"has_attacker":1}
{"received packets":664,"IAT_Mean":0.003008666742763202,"IAT_Std":0.0020483060770119245,"IAT_Max":0.011279037207714282,"IAT_Min":0.000111924087832449,"received_addresses":15,"max_pkt_from_sameId":195,"has_attacker":1}
{"received packets":659,"IAT_Mean":0.003031500109191339,"IAT_Std":0.003870551854532226,"IAT_Max":0.02930500006186776,"IAT_Min":0.0001147237271652557,"received_addresses":14,"max_pkt_from_sameId":324,"has_attacker":1}
{"received packets":288,"IAT_Mean":0.0069366761449600748,"IAT_Std":0.007130665068871037,"IAT_Max":0.029608140535856366,"IAT_Min":0.00010557848872849718,"received_addresses":16,"max_pkt_from_sameId":24,"has_attacker":1}
{"received packets":456,"IAT_Mean":0.004381034420100804,"IAT_Std":0.0046183733747529299,"IAT_Max":0.029607948490593118,"IAT_Min":0.00016305556709994562,"received_addresses":15,"max_pkt_from_sameId":186,"has_attacker":1}
{"received packets":640,"IAT_Mean":0.0031215045748353988,"IAT_Std":0.001796877714540521,"IAT_Max":0.005012000001443084,"IAT_Min":0.00011197802450624295,"received_addresses":14,"max_pkt_from_sameId":380,"has_attacker":1}
{"received packets":652,"IAT_Mean":0.003064045197113654,"IAT_Std":0.0024407745932052418,"IAT_Max":0.02430617251957301,"IAT_Min":0.00011021034879377112,"received_addresses":14,"max_pkt_from_sameId":373,"has_attacker":1}
{"received packets":458,"IAT_Mean":0.0043619123742278079,"IAT_Std":0.00564012321078393,"IAT_Max":0.029607290442072555,"IAT_Min":0.00011747505413950421,"received_addresses":14,"max_pkt_from_sameId":187,"has_attacker":1}
{"received packets":260,"IAT_Mean":0.0076836684351012369,"IAT_Std":0.007954390583528782,"IAT_Max":0.029607251151901438,"IAT_Min":0.0008260010290541686,"received_addresses":13,"max_pkt_from_sameId":20,"has_attacker":0}
{"received packets":596,"IAT_Mean":0.0033519435438277,"IAT_Std":0.002089833868350717,"IAT_Max":0.008776156428211835,"IAT_Min":0.00016325412798323669,"received_addresses":13,"max_pkt_from_sameId":375,"has_attacker":1}
{"received packets":589,"IAT_Mean":0.0033917823042466579,"IAT_Std":0.002754289431191987,"IAT_Max":0.02997466566375806,"IAT_Min":0.0001056345681718085,"received_addresses":13,"max_pkt_from_sameId":195,"has_attacker":1}
{"received packets":596,"IAT_Mean":0.003351940078036383,"IAT_Std":0.003934926361874239,"IAT_Max":0.024839000001520618,"IAT_Min":0.00010678373655537143,"received_addresses":12,"max_pkt_from_sameId":320,"has_attacker":1}
{"received packets":210,"IAT_Mean":0.00951311119336294,"IAT_Std":0.0092465538858072,"IAT_Max":0.030867645553371405,"IAT_Min":0.00011629304572124965,"received_addresses":12,"max_pkt_from_sameId":26,"has_attacker":1}
