{"received packets":79,"IAT_Mean":0.025288152979947317,"IAT_Std":0.031028705458059106,"IAT_Max":0.0782283485023072,"IAT_Min":0.003167162441968685,"received_addresses":4,"max_pkt_from_sameId":20,"has_attacker":0}
{"received packets":80,"IAT_Mean":0.02497191990446481,"IAT_Std":0.030945126685438523,"IAT_Max":0.0782283125554386,"IAT_Min":0.003167162500176346,"received_addresses":4,"max_pkt_from_sameId":20,"has_attacker":0}
{"received packets":108,"IAT_Mean":0.018497710616227578,"IAT_Std":0.02862692604373716,"IAT_Max":0.07822349173511611,"IAT_Min":0.0007859962715883739,"received_addresses":7,"max_pkt_from_sameId":20,"has_attacker":0}
{"received packets":176,"IAT_Mean":0.011350880733557873,"IAT_Std":0.024015079063492124,"IAT_Max":0.07822327555913944,"IAT_Min":0.00029843793163308874,"received_addresses":10,"max_pkt_from_sameId":20,"has_attacker":0}
{"received packets":631,"IAT_Mean":0.0031660152077618135,"IAT_Std":0.0029114351891179918,"IAT_Max":0.019305906949739439,"IAT_Min":0.00015434074521181174,"received_addresses":15,"max_pkt_from_sameId":267,"has_attacker":1}
{"received packets":277,"IAT_Mean":0.0072121413801857678,"IAT_Std":0.008565734599029844,"IAT_Max":0.03315555915105506,"IAT_Min":0.00011596299373195507,"received_addresses":15,"max_pkt_from_sameId":20,"has_attacker":1}
{"received packets":452,"IAT_Mean":0.004419809575979464,"IAT_Std":0.005283730309304297,"IAT_Max":0.0331553739742958,"IAT_Min":0.00033890948543557897,"received_addresses":15,"max_pkt_from_sameId":188,"has_attacker":1}
{"received packets":601,"IAT_Mean":0.003324050561956352,"IAT_Std":0.0017003334147967706,"IAT_Max":0.005012000219721813,"IAT_Min":0.0001142224864452146,"received_addresses":13,"max_pkt_from_sameId":380,"has_attacker":1}
{"received packets":763,"IAT_Mean":0.002618290515925731,"IAT_Std":0.002386795265462043,"IAT_Max":0.014308004901977256,"IAT_Min":0.00011468552474980243,"received_addresses":16,"max_pkt_from_sameId":351,"has_attacker":1}
{"received packets":483,"IAT_Mean":0.004136148346998061,"IAT_Std":0.00540929623125756,"IAT_Max":0.03398674025083892,"IAT_Min":0.00011604230894590728,"received_addresses":20,"max_pkt_from_sameId":118,"has_attacker":1}
{"received packets":341,"IAT_Mean":0.005858545341532622,"IAT_Std":0.008142663050755232,"IAT_Max":0.0339866990725568,"IAT_Min":0.00016300027709803544,"received_addresses":20,"max_pkt_from_sameId":20,"has_attacker":1}
{"received packets":680,"IAT_Mean":0.002937870022646273,"IAT_Std":0.001871289664749496,"IAT_Max":0.006189422681927681,"IAT_Min":0.0001630000006116461,"received_addresses":19,"max_pkt_from_sameId":377,"has_attacker":1}
{"received packets":626,"IAT_Mean":0.0031913014077733028,"IAT_Std":0.0021724454704984965,"IAT_Max":0.012672714052314405,"IAT_Min":0.0001119056723837275,"received_addresses":17,"max_pkt_from_sameId":193,"has_attacker":1}
{"received packets":643,"IAT_Mean":0.0031069339595860996,"IAT_Std":0.003985393757847915,"IAT_Max":0.029305014006240527,"IAT_Min":0.00011477012594696134,"received_addresses":18,"max_pkt_from_sameId":243,"has_attacker":1}
{"received packets":315,"IAT_Mean":0.006342103789869552,"IAT_Std":0.00684867561845524,"IAT_Max":0.028135193839261775,"IAT_Min":0.00010562480747466907,"received_addresses":19,"max_pkt_from_sameId":20,"has_attacker":1}
{"received packets":502,"IAT_Mean":0.003979584979335407,"IAT_Std":0.004463680224360872,"IAT_Max":0.028135193559137407,"IAT_Min":0.00016310466162394732,"received_addresses":18,"max_pkt_from_sameId":186,"has_attacker":1}
{"received packets":712,"IAT_Mean":0.002805846758363852,"IAT_Std":0.0018219784460469945,"IAT_Max":0.008752322042710148,"IAT_Min":0.00011193794125574641,"received_addresses":20,"max_pkt_from_sameId":380,"has_attacker":1}
{"received packets":707,"IAT_Mean":0.0028256823657404667,"IAT_Std":0.0027581638722105874,"IAT_Max":0.024306145664013458,"IAT_Min":0.00011017026190529577,"received_addresses":21,"max_pkt_from_sameId":314,"has_attacker":1}
{"received packets":512,"IAT_Mean":0.0039018668583139517,"IAT_Std":0.005177302720089059,"IAT_Max":0.02813525478268275,"IAT_Min":0.0001175213728856761,"received_addresses":19,"max_pkt_from_sameId":147,"has_attacker":1}
{"received packets":340,"IAT_Mean":0.005875746344656149,"IAT_Std":0.006672489921183174,"IAT_Max":0.028135430085967529,"IAT_Min":0.0007943905766296666,"received_addresses":17,"max_pkt_from_sameId":20,"has_attacker":0}
{"received packets":725,"IAT_Mean":0.0027555287119647457,"IAT_Std":0.0019616596677816346,"IAT_Max":0.010343174672016176,"IAT_Min":0.00016474199946969748,"received_addresses":19,"max_pkt_from_sameId":375,"has_attacker":1}
{"received packets":704,"IAT_Mean":0.0028377269051909276,"IAT_Std":0.0026130201820676057,"IAT_Max":0.028135601402027534,"IAT_Min":0.00010559448855929077,"received_addresses":21,"max_pkt_from_sameId":195,"has_attacker":1}
{"received packets":639,"IAT_Mean":0.003126379108873383,"IAT_Std":0.004153357256204918,"IAT_Max":0.024306829262059183,"IAT_Min":0.00010683004802558571,"received_addresses":19,"max_pkt_from_sameId":223,"has_attacker":1}
{"received packets":359,"IAT_Mean":0.005570771529843585,"IAT_Std":0.0065730713537704228,"IAT_Max":0.028144668802269736,"IAT_Min":0.00011633936446742155,"received_addresses":21,"max_pkt_from_sameId":20,"has_attacker":1}
