{"received packets":60,"IAT_Mean":0.03324301376960648,"IAT_Std":0.006313551450418081,"IAT_Max":0.04157907632543356,"IAT_Min":0.02642561152606504,"received_addresses":3,"max_pkt_from_sameId":20,"has_attacker":0}
{"received packets":250,"IAT_Mean":0.007991874637213187,"IAT_Std":0.007811568760939999,"IAT_Max":0.0319991707947338,"IAT_Min":0.00020216362827341072,"received_addresses":15,"max_pkt_from_sameId":20,"has_attacker":0}
{"received packets":230,"IAT_Mean":0.008685897909036494,"IAT_Std":0.007314923408961231,"IAT_Max":0.028819382401707118,"IAT_Min":0.0013980031762912404,"received_addresses":12,"max_pkt_from_sameId":20,"has_attacker":0}
{"received packets":190,"IAT_Mean":0.010514525512840727,"IAT_Std":0.009573286279289164,"IAT_Max":0.028816559071856319,"IAT_Min":0.0012073383768438362,"received_addresses":10,"max_pkt_from_sameId":20,"has_attacker":0}
{"received packets":140,"IAT_Mean":0.014269707032430494,"IAT_Std":0.00935035411399907,"IAT_Max":0.02881647300819168,"IAT_Min":0.003167592702084221,"received_addresses":7,"max_pkt_from_sameId":20,"has_attacker":0}
{"received packets":120,"IAT_Mean":0.016647998879458709,"IAT_Std":0.008736894944443285,"IAT_Max":0.028816382997320035,"IAT_Min":0.0031673722514824478,"received_addresses":6,"max_pkt_from_sameId":20,"has_attacker":0}
{"received packets":109,"IAT_Mean":0.018328027611385034,"IAT_Std":0.00910593322186792,"IAT_Max":0.028819676783314209,"IAT_Min":0.003170598061842611,"received_addresses":6,"max_pkt_from_sameId":20,"has_attacker":0}
{"received packets":317,"IAT_Mean":0.006302830139460128,"IAT_Std":0.005726973650759824,"IAT_Max":0.026579008426779184,"IAT_Min":0.0002331747455173172,"received_addresses":7,"max_pkt_from_sameId":197,"has_attacker":1}
{"received packets":929,"IAT_Mean":0.002150701077270593,"IAT_Std":0.0016724150858463219,"IAT_Max":0.005005905139114475,"IAT_Min":0.00023324797803070396,"received_addresses":9,"max_pkt_from_sameId":400,"has_attacker":1}
{"received packets":540,"IAT_Mean":0.003699547540034271,"IAT_Std":0.0017483044487219644,"IAT_Max":0.005167491304746363,"IAT_Min":0.0002699203178053722,"received_addresses":9,"max_pkt_from_sameId":380,"has_attacker":1}
{"received packets":510,"IAT_Mean":0.003913383706479662,"IAT_Std":0.001716684106392006,"IAT_Max":0.005165418562683044,"IAT_Min":0.00010813212793436833,"received_addresses":8,"max_pkt_from_sameId":200,"has_attacker":1}
{"received packets":547,"IAT_Mean":0.0036522021550783919,"IAT_Std":0.001809091918957769,"IAT_Max":0.007777141130645759,"IAT_Min":0.00010994085823767819,"received_addresses":10,"max_pkt_from_sameId":380,"has_attacker":1}
{"received packets":531,"IAT_Mean":0.0037622552040811778,"IAT_Std":0.005098759909153387,"IAT_Max":0.02913601505497354,"IAT_Min":0.00010732230293797329,"received_addresses":10,"max_pkt_from_sameId":191,"has_attacker":1}
{"received packets":418,"IAT_Mean":0.00477933818527154,"IAT_Std":0.006902358418137755,"IAT_Max":0.029610219229653013,"IAT_Min":0.00011752386490115896,"received_addresses":12,"max_pkt_from_sameId":99,"has_attacker":1}
{"received packets":248,"IAT_Mean":0.008055455414001524,"IAT_Std":0.009445481292663266,"IAT_Max":0.03173365175825893,"IAT_Min":0.00016304553719237447,"received_addresses":12,"max_pkt_from_sameId":53,"has_attacker":1}
{"received packets":609,"IAT_Mean":0.0032803812642364417,"IAT_Std":0.0019023798034962542,"IAT_Max":0.005012000001443084,"IAT_Min":0.0001330002924078144,"received_addresses":14,"max_pkt_from_sameId":379,"has_attacker":1}
{"received packets":569,"IAT_Mean":0.0035109921704012264,"IAT_Std":0.003813235076243596,"IAT_Max":0.029305008425581037,"IAT_Min":0.00011228778748773038,"received_addresses":15,"max_pkt_from_sameId":191,"has_attacker":1}
{"received packets":541,"IAT_Mean":0.0036927083701761649,"IAT_Std":0.004695952441623988,"IAT_Max":0.01930724373232806,"IAT_Min":0.00012888532000943087,"received_addresses":14,"max_pkt_from_sameId":166,"has_attacker":1}
{"received packets":251,"IAT_Mean":0.00795921468266332,"IAT_Std":0.008141984784125463,"IAT_Max":0.02961136003068532,"IAT_Min":0.0002802144081215374,"received_addresses":14,"max_pkt_from_sameId":20,"has_attacker":1}
{"received packets":468,"IAT_Mean":0.004268704591230099,"IAT_Std":0.004851633310845925,"IAT_Max":0.0296113613039779,"IAT_Min":0.00016308575868606567,"received_addresses":15,"max_pkt_from_sameId":188,"has_attacker":1}
{"received packets":650,"IAT_Mean":0.0030734681575939669,"IAT_Std":0.0017881296278403818,"IAT_Max":0.005012000001443084,"IAT_Min":0.00011384656318114139,"received_addresses":15,"max_pkt_from_sameId":380,"has_attacker":1}
{"received packets":563,"IAT_Mean":0.0035484115017055276,"IAT_Std":0.004852230534501299,"IAT_Max":0.0293050150576164,"IAT_Min":0.00011440030357334763,"received_addresses":17,"max_pkt_from_sameId":148,"has_attacker":1}
{"received packets":431,"IAT_Mean":0.004635173419500316,"IAT_Std":0.005679071811770068,"IAT_Max":0.02961137006423087,"IAT_Min":0.00015147443627938628,"received_addresses":18,"max_pkt_from_sameId":78,"has_attacker":1}
{"received packets":326,"IAT_Mean":0.006128110684674684,"IAT_Std":0.007100086555824859,"IAT_Max":0.029611370442580666,"IAT_Min":0.00016302496442222036,"received_addresses":18,"max_pkt_from_sameId":20,"has_attacker":1}
{"received packets":679,"IAT_Mean":0.002942196955138064,"IAT_Std":0.001863178050007553,"IAT_Max":0.006664357348199701,"IAT_Min":0.00016308502381434664,"received_addresses":18,"max_pkt_from_sameId":377,"has_attacker":1}
{"received packets":557,"IAT_Mean":0.0035866334003862309,"IAT_Std":0.0043501232029049059,"IAT_Max":0.0296110625640722,"IAT_Min":0.00011183040624018759,"received_addresses":17,"max_pkt_from_sameId":193,"has_attacker":1}
{"received packets":482,"IAT_Mean":0.004144727463849204,"IAT_Std":0.006125357319500051,"IAT_Max":0.029611070451210254,"IAT_Min":0.00013110583313391544,"received_addresses":16,"max_pkt_from_sameId":107,"has_attacker":1}
{"received packets":306,"IAT_Mean":0.006528636564076342,"IAT_Std":0.007121561875617993,"IAT_Max":0.02960799977154238,"IAT_Min":0.00016301008872687817,"received_addresses":18,"max_pkt_from_sameId":20,"has_attacker":1}
{"received packets":530,"IAT_Mean":0.003769342932080793,"IAT_Std":0.00442218189226855,"IAT_Max":0.02813522934957291,"IAT_Min":0.00016309188868035562,"received_addresses":19,"max_pkt_from_sameId":186,"has_attacker":1}
{"received packets":756,"IAT_Mean":0.002642543626486725,"IAT_Std":0.001840807645370846,"IAT_Max":0.010001476784964325,"IAT_Min":0.00011186192568857223,"received_addresses":21,"max_pkt_from_sameId":380,"has_attacker":1}
{"received packets":498,"IAT_Mean":0.004011561246070743,"IAT_Std":0.005082459741719792,"IAT_Max":0.024306237730343129,"IAT_Min":0.00011009246372850612,"received_addresses":22,"max_pkt_from_sameId":75,"has_attacker":1}
{"received packets":427,"IAT_Mean":0.0046785851601234928,"IAT_Std":0.005871489177147095,"IAT_Max":0.028135327171185055,"IAT_Min":0.00013191867765272036,"received_addresses":21,"max_pkt_from_sameId":42,"has_attacker":1}
{"received packets":340,"IAT_Mean":0.005875746457551192,"IAT_Std":0.006682613137164931,"IAT_Max":0.028135347747593188,"IAT_Min":0.0007943084237922449,"received_addresses":17,"max_pkt_from_sameId":20,"has_attacker":0}
{"received packets":715,"IAT_Mean":0.002794067734081894,"IAT_Std":0.0020244203052921965,"IAT_Max":0.010343173729779665,"IAT_Min":0.0001632867606531363,"received_addresses":18,"max_pkt_from_sameId":375,"has_attacker":1}
{"received packets":604,"IAT_Mean":0.003307549570597876,"IAT_Std":0.0032325224542378669,"IAT_Max":0.028134830765338849,"IAT_Min":0.0001057170593412593,"received_addresses":18,"max_pkt_from_sameId":194,"has_attacker":1}
{"received packets":514,"IAT_Mean":0.0038866858733638445,"IAT_Std":0.003725536362640977,"IAT_Max":0.02961127213347936,"IAT_Min":0.0001528267894173041,"received_addresses":17,"max_pkt_from_sameId":234,"has_attacker":1}
{"received packets":195,"IAT_Mean":0.010244890714089614,"IAT_Std":0.010394070485167172,"IAT_Max":0.030940658016334056,"IAT_Min":0.00016300022252835333,