{"received packets":247,"IAT_Mean":0.008091183641875024,"IAT_Std":0.0642201049875199,"IAT_Max":1.0130038275601692,"IAT_Min":0.0001630446349736303,"received_addresses":25,"max_pkt_from_sameId":10,"has_attacker":0}
{"received packets":520,"IAT_Mean":0.0038433013315205667,"IAT_Std":0.004198019083672586,"IAT_Max":0.02238808398396941,"IAT_Min":0.0001630023616598919,"received_addresses":26,"max_pkt_from_sameId":20,"has_attacker":0}
{"received packets":529,"IAT_Mean":0.0037779040973163577,"IAT_Std":0.0041841298768216339,"IAT_Max":0.022387698365491816,"IAT_Min":0.0001630010810913518,"received_addresses":27,"max_pkt_from_sameId":20,"has_attacker":0}
{"received packets":521,"IAT_Mean":0.0038359226070886528,"IAT_Std":0.004140664525975186,"IAT_Max":0.02238731731995358,"IAT_Min":0.00016300113929901272,"received_addresses":27,"max_pkt_from_sameId":20,"has_attacker":0}
{"received packets":529,"IAT_Mean":0.003777915234035999,"IAT_Std":0.004128300693885079,"IAT_Max":0.02238712748658145,"IAT_Min":0.00016300219067488797,"received_addresses":27,"max_pkt_from_sameId":20,"has_attacker":0}
{"received packets":1654,"IAT_Mean":0.001208578957961405,"IAT_Std":0.0020900780649100874,"IAT_Max":0.022387480676115957,"IAT_Min":0.00016300031711580232,"received_addresses":28,"max_pkt_from_sameId":208,"has_attacker":1}
{"received packets":2815,"IAT_Mean":0.0007101036942034395,"IAT_Std":0.0006735433523034533,"IAT_Max":0.0025237054796889426,"IAT_Min":0.00016300223069265485,"received_addresses":30,"max_pkt_from_sameId":400,"has_attacker":1}
{"received packets":501,"IAT_Mean":0.003989059173027943,"IAT_Std":0.004236667606041377,"IAT_Max":0.022435456081439044,"IAT_Min":0.00016380367014789954,"received_addresses":24,"max_pkt_from_sameId":63,"has_attacker":1}
{"received packets":521,"IAT_Mean":0.003834468071945175,"IAT_Std":0.004734853469567003,"IAT_Max":0.03336309142832761,"IAT_Min":0.00016374329425161704,"received_addresses":18,"max_pkt_from_sameId":200,"has_attacker":1}
{"received packets":670,"IAT_Mean":0.0029817238840943035,"IAT_Std":0.0017830316087198947,"IAT_Max":0.005722118770790985,"IAT_Min":0.00016470839182147756,"received_addresses":17,"max_pkt_from_sameId":381,"has_attacker":1}
{"received packets":619,"IAT_Mean":0.00322739552280478,"IAT_Std":0.003965822655941625,"IAT_Max":0.02983316168320016,"IAT_Min":0.00015533688929281197,"received_addresses":21,"max_pkt_from_sameId":162,"has_attacker":1}
{"received packets":481,"IAT_Mean":0.004153354621544422,"IAT_Std":0.005693788193276614,"IAT_Max":0.03314747662443551,"IAT_Min":0.0001581135111337062,"received_addresses":19,"max_pkt_from_sameId":85,"has_attacker":1}
{"received packets":299,"IAT_Mean":0.006681448350244192,"IAT_Std":0.007726597583394187,"IAT_Max":0.03314737526306999,"IAT_Min":0.0001610797226021532,"received_addresses":18,"max_pkt_from_sameId":20,"has_attacker":1}
{"received packets":688,"IAT_Mean":0.002903709680283079,"IAT_Std":0.0017025116364449856,"IAT_Max":0.006228330988960806,"IAT_Min":0.00027998219957225956,"received_addresses":17,"max_pkt_from_sameId":379,"has_attacker":1}
{"received packets":722,"IAT_Mean":0.002766973143819961,"IAT_Std":0.0029070804968722018,"IAT_Max":0.029305007668881445,"IAT_Min":0.0001122666617447976,"received_addresses":19,"max_pkt_from_sameId":191,"has_attacker":1}
{"received packets":812,"IAT_Mean":0.0024602897688480865,"IAT_Std":0.0026824683481013057,"IAT_Max":0.01930700778029859,"IAT_Min":0.00011461555186542682,"received_addresses":18,"max_pkt_from_sameId":291,"has_attacker":1}
{"received packets":319,"IAT_Mean":0.006262579778633843,"IAT_Std":0.007384416266520402,"IAT_Max":0.02961138780665351,"IAT_Min":0.00011529805487953126,"received_addresses":18,"max_pkt_from_sameId":20,"has_attacker":1}
{"received packets":502,"IAT_Mean":0.003979589268389222,"IAT_Std":0.004682468304310878,"IAT_Max":0.029611387730255957,"IAT_Min":0.0001630010265216697,"received_addresses":18,"max_pkt_from_sameId":188,"has_attacker":1}
{"received packets":691,"IAT_Mean":0.002891106174344112,"IAT_Std":0.0017726007534181023,"IAT_Max":0.005012000001443084,"IAT_Min":0.00011381918375263922,"received_addresses":17,"max_pkt_from_sameId":380,"has_attacker":1}
{"received packets":761,"IAT_Mean":0.0026251717996004138,"IAT_Std":0.0021462672014119579,"IAT_Max":0.014308184418041492,"IAT_Min":0.00011437292050686665,"received_addresses":19,"max_pkt_from_sameId":317,"has_attacker":1}
{"received packets":574,"IAT_Mean":0.0034804177836939705,"IAT_Std":0.004687151671076224,"IAT_Max":0.029611388366902248,"IAT_Min":0.0001157452461484354,"received_addresses":20,"max_pkt_from_sameId":160,"has_attacker":1}
{"received packets":337,"IAT_Mean":0.00592808352296632,"IAT_Std":0.00716757694976554,"IAT_Max":0.029611388596094913,"IAT_Min":0.00016333557141479105,"received_addresses":19,"max_pkt_from_sameId":20,"has_attacker":1}
{"received packets":690,"IAT_Mean":0.0028952924588035485,"IAT_Std":0.0018871264345244035,"IAT_Max":0.006189130108396057,"IAT_Min":0.00011969223123742267,"received_addresses":19,"max_pkt_from_sameId":377,"has_attacker":1}
{"received packets":651,"IAT_Mean":0.0030687478834658737,"IAT_Std":0.001902250685264227,"IAT_Max":0.012673067874857225,"IAT_Min":0.0001118030231737066,"received_addresses":18,"max_pkt_from_sameId":193,"has_attacker":1}
{"received packets":709,"IAT_Mean":0.002817713296043684,"IAT_Std":0.002081005750640392,"IAT_Max":0.011439005204010755,"IAT_Min":0.0001148778828792274,"received_addresses":18,"max_pkt_from_sameId":351,"has_attacker":1}
{"received packets":315,"IAT_Mean":0.006342104395829781,"IAT_Std":0.006809046495329814,"IAT_Max":0.028135417080193294,"IAT_Min":0.00010573264444246888,"received_addresses":19,"max_pkt_from_sameId":20,"has_attacker":1}
{"received packets":502,"IAT_Mean":0.003979585359576662,"IAT_Std":0.00444854188195138,"IAT_Max":0.02813541712021106,"IAT_Min":0.00016300345669151284,"received_addresses":18,"max_pkt_from_sameId":186,"has_attacker":1}
{"received packets":712,"IAT_Mean":0.0028058470264552988,"IAT_Std":0.001833075697389744,"IAT_Max":0.008752254132559756,"IAT_Min":0.00011185695984750055,"received_addresses":20,"max_pkt_from_sameId":380,"has_attacker":1}
{"received packets":660,"IAT_Mean":0.003026905490090333,"IAT_Std":0.004000225287478625,"IAT_Max":0.02430603461834835,"IAT_Min":0.00011008928413502872,"received_addresses":21,"max_pkt_from_sameId":260,"has_attacker":1}
{"received packets":518,"IAT_Mean":0.00385667185778806,"IAT_Std":0.004762655116556312,"IAT_Max":0.028135664862929845,"IAT_Min":0.0001176292062154971,"received_addresses":19,"max_pkt_from_sameId":142,"has_attacker":1}
{"received packets":340,"IAT_Mean":0.005875746906071179,"IAT_Std":0.006646498101153466,"IAT_Max":0.028135844393545996,"IAT_Min":0.0008261498005595058,"received_addresses":17,"max_pkt_from_sameId":20,"has_attacker":0}
{"received packets":715,"IAT_Mean":0.002794067842035735,"IAT_Std":0.0020045664917925697,"IAT_Max":0.01034317371522775,"IAT_Min":0.00016300345305353403,"received_addresses":18,"max_pkt_from_sameId":375,"has_attacker":1}
{"received packets":699,"IAT_Mean":0.0028580256539850114,"IAT_Std":0.0030166930196310365,"IAT_Max":0.028135669530456654,"IAT_Min":0.0001055135071510449,"received_addresses":20,"max_pkt_from_sameId":195,"has_attacker":1}
{"received packets":710,"IAT_Mean":0.0028137414668326784,"IAT_Std":0.0032066632391690448,"IAT_Max":0.028668052287684988,"IAT_Min":0.00010693788863136433,"received_addresses":18,"max_pkt_from_sameId":313,"has_attacker":1}
{"received packets":335,"IAT_Mean":0.005969870956638505,"IAT_Std":0.006917928661575323,"IAT_Max":0.029390310257440434,"IAT_Min":0.00011644719779724255,"received_addresses":19,"max_pkt_from_sameId":20,"has_attacker":1}
