{"received packets":558,"IAT_Mean":0.003581562884154074,"IAT_Std":0.004113920142394973,"IAT_Max":0.022380021433491494,"IAT_Min":0.00016320024587912485,"received_addresses":28,"max_pkt_from_sameId":20,"has_attacker":0}
{"received packets":532,"IAT_Mean":0.003756617035039944,"IAT_Std":0.004155974815727682,"IAT_Max":0.022380075250111987,"IAT_Min":0.00016311502622556873,"received_addresses":28,"max_pkt_from_sameId":20,"has_attacker":0}
{"received packets":510,"IAT_Mean":0.003918670402430614,"IAT_Std":0.0037344041904826764,"IAT_Max":0.02238015269540483,"IAT_Min":0.0001630205151741393,"received_addresses":28,"max_pkt_from_sameId":20,"has_attacker":0}
{"received packets":540,"IAT_Mean":0.0037009565900748217,"IAT_Std":0.0030294950374697806,"IAT_Max":0.01312400895767496,"IAT_Min":0.00016307323676301166,"received_addresses":27,"max_pkt_from_sameId":20,"has_attacker":0}
{"received packets":551,"IAT_Mean":0.0036270625807839627,"IAT_Std":0.0029765218977994246,"IAT_Max":0.013124006825819379,"IAT_Min":0.00016334297833964229,"received_addresses":29,"max_pkt_from_sameId":20,"has_attacker":0}
{"received packets":560,"IAT_Mean":0.003568779024668142,"IAT_Std":0.0028083636895779595,"IAT_Max":0.013124018143571448,"IAT_Min":0.00016367311036447063,"received_addresses":28,"max_pkt_from_sameId":20,"has_attacker":0}
{"received packets":560,"IAT_Mean":0.0035687819346549079,"IAT_Std":0.0028082335374208318,"IAT_Max":0.013124287081154762,"IAT_Min":0.0001640177688386757,"received_addresses":28,"max_pkt_from_sameId":20,"has_attacker":0}
{"received packets":1854,"IAT_Mean":0.0010782040505145045,"IAT_Std":0.001617131086397122,"IAT_Max":0.013124477958626813,"IAT_Min":0.00016300001516356133,"received_addresses":30,"max_pkt_from_sameId":209,"has_attacker":1}
{"received packets":3161,"IAT_Mean":0.0006323766496477238,"IAT_Std":0.0006459951877674613,"IAT_Max":0.003225067150196992,"IAT_Min":0.00016300021889037453,"received_addresses":27,"max_pkt_from_sameId":400,"has_attacker":1}
{"received packets":779,"IAT_Mean":0.0025654932709239825,"IAT_Std":0.003298398543864077,"IAT_Max":0.02243545575402095,"IAT_Min":0.00015121710021048784,"received_addresses":25,"max_pkt_from_sameId":256,"has_attacker":1}
{"received packets":629,"IAT_Mean":0.0031760848292697629,"IAT_Std":0.004383793469550961,"IAT_Max":0.03266615271058981,"IAT_Min":0.00016300336938002147,"received_addresses":22,"max_pkt_from_sameId":200,"has_attacker":1}
{"received packets":699,"IAT_Mean":0.0028580180244720664,"IAT_Std":0.0017400288645723498,"IAT_Max":0.007361228694207966,"IAT_Min":0.00016562458768021315,"received_addresses":19,"max_pkt_from_sameId":381,"has_attacker":1}
{"received packets":796,"IAT_Mean":0.0025097456472070206,"IAT_Std":0.003342512605689854,"IAT_Max":0.024306023737153738,"IAT_Min":0.0001073703751899302,"received_addresses":19,"max_pkt_from_sameId":281,"has_attacker":1}
{"received packets":618,"IAT_Mean":0.0032326268357857044,"IAT_Std":0.005125292381964711,"IAT_Max":0.03314712844075984,"IAT_Min":0.00015600059123244137,"received_addresses":21,"max_pkt_from_sameId":157,"has_attacker":1}
{"received packets":395,"IAT_Mean":0.005057602445650227,"IAT_Std":0.00696058055196003,"IAT_Max":0.03314713509462308,"IAT_Min":0.0001613461718079634,"received_addresses":18,"max_pkt_from_sameId":104,"has_attacker":1}
{"received packets":668,"IAT_Mean":0.002990647025867447,"IAT_Std":0.0016581709280735905,"IAT_Max":0.006228334532352164,"IAT_Min":0.00028000819656881504,"received_addresses":16,"max_pkt_from_sameId":379,"has_attacker":1}
{"received packets":692,"IAT_Mean":0.002886928566943693,"IAT_Std":0.0029162091675411199,"IAT_Max":0.029305023734195858,"IAT_Min":0.00011221444219700061,"received_addresses":17,"max_pkt_from_sameId":191,"has_attacker":1}
{"received packets":782,"IAT_Mean":0.0025546742348189325,"IAT_Std":0.002693841340660799,"IAT_Max":0.01930702373647364,"IAT_Min":0.00011460744281066582,"received_addresses":17,"max_pkt_from_sameId":291,"has_attacker":1}
{"received packets":498,"IAT_Mean":0.004011572105846572,"IAT_Std":0.00302762682880949,"IAT_Max":0.010011090078478447,"IAT_Min":0.00011529074618010782,"received_addresses":18,"max_pkt_from_sameId":199,"has_attacker":1}
{"received packets":601,"IAT_Mean":0.0033240495375293649,"IAT_Std":0.0024315504863453537,"IAT_Max":0.010011090074840468,"IAT_Min":0.00010991656381520443,"received_addresses":18,"max_pkt_from_sameId":188,"has_attacker":1}
{"received packets":671,"IAT_Mean":0.0029772791740673299,"IAT_Std":0.0017621520653243364,"IAT_Max":0.005012000001443084,"IAT_Min":0.00011377321789041162,"received_addresses":16,"max_pkt_from_sameId":380,"has_attacker":1}
{"received packets":746,"IAT_Mean":0.002677956700830662,"IAT_Std":0.0021547192814260608,"IAT_Max":0.01430811974205426,"IAT_Min":0.00011432695828261785,"received_addresses":18,"max_pkt_from_sameId":322,"has_attacker":1}
{"received packets":657,"IAT_Mean":0.0030407302392202984,"IAT_Std":0.0027772191250688188,"IAT_Max":0.01430811974205426,"IAT_Min":0.00011573794108699076,"received_addresses":20,"max_pkt_from_sameId":155,"has_attacker":1}
{"received packets":544,"IAT_Mean":0.0036723604900129539,"IAT_Std":0.0031847069492121806,"IAT_Max":0.010011090074840468,"IAT_Min":0.00010677501995814964,"received_addresses":19,"max_pkt_from_sameId":227,"has_attacker":1}
{"received packets":672,"IAT_Mean":0.0029728448748485229,"IAT_Std":0.0018788971470764169,"IAT_Max":0.005012000001443084,"IAT_Min":0.00011111441926914267,"received_addresses":19,"max_pkt_from_sameId":377,"has_attacker":1}
{"received packets":635,"IAT_Mean":0.0031460706007244768,"IAT_Std":0.0019200773262936613,"IAT_Max":0.009693371281173313,"IAT_Min":0.00011175706458743662,"received_addresses":17,"max_pkt_from_sameId":193,"has_attacker":1}
{"received packets":716,"IAT_Mean":0.0027901657628753228,"IAT_Std":0.002022169775742538,"IAT_Max":0.009706370805361076,"IAT_Min":0.00011487057781778276,"received_addresses":17,"max_pkt_from_sameId":368,"has_attacker":1}
{"received packets":517,"IAT_Mean":0.0038641447659770596,"IAT_Std":0.003192776223929726,"IAT_Max":0.010011090071202489,"IAT_Min":0.00010572533938102424,"received_addresses":19,"max_pkt_from_sameId":222,"has_attacker":1}
{"received packets":601,"IAT_Mean":0.003324046272603795,"IAT_Std":0.002605655355451794,"IAT_Max":0.00999809007771546,"IAT_Min":0.0001098518623621203,"received_addresses":18,"max_pkt_from_sameId":186,"has_attacker":1}
{"received packets":712,"IAT_Mean":0.0028058469693257469,"IAT_Std":0.0018583818417606019,"IAT_Max":0.008752234683925053,"IAT_Min":0.00011181099398527294,"received_addresses":20,"max_pkt_from_sameId":380,"has_attacker":1}
{"received packets":659,"IAT_Mean":0.0030314986081690119,"IAT_Std":0.003993336098874452,"IAT_Max":0.02430602555614314,"IAT_Min":0.00011004332191077992,"received_addresses":20,"max_pkt_from_sameId":256,"has_attacker":1}
{"received packets":614,"IAT_Mean":0.003253674237239821,"IAT_Std":0.0030398534831044779,"IAT_Max":0.02430605867994018,"IAT_Min":0.00011762190479203127,"received_addresses":20,"max_pkt_from_sameId":142,"has_attacker":1}
{"received packets":540,"IAT_Mean":0.0036995442729474035,"IAT_Std":0.0030485597888686539,"IAT_Max":0.010343173937144457,"IAT_Min":0.00011598951459745876,"received_addresses":17,"max_pkt_from_sameId":220,"has_attacker":1}
{"received packets":699,"IAT_Mean":0.0028580235570571496,"IAT_Std":0.0019800148964480388,"IAT_Max":0.010343174522859045,"IAT_Min":0.00011391524458304048,"received_addresses":18,"max_pkt_from_sameId":375,"has_attacker":1}
{"received packets":669,"IAT_Mean":0.002986188178569387,"IAT_Std":0.0030916886305087938,"IAT_Max":0.02866261867529829,"IAT_Min":0.00010546754492679611,"received_addresses":19,"max_pkt_from_sameId":195,"has_attacker":1}
{"received packets":691,"IAT_Mean":0.002891109118342924,"IAT_Std":0.0032381225972302628,"IAT_Max":0.028667999999015593,"IAT_Min":0.00010693058356991969,"received_addresses":17,"max_pkt_from_sameId":314,"has_attacker":1}
{"received packets":483,"IAT_Mean":0.004140593821011297,"IAT_Std":0.0031224574157064299,