{"received packets":10,"IAT_Mean":0.1940831542498927,"IAT_Std":0.2822475656596604,"IAT_Max":1.040825851228874,"IAT_Min":0.10000063235929702,"received_addresses":1,"max_pkt_from_sameId":10,"has_attacker":0}
{"received packets":20,"IAT_Mean":0.09704152068479744,"IAT_Std":0.012895313565227464,"IAT_Max":0.10000697459327057,"IAT_Min":0.04083215698847198,"received_addresses":1,"max_pkt_from_sameId":20,"has_attacker":0}
{"received packets":49,"IAT_Mean":0.04016706493378163,"IAT_Std":0.017126566109690469,"IAT_Max":0.07265306640329072,"IAT_Min":0.027349303134542425,"received_addresses":3,"max_pkt_from_sameId":20,"has_attacker":0}
{"received packets":426,"IAT_Mean":0.004683363031760047,"IAT_Std":0.0011005369909838519,"IAT_Max":0.010158307184610749,"IAT_Min":0.00026920247546513565,"received_addresses":5,"max_pkt_from_sameId":388,"has_attacker":1}
{"received packets":267,"IAT_Mean":0.0073714755149029529,"IAT_Std":0.00936011018825162,"IAT_Max":0.044008622844557979,"IAT_Min":0.0012290002196095884,"received_addresses":6,"max_pkt_from_sameId":190,"has_attacker":1}
{"received packets":112,"IAT_Mean":0.01785630929871981,"IAT_Std":0.013647811279526473,"IAT_Max":0.03549483605820569,"IAT_Min":0.00016219615645240992,"received_addresses":7,"max_pkt_from_sameId":20,"has_attacker":0}
{"received packets":306,"IAT_Mean":0.006535626725630197,"IAT_Std":0.005514977353527849,"IAT_Max":0.03170504970330512,"IAT_Min":0.00016219616372836754,"received_addresses":7,"max_pkt_from_sameId":204,"has_attacker":1}
{"received packets":377,"IAT_Mean":0.005292083074833808,"IAT_Std":0.003921159381627054,"IAT_Max":0.029631098863319495,"IAT_Min":0.00010557248606346548,"received_addresses":6,"max_pkt_from_sameId":197,"has_attacker":1}
{"received packets":459,"IAT_Mean":0.00434666168148555,"IAT_Std":0.0011534413963467106,"IAT_Max":0.006631123935221694,"IAT_Min":0.00011431945313233882,"received_addresses":5,"max_pkt_from_sameId":380,"has_attacker":1}
{"received packets":81,"IAT_Mean":0.024042926872358228,"IAT_Std":0.021927000421453299,"IAT_Max":0.056002858094871047,"IAT_Min":0.0001167119771707803,"received_addresses":5,"max_pkt_from_sameId":20,"has_attacker":1}
{"received packets":182,"IAT_Mean":0.01096302009138706,"IAT_Std":0.012924149123133736,"IAT_Max":0.05047371048931382,"IAT_Min":0.0016271064996544738,"received_addresses":5,"max_pkt_from_sameId":102,"has_attacker":1}
{"received packets":316,"IAT_Mean":0.006314146645101711,"IAT_Std":0.004903379031414484,"IAT_Max":0.02500226895790547,"IAT_Min":0.0002759257040452212,"received_addresses":7,"max_pkt_from_sameId":208,"has_attacker":1}
{"received packets":520,"IAT_Mean":0.003836742921913146,"IAT_Std":0.0014492823128420174,"IAT_Max":0.005162218978512101,"IAT_Min":0.0002766087527561467,"received_addresses":8,"max_pkt_from_sameId":378,"has_attacker":1}
{"received packets":332,"IAT_Mean":0.005907909945058948,"IAT_Std":0.007992518048364352,"IAT_Max":0.03984096846761531,"IAT_Min":0.00010531939551583491,"received_addresses":8,"max_pkt_from_sameId":192,"has_attacker":1}
{"received packets":170,"IAT_Mean":0.011537829833897002,"IAT_Std":0.013150223901624696,"IAT_Max":0.03984077767745475,"IAT_Min":0.0012670702235482168,"received_addresses":9,"max_pkt_from_sameId":20,"has_attacker":0}
{"received packets":314,"IAT_Mean":0.006258820920150002,"IAT_Std":0.006350099177144401,"IAT_Max":0.03500026889742003,"IAT_Min":0.0008462688929284923,"received_addresses":9,"max_pkt_from_sameId":154,"has_attacker":1}
{"received packets":437,"IAT_Mean":0.004565474983769335,"IAT_Std":0.0033191321447472897,"IAT_Max":0.020842268895648887,"IAT_Min":0.00027003782452084124,"received_addresses":10,"max_pkt_from_sameId":187,"has_attacker":1}
{"received packets":496,"IAT_Mean":0.004022407629448817,"IAT_Std":0.0017062491634578404,"IAT_Max":0.008139060410030652,"IAT_Min":0.00011156790787936188,"received_addresses":8,"max_pkt_from_sameId":381,"has_attacker":1}
{"received packets":135,"IAT_Mean":0.014425682392282868,"IAT_Std":0.01754395287545003,"IAT_Max":0.053802289578015919,"IAT_Min":0.00011318415999994613,"received_addresses":8,"max_pkt_from_sameId":20,"has_attacker":1}
{"received packets":325,"IAT_Mean":0.006146940008273725,"IAT_Std":0.007757586057757985,"IAT_Max":0.03086015599183156,"IAT_Min":0.00012124505155952647,"received_addresses":19,"max_pkt_from_sameId":33,"has_attacker":1}
{"received packets":330,"IAT_Mean":0.006047963592132102,"IAT_Std":0.007620098073092228,"IAT_Max":0.035223918723204409,"IAT_Min":0.00013519158528652042,"received_addresses":18,"max_pkt_from_sameId":64,"has_attacker":1}
{"received packets":498,"IAT_Mean":0.004006236182234657,"IAT_Std":0.0020755651250591565,"IAT_Max":0.013125297908118228,"IAT_Min":0.00010637653394951485,"received_addresses":8,"max_pkt_from_sameId":376,"has_attacker":1}
{"received packets":314,"IAT_Mean":0.00622516582406652,"IAT_Std":0.009089661842857837,"IAT_Max":0.04656016929948237,"IAT_Min":0.00011761874702642672,"received_addresses":7,"max_pkt_from_sameId":194,"has_attacker":1}
{"received packets":110,"IAT_Mean":0.017770118996056476,"IAT_Std":0.018736163292495137,"IAT_Max":0.046567072760808517,"IAT_Min":0.0006323500892904121,"received_addresses":6,"max_pkt_from_sameId":20,"has_attacker":0}
{"received packets":80,"IAT_Mean":0.02443387200150937,"IAT_Std":0.020113908342011909,"IAT_Max":0.04656958760097041,"IAT_Min":0.0012620050438272302,"received_addresses":4,"max_pkt_from_sameId":20,"has_attacker":0}
{"received packets":275,"IAT_Mean":0.007272354595228204,"IAT_Std":0.01079330099888598,"IAT_Max":0.046566126839024949,"IAT_Min":0.00019771267761825584,"received_addresses":6,"max_pkt_from_sameId":185,"has_attacker":1}
{"received packets":490,"IAT_Mean":0.0040814252304402069,"IAT_Std":0.002066182056493785,"IAT_Max":0.010011047801526729,"IAT_Min":0.00010822636249940842,"received_addresses":7,"max_pkt_from_sameId":380,"has_attacker":1}
{"received packets":95,"IAT_Mean":0.021051565903441147,"IAT_Std":0.02107063250519033,"IAT_Max":0.0512344220187515,"IAT_Min":0.00011338331023580395,"received_addresses":6,"max_pkt_from_sameId":20,"has_attacker":1}
{"received packets":91,"IAT_Mean":0.02197691714360729,"IAT_Std":0.019295485699894627,"IAT_Max":0.05124104304923094,"IAT_Min":0.001271010984055465,"received_addresses":5,"max_pkt_from_sameId":20,"has_attacker":0}
{"received packets":90,"IAT_Mean":0.022221125651776677,"IAT_Std":0.016856082433727279,"IAT_Max":0.051241961802588779,"IAT_Min":0.0034725620062090458,"received_addresses":5,"max_pkt_from_sameId":20,"has_attacker":0}
{"received packets":493,"IAT_Mean":0.004056606806685268,"IAT_Std":0.0024775935445272986,"IAT_Max":0.03163927905188757,"IAT_Min":0.00015684183381381445,"received_addresses":7,"max_pkt_from_sameId":374,"has_attacker":1}
