{"received packets":9,"IAT_Mean":0.2114971794920469,"IAT_Std":0.3153609427344689,"IAT_Max":1.103472623934067,"IAT_Min":0.09999862393306103,"received_addresses":1,"max_pkt_from_sameId":9,"has_attacker":0}
{"received packets":11,"IAT_Mean":0.09122468776629168,"IAT_Std":0.02774944474178901,"IAT_Max":0.10001153260600404,"IAT_Min":0.003473239365121117,"received_addresses":1,"max_pkt_from_sameId":11,"has_attacker":0}
{"received packets":14,"IAT_Mean":0.0664367066266485,"IAT_Std":0.045047165425031548,"IAT_Max":0.10000935945572565,"IAT_Min":0.004998999775125412,"received_addresses":1,"max_pkt_from_sameId":14,"has_attacker":1}
