{"received packets":234,"IAT_Mean":0.008537453543414082,"IAT_Std":0.00775383181975497,"IAT_Max":0.029607999025756727,"IAT_Min":0.0001629999969736673,"received_addresses":15,"max_pkt_from_sameId":22,"has_attacker":1}
{"received packets":436,"IAT_Mean":0.0045820022675272429,"IAT_Std":0.004692449085940194,"IAT_Max":0.029607807438878809,"IAT_Min":0.00016300372226396576,"received_addresses":14,"max_pkt_from_sameId":186,"has_attacker":1}
{"received packets":649,"IAT_Mean":0.003078218971063892,"IAT_Std":0.0018406032938969566,"IAT_Max":0.005012000277929474,"IAT_Min":0.00011299879042780958,"received_addresses":16,"max_pkt_from_sameId":380,"has_attacker":1}
{"received packets":631,"IAT_Mean":0.0031660198823973836,"IAT_Std":0.0019276286636359089,"IAT_Max":0.006575403745955555,"IAT_Min":0.00011112232823506929,"received_addresses":15,"max_pkt_from_sameId":376,"has_attacker":1}
{"received packets":464,"IAT_Mean":0.004305510420126352,"IAT_Std":0.004567054966600448,"IAT_Max":0.029607297812617618,"IAT_Min":0.0001185531982628163,"received_addresses":15,"max_pkt_from_sameId":194,"has_attacker":1}
{"received packets":280,"IAT_Mean":0.007134838091665837,"IAT_Std":0.007332925316740918,"IAT_Max":0.02960728667312651,"IAT_Min":0.0008261446309916209,"received_addresses":14,"max_pkt_from_sameId":20,"has_attacker":0}
{"received packets":674,"IAT_Mean":0.0029640343981492836,"IAT_Std":0.002097706315430079,"IAT_Max":0.010344520298531279,"IAT_Min":0.0001214552903547883,"received_addresses":17,"max_pkt_from_sameId":375,"has_attacker":1}
{"received packets":535,"IAT_Mean":0.0037381283010010149,"IAT_Std":0.004474004713658295,"IAT_Max":0.030863570635119687,"IAT_Min":0.00010619293607305735,"received_addresses":19,"max_pkt_from_sameId":195,"has_attacker":1}
{"received packets":378,"IAT_Mean":0.005290741789524743,"IAT_Std":0.006240018979712938,"IAT_Max":0.030861347615427804,"IAT_Min":0.00012153001807746477,"received_addresses":18,"max_pkt_from_sameId":34,"has_attacker":1}
{"received packets":302,"IAT_Mean":0.00662220588015313,"IAT_Std":0.00735199860142755,"IAT_Max":0.030867317163938425,"IAT_Min":0.0001164626119134482,"received_addresses":17,"max_pkt_from_sameId":20,"has_attacker":1}
