{"received packets":480,"IAT_Mean":0.004163566810060123,"IAT_Std":0.004462572093954031,"IAT_Max":0.02238008731728769,"IAT_Min":0.00016301540745189413,"received_addresses":24,"max_pkt_from_sameId":20,"has_attacker":0}
{"received packets":480,"IAT_Mean":0.004163583946910876,"IAT_Std":0.004462737273977738,"IAT_Max":0.02238013635360403,"IAT_Min":0.0001630127262615133,"received_addresses":24,"max_pkt_from_sameId":20,"has_attacker":0}
{"received packets":510,"IAT_Mean":0.0039186702930629848,"IAT_Std":0.003635913603704988,"IAT_Max":0.02238016153933131,"IAT_Min":0.00016300508650601842,"received_addresses":27,"max_pkt_from_sameId":20,"has_attacker":0}
{"received packets":549,"IAT_Mean":0.003640284831537581,"IAT_Std":0.002893132636892636,"IAT_Max":0.013124002089170972,"IAT_Min":0.00016300217248499393,"received_addresses":29,"max_pkt_from_sameId":20,"has_attacker":0}
{"received packets":590,"IAT_Mean":0.003387307011532465,"IAT_Std":0.0028473288538754715,"IAT_Max":0.013124003227858339,"IAT_Min":0.0001630082115298137,"received_addresses":30,"max_pkt_from_sameId":20,"has_attacker":0}
{"received packets":521,"IAT_Mean":0.0038359227364219417,"IAT_Std":0.0029214323403903058,"IAT_Max":0.013124014152708697,"IAT_Min":0.0001630123188078869,"received_addresses":27,"max_pkt_from_sameId":20,"has_attacker":0}
{"received packets":549,"IAT_Mean":0.0036402863637296754,"IAT_Std":0.0029417600286039248,"IAT_Max":0.013124276436428773,"IAT_Min":0.00016303740994771942,"received_addresses":28,"max_pkt_from_sameId":20,"has_attacker":0}
{"received packets":1646,"IAT_Mean":0.0012144529029765104,"IAT_Std":0.0017467889914722754,"IAT_Max":0.013124399258231279,"IAT_Min":0.00016300009519909509,"received_addresses":28,"max_pkt_from_sameId":208,"has_attacker":1}
{"received packets":2784,"IAT_Mean":0.0007180106336000403,"IAT_Std":0.0006869554906784813,"IAT_Max":0.0023932937438075898,"IAT_Min":0.00016300004426739179,"received_addresses":26,"max_pkt_from_sameId":400,"has_attacker":1}
{"received packets":710,"IAT_Mean":0.0028148143296150499,"IAT_Std":0.003137005381416868,"IAT_Max":0.02243545419332804,"IAT_Min":0.00015003475346020423,"received_addresses":22,"max_pkt_from_sameId":247,"has_attacker":1}
{"received packets":554,"IAT_Mean":0.0036060622857248647,"IAT_Std":0.004446433973031944,"IAT_Max":0.03320011381947552,"IAT_Min":0.0001570037165947724,"received_addresses":19,"max_pkt_from_sameId":200,"has_attacker":1}
{"received packets":636,"IAT_Mean":0.0031411254995764926,"IAT_Std":0.0017482464278206476,"IAT_Max":0.005721898243791657,"IAT_Min":0.00016325083925039507,"received_addresses":16,"max_pkt_from_sameId":381,"has_attacker":1}
{"received packets":700,"IAT_Mean":0.0028539411779742558,"IAT_Std":0.0038431478068307576,"IAT_Max":0.029833161672286225,"IAT_Min":0.00011582095612538978,"received_addresses":16,"max_pkt_from_sameId":196,"has_attacker":1}
