{"received packets":247,"IAT_Mean":0.008091183648355633,"IAT_Std":0.06415095056639245,"IAT_Max":1.0130038286479249,"IAT_Min":0.00016304429664160125,"received_addresses":25,"max_pkt_from_sameId":10,"has_attacker":0}
{"received packets":510,"IAT_Mean":0.003918660240122014,"IAT_Std":0.003109604431352521,"IAT_Max":0.01312507771217497,"IAT_Min":0.0001630027254577726,"received_addresses":26,"max_pkt_from_sameId":20,"has_attacker":0}
{"received packets":520,"IAT_Mean":0.003843290998114613,"IAT_Std":0.0030321956569401566,"IAT_Max":0.01312469815093209,"IAT_Min":0.00016300106653943658,"received_addresses":26,"max_pkt_from_sameId":20,"has_attacker":0}
{"received packets":529,"IAT_Mean":0.00377791256499743,"IAT_Std":0.0029581661679760156,"IAT_Max":0.01312431584301521,"IAT_Min":0.0001630010738153942,"received_addresses":27,"max_pkt_from_sameId":20,"has_attacker":0}
{"received packets":521,"IAT_Mean":0.003835925295645766,"IAT_Std":0.002953349176182538,"IAT_Max":0.013124126973707462,"IAT_Min":0.00016300156130455434,"received_addresses":27,"max_pkt_from_sameId":20,"has_attacker":0}
{"received packets":1645,"IAT_Mean":0.0012151911809761289,"IAT_Std":0.001752380126147619,"IAT_Max":0.013124290457199095,"IAT_Min":0.00016300049537676387,"received_addresses":27,"max_pkt_from_sameId":208,"has_attacker":1}
{"received packets":2780,"IAT_Mean":0.0007190438073920756,"IAT_Std":0.0006740511213319622,"IAT_Max":0.002386069296335336,"IAT_Min":0.00016300069910357706,"received_addresses":26,"max_pkt_from_sameId":400,"has_attacker":1}
{"received packets":779,"IAT_Mean":0.0025654923209445076,"IAT_Std":0.0019657095572354788,"IAT_Max":0.009615000879421132,"IAT_Min":0.0001513548741058912,"received_addresses":23,"max_pkt_from_sameId":337,"has_attacker":1}
{"received packets":577,"IAT_Mean":0.0034623189005770049,"IAT_Std":0.0037251297565521837,"IAT_Max":0.025001665173476796,"IAT_Min":0.00016356458945665509,"received_addresses":22,"max_pkt_from_sameId":200,"has_attacker":1}
{"received packets":657,"IAT_Mean":0.0030407232250199659,"IAT_Std":0.0017564801304290274,"IAT_Max":0.0057221270180889409,"IAT_Min":0.00010513708912185393,"received_addresses":17,"max_pkt_from_sameId":380,"has_attacker":1}
{"received packets":626,"IAT_Mean":0.003191306714462769,"IAT_Std":0.003971689718947847,"IAT_Max":0.02966916999866953,"IAT_Min":0.0001534386283310596,"received_addresses":19,"max_pkt_from_sameId":201,"has_attacker":1}
{"received packets":684,"IAT_Mean":0.002920707250885573,"IAT_Std":0.0032329777868417015,"IAT_Max":0.024839000216161368,"IAT_Min":0.00010547173224040307,"received_addresses":19,"max_pkt_from_sameId":163,"has_attacker":1}
{"received packets":247,"IAT_Mean":0.008088069839197068,"IAT_Std":0.010126942054759897,"IAT_Max":0.03314775815670146,"IAT_Min":0.00016069833145593293,"received_addresses":15,"max_pkt_from_sameId":20,"has_attacker":1}
{"received packets":627,"IAT_Mean":0.0031862079960289799,"IAT_Std":0.0017894245455671214,"IAT_Max":0.009720549322082661,"IAT_Min":0.0002799688809318468,"received_addresses":15,"max_pkt_from_sameId":379,"has_attacker":1}
{"received packets":690,"IAT_Mean":0.0028952966483104874,"IAT_Std":0.002959024162503918,"IAT_Max":0.02930500295406091,"IAT_Min":0.00011242006439715624,"received_addresses":17,"max_pkt_from_sameId":191,"has_attacker":1}
{"received packets":792,"IAT_Mean":0.0025224183379182849,"IAT_Std":0.002729682891891384,"IAT_Max":0.01930700283992337,"IAT_Min":0.00011469054516055621,"received_addresses":17,"max_pkt_from_sameId":291,"has_attacker":1}
{"received packets":668,"IAT_Mean":0.0029906631278067208,"IAT_Std":0.0019528778186655287,"IAT_Max":0.010011090078478447,"IAT_Min":0.00011532898497534916,"received_addresses":18,"max_pkt_from_sameId":369,"has_attacker":1}
{"received packets":674,"IAT_Mean":0.002964026457472488,"IAT_Std":0.0017883551775329426,"IAT_Max":0.00501209007052239,"IAT_Min":0.00010996980927302502,"received_addresses":18,"max_pkt_from_sameId":192,"has_attacker":1}
{"received packets":671,"IAT_Mean":0.0029772792638945025,"IAT_Std":0.001804404970266474,"IAT_Max":0.005012000001443084,"IAT_Min":0.00011383901073713787,"received_addresses":16,"max_pkt_from_sameId":380,"has_attacker":1}
{"received packets":741,"IAT_Mean":0.002696026665438689,"IAT_Std":0.0021873152285238918,"IAT_Max":0.014308220299426467,"IAT_Min":0.00011439274385338649,"received_addresses":18,"max_pkt_from_sameId":317,"has_attacker":1}
{"received packets":728,"IAT_Mean":0.0027441755871352925,"IAT_Std":0.00228215453300742,"IAT_Max":0.014308220299426467,"IAT_Min":0.00011576431643334217,"received_addresses":20,"max_pkt_from_sameId":174,"has_attacker":1}
{"received packets":675,"IAT_Mean":0.002959650617531561,"IAT_Std":0.002032752853802442,"IAT_Max":0.010011090074840468,"IAT_Min":0.00010682785432436503,"received_addresses":19,"max_pkt_from_sameId":358,"has_attacker":1}
{"received packets":674,"IAT_Mean":0.00296402346613092,"IAT_Std":0.0019207696462385117,"IAT_Max":0.005012000001443084,"IAT_Min":0.00011116725727333687,"received_addresses":19,"max_pkt_from_sameId":377,"has_attacker":1}
{"received packets":634,"IAT_Mean":0.0031510329522562109,"IAT_Std":0.001961509678513376,"IAT_Max":0.01611210655028117,"IAT_Min":0.00011182284652022645,"received_addresses":18,"max_pkt_from_sameId":193,"has_attacker":1}
{"received packets":694,"IAT_Mean":0.002878614908491014,"IAT_Std":0.002122138426371667,"IAT_Max":0.01143900479291915,"IAT_Min":0.00011489695316413417,"received_addresses":18,"max_pkt_from_sameId":351,"has_attacker":1}
{"received packets":628,"IAT_Mean":0.0031811511214716126,"IAT_Std":0.002471977401384179,"IAT_Max":0.010011090078478447,"IAT_Min":0.00010575171108939685,"received_addresses":19,"max_pkt_from_sameId":333,"has_attacker":1}
{"received packets":636,"IAT_Mean":0.0031411192926183585,"IAT_Std":0.0023742172186761278,"IAT_Max":0.00999809007771546,"IAT_Min":0.00010990470400429331,"received_addresses":18,"max_pkt_from_sameId":186,"has_attacker":1}
{"received packets":696,"IAT_Mean":0.002870349285101044,"IAT_Std":0.0018454010014703239,"IAT_Max":0.008752256366278744,"IAT_Min":0.00011187678319402039,"received_addresses":20,"max_pkt_from_sameId":380,"has_attacker":1}
{"received packets":627,"IAT_Mean":0.0031862163366088898,"IAT_Std":0.00416385586892587,"IAT_Max":0.024306036182679237,"IAT_Min":0.00011010910748154856,"received_addresses":19,"max_pkt_from_sameId":260,"has_attacker":1}
{"received packets":646,"IAT_Mean":0.0030925016128978439,"IAT_Std":0.002958915964004226,"IAT_Max":0.024306070154125338,"IAT_Min":0.00011764828013838269,"received_addresses":19,"max_pkt_from_sameId":148,"has_attacker":1}
{"received packets":659,"IAT_Mean":0.003031493122400596,"IAT_Std":0.002423300615366008,"IAT_Max":0.010011090074840468,"IAT_Min":0.00011604235260165296,"received_addresses":17,"max_pkt_from_sameId":339,"has_attacker":1}
{"received packets":699,"IAT_Mean":0.002858023643286095,"IAT_Std":0.00211626675852894,"IAT_Max":0.01000530529927346,"IAT_Min":0.00011396808258723468,"received_addresses":18,"max_pkt_from_sameId":375,"has_attacker":1}
{"received packets":679,"IAT_Mean":0.002942209059995512,"IAT_Std":0.0031227883456342909,"IAT_Max":0.028135709482739914,"IAT_Min":0.00010553332685958594,"received_addresses":19,"max_pkt_from_sameId":195,"has_attacker":1}
{"received packets":691,"IAT_Mean":0.0028911092055701789,"IAT_Std":0.0032964254992077755,"IAT_Max":0.028668091363215355,"IAT_Min":0.0001069569589162711,"received_addresses":18,"max_pkt_from_sameId":313,"has_attacker":1}
{"received packets":639,"IAT_Mean":0.0031297445234194298,"IAT_Std":0.002500638932833601,"IAT_Max":0.015004263790615369,"IAT_Min":0.00011646627172012813,"received_addresses":19,"max_pkt_from_sameId":334,"has_attacker":1}
