{"received packets":10,"IAT_Mean":0.19781680529777077,"IAT_Std":0.2934502639122471,"IAT_Max":1.0781675968537457,"IAT_Min":0.0999943340793834,"received_addresses":1,"max_pkt_from_sameId":10,"has_attacker":0}
{"received packets":10,"IAT_Mean":0.09781700290041044,"IAT_Std":0.006551028117009483,"IAT_Max":0.10001078938512365,"IAT_Min":0.07816392456879839,"received_addresses":1,"max_pkt_from_sameId":10,"has_attacker":0}
