{"received packets":480,"IAT_Mean":0.00416243200882036,"IAT_Std":0.004286047356102853,"IAT_Max":0.017955021852685605,"IAT_Min":0.00021505638142116368,"received_addresses":24,"max_pkt_from_sameId":20,"has_attacker":0}
{"received packets":500,"IAT_Mean":0.003995948405769013,"IAT_Std":0.003451515408236622,"IAT_Max":0.011897301177668851,"IAT_Min":0.0002150891741621308,"received_addresses":25,"max_pkt_from_sameId":20,"has_attacker":0}
{"received packets":540,"IAT_Mean":0.003699945208636227,"IAT_Std":0.0032968270360043169,"IAT_Max":0.0118973328062566,"IAT_Min":0.00021508131612790748,"received_addresses":29,"max_pkt_from_sameId":20,"has_attacker":0}
{"received packets":590,"IAT_Mean":0.0033864015462375209,"IAT_Std":0.002879824334589113,"IAT_Max":0.009757254712894792,"IAT_Min":0.00021502251183846965,"received_addresses":30,"max_pkt_from_sameId":20,"has_attacker":0}
{"received packets":540,"IAT_Mean":0.0036999554653313548,"IAT_Std":0.0029190751020481346,"IAT_Max":0.009757213163538836,"IAT_Min":0.0002150109467038419,"received_addresses":27,"max_pkt_from_sameId":20,"has_attacker":0}
{"received packets":520,"IAT_Mean":0.0038422459609207114,"IAT_Std":0.0031921090850236968,"IAT_Max":0.009952143318514573,"IAT_Min":0.0002150074069504626,"received_addresses":26,"max_pkt_from_sameId":20,"has_attacker":0}
{"received packets":529,"IAT_Mean":0.003776882782046237,"IAT_Std":0.0031753613325149257,"IAT_Max":0.00995217433955986,"IAT_Min":0.00021500564980669878,"received_addresses":27,"max_pkt_from_sameId":20,"has_attacker":0}
{"received packets":1430,"IAT_Mean":0.0013984340779325386,"IAT_Std":0.001920012754698579,"IAT_Max":0.009951591619028477,"IAT_Min":0.0001630000006116461,"received_addresses":27,"max_pkt_from_sameId":477,"has_attacker":1}
{"received packets":2460,"IAT_Mean":0.0008129151035307853,"IAT_Std":0.0006919917724739291,"IAT_Max":0.0019923097133869307,"IAT_Min":0.0001629999969736673,"received_addresses":27,"max_pkt_from_sameId":999,"has_attacker":1}
{"received packets":550,"IAT_Mean":0.0036326785913314036,"IAT_Std":0.003914799051374144,"IAT_Max":0.017985212991334266,"IAT_Min":0.00016300659990520217,"received_addresses":23,"max_pkt_from_sameId":153,"has_attacker":1}
{"received packets":582,"IAT_Mean":0.003432940867882705,"IAT_Std":0.003672238786774971,"IAT_Max":0.01798539409355726,"IAT_Min":0.00016300505012623034,"received_addresses":19,"max_pkt_from_sameId":167,"has_attacker":1}
