{"received packets":500,"IAT_Mean":0.0039959346642863238,"IAT_Std":0.0034984303846625406,"IAT_Max":0.011694051001541084,"IAT_Min":0.00016426033835159615,"received_addresses":25,"max_pkt_from_sameId":20,"has_attacker":0}
{"received packets":530,"IAT_Mean":0.003769762563539223,"IAT_Std":0.00345888481328475,"IAT_Max":0.011694077074935194,"IAT_Min":0.00016427265654783696,"received_addresses":27,"max_pkt_from_sameId":20,"has_attacker":0}
{"received packets":560,"IAT_Mean":0.003567804288468324,"IAT_Std":0.0033061451851746626,"IAT_Max":0.011694090495439014,"IAT_Min":0.00016432909251307137,"received_addresses":30,"max_pkt_from_sameId":20,"has_attacker":0}
{"received packets":510,"IAT_Mean":0.003917601902517787,"IAT_Std":0.003982509820838366,"IAT_Max":0.01795448430129909,"IAT_Min":0.0001644299081817735,"received_addresses":26,"max_pkt_from_sameId":20,"has_attacker":0}
{"received packets":520,"IAT_Mean":0.003842261603816811,"IAT_Std":0.0038604469577515818,"IAT_Max":0.01795468313866877,"IAT_Min":0.0001645714401092846,"received_addresses":26,"max_pkt_from_sameId":20,"has_attacker":0}
{"received packets":520,"IAT_Mean":0.0038422461416513008,"IAT_Std":0.0032620441519508058,"IAT_Max":0.009952141874236986,"IAT_Min":0.00016472448260174133,"received_addresses":26,"max_pkt_from_sameId":20,"has_attacker":0}
{"received packets":539,"IAT_Mean":0.0037068109260993498,"IAT_Std":0.0031726393171562455,"IAT_Max":0.009952172811608762,"IAT_Min":0.0001648894904064946,"received_addresses":27,"max_pkt_from_sameId":20,"has_attacker":0}
{"received packets":1439,"IAT_Mean":0.0013896877739792953,"IAT_Std":0.0019108677875601427,"IAT_Max":0.009951590018317802,"IAT_Min":0.00016300058632623404,"received_addresses":28,"max_pkt_from_sameId":477,"has_attacker":1}
{"received packets":2449,"IAT_Mean":0.0008165664084176501,"IAT_Std":0.000700593274333381,"IAT_Max":0.001788583063898841,"IAT_Min":0.00016300043353112414,"received_addresses":26,"max_pkt_from_sameId":999,"has_attacker":1}
{"received packets":708,"IAT_Mean":0.0028219962517444707,"IAT_Std":0.003121701754676071,"IAT_Max":0.01798528326980886,"IAT_Min":0.00016300367133226246,"received_addresses":23,"max_pkt_from_sameId":170,"has_attacker":1}
