{"received packets":240,"IAT_Mean":0.008293127287167106,"IAT_Std":0.008668456001715539,"IAT_Max":0.025669004400697305,"IAT_Min":0.001047054582159035,"received_addresses":12,"max_pkt_from_sameId":20,"has_attacker":0}
{"received packets":250,"IAT_Mean":0.00796137784581515,"IAT_Std":0.008615136128000108,"IAT_Max":0.025669010403362337,"IAT_Min":0.0010470872184669134,"received_addresses":13,"max_pkt_from_sameId":20,"has_attacker":0}
