{"received packets":460,"IAT_Mean":0.004343407743505415,"IAT_Std":0.004316176214409689,"IAT_Max":0.01795487216077163,"IAT_Min":0.00016426617366960272,"received_addresses":23,"max_pkt_from_sameId":20,"has_attacker":0}
{"received packets":460,"IAT_Mean":0.004343422641938125,"IAT_Std":0.0043173378070076,"IAT_Max":0.017954737097170438,"IAT_Min":0.0001642755960347131,"received_addresses":23,"max_pkt_from_sameId":20,"has_attacker":0}
{"received packets":480,"IAT_Mean":0.004162438860779123,"IAT_Std":0.004187916119391574,"IAT_Max":0.017954621707758635,"IAT_Min":0.0001643307987251319,"received_addresses":25,"max_pkt_from_sameId":20,"has_attacker":0}
{"received packets":520,"IAT_Mean":0.003842263739898044,"IAT_Std":0.0038142343769645358,"IAT_Max":0.017954616752831499,"IAT_Min":0.00016443070126115344,"received_addresses":26,"max_pkt_from_sameId":20,"has_attacker":0}
{"received packets":520,"IAT_Mean":0.0038422617718774398,"IAT_Std":0.003814711071881104,"IAT_Max":0.017954780319996645,"IAT_Min":0.00016457091987831518,"received_addresses":26,"max_pkt_from_sameId":20,"has_attacker":0}
{"received packets":520,"IAT_Mean":0.0038422460976597417,"IAT_Std":0.003207491330596164,"IAT_Max":0.009952143380360213,"IAT_Min":0.00016472097195219249,"received_addresses":26,"max_pkt_from_sameId":20,"has_attacker":0}
{"received packets":530,"IAT_Mean":0.0037697564827400165,"IAT_Std":0.0030866856461162189,"IAT_Max":0.009952150569006335,"IAT_Min":0.00016486059394082986,"received_addresses":27,"max_pkt_from_sameId":20,"has_attacker":0}
{"received packets":1423,"IAT_Mean":0.0014053133895101376,"IAT_Std":0.0018687365948066605,"IAT_Max":0.009939037838194054,"IAT_Min":0.00016300050265272148,"received_addresses":28,"max_pkt_from_sameId":477,"has_attacker":1}
{"received packets":2436,"IAT_Mean":0.0008209242826648087,"IAT_Std":0.0006976663667685567,"IAT_Max":0.002003588648221921,"IAT_Min":0.0001630002516321838,"received_addresses":27,"max_pkt_from_sameId":993,"has_attacker":1}
{"received packets":974,"IAT_Mean":0.002051474149235514,"IAT_Std":0.0026777283002449947,"IAT_Max":0.01798406800662633,"IAT_Min":0.00012774200877174735,"received_addresses":26,"max_pkt_from_sameId":537,"has_attacker":1}
{"received packets":637,"IAT_Mean":0.0031365323984359316,"IAT_Std":0.003928829711918213,"IAT_Max":0.017984071921091528,"IAT_Min":0.00010582099639577791,"received_addresses":20,"max_pkt_from_sameId":312,"has_attacker":1}
{"received packets":774,"IAT_Mean":0.002581575410170019,"IAT_Std":0.0032974459723299745,"IAT_Max":0.02108321031482774,"IAT_Min":0.00016300052448059432,"received_addresses":18,"max_pkt_from_sameId":490,"has_attacker":1}
{"received packets":427,"IAT_Mean":0.004679104075473676,"IAT_Std":0.004956142614009886,"IAT_Max":0.021231114224065096,"IAT_Min":0.00015451489889528602,"received_addresses":19,"max_pkt_from_sameId":56,"has_attacker":1}
{"received packets":1103,"IAT_Mean":0.0018115537876081936,"IAT_Std":0.0013304920257933263,"IAT_Max":0.010703122756240191,"IAT_Min":0.00012952853649039753,"received_addresses":19,"max_pkt_from_sameId":479,"has_attacker":1}
{"received packets":1268,"IAT_Mean":0.0015758225797160588,"IAT_Std":0.0006909068054602139,"IAT_Max":0.004004999467724701,"IAT_Min":0.00011382702723494731,"received_addresses":17,"max_pkt_from_sameId":960,"has_attacker":1}
{"received packets":347,"IAT_Mean":0.005757850023949474,"IAT_Std":0.005448033635828276,"IAT_Max":0.021238915225694656,"IAT_Min":0.00011303036444587633,"received_addresses":20,"max_pkt_from_sameId":20,"has_attacker":1}
{"received packets":416,"IAT_Mean":0.004802819445881841,"IAT_Std":0.005006391125634356,"IAT_Max":0.021229227426374565,"IAT_Min":0.0001518154349469114,"received_addresses":19,"max_pkt_from_sameId":38,"has_attacker":1}
{"received packets":466,"IAT_Mean":0.004287508938323143,"IAT_Std":0.004644630433625906,"IAT_Max":0.018541245623055148,"IAT_Min":0.00015181530034169555,"received_addresses":20,"max_pkt_from_sameId":58,"has_attacker":1}
{"received packets":368,"IAT_Mean":0.0054292683227152378,"IAT_Std":0.0050605998407443589,"IAT_Max":0.019214470758015524,"IAT_Min":0.0001516117772553116,"received_addresses":20,"max_pkt_from_sameId":20,"has_attacker":0}
{"received packets":366,"IAT_Mean":0.005458957524066047,"IAT_Std":0.0049812647477659268,"IAT_Max":0.01921447326458292,"IAT_Min":0.00015161031842580996,"received_addresses":21,"max_pkt_from_sameId":20,"has_attacker":0}
{"received packets":364,"IAT_Mean":0.005488948271654458,"IAT_Std":0.00489958320331026,"IAT_Max":0.01738240032136673,"IAT_Min":0.00015161002011154778,"received_addresses":20,"max_pkt_from_sameId":20,"has_attacker":0}
{"received packets":470,"IAT_Mean":0.00425100549305461,"IAT_Std":0.004725049118489845,"IAT_Max":0.01738950172511977,"IAT_Min":0.00015827167953830212,"received_addresses":20,"max_pkt_from_sameId":55,"has_attacker":1}
{"received packets":872,"IAT_Mean":0.0022914379421075067,"IAT_Std":0.0027923346026824818,"IAT_Max":0.017389501386787744,"IAT_Min":0.0001513295756012667,"received_addresses":21,"max_pkt_from_sameId":476,"has_attacker":1}
{"received packets":1300,"IAT_Mean":0.0015370287912782469,"IAT_Std":0.0007287836078080563,"IAT_Max":0.004004999998869607,"IAT_Min":0.00011688551239785738,"received_addresses":18,"max_pkt_from_sameId":960,"has_attacker":1}
{"received packets":363,"IAT_Mean":0.0055034672749528158,"IAT_Std":0.004903111436414439,"IAT_Max":0.01738234436197672,"IAT_Min":0.0001074286483344622,"received_addresses":19,"max_pkt_from_sameId":20,"has_attacker":1}
{"received packets":396,"IAT_Mean":0.005044835011433705,"IAT_Std":0.0056042792160807658,"IAT_Max":0.018935356954898454,"IAT_Min":0.00016302609947160818,"received_addresses":20,"max_pkt_from_sameId":23,"has_attacker":1}
{"received packets":430,"IAT_Mean":0.004645954233130269,"IAT_Std":0.0051870246384427358,"IAT_Max":0.018127995128452313,"IAT_Min":0.00016300811330438592,"received_addresses":20,"max_pkt_from_sameId":46,"has_attacker":1}
{"received packets":360,"IAT_Mean":0.005549331256174304,"IAT_Std":0.005222917603741046,"IAT_Max":0.017388305874192157,"IAT_Min":0.00038403619691962376,"received_addresses":18,"max_pkt_from_sameId":20,"has_attacker":0}
{"received packets":372,"IAT_Mean":0.005370318961311529,"IAT_Std":0.00512761881215105,"IAT_Max":0.017382659920258449,"IAT_Min":0.00016300429706461728,"received_addresses":21,"max_pkt_from_sameId":20,"has_attacker":0}
{"received packets":381,"IAT_Mean":0.005243456474121668,"IAT_Std":0.005282853357933594,"IAT_Max":0.019209655602026034,"IAT_Min":0.00016300233619404025,"received_addresses":22,"max_pkt_from_sameId":20,"has_attacker":0}
{"received packets":521,"IAT_Mean":0.003834455226262955,"IAT_Std":0.004835320845341682,"IAT_Max":0.018928951925772709,"IAT_Min":0.00016300032439175993,"received_addresses":20,"max_pkt_from_sameId":85,"has_attacker":1}
{"received packets":482,"IAT_Mean":0.004144733906830434,"IAT_Std":0.004631340693336916,"IAT_Max":0.018582381770102076,"IAT_Min":0.00016300988863804378,"received_addresses":21,"max_pkt_from_sameId":51,"has_attacker":1}
{"received packets":380,"IAT_Mean":0.005257254287732251,"IAT_Std":0.004898827707315043,"IAT_Max":0.018582519071060234,"IAT_Min":0.00038403619328164496,"received_addresses":19,"max_pkt_from_sameId":20,"has_attacker":0}
{"received packets":380,"IAT_Mean":0.005257271688950775,"IAT_Std":0.004898663105824097,"IAT_Max":0.01858264732072712,"IAT_Min":0.00038403619328164496,"received_addresses":19,"max_pkt_from_sameId":20,"has_attacker":0}
{"received packets":698,"IAT_Mean":0.002862111041348202,"IAT_Std":0.0032572020104860018,"IAT_Max":0.018582694148790325,"IAT_Min":0.00016303568554576486,"received_addresses":21,"max_pkt_from_sameId":289,"has_attacker":1}
{"received packets":1386,"IAT_Mean":0.001441639686667361,"IAT_Std":0.0009415461301165901,"IAT_Max":0.01148200007082778,"IAT_Min":0.00010783351535792463,"received_addresses":20,"max_pkt_from_sameId":944,"has_attacker":1}
{"received packets":396,"IAT_Mean":0.005044846084724622,"IAT_Std":0.004714974924448751,"IAT_Max":0.0185901207223651,