{"sendtime":25270.07403050725,"rcvtime":25270.074146191397,"senderID":418,"messageID":7048315,"position":[5729.784004102793,4750.3969178989659,0.0],"speed":[-11.219094713299418,-0.6684998746515514,0.0],"heading":-0.23675403706726576,"ddostype":0,"msgtype":0}
{"sendtime":25270.103835920305,"rcvtime":25270.10394199776,"senderID":394,"messageID":7052588,"position":[5924.726622692456,4806.731332278737,0.0],"speed":[9.23668525607728,5.467658453936969,0.0],"heading":-0.23675403706726576,"ddostype":0,"msgtype":0}
{"sendtime":25270.174030507253,"rcvtime":25270.174147904905,"senderID":418,"messageID":7063031,"position":[5729.784004102793,4750.3969178989659,0.0],"speed":[-11.219094713299418,-0.6684998746515514,0.0],"heading":-0.23675403706726576,"ddostype":0,"msgtype":0}
{"sendtime":25270.203835920303,"rcvtime":25270.203943711265,"senderID":394,"messageID":7067305,"position":[5924.726622692456,4806.731332278737,0.0],"speed":[9.23668525607728,5.467658453936969,0.0],"heading":-0.23675403706726576,"ddostype":0,"msgtype":0}
{"sendtime":25270.27403050725,"rcvtime":25270.27414748476,"senderID":418,"messageID":7077700,"position":[5729.784004102793,4750.3969178989659,0.0],"speed":[-11.219094713299418,-0.6684998746515514,0.0],"heading":-0.23675403706726576,"ddostype":0,"msgtype":0}
{"sendtime":25270.303835920302,"rcvtime":25270.30394329112,"senderID":394,"messageID":7081973,"position":[5924.726622692456,4806.731332278737,0.0],"speed":[9.23668525607728,5.467658453936969,0.0],"heading":-0.23675403706726576,"ddostype":0,"msgtype":0}
{"sendtime":25270.37403050725,"rcvtime":25270.37414629088,"senderID":418,"messageID":7092423,"position":[5729.784004102793,4750.3969178989659,0.0],"speed":[-11.219094713299418,-0.6684998746515514,0.0],"heading":-0.23675403706726576,"ddostype":0,"msgtype":0}
{"sendtime":25270.403835920304,"rcvtime":25270.403942097244,"senderID":394,"messageID":7096696,"position":[5924.726622692456,4806.731332278737,0.0],"speed":[9.23668525607728,5.467658453936969,0.0],"heading":-0.23675403706726576,"ddostype":0,"msgtype":0}
{"sendtime":25270.474030507252,"rcvtime":25270.474139098973,"senderID":418,"messageID":7107136,"position":[5729.784004102793,4750.3969178989659,0.0],"speed":[-11.219094713299418,-0.6684998746515514,0.0],"heading":-0.23675403706726576,"ddostype":0,"msgtype":0}
{"sendtime":25270.503835920303,"rcvtime":25270.503947905334,"senderID":394,"messageID":7111448,"position":[5924.726622692456,4806.731332278737,0.0],"speed":[9.23668525607728,5.467658453936969,0.0],"heading":-0.23675403706726576,"ddostype":0,"msgtype":0}
{"sendtime":25270.57403050725,"rcvtime":25270.574148516855,"senderID":418,"messageID":7121905,"position":[5729.784004102793,4750.3969178989659,0.0],"speed":[-11.219094713299418,-0.6684998746515514,0.0],"heading":-0.23675403706726576,"ddostype":0,"msgtype":0}
{"sendtime":25270.603835920305,"rcvtime":25270.603944323215,"senderID":394,"messageID":7126177,"position":[5924.726622692456,4806.731332278737,0.0],"speed":[9.23668525607728,5.467658453936969,0.0],"heading":-0.23675403706726576,"ddostype":0,"msgtype":0}
{"sendtime":25270.674030507253,"rcvtime":25270.674135918525,"senderID":418,"messageID":7136613,"position":[5729.784004102793,4750.3969178989659,0.0],"speed":[-11.219094713299418,-0.6684998746515514,0.0],"heading":-0.23675403706726576,"ddostype":0,"msgtype":0}
{"sendtime":25270.703835920303,"rcvtime":25270.703944724886,"senderID":394,"messageID":7140886,"position":[5924.726622692456,4806.731332278737,0.0],"speed":[9.23668525607728,5.467658453936969,0.0],"heading":-0.23675403706726576,"ddostype":0,"msgtype":0}
{"sendtime":25270.77403050725,"rcvtime":25270.774136090367,"senderID":418,"messageID":7151353,"position":[5729.784004102793,4750.3969178989659,0.0],"speed":[-11.219094713299418,-0.6684998746515514,0.0],"heading":-0.23675403706726576,"ddostype":0,"msgtype":0}
{"sendtime":25270.803835920302,"rcvtime":25270.803944896732,"senderID":394,"messageID":7155521,"position":[5924.726622692456,4806.731332278737,0.0],"speed":[9.23668525607728,5.467658453936969,0.0],"heading":-0.23675403706726576,"ddostype":0,"msgtype":0}
{"sendtime":25270.87403050725,"rcvtime":25270.87414294255,"senderID":418,"messageID":7165942,"position":[5729.784004102793,4750.3969178989659,0.0],"speed":[-11.219094713299418,-0.6684998746515514,0.0],"heading":-0.23675403706726576,"ddostype":0,"msgtype":0}
{"sendtime":25270.903835920304,"rcvtime":25270.90395174891,"senderID":394,"messageID":7170215,"position":[5924.726622692456,4806.731332278737,0.0],"speed":[9.23668525607728,5.467658453936969,0.0],"heading":-0.23675403706726576,"ddostype":0,"msgtype":0}
{"sendtime":25270.974030507252,"rcvtime":25270.97414679337,"senderID":418,"messageID":7180693,"position":[5729.784004102793,4750.3969178989659,0.0],"speed":[-11.219094713299418,-0.6684998746515514,0.0],"heading":-0.23675403706726576,"ddostype":0,"msgtype":0}
{"sendtime":25271.003835920303,"rcvtime":25271.003942599735,"senderID":394,"messageID":7184966,"position":[5924.726622692456,4806.731332278737,0.0],"speed":[9.23668525607728,5.467658453936969,0.0],"heading":-0.23675403706726576,"ddostype":0,"msgtype":0}
{"sendtime":25271.01350574707,"rcvtime":25271.013617372406,"senderID":430,"messageID":7186498,"position":[5758.203469081348,4755.861447711868,0.0],"speed":[15.541440610842799,1.3349432610271295,0.0],"heading":-0.23675403706744237,"ddostype":0,"msgtype":0}
{"sendtime":25271.07403050725,"rcvtime":25271.0741472374,"senderID":418,"messageID":7195161,"position":[5719.2255559183399,4749.767783243436,0.0],"speed":[-10.559342719807996,-0.629187957226874,0.0],"heading":-0.23675403706744237,"ddostype":0,"msgtype":0}
{"sendtime":25271.113505747067,"rcvtime":25271.113616825758,"senderID":430,"messageID":7200571,"position":[5758.203469081348,4755.861447711868,0.0],"speed":[15.541440610842799,1.3349432610271295,0.0],"heading":-0.23675403706744237,"ddostype":0,"msgtype":0}
{"sendtime":25271.174030507253,"rcvtime":25271.17414669075,"senderID":418,"messageID":7209252,"position":[5719.2255559183399,4749.767783243436,0.0],"speed":[-10.559342719807996,-0.629187957226874,0.0],"heading":-0.23675403706744237,"ddostype":0,"msgtype":0}
{"sendtime":25271.213505747066,"rcvtime":25271.213616279107,"senderID":430,"messageID":7214755,"position":[5758.203469081348,4755.861447711868,0.0],"speed":[15.541440610842799,1.3349432610271295,0.0],"heading":-0.23675403706744237,"ddostype":0,"msgtype":0}
{"sendtime":25271.27403050725,"rcvtime":25271.274146144104,"senderID":418,"messageID":7223504,"position":[5719.2255559183399,4749.767783243436,0.0],"speed":[-10.559342719807996,-0.629187957226874,0.0],"heading":-0.23675403706744237,"ddostype":0,"msgtype":0}
{"sendtime":25271.313505747068,"rcvtime":25271.313615732455,"senderID":430,"messageID":7228960,"position":[5758.203469081348,4755.861447711868,0.0],"speed":[15.541440610842799,1.3349432610271295,0.0],"heading":-0.23675403706744237,"ddostype":0,"msgtype":0}
{"sendtime":25271.37403050725,"rcvtime":25271.374145597452,"senderID":418,"messageID":7237672,"position":[5719.2255559183399,4749.767783243436,0.0],"speed":[-10.559342719807996,-0.629187957226874,0.0],"heading":-0.23675403706744237,"ddostype":0,"msgtype":0}
{"sendtime":25271.413505747067,"rcvtime":25271.413615185807,"senderID":430,"messageID":7243136,"position":[5758.203469081348,4755.861447711868,0.0],"speed":[15.541440610842799,1.3349432610271295,0.0],"heading":-0.23675403706744237,"ddostype":0,"msgtype":0}
{"sendtime":25271.474030507252,"rcvtime":25271.4741450508,"senderID":418,"messageID":7251767,"position":[5719.2255559183399,4749.767783243436,0.0],"speed":[-10.559342719807996,-0.629187957226874,0.0],"heading":-0.23675403706744237,"ddostype":0,"msgtype":0}
{"sendtime":25271.51350574707,"rcvtime":25271.513614639156,"senderID":430,"messageID":7257231,"position":[5758.203469081348,4755.861447711868,0.0],"speed":[15.541440610842799,1.3349432610271295,0.0],"heading":-0.23675403706744237,"ddostype":0,"msgtype":0}
{"sendtime":25271.57403050725,