{"received packets":39,"IAT_Mean":0.04908855868994485,"IAT_Std":0.03565140825857818,"IAT_Max":0.08567319480425795,"IAT_Min":0.01432941974780988,"received_addresses":2,"max_pkt_from_sameId":20,"has_attacker":0}
{"received packets":1020,"IAT_Mean":0.0019589287256024489,"IAT_Std":0.00024683148926632806,"IAT_Max":0.002167897837352939,"IAT_Min":0.00010738233686424792,"received_addresses":2,"max_pkt_from_sameId":1000,"has_attacker":1}
{"received packets":531,"IAT_Mean":0.0036053652535375185,"IAT_Std":0.011148840264112208,"IAT_Max":0.08783143536129501,"IAT_Min":0.00011630042354227044,"received_addresses":2,"max_pkt_from_sameId":511,"has_attacker":1}
{"received packets":40,"IAT_Mean":0.04786115077386057,"IAT_Std":0.038020329497268388,"IAT_Max":0.08783201585902134,"IAT_Min":0.0022731003118678929,"received_addresses":2,"max_pkt_from_sameId":20,"has_attacker":0}
{"received packets":40,"IAT_Mean":0.047861189774357628,"IAT_Std":0.037890424195290577,"IAT_Max":0.08767676276329439,"IAT_Min":0.0022719701446476394,"received_addresses":2,"max_pkt_from_sameId":20,"has_attacker":0}
{"received packets":529,"IAT_Mean":0.003777155233222493,"IAT_Std":0.011732416266265507,"IAT_Max":0.08767172363513964,"IAT_Min":0.0003320002469990868,"received_addresses":2,"max_pkt_from_sameId":509,"has_attacker":1}
{"received packets":1020,"IAT_Mean":0.0019589297190702617,"IAT_Std":0.0002463678073071267,"IAT_Max":0.0022980802568781657,"IAT_Min":0.00011111870844615623,"received_addresses":2,"max_pkt_from_sameId":1000,"has_attacker":1}
{"received packets":62,"IAT_Mean":0.031229795774291439,"IAT_Std":0.03275677655635335,"IAT_Max":0.0896656307959347,"IAT_Min":0.00011731378253898583,"received_addresses":4,"max_pkt_from_sameId":22,"has_attacker":1}
{"received packets":182,"IAT_Mean":0.010976715917362587,"IAT_Std":0.012668204087974498,"IAT_Max":0.056176000616687819,"IAT_Min":0.0001514627547294367,"received_addresses":13,"max_pkt_from_sameId":20,"has_attacker":0}
{"received packets":332,"IAT_Mean":0.006018004068429003,"IAT_Std":0.0058010557885970069,"IAT_Max":0.020340903127362254,"IAT_Min":0.00015146653458941728,"received_addresses":20,"max_pkt_from_sameId":20,"has_attacker":0}
{"received packets":490,"IAT_Mean":0.004077495416121175,"IAT_Std":0.0045526971244262879,"IAT_Max":0.018312746775336565,"IAT_Min":0.00015813433128641918,"received_addresses":21,"max_pkt_from_sameId":55,"has_attacker":1}
{"received packets":426,"IAT_Mean":0.004690072783080428,"IAT_Std":0.004710184061709207,"IAT_Max":0.018319732924283018,"IAT_Min":0.00015119226736715063,"received_addresses":21,"max_pkt_from_sameId":23,"has_attacker":1}
{"received packets":1326,"IAT_Mean":0.0015068911009293077,"IAT_Std":0.0007515905980083561,"IAT_Max":0.004004999995231628,"IAT_Min":0.00012778529708157293,"received_addresses":20,"max_pkt_from_sameId":956,"has_attacker":1}
{"received packets":383,"IAT_Mean":0.005216080166553965,"IAT_Std":0.004779526510132671,"IAT_Max":0.01831819362632814,"IAT_Min":0.00010759981159935705,"received_addresses":21,"max_pkt_from_sameId":20,"has_attacker":1}
{"received packets":416,"IAT_Mean":0.004802295037813145,"IAT_Std":0.005310711527911246,"IAT_Max":0.018318158970942024,"IAT_Min":0.00016308314661728218,"received_addresses":21,"max_pkt_from_sameId":23,"has_attacker":1}
{"received packets":438,"IAT_Mean":0.004561096727034408,"IAT_Std":0.005106038952076915,"IAT_Max":0.018312222175154603,"IAT_Min":0.00012826472811866552,"received_addresses":22,"max_pkt_from_sameId":35,"has_attacker":1}
{"received packets":389,"IAT_Mean":0.005135628038840452,"IAT_Std":0.0052552621429792088,"IAT_Max":0.016488530178321527,"IAT_Min":0.00011620374789345078,"received_addresses":20,"max_pkt_from_sameId":20,"has_attacker":0}
{"received packets":331,"IAT_Mean":0.006035524964213616,"IAT_Std":0.005774145553053636,"IAT_Max":0.02056741702108411,"IAT_Min":0.00016302699805237353,"received_addresses":19,"max_pkt_from_sameId":20,"has_attacker":0}
{"received packets":177,"IAT_Mean":0.011286763274256373,"IAT_Std":0.015277943703015983,"IAT_Max":0.05618654297359171,"IAT_Min":0.0006310721910267603,"received_addresses":12,"max_pkt_from_sameId":20,"has_attacker":0}
{"received packets":1086,"IAT_Mean":0.0018398798530271785,"IAT_Std":0.00048379527863693495,"IAT_Max":0.008107842535537202,"IAT_Min":0.00016300034258165397,"received_addresses":6,"max_pkt_from_sameId":996,"has_attacker":1}
{"received packets":585,"IAT_Mean":0.003318933170913414,"IAT_Std":0.009471876539941464,"IAT_Max":0.07819304449003539,"IAT_Min":0.00010567920980975032,"received_addresses":5,"max_pkt_from_sameId":505,"has_attacker":1}
{"received packets":50,"IAT_Mean":0.03872505163839378,"IAT_Std":0.03742376468616338,"IAT_Max":0.08893960546629387,"IAT_Min":0.005415032981545664,"received_addresses":3,"max_pkt_from_sameId":20,"has_attacker":0}
{"received packets":20,"IAT_Mean":0.09681232774473755,"IAT_Std":0.013894142659077994,"IAT_Max":0.10000944277635426,"IAT_Min":0.03624916886474239,"received_addresses":1,"max_pkt_from_sameId":20,"has_attacker":0}
{"received packets":40,"IAT_Mean":0.048579193689965906,"IAT_Std":0.04257214347712929,"IAT_Max":0.0930890315794386,"IAT_Min":0.006909266390721314,"received_addresses":2,"max_pkt_from_sameId":20,"has_attacker":0}
{"received packets":20,"IAT_Mean":0.09681269584416441,"IAT_Std":0.01389426536488424,"IAT_Max":0.1000118947631563,"IAT_Min":0.03624900146678556,"received_addresses":1,"max_pkt_from_sameId":20,"has_attacker":0}
{"received packets":20,"IAT_Mean":0.09681223157640488,"IAT_Std":0.013894115395552926,"IAT_Max":0.1000072904607805,"IAT_Min":0.03624919234425761,"received_addresses":1,"max_pkt_from_sameId":20,"has_attacker":0}
