{"received packets":247,"IAT_Mean":0.008088951529195034,"IAT_Std":0.06424251707241954,"IAT_Max":1.013661150191183,"IAT_Min":0.0001643755822442472,"received_addresses":25,"max_pkt_from_sameId":10,"has_attacker":0}
{"received packets":520,"IAT_Mean":0.003842264261591201,"IAT_Std":0.003826645208654423,"IAT_Max":0.017954629089217634,"IAT_Min":0.0001644314434088301,"received_addresses":26,"max_pkt_from_sameId":20,"has_attacker":0}
{"received packets":530,"IAT_Mean":0.003769766575413018,"IAT_Std":0.0037970846804018765,"IAT_Max":0.01795482483066735,"IAT_Min":0.000164572771609528,"received_addresses":27,"max_pkt_from_sameId":20,"has_attacker":0}
{"received packets":520,"IAT_Mean":0.0038422462500071,"IAT_Std":0.0032223951706006387,"IAT_Max":0.009952143605914899,"IAT_Min":0.00016472448987769894,"received_addresses":26,"max_pkt_from_sameId":20,"has_attacker":0}
{"received packets":530,"IAT_Mean":0.003769756520835832,"IAT_Std":0.0031019542029655608,"IAT_Max":0.009952152187906905,"IAT_Min":0.00016488707842654549,"received_addresses":27,"max_pkt_from_sameId":20,"has_attacker":0}
{"received packets":1433,"IAT_Mean":0.001395506602796667,"IAT_Std":0.0018502107496082006,"IAT_Max":0.009939024668710772,"IAT_Min":0.0001630002516321838,"received_addresses":28,"max_pkt_from_sameId":477,"has_attacker":1}
{"received packets":2462,"IAT_Mean":0.0008122549038205076,"IAT_Std":0.0006940061087570305,"IAT_Max":0.0020035885863762816,"IAT_Min":0.00016300013885484077,"received_addresses":30,"max_pkt_from_sameId":993,"has_attacker":1}
{"received packets":925,"IAT_Mean":0.0021601468682992338,"IAT_Std":0.0029376009443625448,"IAT_Max":0.0192911476297013,"IAT_Min":0.00012777500523952767,"received_addresses":25,"max_pkt_from_sameId":508,"has_attacker":1}
{"received packets":615,"IAT_Mean":0.0032487336045442947,"IAT_Std":0.004791335237029345,"IAT_Max":0.030358234820596409,"IAT_Min":0.0001058527996065095,"received_addresses":18,"max_pkt_from_sameId":302,"has_attacker":1}
{"received packets":774,"IAT_Mean":0.002581575463212126,"IAT_Std":0.004064047915023459,"IAT_Max":0.03271421143290354,"IAT_Min":0.00016300033166771755,"received_addresses":18,"max_pkt_from_sameId":490,"has_attacker":1}
{"received packets":699,"IAT_Mean":0.0028585221858281118,"IAT_Std":0.0032590770914109549,"IAT_Max":0.017634998675930548,"IAT_Min":0.0001295182155445218,"received_addresses":19,"max_pkt_from_sameId":349,"has_attacker":1}
{"received packets":775,"IAT_Mean":0.0025780385052794668,"IAT_Std":0.003469971255375279,"IAT_Max":0.029995050015713788,"IAT_Min":0.00012941898603457958,"received_addresses":19,"max_pkt_from_sameId":355,"has_attacker":1}
{"received packets":1295,"IAT_Mean":0.0015429676356418625,"IAT_Std":0.0007166592759933447,"IAT_Max":0.004106059957848629,"IAT_Min":0.00016301024515996687,"received_addresses":19,"max_pkt_from_sameId":958,"has_attacker":1}
{"received packets":349,"IAT_Mean":0.005724853802174059,"IAT_Std":0.007508062036129307,"IAT_Max":0.03270611393236322,"IAT_Min":0.00011308748798910528,"received_addresses":20,"max_pkt_from_sameId":20,"has_attacker":1}
{"received packets":433,"IAT_Mean":0.004614256092342634,"IAT_Std":0.005918308646164952,"IAT_Max":0.032709520040953069,"IAT_Min":0.00015182005517999642,"received_addresses":20,"max_pkt_from_sameId":45,"has_attacker":1}
{"received packets":488,"IAT_Mean":0.004094219598762899,"IAT_Std":0.004507096084941259,"IAT_Max":0.017635261232499034,"IAT_Min":0.00015181982962531038,"received_addresses":20,"max_pkt_from_sameId":70,"has_attacker":1}
{"received packets":368,"IAT_Mean":0.005429268319729723,"IAT_Std":0.005150299526868069,"IAT_Max":0.018310460160137155,"IAT_Min":0.00015161630290094763,"received_addresses":20,"max_pkt_from_sameId":20,"has_attacker":0}
{"received packets":366,"IAT_Mean":0.005458957521074157,"IAT_Std":0.0050822758416326579,"IAT_Max":0.018310462441149867,"IAT_Min":0.00015161484043346718,"received_addresses":21,"max_pkt_from_sameId":20,"has_attacker":0}
{"received packets":364,"IAT_Mean":0.005488948268636135,"IAT_Std":0.005012077603430198,"IAT_Max":0.016491353842866375,"IAT_Min":0.000151614542119205,"received_addresses":20,"max_pkt_from_sameId":20,"has_attacker":0}
{"received packets":480,"IAT_Mean":0.0041624428763270778,"IAT_Std":0.004544238439931347,"IAT_Max":0.016491351074364503,"IAT_Min":0.00015827620518393815,"received_addresses":20,"max_pkt_from_sameId":65,"has_attacker":1}
{"received packets":877,"IAT_Mean":0.0022783738719577199,"IAT_Std":0.0027958530033767037,"IAT_Max":0.016491350725118538,"IAT_Min":0.00015133410124690272,"received_addresses":21,"max_pkt_from_sameId":476,"has_attacker":1}
{"received packets":1300,"IAT_Mean":0.0015370287909312398,"IAT_Std":0.0007351993646464476,"IAT_Max":0.004005000002507586,"IAT_Min":0.00011688570521073416,"received_addresses":18,"max_pkt_from_sameId":960,"has_attacker":1}
{"received packets":363,"IAT_Mean":0.00550346727857075,"IAT_Std":0.005016343450618271,"IAT_Max":0.016491335572936806,"IAT_Min":0.00010742820086306892,"received_addresses":19,"max_pkt_from_sameId":20,"has_attacker":1}
{"received packets":455,"IAT_Mean":0.004390669595263067,"IAT_Std":0.005051026959454362,"IAT_Max":0.018126795406715247,"IAT_Min":0.00016302187214023434,"received_addresses":20,"max_pkt_from_sameId":72,"has_attacker":1}
{"received packets":721,"IAT_Mean":0.0027708187538964307,"IAT_Std":0.0026809688501760015,"IAT_Max":0.016515427607373569,"IAT_Min":0.00016300575953209773,"received_addresses":20,"max_pkt_from_sameId":337,"has_attacker":1}
{"received packets":362,"IAT_Mean":0.005518671971094088,"IAT_Std":0.005288833714837012,"IAT_Max":0.016489912813995035,"IAT_Min":0.00038403819780796766,"received_addresses":19,"max_pkt_from_sameId":20,"has_attacker":1}
{"received packets":372,"IAT_Mean":0.005370318964841934,"IAT_Std":0.0051934999394581209,"IAT_Max":0.01649128770441166,"IAT_Min":0.00016300264178426005,"received_addresses":21,"max_pkt_from_sameId":20,"has_attacker":0}
{"received packets":382,"IAT_Mean":0.005229730151701644,"IAT_Std":0.005384393889474459,"IAT_Max":0.01831864317500731,"IAT_Min":0.0001630011793167796,"received_addresses":22,"max_pkt_from_sameId":20,"has_attacker":0}
{"received packets":534,"IAT_Mean":0.003741107067783352,"IAT_Std":0.004718818621273097,"IAT_Max":0.018915947959612823,"IAT_Min":0.00016300001516356133,"received_addresses":22,"max_pkt_from_sameId":85,"has_attacker":1}
{"received packets":482,"IAT_Mean":0.004144733909547596,"IAT_Std":0.004782913491361991,"IAT_Max":0.018315369339688915,"IAT_Min":0.00016301122377626598,"received_addresses":21,"max_pkt_from_sameId":51,"has_attacker":1}
{"received packets":380,"IAT_Mean":0.005257254291197904,"IAT_Std":0.005069760304006051,"IAT_Max":0.01831550664428505,"IAT_Min":0.00026701113529270515,"received_addresses":19,"max_pkt_from_sameId":20,"has_attacker":0}
{"received packets":380,"IAT_Mean":0.005257271692397281,"IAT_Std":0.005069405957744669,"IAT_Max":0.018315634893951939,"IAT_Min":0.00026701114256866276,"received_addresses":19,"max_pkt_from_sameId":20,"has_attacker":0}
{"received packets":793,"IAT_Mean":0.002519687048141483,"IAT_Std":0.0031371078117726489,"IAT_Max":0.01831568172565312,"IAT_Min":0.0001630111364647746,"received_addresses":21,"max_pkt_from_sameId":374,"has_attacker":1}
{"received packets":1385,"IAT_Mean":0.0014426805786117079,"IAT_Std":0.0009488030692695743,"IAT_Max":0.011482000823889394,"IAT_Min":0.00010782917524920776,"received_addresses":20,"max_pkt_from_sameId":943,"has_attacker":1}
{"received packets":398,"IAT_Mean":0.005019495102674022,"IAT_Std":0.0048853374450060099,"IAT_Max":0.01831573622621363,"IAT_Min":0.00010860137626877986,"received_addresses":21,"max_pkt_from_sameId":26,"has_attacker":1}
