{"received packets":10,"IAT_Mean":0.1941246626985958,"IAT_Std":0.2823764524482919,"IAT_Max":1.0412540199540673,"IAT_Min":0.09999491717462661,"received_addresses":1,"max_pkt_from_sameId":10,"has_attacker":0}
{"received packets":20,"IAT_Mean":0.0970627865046481,"IAT_Std":0.012802566487104969,"IAT_Max":0.10001100363297155,"IAT_Min":0.04125769690290326,"received_addresses":1,"max_pkt_from_sameId":20,"has_attacker":0}
{"received packets":50,"IAT_Mean":0.039020112363650698,"IAT_Std":0.024273076374274197,"IAT_Max":0.07336902497991105,"IAT_Min":0.009746353309310507,"received_addresses":3,"max_pkt_from_sameId":20,"has_attacker":0}
{"received packets":70,"IAT_Mean":0.02821690472197328,"IAT_Std":0.01221248959853032,"IAT_Max":0.03944209985638736,"IAT_Min":0.0012182085811218713,"received_addresses":4,"max_pkt_from_sameId":20,"has_attacker":0}
{"received packets":576,"IAT_Mean":0.003468700539555256,"IAT_Std":0.006053682122606543,"IAT_Max":0.03393354394211201,"IAT_Min":0.0004938009951729327,"received_addresses":6,"max_pkt_from_sameId":496,"has_attacker":1}
{"received packets":130,"IAT_Mean":0.015369042567405045,"IAT_Std":0.00994225056904249,"IAT_Max":0.03393401674111374,"IAT_Min":0.0002797230044961907,"received_addresses":7,"max_pkt_from_sameId":20,"has_attacker":0}
{"received packets":140,"IAT_Mean":0.014271267360917202,"IAT_Std":0.009943409613833878,"IAT_Max":0.03393353982392,"IAT_Min":0.00027074596437159926,"received_addresses":7,"max_pkt_from_sameId":20,"has_attacker":0}
{"received packets":600,"IAT_Mean":0.0033302376365039285,"IAT_Std":0.00583523305719681,"IAT_Max":0.03393391557983705,"IAT_Min":0.00016300017523462884,"received_addresses":6,"max_pkt_from_sameId":510,"has_attacker":1}
{"received packets":1080,"IAT_Mean":0.0018501309711542423,"IAT_Std":0.000420744132879337,"IAT_Max":0.002170265230233781,"IAT_Min":0.00011258229642407969,"received_addresses":5,"max_pkt_from_sameId":1000,"has_attacker":1}
{"received packets":101,"IAT_Mean":0.01978191551641448,"IAT_Std":0.010548987714781584,"IAT_Max":0.03393528145170421,"IAT_Min":0.00011144912059535272,"received_addresses":5,"max_pkt_from_sameId":21,"has_attacker":1}
{"received packets":120,"IAT_Mean":0.016649769768082479,"IAT_Std":0.007725733233061166,"IAT_Max":0.026290882931789385,"IAT_Min":0.0022706791132804939,"received_addresses":6,"max_pkt_from_sameId":20,"has_attacker":0}
{"received packets":149,"IAT_Mean":0.013409252667404249,"IAT_Std":0.008804716030335313,"IAT_Max":0.026290042718756014,"IAT_Min":0.0006726365245413035,"received_addresses":8,"max_pkt_from_sameId":20,"has_attacker":0}
{"received packets":1139,"IAT_Mean":0.0017542872914924947,"IAT_Std":0.00048259155120374035,"IAT_Max":0.0021138593583600597,"IAT_Min":0.0001630001024750527,"received_addresses":8,"max_pkt_from_sameId":999,"has_attacker":1}
{"received packets":652,"IAT_Mean":0.003064383337356506,"IAT_Std":0.004582240814949465,"IAT_Max":0.02279747985812719,"IAT_Min":0.00011622501187957823,"received_addresses":8,"max_pkt_from_sameId":512,"has_attacker":1}
{"received packets":189,"IAT_Mean":0.010571305042489373,"IAT_Std":0.0086739557282175,"IAT_Max":0.02279747986176517,"IAT_Min":0.0001573045265104156,"received_addresses":10,"max_pkt_from_sameId":20,"has_attacker":0}
{"received packets":200,"IAT_Mean":0.009989860319401488,"IAT_Std":0.008612222988147511,"IAT_Max":0.02279964384069899,"IAT_Min":0.00015556803919025697,"received_addresses":10,"max_pkt_from_sameId":20,"has_attacker":0}
{"received packets":678,"IAT_Mean":0.002947099274330215,"IAT_Std":0.004449843454289043,"IAT_Max":0.02279964384069899,"IAT_Min":0.00016300019706250168,"received_addresses":10,"max_pkt_from_sameId":508,"has_attacker":1}
{"received packets":1131,"IAT_Mean":0.0017666992778856588,"IAT_Std":0.0005059339519956622,"IAT_Max":0.002009342108067358,"IAT_Min":0.00011630793596850708,"received_addresses":9,"max_pkt_from_sameId":1000,"has_attacker":1}
{"received packets":163,"IAT_Mean":0.012257493741277704,"IAT_Std":0.007283080932313481,"IAT_Max":0.02280373406756553,"IAT_Min":0.00010688314068829641,"received_addresses":8,"max_pkt_from_sameId":23,"has_attacker":1}
{"received packets":373,"IAT_Mean":0.005356502350139333,"IAT_Std":0.004433351225153661,"IAT_Max":0.014610802278184565,"IAT_Min":0.00020634075553971343,"received_addresses":22,"max_pkt_from_sameId":20,"has_attacker":0}
{"received packets":362,"IAT_Mean":0.005519257433897718,"IAT_Std":0.0058802466408378029,"IAT_Max":0.020572440942487448,"IAT_Min":0.0002053396419796627,"received_addresses":22,"max_pkt_from_sameId":20,"has_attacker":0}
{"received packets":1118,"IAT_Mean":0.0017872453883881687,"IAT_Std":0.0004722987725887063,"IAT_Max":0.0033220003060705496,"IAT_Min":0.00016333564053638838,"received_addresses":8,"max_pkt_from_sameId":997,"has_attacker":1}
{"received packets":634,"IAT_Mean":0.0031513841505481827,"IAT_Std":0.006991179752778629,"IAT_Max":0.05481328012319864,"IAT_Min":0.00011034420094802044,"received_addresses":7,"max_pkt_from_sameId":514,"has_attacker":1}
{"received packets":120,"IAT_Mean":0.01619303737804027,"IAT_Std":0.01965946634683174,"IAT_Max":0.05963028871337883,"IAT_Min":0.0019057251811318566,"received_addresses":6,"max_pkt_from_sameId":20,"has_attacker":0}
{"received packets":100,"IAT_Mean":0.019431702041802055,"IAT_Std":0.02216779893250983,"IAT_Max":0.05963536978015327,"IAT_Min":0.001905561497551389,"received_addresses":5,"max_pkt_from_sameId":20,"has_attacker":0}
{"received packets":596,"IAT_Mean":0.0033525356596529928,"IAT_Std":0.008237804058943895,"IAT_Max":0.05963167050504126,"IAT_Min":0.0006700501071463805,"received_addresses":6,"max_pkt_from_sameId":506,"has_attacker":1}
{"received packets":1110,"IAT_Mean":0.001800101996428435,"IAT_Std":0.0004188893897577872,"IAT_Max":0.0020090000616619365,"IAT_Min":0.0001072532068064902,"received_addresses":7,"max_pkt_from_sameId":1000,"has_attacker":1}
{"received packets":115,"IAT_Mean":0.017347326792704459,"IAT_Std":0.015499800436420384,"IAT_Max":0.05177455846933299,"IAT_Min":0.00010921609282377176,"received_addresses":6,"max_pkt_from_sameId":25,"has_attacker":1}
{"received packets":111,"IAT_Mean":0.01797238784513923,"IAT_Std":0.011396248387925351,"IAT_Max":0.03114907459166716,"IAT_Min":0.0019057287863688544,"received_addresses":6,"max_pkt_from_sameId":20,"has_attacker":0}
{"received packets":110,"IAT_Mean":0.018135778427776217,"IAT_Std":0.010848990649655008,"IAT_Max":0.031149119316978614,"IAT_Min":0.0019087928449152969,"received_addresses":6,"max_pkt_from_sameId":20,"has_attacker":0}
{"received packets":1114,"IAT_Mean":0.0017936423406661128,"IAT_Std":0.0004916836376561595,"IAT_Max":0.010107297690410633,"IAT_Min":0.0005324387493601535,"received_addresses":7,"max_pkt_from_sameId":995,"has_attacker":1}
