{"received packets":439,"IAT_Mean":0.004551178647627802,"IAT_Std":0.0036982162317482135,"IAT_Max":0.014074418704694836,"IAT_Min":0.00021500043658306822,"received_addresses":23,"max_pkt_from_sameId":20,"has_attacker":0}
{"received packets":451,"IAT_Mean":0.004430098161350757,"IAT_Std":0.0036579327528592465,"IAT_Max":0.014074353857722599,"IAT_Min":0.00021500065122381784,"received_addresses":23,"max_pkt_from_sameId":20,"has_attacker":0}
