{"received packets":9,"IAT_Mean":0.21154934130754556,"IAT_Std":0.31551134655364279,"IAT_Max":1.103950191896729,"IAT_Min":0.09999273497669492,"received_addresses":1,"max_pkt_from_sameId":9,"has_attacker":0}
{"received packets":20,"IAT_Mean":0.09519764246870181,"IAT_Std":0.020933689934788475,"IAT_Max":0.10001159278181149,"IAT_Min":0.003949806752643781,"received_addresses":1,"max_pkt_from_sameId":20,"has_attacker":0}
{"received packets":20,"IAT_Mean":0.09519761901428865,"IAT_Std":0.020933309263215597,"IAT_Max":0.10001037963593262,"IAT_Min":0.003951442158722784,"received_addresses":1,"max_pkt_from_sameId":20,"has_attacker":0}
{"received packets":40,"IAT_Mean":0.049949274906884968,"IAT_Std":0.04227234922637158,"IAT_Max":0.0940325638584909,"IAT_Min":0.003949618258047849,"received_addresses":3,"max_pkt_from_sameId":20,"has_attacker":0}
{"received packets":50,"IAT_Mean":0.03946546847022546,"IAT_Std":0.030163786631782865,"IAT_Max":0.09403537969774334,"IAT_Min":0.003942157793062506,"received_addresses":4,"max_pkt_from_sameId":20,"has_attacker":0}
{"received packets":20,"IAT_Mean":0.09519720643238543,"IAT_Std":0.020935434994844544,"IAT_Max":0.10000361685160897,"IAT_Min":0.0039417636617145039,"received_addresses":1,"max_pkt_from_sameId":20,"has_attacker":0}
{"received packets":31,"IAT_Mean":0.06172940339820343,"IAT_Std":0.04193501100939937,"IAT_Max":0.10001043593729264,"IAT_Min":0.0039477454956795558,"received_addresses":2,"max_pkt_from_sameId":20,"has_attacker":0}
{"received packets":20,"IAT_Mean":0.09568056719563174,"IAT_Std":0.018825560552848638,"IAT_Max":0.10001026328973239,"IAT_Min":0.0136218549523619,"received_addresses":1,"max_pkt_from_sameId":20,"has_attacker":0}
{"received packets":62,"IAT_Mean":0.03221203991626915,"IAT_Std":0.02068144688565907,"IAT_Max":0.061765395912516399,"IAT_Min":0.005636003876134055,"received_addresses":4,"max_pkt_from_sameId":20,"has_attacker":0}
{"received packets":59,"IAT_Mean":0.0338501054395885,"IAT_Std":0.03564596171286671,"IAT_Max":0.08353944337068242,"IAT_Min":0.005636005560518242,"received_addresses":3,"max_pkt_from_sameId":20,"has_attacker":0}
