{"received packets":39,"IAT_Mean":0.05061903025647879,"IAT_Std":0.021419770196052177,"IAT_Max":0.07414613702712814,"IAT_Min":0.028639582942560084,"received_addresses":2,"max_pkt_from_sameId":20,"has_attacker":0}
{"received packets":40,"IAT_Mean":0.04935347498258125,"IAT_Std":0.02235572297822438,"IAT_Max":0.07135900331559242,"IAT_Min":0.0027953080971201418,"received_addresses":2,"max_pkt_from_sameId":20,"has_attacker":0}
