{"received packets":560,"IAT_Mean":0.0035677988143496418,"IAT_Std":0.0035088724482512268,"IAT_Max":0.012039238572469913,"IAT_Min":0.00016426434740424156,"received_addresses":28,"max_pkt_from_sameId":20,"has_attacker":0}
{"received packets":530,"IAT_Mean":0.0037697626489424918,"IAT_Std":0.0037632987266888108,"IAT_Max":0.012039177912811283,"IAT_Min":0.00016427261653007008,"received_addresses":27,"max_pkt_from_sameId":20,"has_attacker":0}
{"received packets":490,"IAT_Mean":0.004077490822608673,"IAT_Std":0.004326217780360472,"IAT_Max":0.020561386008921546,"IAT_Min":0.00016418025552411564,"received_addresses":27,"max_pkt_from_sameId":20,"has_attacker":0}
{"received packets":510,"IAT_Mean":0.003917602139357341,"IAT_Std":0.004352518662940505,"IAT_Max":0.020574155081703794,"IAT_Min":0.00016397723447880708,"received_addresses":26,"max_pkt_from_sameId":20,"has_attacker":0}
{"received packets":520,"IAT_Mean":0.0038422618607770488,"IAT_Std":0.0035891383879134918,"IAT_Max":0.012377020517305937,"IAT_Min":0.00016377368228859268,"received_addresses":26,"max_pkt_from_sameId":20,"has_attacker":0}
{"received packets":534,"IAT_Mean":0.0037415133671417474,"IAT_Std":0.0035447241074165836,"IAT_Max":0.012377069968351862,"IAT_Min":0.00016356789637939073,"received_addresses":28,"max_pkt_from_sameId":20,"has_attacker":0}
{"received packets":569,"IAT_Mean":0.0035113730240089048,"IAT_Std":0.0034073230338137639,"IAT_Max":0.012040416713716695,"IAT_Min":0.00011229780648136511,"received_addresses":29,"max_pkt_from_sameId":20,"has_attacker":0}
{"received packets":2329,"IAT_Mean":0.0008586353475548782,"IAT_Std":0.0016402738139374449,"IAT_Max":0.012040590365359094,"IAT_Min":0.00010819678936968558,"received_addresses":29,"max_pkt_from_sameId":468,"has_attacker":1}
{"received packets":4359,"IAT_Mean":0.0004587685920394752,"IAT_Std":0.00037622777779411685,"IAT_Max":0.001623114996618824,"IAT_Min":0.00010780529555631801,"received_addresses":27,"max_pkt_from_sameId":984,"has_attacker":1}
{"received packets":485,"IAT_Mean":0.0041195328098802218,"IAT_Std":0.004345139815607782,"IAT_Max":0.017984008700295818,"IAT_Min":0.00016301156210829504,"received_addresses":26,"max_pkt_from_sameId":29,"has_attacker":1}
{"received packets":379,"IAT_Mean":0.005271693115457195,"IAT_Std":0.005305854132625551,"IAT_Max":0.01798400177358417,"IAT_Min":0.00010675253724912181,"received_addresses":22,"max_pkt_from_sameId":20,"has_attacker":1}
{"received packets":791,"IAT_Mean":0.002526093343439738,"IAT_Std":0.0033860107015820019,"IAT_Max":0.02033979116458795,"IAT_Min":0.00015353231719927862,"received_addresses":20,"max_pkt_from_sameId":480,"has_attacker":1}
{"received packets":510,"IAT_Mean":0.003917603541548505,"IAT_Std":0.004648650362752439,"IAT_Max":0.015996801099390724,"IAT_Min":0.0001288986277359072,"received_addresses":18,"max_pkt_from_sameId":98,"has_attacker":1}
{"received packets":940,"IAT_Mean":0.0021256852149661505,"IAT_Std":0.002631643663082684,"IAT_Max":0.0158381834080501,"IAT_Min":0.00016306194083881564,"received_addresses":21,"max_pkt_from_sameId":479,"has_attacker":1}
{"received packets":1320,"IAT_Mean":0.0015137448515705535,"IAT_Std":0.0007136990984077764,"IAT_Max":0.0040049997769529,"IAT_Min":0.00011410175284254365,"received_addresses":19,"max_pkt_from_sameId":960,"has_attacker":1}
{"received packets":358,"IAT_Mean":0.005580933094822981,"IAT_Std":0.005334440778513434,"IAT_Max":0.02033483572813566,"IAT_Min":0.00011320376506773755,"received_addresses":21,"max_pkt_from_sameId":20,"has_attacker":1}
{"received packets":436,"IAT_Mean":0.004582506774401294,"IAT_Std":0.0048988280151298839,"IAT_Max":0.01831607501662802,"IAT_Min":0.00015178378816926852,"received_addresses":20,"max_pkt_from_sameId":38,"has_attacker":1}
{"received packets":476,"IAT_Mean":0.0041974353550335579,"IAT_Std":0.0047239622626213989,"IAT_Max":0.017635147814871745,"IAT_Min":0.00015178379180724733,"received_addresses":20,"max_pkt_from_sameId":58,"has_attacker":1}
{"received packets":378,"IAT_Mean":0.005285637054127557,"IAT_Std":0.005003274826387655,"IAT_Max":0.018310337858565619,"IAT_Min":0.00015158030146267265,"received_addresses":21,"max_pkt_from_sameId":20,"has_attacker":0}
{"received packets":376,"IAT_Mean":0.005313772652959628,"IAT_Std":0.005015801138775059,"IAT_Max":0.01649141530288034,"IAT_Min":0.0001515788353572134,"received_addresses":21,"max_pkt_from_sameId":20,"has_attacker":0}
{"received packets":364,"IAT_Mean":0.00548894844665723,"IAT_Std":0.005178614343620182,"IAT_Max":0.01649123802417307,"IAT_Min":0.00015157854068093002,"received_addresses":20,"max_pkt_from_sameId":20,"has_attacker":0}
{"received packets":470,"IAT_Mean":0.004251005628588671,"IAT_Std":0.0049600314118935129,"IAT_Max":0.016491233898705106,"IAT_Min":0.00015824020010768436,"received_addresses":20,"max_pkt_from_sameId":55,"has_attacker":1}
{"received packets":882,"IAT_Mean":0.002265457994039759,"IAT_Std":0.002833791704210251,"IAT_Max":0.015794280378031546,"IAT_Min":0.00015129809617064893,"received_addresses":22,"max_pkt_from_sameId":476,"has_attacker":1}
{"received packets":1300,"IAT_Mean":0.0015370288409478515,"IAT_Std":0.0007281707984285199,"IAT_Max":0.004004999998869607,"IAT_Min":0.00011695074499584734,"received_addresses":18,"max_pkt_from_sameId":960,"has_attacker":1}
{"received packets":363,"IAT_Mean":0.005503467213798692,"IAT_Std":0.00518316850905009,"IAT_Max":0.016491218349983684,"IAT_Min":0.00010749322245828807,"received_addresses":19,"max_pkt_from_sameId":20,"has_attacker":1}
{"received packets":408,"IAT_Mean":0.004896457456697153,"IAT_Std":0.006071418512699725,"IAT_Max":0.022819279103714508,"IAT_Min":0.00016305502504110336,"received_addresses":21,"max_pkt_from_sameId":23,"has_attacker":1}
{"received packets":833,"IAT_Mean":0.0023982716663230126,"IAT_Std":0.0026279096614856367,"IAT_Max":0.021203672033152544,"IAT_Min":0.00016302297444781289,"received_addresses":20,"max_pkt_from_sameId":449,"has_attacker":1}
{"received packets":382,"IAT_Mean":0.005229736204250793,"IAT_Std":0.005807800350019549,"IAT_Max":0.021178267415962183,"IAT_Min":0.00038415997914853506,"received_addresses":19,"max_pkt_from_sameId":22,"has_attacker":1}
{"received packets":400,"IAT_Mean":0.004994396578522356,"IAT_Std":0.005181542943175386,"IAT_Max":0.021176446844037856,"IAT_Min":0.00016301467985613272,"received_addresses":22,"max_pkt_from_sameId":20,"has_attacker":0}
{"received packets":440,"IAT_Mean":0.004540356578267661,"IAT_Std":0.004513647593855989,"IAT_Max":0.01649137724234606,"IAT_Min":0.00016300992501783185,"received_addresses":24,"max_pkt_from_sameId":20,"has_attacker":0}
{"received packets":1407,"IAT_Mean":0.0014198657787377774,"IAT_Std":0.0009606979337821226,"IAT_Max":0.01149504568093107,"IAT_Min":0.0001629999969736673,"received_addresses":23,"max_pkt_from_sameId":911,"has_attacker":1}
{"received packets":684,"IAT_Mean":0.0029207042703065565,"IAT_Std":0.0033169484257857876,"IAT_Max":0.01648836236927309,"IAT_Min":0.0001054367603501305,"received_addresses":23,"max_pkt_from_sameId":213,"has_attacker":1}
{"received packets":410,"IAT_Mean":0.004872577090592552,"IAT_Std":0.004690702011973571,"IAT_Max":0.018315387093025494,"IAT_Min":0.0002670010690053459,"received_addresses":21,"max_pkt_from_sameId":20,"has_attacker":0}
{"received packets":400,"IAT_Mean":0.004994408048996774,"IAT_Std":0.004842452882492593,"IAT_Max":0.018315515346330359,"IAT_Min":0.00026700107991928235,"received_addresses":20,"max_pkt_from_sameId":20,"has_attacker":0}
{"received packets":909,"IAT_Mean":0.0021981427621415138,"IAT_Std":0.002909067646718318,"IAT_Max":0.018315562170755585,"IAT_Min":0.00016300107017741539,"received_addresses":21,"max_pkt_from_sameId":489,"has_attacker":1}
{"received packets":1400,"IAT_Mean":0.0014272232449911826,"IAT_Std":0.0009432419871896128,"IAT_Max":0.011482042227726197,"IAT_Min":0.00010777078568935394,"received_addresses":21,"max_pkt_from_sameId":948,"has_attacker":1}
{"received packets":398,"IAT_Mean":0.005019495043597999,"IAT_Std":0.004928787855182704,"IAT_Max":0.01831561667859205,