{"received packets":30,"IAT_Mean":0.06659923521074233,"IAT_Std":0.18048354170649703,"IAT_Max":1.028392553304002,"IAT_Min":0.0030308880959637465,"received_addresses":3,"max_pkt_from_sameId":10,"has_attacker":0}
{"received packets":60,"IAT_Mean":0.03329962093036253,"IAT_Std":0.026015509748513293,"IAT_Max":0.06655400005547563,"IAT_Min":0.0030233124671212865,"received_addresses":3,"max_pkt_from_sameId":20,"has_attacker":0}
{"received packets":60,"IAT_Mean":0.03329961872962788,"IAT_Std":0.0260144246437886,"IAT_Max":0.06655400024465053,"IAT_Min":0.0030230082338675858,"received_addresses":3,"max_pkt_from_sameId":20,"has_attacker":0}
{"received packets":79,"IAT_Mean":0.025290764349870478,"IAT_Std":0.021156438623862789,"IAT_Max":0.06655418304217165,"IAT_Min":0.0030360016207851006,"received_addresses":5,"max_pkt_from_sameId":20,"has_attacker":0}
{"received packets":80,"IAT_Mean":0.024974617891848538,"IAT_Std":0.025594809700916288,"IAT_Max":0.06655430817045272,"IAT_Min":0.0027884711817023346,"received_addresses":4,"max_pkt_from_sameId":20,"has_attacker":0}
{"received packets":91,"IAT_Mean":0.021955777676219563,"IAT_Std":0.022381460604796449,"IAT_Max":0.06959160752012395,"IAT_Min":0.002787299185001757,"received_addresses":7,"max_pkt_from_sameId":20,"has_attacker":0}
{"received packets":20,"IAT_Mean":0.09870733616444341,"IAT_Std":0.005634309417113764,"IAT_Max":0.10001043593729264,"IAT_Min":0.07414796489683795,"received_addresses":1,"max_pkt_from_sameId":20,"has_attacker":0}
{"received packets":20,"IAT_Mean":0.0987073194612094,"IAT_Std":0.005635217751146357,"IAT_Max":0.10001026328973239,"IAT_Min":0.07414398657419952,"received_addresses":1,"max_pkt_from_sameId":20,"has_attacker":0}
{"received packets":30,"IAT_Mean":0.06580473390094995,"IAT_Std":0.024577615659074828,"IAT_Max":0.10000941788530327,"IAT_Min":0.03874726393405581,"received_addresses":2,"max_pkt_from_sameId":20,"has_attacker":0}
{"received packets":59,"IAT_Mean":0.03345998442153174,"IAT_Std":0.004151483124200706,"IAT_Max":0.0387531395899714,"IAT_Min":0.028640508146054345,"received_addresses":3,"max_pkt_from_sameId":20,"has_attacker":0}
