{"received packets":240,"IAT_Mean":0.008293127438264492,"IAT_Std":0.008175138688790492,"IAT_Max":0.025669052793091397,"IAT_Min":0.001047087207552977,"received_addresses":12,"max_pkt_from_sameId":20,"has_attacker":0}
{"received packets":240,"IAT_Mean":0.008293101819920898,"IAT_Std":0.008171025665413168,"IAT_Max":0.025669033770100215,"IAT_Min":0.0010470831948623527,"received_addresses":13,"max_pkt_from_sameId":20,"has_attacker":0}
{"received packets":191,"IAT_Mean":0.010420695104456753,"IAT_Std":0.01064208381691656,"IAT_Max":0.03000533716112841,"IAT_Min":0.001151027092419099,"received_addresses":10,"max_pkt_from_sameId":20,"has_attacker":0}
{"received packets":140,"IAT_Mean":0.014216717725529245,"IAT_Std":0.011515857305893105,"IAT_Max":0.031234552057867405,"IAT_Min":0.002971112226077821,"received_addresses":7,"max_pkt_from_sameId":20,"has_attacker":0}
{"received packets":70,"IAT_Mean":0.02834602465606752,"IAT_Std":0.016376681994918375,"IAT_Max":0.06107065132528078,"IAT_Min":0.008717471893760376,"received_addresses":4,"max_pkt_from_sameId":20,"has_attacker":0}
{"received packets":90,"IAT_Mean":0.0221996568062928,"IAT_Std":0.015614560846155736,"IAT_Max":0.06073636654400616,"IAT_Min":0.009036611798364902,"received_addresses":5,"max_pkt_from_sameId":20,"has_attacker":0}
{"received packets":348,"IAT_Mean":0.005741298994298736,"IAT_Std":0.004869974128524282,"IAT_Max":0.017644028732320295,"IAT_Min":0.00011266492219874635,"received_addresses":21,"max_pkt_from_sameId":20,"has_attacker":0}
{"received packets":1840,"IAT_Mean":0.0010868273647504437,"IAT_Std":0.0018358704343799284,"IAT_Max":0.012377628616377479,"IAT_Min":0.00010801722237374634,"received_addresses":27,"max_pkt_from_sameId":477,"has_attacker":1}
{"received packets":3383,"IAT_Mean":0.0005911240878382649,"IAT_Std":0.000444654761293226,"IAT_Max":0.001782003128028009,"IAT_Min":0.0001077134147635661,"received_addresses":26,"max_pkt_from_sameId":991,"has_attacker":1}
{"received packets":431,"IAT_Mean":0.004635670117220464,"IAT_Std":0.004199032941517911,"IAT_Max":0.017984009529754986,"IAT_Min":0.00016300085553666577,"received_addresses":24,"max_pkt_from_sameId":29,"has_attacker":1}
{"received packets":338,"IAT_Mean":0.005911159851004854,"IAT_Std":0.005158211540965966,"IAT_Max":0.017984002850425897,"IAT_Min":0.00016300002607749775,"received_addresses":20,"max_pkt_from_sameId":20,"has_attacker":1}
{"received packets":796,"IAT_Mean":0.002510226261578986,"IAT_Std":0.0032428313858956375,"IAT_Max":0.020339790724392516,"IAT_Min":0.00016300001516356133,"received_addresses":19,"max_pkt_from_sameId":490,"has_attacker":1}
{"received packets":1058,"IAT_Mean":0.0018885696087768845,"IAT_Std":0.002221696448814376,"IAT_Max":0.01599662066291785,"IAT_Min":0.00012864090240327641,"received_addresses":18,"max_pkt_from_sameId":646,"has_attacker":1}
{"received packets":878,"IAT_Mean":0.0022756038783229507,"IAT_Std":0.0032817915144289966,"IAT_Max":0.018306974314327819,"IAT_Min":0.00012864547170465812,"received_addresses":22,"max_pkt_from_sameId":289,"has_attacker":1}
{"received packets":771,"IAT_Mean":0.0025914126407818166,"IAT_Std":0.0038732602545567546,"IAT_Max":0.017628096728003585,"IAT_Min":0.00016300724382745102,"received_addresses":20,"max_pkt_from_sameId":214,"has_attacker":1}
{"received packets":384,"IAT_Mean":0.005203057783669844,"IAT_Std":0.005102548404441005,"IAT_Max":0.018314157372515184,"IAT_Min":0.00016463296924484894,"received_addresses":21,"max_pkt_from_sameId":20,"has_attacker":0}
{"received packets":887,"IAT_Mean":0.0022526660055004,"IAT_Std":0.002841284142350497,"IAT_Max":0.015578790713334456,"IAT_Min":0.00012837149552069604,"received_addresses":22,"max_pkt_from_sameId":489,"has_attacker":1}
{"received packets":1423,"IAT_Mean":0.001404151807616823,"IAT_Std":0.0007356491636865348,"IAT_Max":0.00891805407445645,"IAT_Min":0.000110746877908241,"received_addresses":21,"max_pkt_from_sameId":986,"has_attacker":1}
{"received packets":1301,"IAT_Mean":0.001535844750857117,"IAT_Std":0.000772109273592244,"IAT_Max":0.004005000002507586,"IAT_Min":0.00011702223855536431,"received_addresses":20,"max_pkt_from_sameId":938,"has_attacker":1}
{"received packets":842,"IAT_Mean":0.002372896268988286,"IAT_Std":0.0031672624056819887,"IAT_Max":0.018935088817670477,"IAT_Min":0.00011702086339937523,"received_addresses":21,"max_pkt_from_sameId":472,"has_attacker":1}
{"received packets":400,"IAT_Mean":0.004994943438905466,"IAT_Std":0.00559213193804379,"IAT_Max":0.018935088817670477,"IAT_Min":0.00012495955161284655,"received_addresses":20,"max_pkt_from_sameId":20,"has_attacker":0}
{"received packets":1427,"IAT_Mean":0.0014002203494605497,"IAT_Std":0.0007782123873838275,"IAT_Max":0.01377880820291466,"IAT_Min":0.00012843743388657458,"received_addresses":22,"max_pkt_from_sameId":991,"has_attacker":1}
{"received packets":1344,"IAT_Mean":0.001486706916666879,"IAT_Std":0.0008272869895288562,"IAT_Max":0.015838011502637529,"IAT_Min":0.00011043867925764062,"received_addresses":22,"max_pkt_from_sameId":496,"has_attacker":1}
{"received packets":1304,"IAT_Mean":0.0015323141384588819,"IAT_Std":0.0007379694548539176,"IAT_Max":0.004005000006145565,"IAT_Min":0.0001170959985756781,"received_addresses":20,"max_pkt_from_sameId":940,"has_attacker":1}
{"received packets":433,"IAT_Mean":0.004613761542688995,"IAT_Std":0.004728450228382743,"IAT_Max":0.015577824764477555,"IAT_Min":0.00010763655154732987,"received_addresses":23,"max_pkt_from_sameId":20,"has_attacker":1}
{"received packets":909,"IAT_Mean":0.0021981439197711839,"IAT_Std":0.0030742714441355206,"IAT_Max":0.018126921051589308,"IAT_Min":0.00012019727000733837,"received_addresses":22,"max_pkt_from_sameId":496,"has_attacker":1}
{"received packets":1123,"IAT_Mean":0.0017792568822670294,"IAT_Std":0.002289001261203098,"IAT_Max":0.015579826820612653,"IAT_Min":0.00010882307105930522,"received_addresses":22,"max_pkt_from_sameId":709,"has_attacker":1}
{"received packets":404,"IAT_Mean":0.004944948958908943,"IAT_Std":0.005057264077450215,"IAT_Max":0.016488413384649904,"IAT_Min":0.00011447878569015302,"received_addresses":21,"max_pkt_from_sameId":20,"has_attacker":1}
{"received packets":412,"IAT_Mean":0.00484892907957367,"IAT_Std":0.00495948184082457,"IAT_Max":0.01648930219380418,"IAT_Min":0.00012383577995933592,"received_addresses":23,"max_pkt_from_sameId":20,"has_attacker":0}
{"received packets":421,"IAT_Mean":0.004745266137332111,"IAT_Std":0.004865401049761402,"IAT_Max":0.016485503689182225,"IAT_Min":0.00012035664258291945,"received_addresses":24,"max_pkt_from_sameId":20,"has_attacker":0}
{"received packets":965,"IAT_Mean":0.002070208601097889,"IAT_Std":0.00223970276683799,"IAT_Max":0.015579811952193268,"IAT_Min":0.0001630221668165177,"received_addresses":22,"max_pkt_from_sameId":509,"has_attacker":1}
{"received packets":537,"IAT_Mean":0.0037202269464899336,"IAT_Std":0.004036092075309082,"IAT_Max":0.015580229573970428,"IAT_Min":0.00010533142267377116,"received_addresses":23,"max_pkt_from_sameId":86,"has_attacker":1}
{"received packets":420,"IAT_Mean":0.004756563705987425,"IAT_Std":0.004550961656760988,"IAT_Max":0.015578097485558829,"IAT_Min":0.00011991397332167253,"received_addresses":21,"max_pkt_from_sameId":20,"has_attacker":0}
{"received packets":420,"IAT_Mean":0.00475657944993838,"IAT_Std":0.004766793026118171,"IAT_Max":0.015578225738863694,"IAT_Min":0.00011978572365478612,"received_addresses":21,"max_pkt_from_sameId":20,"has_attacker":0}
{"received packets":919,"IAT_Mean":0.002174223792598507,"IAT_Std":0.0026344472318721144,"IAT_Max":0.01557827256328892,"IAT_Min":0.00011973889922956005,"received_addresses":23,"max_pkt_from_sameId":489,"has_attacker":1}
{"received packets":1410,"IAT_Mean":0.0014171010195763727,"IAT_Std":0.0009137716968451136,"IAT_Max":0.01148232617197209,"IAT_Min":0.00010766540071927011,"received_addresses":21,"max_pkt_from_sameId":948,"has_attacker":1}
{"received packets":458,"IAT_Mean":0.0043619195998335709,"IAT_Std":0.004290459870739248,"IAT_Max":0.015578327067487408,