{"received packets":500,"IAT_Mean":0.003995934672355361,"IAT_Std":0.003781279978449018,"IAT_Max":0.014444045602431288,"IAT_Min":0.00016426619185949676,"received_addresses":25,"max_pkt_from_sameId":20,"has_attacker":0}
{"received packets":540,"IAT_Mean":0.0036999521527495409,"IAT_Std":0.0035569985379123264,"IAT_Max":0.013157089837477543,"IAT_Min":0.0001642767274461221,"received_addresses":27,"max_pkt_from_sameId":20,"has_attacker":0}
{"received packets":550,"IAT_Mean":0.003632673475479929,"IAT_Std":0.0034230104477419858,"IAT_Max":0.01315710341805243,"IAT_Min":0.00016433214841526933,"received_addresses":29,"max_pkt_from_sameId":20,"has_attacker":0}
{"received packets":510,"IAT_Mean":0.003917601913260524,"IAT_Std":0.004165413228817776,"IAT_Max":0.017954488364921418,"IAT_Min":0.00016443225467810407,"received_addresses":26,"max_pkt_from_sameId":20,"has_attacker":0}
{"received packets":520,"IAT_Mean":0.0038422616130166997,"IAT_Std":0.0040453164226194079,"IAT_Max":0.017954688555619215,"IAT_Min":0.00016457332458230667,"received_addresses":26,"max_pkt_from_sameId":20,"has_attacker":0}
{"received packets":520,"IAT_Mean":0.003842246142183005,"IAT_Std":0.0034787859437395787,"IAT_Max":0.011987253106781282,"IAT_Min":0.00016472578136017546,"received_addresses":26,"max_pkt_from_sameId":20,"has_attacker":0}
{"received packets":529,"IAT_Mean":0.003776882975986956,"IAT_Std":0.0034585212842813989,"IAT_Max":0.01198713170379051,"IAT_Min":0.00016489096742589027,"received_addresses":27,"max_pkt_from_sameId":20,"has_attacker":0}
{"received packets":1439,"IAT_Mean":0.0013896877734256347,"IAT_Std":0.002001775440351814,"IAT_Max":0.01198746716545429,"IAT_Min":0.00016300036804750562,"received_addresses":28,"max_pkt_from_sameId":477,"has_attacker":1}
{"received packets":2449,"IAT_Mean":0.0008165664084042806,"IAT_Std":0.000695378918787149,"IAT_Max":0.0017885874040075578,"IAT_Min":0.00016300016432069242,"received_addresses":26,"max_pkt_from_sameId":999,"has_attacker":1}
{"received packets":708,"IAT_Mean":0.002821996243600125,"IAT_Std":0.003222948901976913,"IAT_Max":0.017985281854635106,"IAT_Min":0.0001630050282983575,"received_addresses":23,"max_pkt_from_sameId":170,"has_attacker":1}
