{"received packets":247,"IAT_Mean":0.008088951533363245,"IAT_Std":0.06425491187127466,"IAT_Max":1.0136611526177149,"IAT_Min":0.00016437603335361928,"received_addresses":25,"max_pkt_from_sameId":10,"has_attacker":0}
{"received packets":510,"IAT_Mean":0.003917602836337014,"IAT_Std":0.004140668454248341,"IAT_Max":0.01795462787413271,"IAT_Min":0.00016443194544990547,"received_addresses":26,"max_pkt_from_sameId":20,"has_attacker":0}
{"received packets":520,"IAT_Mean":0.0038422621852357856,"IAT_Std":0.00402052328327866,"IAT_Max":0.01795482589295716,"IAT_Min":0.00016457278979942203,"received_addresses":26,"max_pkt_from_sameId":20,"has_attacker":0}
{"received packets":530,"IAT_Mean":0.0037697511679961848,"IAT_Std":0.0034244538091416406,"IAT_Max":0.011701609331794316,"IAT_Min":0.00016472463539685123,"received_addresses":27,"max_pkt_from_sameId":20,"has_attacker":0}
{"received packets":520,"IAT_Mean":0.003842252002120334,"IAT_Std":0.0034504435835159814,"IAT_Max":0.01170126473516575,"IAT_Min":0.0001648892357479781,"received_addresses":26,"max_pkt_from_sameId":20,"has_attacker":0}
{"received packets":1423,"IAT_Mean":0.001405313322242043,"IAT_Std":0.0020134428853979429,"IAT_Max":0.011701091032591649,"IAT_Min":0.00016300048810080625,"received_addresses":27,"max_pkt_from_sameId":477,"has_attacker":1}
{"received packets":2442,"IAT_Mean":0.000818907231170683,"IAT_Std":0.0006996058184260777,"IAT_Max":0.0019917029749194627,"IAT_Min":0.00016300016432069242,"received_addresses":26,"max_pkt_from_sameId":999,"has_attacker":1}
{"received packets":724,"IAT_Mean":0.0027598561472943646,"IAT_Std":0.0035125263657867684,"IAT_Max":0.017984262765821769,"IAT_Min":0.0001630431979720015,"received_addresses":24,"max_pkt_from_sameId":313,"has_attacker":1}
{"received packets":694,"IAT_Mean":0.0028789208189525436,"IAT_Std":0.003879888558557921,"IAT_Max":0.01798427968969918,"IAT_Min":0.0001630007209314499,"received_addresses":23,"max_pkt_from_sameId":311,"has_attacker":1}
{"received packets":809,"IAT_Mean":0.0024698878272867688,"IAT_Std":0.003259295490328493,"IAT_Max":0.020339867725851947,"IAT_Min":0.0001194229735119734,"received_addresses":19,"max_pkt_from_sameId":490,"has_attacker":1}
{"received packets":825,"IAT_Mean":0.0024217906922267779,"IAT_Std":0.0030727373578116996,"IAT_Max":0.02033283535638475,"IAT_Min":0.00015475794862140901,"received_addresses":17,"max_pkt_from_sameId":511,"has_attacker":1}
{"received packets":418,"IAT_Mean":0.0047798556430828169,"IAT_Std":0.005067042851935285,"IAT_Max":0.020329327333456605,"IAT_Min":0.00015146312944125384,"received_addresses":19,"max_pkt_from_sameId":106,"has_attacker":1}
{"received packets":1253,"IAT_Mean":0.0015946870668601839,"IAT_Std":0.0007195710027645878,"IAT_Max":0.004105874217202654,"IAT_Min":0.00015352376067312434,"received_addresses":16,"max_pkt_from_sameId":961,"has_attacker":1}
{"received packets":331,"IAT_Mean":0.00603617469812812,"IAT_Std":0.005465538829702553,"IAT_Max":0.020334914028353525,"IAT_Min":0.00011289411122561432,"received_addresses":19,"max_pkt_from_sameId":20,"has_attacker":1}
{"received packets":416,"IAT_Mean":0.004802819261000808,"IAT_Std":0.0048606346621378839,"IAT_Max":0.02033822092198534,"IAT_Min":0.00015183132200036198,"received_addresses":19,"max_pkt_from_sameId":38,"has_attacker":1}
{"received packets":476,"IAT_Mean":0.00419743515200224,"IAT_Std":0.004501328419253388,"IAT_Max":0.017635268330195687,"IAT_Min":0.0001518311801191885,"received_addresses":20,"max_pkt_from_sameId":58,"has_attacker":1}
{"received packets":368,"IAT_Mean":0.005429268264448262,"IAT_Std":0.00489100043571331,"IAT_Max":0.018310468301933726,"IAT_Min":0.00015162175623117946,"received_addresses":20,"max_pkt_from_sameId":20,"has_attacker":0}
{"received packets":366,"IAT_Mean":0.005458957466554174,"IAT_Std":0.004817351976932269,"IAT_Max":0.01831047054292867,"IAT_Min":0.00015162020281422883,"received_addresses":21,"max_pkt_from_sameId":20,"has_attacker":0}
{"received packets":364,"IAT_Mean":0.0054889482138465749,"IAT_Std":0.004741449131325885,"IAT_Max":0.016491361220687396,"IAT_Min":0.00015161990449996665,"received_addresses":20,"max_pkt_from_sameId":20,"has_attacker":0}
{"received packets":495,"IAT_Mean":0.004036308203414059,"IAT_Std":0.0043661858725918289,"IAT_Max":0.016491358717757977,"IAT_Min":0.0001418878346157726,"received_addresses":20,"max_pkt_from_sameId":80,"has_attacker":1}
{"received packets":878,"IAT_Mean":0.0022757788903208146,"IAT_Std":0.0026814373813542457,"IAT_Max":0.01649135836851201,"IAT_Min":0.00015133946726564318,"received_addresses":21,"max_pkt_from_sameId":476,"has_attacker":1}
{"received packets":1300,"IAT_Mean":0.0015370287755369925,"IAT_Std":0.0007246002974098056,"IAT_Max":0.004005000002507586,"IAT_Min":0.00011686569996527396,"received_addresses":18,"max_pkt_from_sameId":960,"has_attacker":1}
{"received packets":363,"IAT_Mean":0.0055034673326894438,"IAT_Std":0.004743702290486047,"IAT_Max":0.016491343219968259,"IAT_Min":0.00010740819197962992,"received_addresses":19,"max_pkt_from_sameId":20,"has_attacker":1}
{"received packets":429,"IAT_Mean":0.004656770828639028,"IAT_Std":0.004994646747355254,"IAT_Max":0.01812675538531039,"IAT_Min":0.00016301714276778512,"received_addresses":20,"max_pkt_from_sameId":46,"has_attacker":1}
{"received packets":425,"IAT_Mean":0.004700612567539793,"IAT_Std":0.005135272881867585,"IAT_Max":0.018127955136151287,"IAT_Min":0.00016300393690471537,"received_addresses":20,"max_pkt_from_sameId":41,"has_attacker":1}
{"received packets":360,"IAT_Mean":0.005549331314392071,"IAT_Std":0.005073367451011666,"IAT_Max":0.016489915436977755,"IAT_Min":0.0006310055541689508,"received_addresses":18,"max_pkt_from_sameId":20,"has_attacker":0}
{"received packets":362,"IAT_Mean":0.005518670371720018,"IAT_Std":0.005131633171835093,"IAT_Max":0.018318582082429204,"IAT_Min":0.00016300156858051196,"received_addresses":21,"max_pkt_from_sameId":20,"has_attacker":0}
{"received packets":381,"IAT_Mean":0.005243456529130581,"IAT_Std":0.0051851793419791379,"IAT_Max":0.01831865116400877,"IAT_Min":0.00016300054267048836,"received_addresses":22,"max_pkt_from_sameId":20,"has_attacker":0}
{"received packets":521,"IAT_Mean":0.0038344552664832198,"IAT_Std":0.004821247451537725,"IAT_Max":0.01892894612683449,"IAT_Min":0.00016300002243951894,"received_addresses":20,"max_pkt_from_sameId":85,"has_attacker":1}
{"received packets":482,"IAT_Mean":0.0041447339503050358,"IAT_Std":0.004604502037608,"IAT_Max":0.018315377328690376,"IAT_Min":0.00016301341747748666,"received_addresses":21,"max_pkt_from_sameId":51,"has_attacker":1}
{"received packets":380,"IAT_Mean":0.005257254342885924,"IAT_Std":0.0048557823065749979,"IAT_Max":0.01831551463328651,"IAT_Min":0.0002670430621947162,"received_addresses":19,"max_pkt_from_sameId":20,"has_attacker":0}
{"received packets":380,"IAT_Mean":0.005257271744094875,"IAT_Std":0.00485549121808572,"IAT_Max":0.018315642886591378,"IAT_Min":0.0002670430731086526,"received_addresses":19,"max_pkt_from_sameId":20,"has_attacker":0}
{"received packets":622,"IAT_Mean":0.0032118223919868217,"IAT_Std":0.003492065942483865,"IAT_Max":0.018315689711016604,"IAT_Min":0.00016302981384797022,"received_addresses":21,"max_pkt_from_sameId":203,"has_attacker":1}
{"received packets":1376,"IAT_Mean":0.0014521167296776227,"IAT_Std":0.0009626543530757737,"IAT_Max":0.011482000474643428,"IAT_Min":0.00016303045777021907,"received_addresses":20,"max_pkt_from_sameId":934,"has_attacker":1}
{"received packets":397,"IAT_Mean":0.005032138716639063,"IAT_Std":0.004672430969889361,"IAT_Max":0.01831574421885307,"IAT_Min":0.00010862003546208143,"received_addresses":21,"max_pkt_from_sameId":26,"has_attacker":1}
