{"received packets":560,"IAT_Mean":0.0035677987958933957,"IAT_Std":0.0032137357404622435,"IAT_Max":0.011694051223457791,"IAT_Min":0.0001642668757995125,"received_addresses":28,"max_pkt_from_sameId":20,"has_attacker":0}
{"received packets":540,"IAT_Mean":0.003699952209966863,"IAT_Std":0.0034466448588996955,"IAT_Max":0.011694067641656148,"IAT_Min":0.00016427602895419113,"received_addresses":27,"max_pkt_from_sameId":20,"has_attacker":0}
{"received packets":530,"IAT_Mean":0.0037697555669509248,"IAT_Std":0.003359524746171656,"IAT_Max":0.011694023407471832,"IAT_Min":0.0001643041723582428,"received_addresses":29,"max_pkt_from_sameId":20,"has_attacker":0}
{"received packets":530,"IAT_Mean":0.0037697679190352815,"IAT_Std":0.0031383304279843898,"IAT_Max":0.01237712105648825,"IAT_Min":0.00016417549340985715,"received_addresses":27,"max_pkt_from_sameId":20,"has_attacker":0}
{"received packets":530,"IAT_Mean":0.0037697661492615537,"IAT_Std":0.00313861676165553,"IAT_Max":0.012377025483147009,"IAT_Min":0.00016399485684814863,"received_addresses":27,"max_pkt_from_sameId":20,"has_attacker":0}
{"received packets":510,"IAT_Mean":0.003917584347515253,"IAT_Std":0.003429241459040009,"IAT_Max":0.012377071227092529,"IAT_Min":0.00016381199384341016,"received_addresses":26,"max_pkt_from_sameId":20,"has_attacker":0}
{"received packets":531,"IAT_Mean":0.003762657467168212,"IAT_Std":0.0033934146940237895,"IAT_Max":0.01237743312958628,"IAT_Min":0.00016372471509384923,"received_addresses":29,"max_pkt_from_sameId":20,"has_attacker":0}
{"received packets":1878,"IAT_Mean":0.0010648357685908983,"IAT_Std":0.001718054018996031,"IAT_Max":0.009951381904102164,"IAT_Min":0.00014354717131936923,"received_addresses":28,"max_pkt_from_sameId":468,"has_attacker":1}
{"received packets":4338,"IAT_Mean":0.00046098943599475877,"IAT_Std":0.00038266258414978825,"IAT_Max":0.0016363901886506938,"IAT_Min":0.00010799881420098245,"received_addresses":28,"max_pkt_from_sameId":984,"has_attacker":1}
{"received packets":481,"IAT_Mean":0.004153790761299287,"IAT_Std":0.004042256375147247,"IAT_Max":0.017984008591156454,"IAT_Min":0.00016311580475303344,"received_addresses":26,"max_pkt_from_sameId":29,"has_attacker":1}
{"received packets":378,"IAT_Mean":0.005285639336227813,"IAT_Std":0.004981991072279926,"IAT_Max":0.017984001700824593,"IAT_Min":0.00016300017887260765,"received_addresses":22,"max_pkt_from_sameId":20,"has_attacker":1}
{"received packets":791,"IAT_Mean":0.0025260933180704704,"IAT_Std":0.0032793136153910029,"IAT_Max":0.02033979116458795,"IAT_Min":0.00015354746574303135,"received_addresses":20,"max_pkt_from_sameId":480,"has_attacker":1}
{"received packets":510,"IAT_Mean":0.0039176035024438,"IAT_Std":0.004455212095240856,"IAT_Max":0.01599681620064075,"IAT_Min":0.00012893600069219247,"received_addresses":18,"max_pkt_from_sameId":98,"has_attacker":1}
{"received packets":940,"IAT_Mean":0.0021256851936917147,"IAT_Std":0.002539582745187506,"IAT_Max":0.015838198512938108,"IAT_Min":0.00016304684322676621,"received_addresses":21,"max_pkt_from_sameId":479,"has_attacker":1}
{"received packets":1320,"IAT_Mean":0.0015137448364150645,"IAT_Std":0.0007155783538270438,"IAT_Max":0.0040049997769529,"IAT_Min":0.00011408175123506226,"received_addresses":19,"max_pkt_from_sameId":960,"has_attacker":1}
{"received packets":358,"IAT_Mean":0.0055809330391151609,"IAT_Std":0.0050939748967845309,"IAT_Max":0.020334835648100126,"IAT_Min":0.00011318375982227735,"received_addresses":21,"max_pkt_from_sameId":20,"has_attacker":1}
{"received packets":436,"IAT_Mean":0.004582506728659551,"IAT_Std":0.004683819208503936,"IAT_Max":0.0183161146051134,"IAT_Min":0.00015179888941929676,"received_addresses":20,"max_pkt_from_sameId":38,"has_attacker":1}
{"received packets":476,"IAT_Mean":0.004197435313135658,"IAT_Std":0.0045197838935734789,"IAT_Max":0.017635184856771958,"IAT_Min":0.00015179889305727556,"received_addresses":20,"max_pkt_from_sameId":58,"has_attacker":1}
{"received packets":368,"IAT_Mean":0.005429268441621784,"IAT_Std":0.004912797331074797,"IAT_Max":0.018310379800823286,"IAT_Min":0.0001515954027127009,"received_addresses":20,"max_pkt_from_sameId":20,"has_attacker":0}
{"received packets":376,"IAT_Mean":0.005313772599908995,"IAT_Std":0.004687076082759286,"IAT_Max":0.016491450536705089,"IAT_Min":0.00015159394024522044,"received_addresses":21,"max_pkt_from_sameId":20,"has_attacker":0}
{"received packets":364,"IAT_Mean":0.00548894839186767,"IAT_Std":0.004764334365320411,"IAT_Max":0.016491275953740116,"IAT_Min":0.00015159364556893706,"received_addresses":20,"max_pkt_from_sameId":20,"has_attacker":0}
{"received packets":480,"IAT_Mean":0.004162442969777658,"IAT_Std":0.004570842655685075,"IAT_Max":0.016478273340908346,"IAT_Min":0.0001582553013577126,"received_addresses":21,"max_pkt_from_sameId":55,"has_attacker":1}
{"received packets":872,"IAT_Mean":0.0022914379939570487,"IAT_Std":0.00274471776549374,"IAT_Max":0.016491271988343216,"IAT_Min":0.00015131320105865598,"received_addresses":21,"max_pkt_from_sameId":476,"has_attacker":1}
{"received packets":1300,"IAT_Mean":0.0015370288255564028,"IAT_Std":0.0007298952696313236,"IAT_Max":0.004004999998869607,"IAT_Min":0.00011693072883645073,"received_addresses":18,"max_pkt_from_sameId":960,"has_attacker":1}
{"received packets":363,"IAT_Mean":0.005503467181197191,"IAT_Std":0.004768040153036463,"IAT_Max":0.016491256825247548,"IAT_Min":0.00010747321721282788,"received_addresses":19,"max_pkt_from_sameId":20,"has_attacker":1}
{"received packets":406,"IAT_Mean":0.004920577907621811,"IAT_Std":0.005426824649904316,"IAT_Max":0.018126885464880617,"IAT_Min":0.0001630408296477981,"received_addresses":20,"max_pkt_from_sameId":23,"has_attacker":1}
{"received packets":851,"IAT_Mean":0.0023479499770803094,"IAT_Std":0.002792915130669074,"IAT_Max":0.016515538623934846,"IAT_Min":0.00016301461073453538,"received_addresses":20,"max_pkt_from_sameId":467,"has_attacker":1}
{"received packets":382,"IAT_Mean":0.005229736173280356,"IAT_Std":0.005094332354513619,"IAT_Max":0.016489852401718964,"IAT_Min":0.00011443052062531933,"received_addresses":19,"max_pkt_from_sameId":22,"has_attacker":1}
{"received packets":390,"IAT_Mean":0.005122457998909223,"IAT_Std":0.004998943309024055,"IAT_Max":0.016491252070409247,"IAT_Min":0.0001630085098440759,"received_addresses":21,"max_pkt_from_sameId":20,"has_attacker":0}
{"received packets":424,"IAT_Mean":0.004711690760865716,"IAT_Std":0.004768701782780115,"IAT_Max":0.016491389855218587,"IAT_Min":0.00016300522111123428,"received_addresses":24,"max_pkt_from_sameId":20,"has_attacker":0}
{"received packets":1162,"IAT_Mean":0.0017192350592510394,"IAT_Std":0.0015042221174491457,"IAT_Max":0.011495016427943483,"IAT_Min":0.00016300028073601425,"received_addresses":23,"max_pkt_from_sameId":685,"has_attacker":1}
{"received packets":493,"IAT_Mean":0.004052254987941865,"IAT_Std":0.004519829832672109,"IAT_Max":0.018315289227757604,"IAT_Min":0.00016300156858051196,"received_addresses":22,"max_pkt_from_sameId":52,"has_attacker":1}
{"received packets":380,"IAT_Mean":0.0052572541981805299,"IAT_Std":0.0048771645526166159,"IAT_Max":0.01831542653235374,"IAT_Min":0.0002670014691830147,"received_addresses":19,"max_pkt_from_sameId":20,"has_attacker":0}
{"received packets":380,"IAT_Mean":0.005257271599389481,"IAT_Std":0.004876877018639875,"IAT_Max":0.018315554785658607,"IAT_Min":0.0002670014800969511,"received_addresses":19,"max_pkt_from_sameId":20,"has_attacker":0}
{"received packets":903,"IAT_Mean":0.002212748381183739,"IAT_Std":0.0028312734034882287,"IAT_Max":0.01831560161372181,"IAT_Min":0.00016300147035508417,"received_addresses":21,"max_pkt_from_sameId":483,"has_attacker":1}
{"received packets":1400,"IAT_Mean":0.0014272232574330702,"IAT_Std":0.0009470301261573842,"IAT_Max":0.011482010420877487,"IAT_Min":0.0001077882079698611,"received_addresses":21,"max_pkt_from_sameId":948,"has_attacker":1}
{"received packets":398,"IAT_Mean":0.005019495013854323,"IAT_Std":0.004809473410470907,"IAT_Max":0.018315656117920299,