{"received packets":480,"IAT_Mean":0.00416243205365087,"IAT_Std":0.004442956119880758,"IAT_Max":0.017955023038666697,"IAT_Min":0.00016422160479123704,"received_addresses":24,"max_pkt_from_sameId":20,"has_attacker":0}
{"received packets":480,"IAT_Mean":0.004162446324297283,"IAT_Std":0.004443987428036876,"IAT_Max":0.017954780156287599,"IAT_Min":0.0001642215902393218,"received_addresses":24,"max_pkt_from_sameId":20,"has_attacker":0}
{"received packets":510,"IAT_Mean":0.003917589118752992,"IAT_Std":0.003520817364200775,"IAT_Max":0.011818067421700107,"IAT_Min":0.00016425043213530444,"received_addresses":27,"max_pkt_from_sameId":20,"has_attacker":0}
{"received packets":560,"IAT_Mean":0.003567815906730435,"IAT_Std":0.003016111214746656,"IAT_Max":0.009757211733813165,"IAT_Min":0.00016431630501756445,"received_addresses":29,"max_pkt_from_sameId":20,"has_attacker":0}
{"received packets":590,"IAT_Mean":0.003386399808997817,"IAT_Std":0.002993818880411662,"IAT_Max":0.009757095522218151,"IAT_Min":0.00016442618652945384,"received_addresses":30,"max_pkt_from_sameId":20,"has_attacker":0}
{"received packets":520,"IAT_Mean":0.003842245823719937,"IAT_Std":0.0034037304935823958,"IAT_Max":0.011818143637356116,"IAT_Min":0.0001645750307943672,"received_addresses":26,"max_pkt_from_sameId":20,"has_attacker":0}
{"received packets":539,"IAT_Mean":0.003706810611140828,"IAT_Std":0.0031968251040781624,"IAT_Max":0.011818152226624079,"IAT_Min":0.00016474255608045496,"received_addresses":28,"max_pkt_from_sameId":20,"has_attacker":0}
{"received packets":1428,"IAT_Mean":0.0014003927189015977,"IAT_Std":0.001991803689287963,"IAT_Max":0.011818264254543465,"IAT_Min":0.0001629999969736673,"received_addresses":27,"max_pkt_from_sameId":477,"has_attacker":1}
{"received packets":2449,"IAT_Mean":0.0008165664450395739,"IAT_Std":0.0006921427745700561,"IAT_Max":0.0017883184336824343,"IAT_Min":0.0001629999969736673,"received_addresses":26,"max_pkt_from_sameId":999,"has_attacker":1}
{"received packets":590,"IAT_Mean":0.0033863951761551279,"IAT_Std":0.0036907914796096444,"IAT_Max":0.017985074893658749,"IAT_Min":0.00016300699280691333,"received_addresses":24,"max_pkt_from_sameId":153,"has_attacker":1}
{"received packets":540,"IAT_Mean":0.0036999472475886085,"IAT_Std":0.003984087182498576,"IAT_Max":0.01798525210324442,"IAT_Min":0.00016300652350764722,"received_addresses":20,"max_pkt_from_sameId":115,"has_attacker":1}
{"received packets":851,"IAT_Mean":0.0023479890907688418,"IAT_Std":0.002572560574076394,"IAT_Max":0.014384332640474895,"IAT_Min":0.00016300170318572782,"received_addresses":18,"max_pkt_from_sameId":490,"has_attacker":1}
