{"received packets":320,"IAT_Mean":0.006219848220780477,"IAT_Std":0.004661398695874721,"IAT_Max":0.015628956014552388,"IAT_Min":0.0010470008055563085,"received_addresses":16,"max_pkt_from_sameId":20,"has_attacker":0}
{"received packets":310,"IAT_Mean":0.006420468798704303,"IAT_Std":0.0046353537352895319,"IAT_Max":0.01562903523881687,"IAT_Min":0.0010470005763636437,"received_addresses":16,"max_pkt_from_sameId":20,"has_attacker":0}
{"received packets":251,"IAT_Mean":0.007929695728227989,"IAT_Std":0.00683610007977955,"IAT_Max":0.023687139993853635,"IAT_Min":0.0011510053554957267,"received_addresses":13,"max_pkt_from_sameId":20,"has_attacker":0}
{"received packets":497,"IAT_Mean":0.004020075700660981,"IAT_Std":0.003991506966063552,"IAT_Max":0.015406194303068333,"IAT_Min":0.00010833911437657662,"received_addresses":33,"max_pkt_from_sameId":20,"has_attacker":0}
{"received packets":581,"IAT_Mean":0.003438858168602203,"IAT_Std":0.003228994195825919,"IAT_Max":0.012773141432262492,"IAT_Min":0.00010824806304299273,"received_addresses":30,"max_pkt_from_sameId":20,"has_attacker":0}
{"received packets":133,"IAT_Mean":0.014919024646409991,"IAT_Std":0.008868177242834237,"IAT_Max":0.030226430033508224,"IAT_Min":0.0006960033315408509,"received_addresses":11,"max_pkt_from_sameId":20,"has_attacker":0}
{"received packets":59,"IAT_Mean":0.03352812040149297,"IAT_Std":0.026071189616228085,"IAT_Max":0.08722700381258619,"IAT_Min":0.012773035839927616,"received_addresses":4,"max_pkt_from_sameId":20,"has_attacker":0}
{"received packets":498,"IAT_Mean":0.004014839207404994,"IAT_Std":0.012338340605364219,"IAT_Max":0.08722619221589412,"IAT_Min":0.0007740356559224892,"received_addresses":2,"max_pkt_from_sameId":478,"has_attacker":1}
{"received packets":1020,"IAT_Mean":0.0019601878062138558,"IAT_Std":0.00020298227279890599,"IAT_Max":0.002196755478507839,"IAT_Min":0.0007610358115925919,"received_addresses":2,"max_pkt_from_sameId":1000,"has_attacker":1}
{"received packets":1,"IAT_Mean":2.0,"IAT_Std":0.0,"IAT_Max":2.0,"IAT_Min":2.0,"received_addresses":1,"max_pkt_from_sameId":1,"has_attacker":0}
{"received packets":10,"IAT_Mean":0.19146115533949344,"IAT_Std":0.27438266690451015,"IAT_Max":1.0146091559217894,"IAT_Min":0.09999453600175912,"received_addresses":1,"max_pkt_from_sameId":10,"has_attacker":0}
{"received packets":20,"IAT_Mean":0.09974712040857412,"IAT_Std":0.0011036241320866497,"IAT_Max":0.10001058836496668,"IAT_Min":0.09493656037011533,"received_addresses":1,"max_pkt_from_sameId":20,"has_attacker":0}
{"received packets":60,"IAT_Mean":0.033248939203258488,"IAT_Std":0.009814184947395666,"IAT_Max":0.04295960272065713,"IAT_Min":0.019747043457755355,"received_addresses":3,"max_pkt_from_sameId":20,"has_attacker":0}
{"received packets":108,"IAT_Mean":0.018471693060005405,"IAT_Std":0.013202391165704892,"IAT_Max":0.03788201091447263,"IAT_Min":0.0018318487891519908,"received_addresses":6,"max_pkt_from_sameId":20,"has_attacker":0}
{"received packets":1149,"IAT_Mean":0.0017390195641135132,"IAT_Std":0.0005304713999938408,"IAT_Max":0.0021142010409676006,"IAT_Min":0.0001591657564858906,"received_addresses":9,"max_pkt_from_sameId":999,"has_attacker":1}
{"received packets":671,"IAT_Mean":0.002977612674215348,"IAT_Std":0.0052424681065625969,"IAT_Max":0.033933017126400958,"IAT_Min":0.00011647951396298595,"received_addresses":9,"max_pkt_from_sameId":512,"has_attacker":1}
{"received packets":190,"IAT_Mean":0.010515667026553082,"IAT_Std":0.009883338932235834,"IAT_Max":0.03393421768487315,"IAT_Min":0.00015746895951451734,"received_addresses":10,"max_pkt_from_sameId":20,"has_attacker":0}
{"received packets":181,"IAT_Mean":0.011038519672459977,"IAT_Std":0.008160934908264984,"IAT_Max":0.022799643258622383,"IAT_Min":0.00017046896027750336,"received_addresses":10,"max_pkt_from_sameId":20,"has_attacker":0}
