{"received packets":95,"IAT_Mean":0.020639846461524844,"IAT_Std":0.10362573520539628,"IAT_Max":1.0144435921683908,"IAT_Min":0.0001651065431360621,"received_addresses":6,"max_pkt_from_sameId":47,"has_attacker":1}
{"received packets":172,"IAT_Mean":0.01139995262286014,"IAT_Std":0.016737827105348606,"IAT_Max":0.04360426696075592,"IAT_Min":0.0001650951016927138,"received_addresses":6,"max_pkt_from_sameId":72,"has_attacker":1}
{"received packets":104,"IAT_Mean":0.018853776928223783,"IAT_Std":0.018812336276069778,"IAT_Max":0.043603022018942286,"IAT_Min":0.0008134382223943248,"received_addresses":6,"max_pkt_from_sameId":20,"has_attacker":0}
{"received packets":103,"IAT_Mean":0.019036773830044447,"IAT_Std":0.018814663792529105,"IAT_Max":0.043603022018942286,"IAT_Min":0.0008133207593346015,"received_addresses":6,"max_pkt_from_sameId":20,"has_attacker":0}
{"received packets":112,"IAT_Mean":0.017507023289519049,"IAT_Std":0.016901192560380964,"IAT_Max":0.04361602201606729,"IAT_Min":0.0008133060437103268,"received_addresses":7,"max_pkt_from_sameId":20,"has_attacker":0}
{"received packets":162,"IAT_Mean":0.012103617470450972,"IAT_Std":0.013105730131538894,"IAT_Max":0.04252431902568787,"IAT_Min":0.0001650944395805709,"received_addresses":6,"max_pkt_from_sameId":62,"has_attacker":1}
{"received packets":131,"IAT_Mean":0.01496779416301883,"IAT_Std":0.01619779542489049,"IAT_Max":0.043603022018942286,"IAT_Min":0.0001650944432185497,"received_addresses":6,"max_pkt_from_sameId":31,"has_attacker":1}
{"received packets":100,"IAT_Mean":0.019607847216429946,"IAT_Std":0.01880700313888449,"IAT_Max":0.043603022018942286,"IAT_Min":0.002736776019446552,"received_addresses":5,"max_pkt_from_sameId":20,"has_attacker":0}
{"received packets":100,"IAT_Mean":0.019607847747465713,"IAT_Std":0.01880728341325011,"IAT_Max":0.043603022018942286,"IAT_Min":0.002728990661125863,"received_addresses":5,"max_pkt_from_sameId":20,"has_attacker":0}
{"received packets":134,"IAT_Mean":0.01463272130710191,"IAT_Std":0.015937468670459526,"IAT_Max":0.043603022018942286,"IAT_Min":0.00016508636326761916,"received_addresses":6,"max_pkt_from_sameId":34,"has_attacker":1}
{"received packets":257,"IAT_Mean":0.007696933128553033,"IAT_Std":0.009909813684362173,"IAT_Max":0.042524060347204798,"IAT_Min":0.000165068431670079,"received_addresses":7,"max_pkt_from_sameId":147,"has_attacker":1}
{"received packets":129,"IAT_Mean":0.015199887210197744,"IAT_Std":0.018426380428615047,"IAT_Max":0.04361602201606729,"IAT_Min":0.0009060017946467269,"received_addresses":7,"max_pkt_from_sameId":20,"has_attacker":0}
{"received packets":130,"IAT_Mean":0.015082986479879206,"IAT_Std":0.016269483653025869,"IAT_Max":0.04360945814551087,"IAT_Min":0.0015540011372650043,"received_addresses":7,"max_pkt_from_sameId":20,"has_attacker":0}
{"received packets":130,"IAT_Mean":0.015082974608706607,"IAT_Std":0.016268922753490519,"IAT_Max":0.04360559994893265,"IAT_Min":0.001554001632030122,"received_addresses":7,"max_pkt_from_sameId":20,"has_attacker":0}
{"received packets":670,"IAT_Mean":0.0029822540337523038,"IAT_Std":0.0025643450899252835,"IAT_Max":0.01616028057105723,"IAT_Min":0.00016496683747391216,"received_addresses":6,"max_pkt_from_sameId":570,"has_attacker":1}
{"received packets":364,"IAT_Mean":0.005386790943743068,"IAT_Std":0.007963697945513729,"IAT_Max":0.04252886468748329,"IAT_Min":0.0001649192054173909,"received_addresses":7,"max_pkt_from_sameId":254,"has_attacker":1}
{"received packets":130,"IAT_Mean":0.015082976822836478,"IAT_Std":0.01521628118114246,"IAT_Max":0.04252876609825762,"IAT_Min":0.0002799952453642618,"received_addresses":7,"max_pkt_from_sameId":20,"has_attacker":0}
{"received packets":140,"IAT_Mean":0.014005669903157728,"IAT_Std":0.015162714647936645,"IAT_Max":0.0425285732926568,"IAT_Min":0.0002800017209665384,"received_addresses":7,"max_pkt_from_sameId":20,"has_attacker":0}
{"received packets":554,"IAT_Mean":0.0036067013008984829,"IAT_Std":0.007800216971948241,"IAT_Max":0.043611858960503017,"IAT_Min":0.00016435443467344157,"received_addresses":7,"max_pkt_from_sameId":444,"has_attacker":1}
{"received packets":1007,"IAT_Mean":0.001984223724766319,"IAT_Std":0.0014392796645906689,"IAT_Max":0.012003969113720814,"IAT_Min":0.00010852105697267689,"received_addresses":7,"max_pkt_from_sameId":887,"has_attacker":1}
{"received packets":146,"IAT_Mean":0.013430029655665588,"IAT_Std":0.015060008755265135,"IAT_Max":0.04253374494146556,"IAT_Min":0.00010929118434432894,"received_addresses":7,"max_pkt_from_sameId":26,"has_attacker":1}
