{"received packets":20,"IAT_Mean":0.09689426744134835,"IAT_Std":0.21213951538864374,"IAT_Max":1.0146125091232535,"IAT_Min":0.023277373118617107,"received_addresses":2,"max_pkt_from_sameId":10,"has_attacker":0}
{"received packets":40,"IAT_Mean":0.04844725953598754,"IAT_Std":0.026929230613812344,"IAT_Max":0.07672910843393766,"IAT_Min":0.014617236698541092,"received_addresses":2,"max_pkt_from_sameId":20,"has_attacker":0}
{"received packets":30,"IAT_Mean":0.06382052102077675,"IAT_Std":0.03281320334400269,"IAT_Max":0.10000452521126135,"IAT_Min":0.014607921413698933,"received_addresses":2,"max_pkt_from_sameId":20,"has_attacker":0}
{"received packets":20,"IAT_Mean":0.09764986213231168,"IAT_Std":0.010242371522605064,"IAT_Max":0.10001058836496668,"IAT_Min":0.05300440138671547,"received_addresses":1,"max_pkt_from_sameId":20,"has_attacker":0}
{"received packets":20,"IAT_Mean":0.0976502053979857,"IAT_Std":0.010242470011628162,"IAT_Max":0.10000684665646986,"IAT_Min":0.05300431566502084,"received_addresses":1,"max_pkt_from_sameId":20,"has_attacker":0}
{"received packets":39,"IAT_Mean":0.050076859518855768,"IAT_Std":0.001049553358732412,"IAT_Max":0.05300234802416526,"IAT_Min":0.04904921946945251,"received_addresses":2,"max_pkt_from_sameId":20,"has_attacker":0}
{"received packets":40,"IAT_Mean":0.048824916793455488,"IAT_Std":0.007246683137477976,"IAT_Max":0.05094812346214894,"IAT_Min":0.003945721309719374,"received_addresses":2,"max_pkt_from_sameId":20,"has_attacker":0}
{"received packets":20,"IAT_Mean":0.09519735664671317,"IAT_Std":0.02093478982096148,"IAT_Max":0.10000718605806469,"IAT_Min":0.0039447240851586688,"received_addresses":1,"max_pkt_from_sameId":20,"has_attacker":0}
{"received packets":20,"IAT_Mean":0.09519742074135138,"IAT_Std":0.020934086901393337,"IAT_Max":0.10000945410138229,"IAT_Min":0.003947854718717281,"received_addresses":1,"max_pkt_from_sameId":20,"has_attacker":0}
{"received packets":20,"IAT_Mean":0.09519732822809601,"IAT_Std":0.020934824015311536,"IAT_Max":0.10001040626957547,"IAT_Min":0.00394454872366623,"received_addresses":1,"max_pkt_from_sameId":20,"has_attacker":0}
{"received packets":20,"IAT_Mean":0.0951976164313237,"IAT_Std":0.020935022495434824,"IAT_Max":0.10001093362734537,"IAT_Min":0.003943970830732724,"received_addresses":1,"max_pkt_from_sameId":20,"has_attacker":0}
{"received packets":20,"IAT_Mean":0.09519747088288569,"IAT_Std":0.020932921126139496,"IAT_Max":0.10001052181542036,"IAT_Min":0.003952985385694774,"received_addresses":1,"max_pkt_from_sameId":20,"has_attacker":0}
{"received packets":11,"IAT_Mean":0.0912680742238246,"IAT_Std":0.027613367812464434,"IAT_Max":0.10001058770285454,"IAT_Min":0.003946939476008993,"received_addresses":1,"max_pkt_from_sameId":11,"has_attacker":0}
{"received packets":10,"IAT_Mean":0.1997975788290205,"IAT_Std":0.2993910240610963,"IAT_Max":1.0979706508805976,"IAT_Min":0.09999045971198939,"received_addresses":1,"max_pkt_from_sameId":10,"has_attacker":0}
{"received packets":40,"IAT_Mean":0.04994928293635894,"IAT_Std":0.01963510154575011,"IAT_Max":0.06959105519854347,"IAT_Min":0.028388031794747805,"received_addresses":2,"max_pkt_from_sameId":20,"has_attacker":0}
{"received packets":59,"IAT_Mean":0.03386401375930784,"IAT_Std":0.026648319312301589,"IAT_Max":0.06958488820964704,"IAT_Min":0.005973053321213229,"received_addresses":4,"max_pkt_from_sameId":20,"has_attacker":0}
{"received packets":71,"IAT_Mean":0.028140521688789743,"IAT_Std":0.026157038490272095,"IAT_Max":0.06959031256701565,"IAT_Min":0.003949865120375762,"received_addresses":4,"max_pkt_from_sameId":20,"has_attacker":0}
{"received packets":69,"IAT_Mean":0.028956187681773293,"IAT_Std":0.026164831529940675,"IAT_Max":0.06959014837411815,"IAT_Min":0.004818121131393127,"received_addresses":4,"max_pkt_from_sameId":20,"has_attacker":0}
{"received packets":80,"IAT_Mean":0.024974631715576836,"IAT_Std":0.026003347690085163,"IAT_Max":0.06959033177190577,"IAT_Min":0.0027950711737503299,"received_addresses":4,"max_pkt_from_sameId":20,"has_attacker":0}
{"received packets":110,"IAT_Mean":0.018163359945802684,"IAT_Std":0.02133069988869251,"IAT_Max":0.06959049604847678,"IAT_Min":0.0027883123184437865,"received_addresses":7,"max_pkt_from_sameId":20,"has_attacker":0}
{"received packets":1145,"IAT_Mean":0.001745077840435216,"IAT_Std":0.000545879174982212,"IAT_Max":0.007322676312469412,"IAT_Min":0.0001381496331305243,"received_addresses":9,"max_pkt_from_sameId":995,"has_attacker":1}
{"received packets":145,"IAT_Mean":0.013779108679767073,"IAT_Std":0.017181605475819346,"IAT_Max":0.05481342405255418,"IAT_Min":0.00011012722461600788,"received_addresses":7,"max_pkt_from_sameId":25,"has_attacker":1}
{"received packets":126,"IAT_Mean":0.015660972287208545,"IAT_Std":0.013866702721127226,"IAT_Max":0.05963572479595314,"IAT_Min":0.001905001663544681,"received_addresses":7,"max_pkt_from_sameId":20,"has_attacker":0}
{"received packets":140,"IAT_Mean":0.014177890250279494,"IAT_Std":0.010550366220620805,"IAT_Max":0.03012217246578075,"IAT_Min":0.001907658781419741,"received_addresses":7,"max_pkt_from_sameId":20,"has_attacker":0}
{"received packets":1223,"IAT_Mean":0.0016337846169552683,"IAT_Std":0.0005735320188539536,"IAT_Max":0.007312591089430498,"IAT_Min":0.00021522288807318546,"received_addresses":21,"max_pkt_from_sameId":975,"has_attacker":1}
