{"received packets":40,"IAT_Mean":0.04987356553137943,"IAT_Std":0.007977220152138355,"IAT_Max":0.058073020558367719,"IAT_Min":0.04193200052759494,"received_addresses":2,"max_pkt_from_sameId":20,"has_attacker":0}
{"received packets":40,"IAT_Mean":0.049873542447403457,"IAT_Std":0.007970050280990403,"IAT_Max":0.05806870953529142,"IAT_Min":0.041932000898668778,"received_addresses":2,"max_pkt_from_sameId":20,"has_attacker":0}
{"received packets":40,"IAT_Mean":0.049873295047200377,"IAT_Std":0.007972356232383746,"IAT_Max":0.05806861788005335,"IAT_Min":0.04193203226532205,"received_addresses":2,"max_pkt_from_sameId":20,"has_attacker":0}
{"received packets":70,"IAT_Mean":0.028499163150887138,"IAT_Std":0.01230951855288713,"IAT_Max":0.04295682940573897,"IAT_Min":0.015107050279766554,"received_addresses":4,"max_pkt_from_sameId":20,"has_attacker":0}
{"received packets":80,"IAT_Mean":0.02493675959644861,"IAT_Std":0.014913634735435302,"IAT_Max":0.042957152996677908,"IAT_Min":0.00336105025417055,"received_addresses":4,"max_pkt_from_sameId":20,"has_attacker":0}
{"received packets":617,"IAT_Mean":0.003238466361392198,"IAT_Std":0.006123600907988764,"IAT_Max":0.037890450712438909,"IAT_Min":0.00016300007337122224,"received_addresses":7,"max_pkt_from_sameId":507,"has_attacker":1}
{"received packets":25,"IAT_Mean":0.07979774714302039,"IAT_Std":0.03917366509807813,"IAT_Max":0.10001052181542036,"IAT_Min":0.00011674499910441227,"received_addresses":2,"max_pkt_from_sameId":20,"has_attacker":1}
{"received packets":10,"IAT_Mean":0.09949325226371002,"IAT_Std":0.0015173445904199147,"IAT_Max":0.10001058769921656,"IAT_Min":0.0949412333429791,"received_addresses":1,"max_pkt_from_sameId":10,"has_attacker":0}
{"received packets":20,"IAT_Mean":0.0997466697179334,"IAT_Std":0.225341377016836,"IAT_Max":1.0741403584943328,"IAT_Min":0.02079342101205839,"received_addresses":2,"max_pkt_from_sameId":10,"has_attacker":0}
{"received packets":30,"IAT_Mean":0.06580493933870457,"IAT_Std":0.03298867290976235,"IAT_Max":0.10001159278544947,"IAT_Min":0.020794917279999937,"received_addresses":2,"max_pkt_from_sameId":20,"has_attacker":0}
{"received packets":20,"IAT_Mean":0.09870732496310666,"IAT_Std":0.0056348411912662339,"IAT_Max":0.10001037963593262,"IAT_Min":0.07414563197016833,"received_addresses":1,"max_pkt_from_sameId":20,"has_attacker":0}
{"received packets":20,"IAT_Mean":0.09870695644985972,"IAT_Std":0.005634701764573593,"IAT_Max":0.1000100576056866,"IAT_Min":0.07414587337189005,"received_addresses":1,"max_pkt_from_sameId":20,"has_attacker":0}
{"received packets":20,"IAT_Mean":0.09870692967961077,"IAT_Std":0.00563690225809309,"IAT_Max":0.10000961426339927,"IAT_Min":0.07413625591652817,"received_addresses":1,"max_pkt_from_sameId":20,"has_attacker":0}
{"received packets":20,"IAT_Mean":0.09870722166633642,"IAT_Std":0.005636574202619433,"IAT_Max":0.10000361685160897,"IAT_Min":0.07413797461413196,"received_addresses":1,"max_pkt_from_sameId":20,"has_attacker":0}
{"received packets":10,"IAT_Mean":0.09741476115123078,"IAT_Std":0.007755574510372868,"IAT_Max":0.10000944277635426,"IAT_Min":0.07414804634754546,"received_addresses":1,"max_pkt_from_sameId":10,"has_attacker":0}
