{"received packets":300,"IAT_Mean":0.006634504880142534,"IAT_Std":0.004961566350859809,"IAT_Max":0.01762367196715786,"IAT_Min":0.001047001078404719,"received_addresses":15,"max_pkt_from_sameId":20,"has_attacker":0}
{"received packets":290,"IAT_Mean":0.006863259865474839,"IAT_Std":0.004925673633314166,"IAT_Max":0.017623870266106679,"IAT_Min":0.0010470008492120542,"received_addresses":15,"max_pkt_from_sameId":20,"has_attacker":0}
{"received packets":251,"IAT_Mean":0.00792969586880471,"IAT_Std":0.0052357761765384979,"IAT_Max":0.01948100717709167,"IAT_Min":0.0011510048352647573,"received_addresses":13,"max_pkt_from_sameId":20,"has_attacker":0}
{"received packets":200,"IAT_Mean":0.00995170655880429,"IAT_Std":0.004909006139849159,"IAT_Max":0.019481004910630874,"IAT_Min":0.002971111658553127,"received_addresses":10,"max_pkt_from_sameId":20,"has_attacker":0}
{"received packets":150,"IAT_Mean":0.013318406330387613,"IAT_Std":0.004650582050016965,"IAT_Max":0.025605592640204124,"IAT_Min":0.006052031378203537,"received_addresses":8,"max_pkt_from_sameId":20,"has_attacker":0}
{"received packets":169,"IAT_Mean":0.011821021508409458,"IAT_Std":0.004678403905702161,"IAT_Max":0.02198074284751783,"IAT_Min":0.0026013569549832029,"received_addresses":9,"max_pkt_from_sameId":20,"has_attacker":0}
{"received packets":188,"IAT_Mean":0.010626358853051957,"IAT_Std":0.0064897906026561758,"IAT_Max":0.023674459178437247,"IAT_Min":0.002603649649245199,"received_addresses":10,"max_pkt_from_sameId":20,"has_attacker":0}
{"received packets":1106,"IAT_Mean":0.0018077664339591407,"IAT_Std":0.0035713519761330677,"IAT_Max":0.023687537188379794,"IAT_Min":0.0001630347869649995,"received_addresses":10,"max_pkt_from_sameId":478,"has_attacker":1}
{"received packets":2160,"IAT_Mean":0.0009256440871787938,"IAT_Std":0.00026134665066084153,"IAT_Max":0.0011778468178818003,"IAT_Min":0.0001630347869649995,"received_addresses":10,"max_pkt_from_sameId":1000,"has_attacker":1}
{"received packets":184,"IAT_Mean":0.010857375481227,"IAT_Std":0.01229605147535084,"IAT_Max":0.04165701776946662,"IAT_Min":0.00016320895156241022,"received_addresses":10,"max_pkt_from_sameId":20,"has_attacker":0}
{"received packets":180,"IAT_Mean":0.011098640919044556,"IAT_Std":0.011718024647144159,"IAT_Max":0.04166310781511129,"IAT_Min":0.00016320895156241022,"received_addresses":10,"max_pkt_from_sameId":20,"has_attacker":0}
{"received packets":219,"IAT_Mean":0.00912218942863696,"IAT_Std":0.007141497287621197,"IAT_Max":0.021987912561598934,"IAT_Min":0.00011539745537447743,"received_addresses":12,"max_pkt_from_sameId":20,"has_attacker":0}
{"received packets":1034,"IAT_Mean":0.001932404751314818,"IAT_Std":0.0019909638712832437,"IAT_Max":0.014044032988749678,"IAT_Min":0.00010651690172380768,"received_addresses":14,"max_pkt_from_sameId":706,"has_attacker":1}
{"received packets":730,"IAT_Mean":0.0027366626434417267,"IAT_Std":0.003872723049746209,"IAT_Max":0.020569208689266817,"IAT_Min":0.000115512859338196,"received_addresses":16,"max_pkt_from_sameId":418,"has_attacker":1}
{"received packets":303,"IAT_Mean":0.006593276170101504,"IAT_Std":0.006834965999209463,"IAT_Max":0.020572785469994416,"IAT_Min":0.00016320895156241022,"received_addresses":16,"max_pkt_from_sameId":20,"has_attacker":0}
{"received packets":330,"IAT_Mean":0.006053811280567474,"IAT_Std":0.005965632423288492,"IAT_Max":0.018935473875899335,"IAT_Min":0.00038450244755949825,"received_addresses":18,"max_pkt_from_sameId":20,"has_attacker":0}
{"received packets":788,"IAT_Mean":0.002535678502926235,"IAT_Std":0.003396714046240415,"IAT_Max":0.01893531893074396,"IAT_Min":0.00012813645298592746,"received_addresses":19,"max_pkt_from_sameId":422,"has_attacker":1}
{"received packets":1258,"IAT_Mean":0.0015883210935339885,"IAT_Std":0.0009501549095585223,"IAT_Max":0.005261189649900189,"IAT_Min":0.00011066030856454745,"received_addresses":19,"max_pkt_from_sameId":860,"has_attacker":1}
{"received packets":337,"IAT_Mean":0.005928054840061886,"IAT_Std":0.0065067369789818239,"IAT_Max":0.020567404480971164,"IAT_Min":0.00011693566921167076,"received_addresses":19,"max_pkt_from_sameId":20,"has_attacker":1}
{"received packets":353,"IAT_Mean":0.005659382980584089,"IAT_Std":0.005929899047909147,"IAT_Max":0.020567404480971164,"IAT_Min":0.0001247246254933998,"received_addresses":19,"max_pkt_from_sameId":20,"has_attacker":0}
{"received packets":362,"IAT_Mean":0.0055186765448173229,"IAT_Std":0.00553706661909124,"IAT_Max":0.01649140896188328,"IAT_Min":0.00012472461821744218,"received_addresses":19,"max_pkt_from_sameId":20,"has_attacker":0}
{"received packets":1263,"IAT_Mean":0.0015820382835341129,"IAT_Std":0.0009782910602512293,"IAT_Max":0.005261189649900189,"IAT_Min":0.0001282025004911702,"received_addresses":20,"max_pkt_from_sameId":848,"has_attacker":1}
{"received packets":804,"IAT_Mean":0.0024847693719095506,"IAT_Std":0.0032112789266963098,"IAT_Max":0.01648861500871135,"IAT_Min":0.00011035210263798945,"received_addresses":20,"max_pkt_from_sameId":421,"has_attacker":1}
{"received packets":370,"IAT_Mean":0.005399346410145832,"IAT_Std":0.005281158806160321,"IAT_Max":0.01648852711514337,"IAT_Min":0.00011757888933061622,"received_addresses":19,"max_pkt_from_sameId":20,"has_attacker":0}
{"received packets":370,"IAT_Mean":0.005399347731735041,"IAT_Std":0.005280782872186574,"IAT_Max":0.016491757502080874,"IAT_Min":0.0001199517646455206,"received_addresses":19,"max_pkt_from_sameId":20,"has_attacker":0}
{"received packets":832,"IAT_Mean":0.002401577822953326,"IAT_Std":0.0029229923935814108,"IAT_Max":0.015578044331050478,"IAT_Min":0.00011996721514151432,"received_addresses":23,"max_pkt_from_sameId":419,"has_attacker":1}
{"received packets":1260,"IAT_Mean":0.0015857979260920455,"IAT_Std":0.0009816425567708142,"IAT_Max":0.005267210464808159,"IAT_Min":0.0001087486234609969,"received_addresses":22,"max_pkt_from_sameId":836,"has_attacker":1}
{"received packets":422,"IAT_Mean":0.004734026751743,"IAT_Std":0.004949375424705403,"IAT_Max":0.016488502937136219,"IAT_Min":0.00011438697401899844,"received_addresses":21,"max_pkt_from_sameId":22,"has_attacker":1}
{"received packets":451,"IAT_Mean":0.004429620156619151,"IAT_Std":0.004253826468035099,"IAT_Max":0.015587366888212273,"IAT_Min":0.00012364485883153975,"received_addresses":24,"max_pkt_from_sameId":20,"has_attacker":0}
{"received packets":480,"IAT_Mean":0.004161993668086931,"IAT_Std":0.0041468788343932169,"IAT_Max":0.01558737632149132,"IAT_Min":0.00012019306086585857,"received_addresses":26,"max_pkt_from_sameId":20,"has_attacker":0}
{"received packets":572,"IAT_Mean":0.0034925721165182425,"IAT_Std":0.0039213766612387688,"IAT_Max":0.015580364826746518,"IAT_Min":0.00016303938537021168,"received_addresses":23,"max_pkt_from_sameId":86,"has_attacker":1}
{"received packets":512,"IAT_Mean":0.0039018787027629289,"IAT_Std":0.004299453816438036,"IAT_Max":0.015580243354634149,"IAT_Min":0.00012012144361506216,"received_addresses":23,"max_pkt_from_sameId":51,"has_attacker":1}
{"received packets":430,"IAT_Mean":0.0046459462130706229,"IAT_Std":0.004452713254547566,"IAT_Max":0.015577866754028947,"IAT_Min":0.00012014481399091892,"received_addresses":22,"max_pkt_from_sameId":20,"has_attacker":0}
{"received packets":410,"IAT_Mean":0.004872594077655444,"IAT_Std":0.004534485947545605,"IAT_Max":0.015577825819491409,"IAT_Min":0.00012018556662951596,"received_addresses":21,"max_pkt_from_sameId":20,"has_attacker":0}
{"received packets":775,"IAT_Mean":0.002578208939047463,"IAT_Std":0.0035058918648612337,"IAT_Max":0.020567398976709229,"IAT_Min":0.00012024997704429552,"received_addresses":17,"max_pkt_from_sameId":463,"has_attacker":1}
{"received packets":1140,"IAT_Mean":0.001752730514817813,"IAT_Std":0.0013134130130071007,"IAT_Max":0.011840289469546406,"IAT_Min":0.00010792774992296472,"received_addresses":11,"max_pkt_from_sameId":907,"has_attacker":1}
{"received packets":148,"IAT_Mean":0.013248539964430116,"IAT_Std":0.012650697901160397,"IAT_Max":0.04253374551626621,