{"received packets":20,"IAT_Mean":0.09771203390719166,"IAT_Std":0.009972956250050647,"IAT_Max":0.10001093770915759,"IAT_Min":0.05424093010879005,"received_addresses":1,"max_pkt_from_sameId":20,"has_attacker":0}
{"received packets":20,"IAT_Mean":0.09771257845877698,"IAT_Std":0.009970628548944323,"IAT_Max":0.1000109463748231,"IAT_Min":0.054251620877039389,"received_addresses":1,"max_pkt_from_sameId":20,"has_attacker":0}
{"received packets":20,"IAT_Mean":0.09771248841771012,"IAT_Std":0.009971088279998708,"IAT_Max":0.10001096217820305,"IAT_Min":0.054249526914645688,"received_addresses":1,"max_pkt_from_sameId":20,"has_attacker":0}
{"received packets":20,"IAT_Mean":0.09771240686677629,"IAT_Std":0.00997147997660817,"IAT_Max":0.10001096964333556,"IAT_Min":0.05424773799677496,"received_addresses":1,"max_pkt_from_sameId":20,"has_attacker":0}
{"received packets":39,"IAT_Mean":0.05010869991112999,"IAT_Std":0.0015802795535744845,"IAT_Max":0.05424607592067332,"IAT_Min":0.04854262262961129,"received_addresses":2,"max_pkt_from_sameId":20,"has_attacker":0}
{"received packets":31,"IAT_Mean":0.06304009900521769,"IAT_Std":0.026521528354116313,"IAT_Max":0.10000603107255302,"IAT_Min":0.002794919171719812,"received_addresses":3,"max_pkt_from_sameId":20,"has_attacker":0}
{"received packets":30,"IAT_Mean":0.03180800734141182,"IAT_Std":0.022390134061869364,"IAT_Max":0.06553227245240123,"IAT_Min":0.012662549455853878,"received_addresses":3,"max_pkt_from_sameId":10,"has_attacker":0}
{"received packets":30,"IAT_Mean":0.0651415893969291,"IAT_Std":0.026122987129782488,"IAT_Max":0.10001126116912929,"IAT_Min":0.010787026876641903,"received_addresses":2,"max_pkt_from_sameId":20,"has_attacker":0}
{"received packets":78,"IAT_Mean":0.02561502685659014,"IAT_Std":0.03315284404215446,"IAT_Max":0.1000031695512007,"IAT_Min":0.003309225710836472,"received_addresses":7,"max_pkt_from_sameId":20,"has_attacker":0}
{"received packets":1117,"IAT_Mean":0.0017888458046102854,"IAT_Std":0.0004935956385475669,"IAT_Max":0.003322225711599458,"IAT_Min":0.00016299998605973087,"received_addresses":7,"max_pkt_from_sameId":997,"has_attacker":1}
{"received packets":644,"IAT_Mean":0.0031024505411460835,"IAT_Std":0.007108636983462811,"IAT_Max":0.0567324746552913,"IAT_Min":0.00011076442388002761,"received_addresses":8,"max_pkt_from_sameId":514,"has_attacker":1}
{"received packets":110,"IAT_Mean":0.01764769138211374,"IAT_Std":0.021317565285178788,"IAT_Max":0.06154930494449218,"IAT_Min":0.002672210364835337,"received_addresses":6,"max_pkt_from_sameId":20,"has_attacker":0}
{"received packets":100,"IAT_Mean":0.019412519491997957,"IAT_Std":0.022338786412788509,"IAT_Max":0.061549694182758688,"IAT_Min":0.0026722162510850468,"received_addresses":5,"max_pkt_from_sameId":20,"has_attacker":0}
{"received packets":596,"IAT_Mean":0.003352535545807451,"IAT_Std":0.00828635970847632,"IAT_Max":0.061549993330118017,"IAT_Min":0.00021519810979953036,"received_addresses":6,"max_pkt_from_sameId":506,"has_attacker":1}
{"received packets":1110,"IAT_Mean":0.0018001021032899657,"IAT_Std":0.00044391213319667686,"IAT_Max":0.002009000178077258,"IAT_Min":0.00010718464181991294,"received_addresses":7,"max_pkt_from_sameId":1000,"has_attacker":1}
{"received packets":115,"IAT_Mean":0.017347324194048744,"IAT_Std":0.015330302334770389,"IAT_Max":0.0536925598680682,"IAT_Min":0.00010933395969914272,"received_addresses":6,"max_pkt_from_sameId":25,"has_attacker":1}
{"received packets":160,"IAT_Mean":0.01246834107430459,"IAT_Std":0.008320416186686766,"IAT_Max":0.02614944608649239,"IAT_Min":0.0016255546288448386,"received_addresses":8,"max_pkt_from_sameId":20,"has_attacker":0}
{"received packets":140,"IAT_Mean":0.014249535470766465,"IAT_Std":0.010250878562267535,"IAT_Max":0.032037954613770128,"IAT_Min":0.0027876777603523807,"received_addresses":7,"max_pkt_from_sameId":20,"has_attacker":0}
{"received packets":1096,"IAT_Mean":0.001823100741729546,"IAT_Std":0.00045148531758078947,"IAT_Max":0.007312006466236198,"IAT_Min":0.00021522304450627416,"received_addresses":7,"max_pkt_from_sameId":995,"has_attacker":1}
