{"received packets":460,"IAT_Mean":0.004343407479593778,"IAT_Std":0.0043570632186761899,"IAT_Max":0.017955029012227898,"IAT_Min":0.00016409094678238034,"received_addresses":23,"max_pkt_from_sameId":20,"has_attacker":0}
{"received packets":460,"IAT_Mean":0.0043434223335640609,"IAT_Std":0.00435812405026846,"IAT_Max":0.017954783328605119,"IAT_Min":0.00016412450349889696,"received_addresses":23,"max_pkt_from_sameId":20,"has_attacker":0}
{"received packets":480,"IAT_Mean":0.004162438550755117,"IAT_Std":0.004227929160756998,"IAT_Max":0.017954517523321557,"IAT_Min":0.0001641482776904013,"received_addresses":25,"max_pkt_from_sameId":20,"has_attacker":0}
{"received packets":540,"IAT_Mean":0.00369995734288548,"IAT_Std":0.0029860610576215014,"IAT_Max":0.009757179763255408,"IAT_Min":0.00016419104576925747,"received_addresses":27,"max_pkt_from_sameId":20,"has_attacker":0}
{"received packets":550,"IAT_Mean":0.003632683451690933,"IAT_Std":0.0029888170890731006,"IAT_Max":0.009757024159625871,"IAT_Min":0.00016427720038336702,"received_addresses":28,"max_pkt_from_sameId":20,"has_attacker":0}
{"received packets":550,"IAT_Mean":0.0036326686095509849,"IAT_Std":0.003229835148690378,"IAT_Max":0.009952000331395539,"IAT_Min":0.00016434651843155734,"received_addresses":28,"max_pkt_from_sameId":20,"has_attacker":0}
{"received packets":569,"IAT_Mean":0.003511372179582235,"IAT_Std":0.003204704224498964,"IAT_Max":0.009952000018529361,"IAT_Min":0.0001644577132537961,"received_addresses":30,"max_pkt_from_sameId":20,"has_attacker":0}
{"received packets":1424,"IAT_Mean":0.0014043265392001048,"IAT_Std":0.001944751647323396,"IAT_Max":0.00995138069265522,"IAT_Min":0.00016300000788760372,"received_addresses":27,"max_pkt_from_sameId":477,"has_attacker":1}
{"received packets":2442,"IAT_Mean":0.0008189072251788931,"IAT_Std":0.0006985914631735486,"IAT_Max":0.001991733344766544,"IAT_Min":0.0001629999969736673,"received_addresses":26,"max_pkt_from_sameId":999,"has_attacker":1}
{"received packets":538,"IAT_Mean":0.0037137042977198545,"IAT_Std":0.004112421504834913,"IAT_Max":0.017984598292969168,"IAT_Min":0.00016326154582202435,"received_addresses":22,"max_pkt_from_sameId":153,"has_attacker":1}
{"received packets":816,"IAT_Mean":0.0024486943026721409,"IAT_Std":0.00311611454950425,"IAT_Max":0.017984940775932047,"IAT_Min":0.0001630000042496249,"received_addresses":19,"max_pkt_from_sameId":384,"has_attacker":1}
{"received packets":1227,"IAT_Mean":0.001628474943928448,"IAT_Std":0.0007626531534533431,"IAT_Max":0.005844999988767086,"IAT_Min":0.0001630000006116461,"received_addresses":18,"max_pkt_from_sameId":928,"has_attacker":1}
{"received packets":1280,"IAT_Mean":0.0015610474143187502,"IAT_Std":0.0005859045376102854,"IAT_Max":0.0021339307677408216,"IAT_Min":0.00016315253378706984,"received_addresses":16,"max_pkt_from_sameId":980,"has_attacker":1}
{"received packets":866,"IAT_Mean":0.002307136102399769,"IAT_Std":0.002817015712783744,"IAT_Max":0.019786085988016567,"IAT_Min":0.00016316397159243934,"received_addresses":16,"max_pkt_from_sameId":490,"has_attacker":1}
{"received packets":474,"IAT_Mean":0.004215145338892068,"IAT_Std":0.004605621886020926,"IAT_Max":0.018695394093811048,"IAT_Min":0.0002089414410875179,"received_addresses":14,"max_pkt_from_sameId":214,"has_attacker":1}
