{"received packets":244,"IAT_Mean":0.007846103550588449,"IAT_Std":0.016867855593712283,"IAT_Max":0.08783143208711408,"IAT_Min":0.00033921248905244283,"received_addresses":4,"max_pkt_from_sameId":186,"has_attacker":1}
{"received packets":80,"IAT_Mean":0.02393057919880448,"IAT_Std":0.03569992750270879,"IAT_Max":0.08783201254118467,"IAT_Min":0.0010340003209421412,"received_addresses":4,"max_pkt_from_sameId":20,"has_attacker":0}
{"received packets":96,"IAT_Mean":0.020396430615884737,"IAT_Std":0.027496640317493126,"IAT_Max":0.08886670936408336,"IAT_Min":0.0006310978424153291,"received_addresses":7,"max_pkt_from_sameId":20,"has_attacker":0}
{"received packets":238,"IAT_Mean":0.008333509020792749,"IAT_Std":0.008339364033921717,"IAT_Max":0.02966950495101628,"IAT_Min":0.00016452294221380726,"received_addresses":11,"max_pkt_from_sameId":58,"has_attacker":1}
{"received packets":381,"IAT_Mean":0.005244041684481927,"IAT_Std":0.00480670123281955,"IAT_Max":0.015708245933637956,"IAT_Min":0.00012945355774718337,"received_addresses":18,"max_pkt_from_sameId":72,"has_attacker":1}
{"received packets":364,"IAT_Mean":0.0054889323350785219,"IAT_Std":0.004671690671875753,"IAT_Max":0.015585213703161572,"IAT_Min":0.0001257973453903105,"received_addresses":19,"max_pkt_from_sameId":20,"has_attacker":0}
{"received packets":361,"IAT_Mean":0.005534567826533857,"IAT_Std":0.0047563526036256838,"IAT_Max":0.01558531020054943,"IAT_Min":0.0001256042014574632,"received_addresses":19,"max_pkt_from_sameId":20,"has_attacker":0}
{"received packets":331,"IAT_Mean":0.006036186130866697,"IAT_Std":0.0058170401419440609,"IAT_Max":0.019319521306897515,"IAT_Min":0.00012541796604637057,"received_addresses":17,"max_pkt_from_sameId":20,"has_attacker":0}
{"received packets":385,"IAT_Mean":0.005189540060855034,"IAT_Std":0.005669358638586236,"IAT_Max":0.01932702482008608,"IAT_Min":0.00012870509817730635,"received_addresses":19,"max_pkt_from_sameId":23,"has_attacker":1}
{"received packets":1214,"IAT_Mean":0.001645909515953154,"IAT_Std":0.001026932594122717,"IAT_Max":0.007997001259354875,"IAT_Min":0.00011792218720074743,"received_addresses":22,"max_pkt_from_sameId":466,"has_attacker":1}
{"received packets":1304,"IAT_Mean":0.0015323141592266075,"IAT_Std":0.0007460589419266756,"IAT_Max":0.004005000129836844,"IAT_Min":0.00011715264190570451,"received_addresses":20,"max_pkt_from_sameId":940,"has_attacker":1}
{"received packets":420,"IAT_Mean":0.004756568485875808,"IAT_Std":0.004655541539142409,"IAT_Max":0.015577778602164472,"IAT_Min":0.00010766369814518839,"received_addresses":22,"max_pkt_from_sameId":20,"has_attacker":1}
{"received packets":819,"IAT_Mean":0.002439698220722419,"IAT_Std":0.003375110093667106,"IAT_Max":0.01812692476232769,"IAT_Min":0.00012022504597553052,"received_addresses":22,"max_pkt_from_sameId":406,"has_attacker":1}
{"received packets":768,"IAT_Mean":0.002601250575205919,"IAT_Std":0.0038674634531385024,"IAT_Max":0.016515241000888638,"IAT_Min":0.00010884281437029131,"received_addresses":22,"max_pkt_from_sameId":354,"has_attacker":1}
{"received packets":401,"IAT_Mean":0.004981943575371486,"IAT_Std":0.004977072523460234,"IAT_Max":0.016488401506649099,"IAT_Min":0.0001164313725894317,"received_addresses":21,"max_pkt_from_sameId":20,"has_attacker":1}
{"received packets":412,"IAT_Mean":0.004848929065798799,"IAT_Std":0.004879352483372439,"IAT_Max":0.016489300865941915,"IAT_Min":0.00012383629291434772,"received_addresses":23,"max_pkt_from_sameId":20,"has_attacker":0}
{"received packets":421,"IAT_Mean":0.004745266123860356,"IAT_Std":0.004803620784530108,"IAT_Max":0.016485516338434537,"IAT_Min":0.00012035715553793125,"received_addresses":24,"max_pkt_from_sameId":20,"has_attacker":0}
{"received packets":551,"IAT_Mean":0.003625682929916907,"IAT_Std":0.004027563632580972,"IAT_Max":0.01558028281579027,"IAT_Min":0.0001630394435778726,"received_addresses":22,"max_pkt_from_sameId":85,"has_attacker":1}
{"received packets":502,"IAT_Mean":0.003979605307947903,"IAT_Std":0.004313704225085796,"IAT_Max":0.01558022932294989,"IAT_Min":0.00012005179087282158,"received_addresses":23,"max_pkt_from_sameId":51,"has_attacker":1}
{"received packets":430,"IAT_Mean":0.0046459459321848179,"IAT_Std":0.00448076152100588,"IAT_Max":0.01557809723817627,"IAT_Min":0.00011991448627668433,"received_addresses":22,"max_pkt_from_sameId":20,"has_attacker":0}
{"received packets":408,"IAT_Mean":0.004896478831614884,"IAT_Std":0.004821528300944319,"IAT_Max":0.015578225487843156,"IAT_Min":0.00011978623660979792,"received_addresses":21,"max_pkt_from_sameId":20,"has_attacker":0}
{"received packets":909,"IAT_Mean":0.002198142667694141,"IAT_Std":0.0028020739074542647,"IAT_Max":0.015578272312268382,"IAT_Min":0.00011973940854659304,"received_addresses":22,"max_pkt_from_sameId":489,"has_attacker":1}
{"received packets":1410,"IAT_Mean":0.0014171010334290736,"IAT_Std":0.0009444670064906602,"IAT_Max":0.011482325517135905,"IAT_Min":0.00010768493666546419,"received_addresses":21,"max_pkt_from_sameId":948,"has_attacker":1}
{"received packets":458,"IAT_Mean":0.0043619195874501459,"IAT_Std":0.004288759451137646,"IAT_Max":0.01557832681646687,"IAT_Min":0.00010845713404705748,"received_addresses":24,"max_pkt_from_sameId":26,"has_attacker":1}
