{"received packets":560,"IAT_Mean":0.003567798833923267,"IAT_Std":0.0031569426197553057,"IAT_Max":0.0116940456427983,"IAT_Min":0.0001642606766836252,"received_addresses":28,"max_pkt_from_sameId":20,"has_attacker":0}
{"received packets":530,"IAT_Mean":0.003769762669273988,"IAT_Std":0.00341804729450779,"IAT_Max":0.011694054956024047,"IAT_Min":0.00016426737420260906,"received_addresses":27,"max_pkt_from_sameId":20,"has_attacker":0}
{"received packets":490,"IAT_Mean":0.004077490831473462,"IAT_Std":0.004004538833323139,"IAT_Max":0.02056138641637517,"IAT_Min":0.00016417878578067757,"received_addresses":27,"max_pkt_from_sameId":20,"has_attacker":0}
{"received packets":500,"IAT_Mean":0.003995954168894969,"IAT_Std":0.004273496518036614,"IAT_Max":0.020574257581756684,"IAT_Min":0.00016399572996306233,"received_addresses":25,"max_pkt_from_sameId":20,"has_attacker":0}
{"received packets":510,"IAT_Mean":0.003917600295558348,"IAT_Std":0.0032705075799245926,"IAT_Max":0.012377024122542935,"IAT_Min":0.00016381127352360636,"received_addresses":26,"max_pkt_from_sameId":20,"has_attacker":0}
{"received packets":520,"IAT_Mean":0.003842246367534804,"IAT_Std":0.0033651327581651158,"IAT_Max":0.012377071707305732,"IAT_Min":0.00016362475798814557,"received_addresses":26,"max_pkt_from_sameId":20,"has_attacker":0}
{"received packets":540,"IAT_Mean":0.0036999466924734646,"IAT_Std":0.0030918605613349076,"IAT_Max":0.009952001415513223,"IAT_Min":0.00016352983948308975,"received_addresses":27,"max_pkt_from_sameId":20,"has_attacker":0}
{"received packets":2328,"IAT_Mean":0.0008590041560187415,"IAT_Std":0.0015442730212553247,"IAT_Max":0.009951382060535252,"IAT_Min":0.00010828935410245322,"received_addresses":29,"max_pkt_from_sameId":468,"has_attacker":1}
{"received packets":4359,"IAT_Mean":0.0004587685853752722,"IAT_Std":0.00037562319289588254,"IAT_Max":0.0016231971785600763,"IAT_Min":0.0001078535569831729,"received_addresses":27,"max_pkt_from_sameId":984,"has_attacker":1}
{"received packets":485,"IAT_Mean":0.004119532769892458,"IAT_Std":0.00403297303365757,"IAT_Max":0.017984008311032086,"IAT_Min":0.00016304144082823768,"received_addresses":26,"max_pkt_from_sameId":29,"has_attacker":1}
{"received packets":379,"IAT_Mean":0.005271693065581369,"IAT_Std":0.004978119729068405,"IAT_Max":0.01798400143161416,"IAT_Min":0.00010677579120965675,"received_addresses":22,"max_pkt_from_sameId":20,"has_attacker":1}
{"received packets":791,"IAT_Mean":0.0025260933188247416,"IAT_Std":0.0032787539436181635,"IAT_Max":0.020339791415608489,"IAT_Min":0.00015354208153439686,"received_addresses":20,"max_pkt_from_sameId":480,"has_attacker":1}
{"received packets":510,"IAT_Mean":0.003917603504483921,"IAT_Std":0.004456099573362771,"IAT_Max":0.015996810860087863,"IAT_Min":0.00012894035899080336,"received_addresses":18,"max_pkt_from_sameId":98,"has_attacker":1}
{"received packets":921,"IAT_Mean":0.0021695375489620856,"IAT_Std":0.002578404505155385,"IAT_Max":0.01583819316874724,"IAT_Min":0.00016305218377965502,"received_addresses":20,"max_pkt_from_sameId":479,"has_attacker":1}
{"received packets":1309,"IAT_Mean":0.0015264653816340812,"IAT_Std":0.0007079904972951028,"IAT_Max":0.0040049997769529,"IAT_Min":0.00011408227874198928,"received_addresses":19,"max_pkt_from_sameId":960,"has_attacker":1}
{"received packets":348,"IAT_Mean":0.005741304681170481,"IAT_Std":0.0052838231403295669,"IAT_Max":0.020334837103291649,"IAT_Min":0.00011318425094941631,"received_addresses":20,"max_pkt_from_sameId":20,"has_attacker":1}
{"received packets":416,"IAT_Mean":0.0048028195546539098,"IAT_Std":0.004880773487858374,"IAT_Max":0.02033821137956693,"IAT_Min":0.00015179354886640795,"received_addresses":19,"max_pkt_from_sameId":38,"has_attacker":1}
{"received packets":466,"IAT_Mean":0.004287509034534411,"IAT_Std":0.004535743789300269,"IAT_Max":0.01763519158703275,"IAT_Min":0.00015179354886640795,"received_addresses":20,"max_pkt_from_sameId":58,"has_attacker":1}
{"received packets":368,"IAT_Mean":0.005429268444449126,"IAT_Std":0.004914508269540601,"IAT_Max":0.018310380681214157,"IAT_Min":0.00015159006579779088,"received_addresses":20,"max_pkt_from_sameId":20,"has_attacker":0}
{"received packets":375,"IAT_Mean":0.005327942662949984,"IAT_Std":0.004704149965450869,"IAT_Max":0.018310383162315703,"IAT_Min":0.00015158859969233163,"received_addresses":21,"max_pkt_from_sameId":20,"has_attacker":0}
{"received packets":364,"IAT_Mean":0.005488948394726082,"IAT_Std":0.004766053844181756,"IAT_Max":0.016491273516294315,"IAT_Min":0.00015158830137806945,"received_addresses":20,"max_pkt_from_sameId":20,"has_attacker":0}
{"received packets":470,"IAT_Mean":0.004251005588361914,"IAT_Std":0.004628604301483601,"IAT_Max":0.01649127066411893,"IAT_Min":0.00015824996080482379,"received_addresses":20,"max_pkt_from_sameId":55,"has_attacker":1}
{"received packets":872,"IAT_Mean":0.0022914379937693087,"IAT_Std":0.0027450758615721797,"IAT_Max":0.016491270314872965,"IAT_Min":0.00015130786050576717,"received_addresses":21,"max_pkt_from_sameId":476,"has_attacker":1}
{"received packets":1300,"IAT_Mean":0.0015370288258894176,"IAT_Std":0.000723599908963197,"IAT_Max":0.004004999998869607,"IAT_Min":0.0001169305651274044,"received_addresses":18,"max_pkt_from_sameId":960,"has_attacker":1}
{"received packets":363,"IAT_Mean":0.005463839051680984,"IAT_Std":0.005534719562800588,"IAT_Max":0.01994333812763216,"IAT_Min":0.0001074736428563483,"received_addresses":19,"max_pkt_from_sameId":20,"has_attacker":1}
{"received packets":396,"IAT_Mean":0.005008516317511841,"IAT_Std":0.006124589297967446,"IAT_Max":0.01994333812763216,"IAT_Min":0.00016304605378536507,"received_addresses":20,"max_pkt_from_sameId":23,"has_attacker":1}
{"received packets":431,"IAT_Mean":0.004601805407772088,"IAT_Std":0.005633412241537819,"IAT_Max":0.019935532422096004,"IAT_Min":0.00016301855066558346,"received_addresses":20,"max_pkt_from_sameId":37,"has_attacker":1}
{"received packets":365,"IAT_Mean":0.005433901937465959,"IAT_Std":0.005816252473727191,"IAT_Max":0.01994333812763216,"IAT_Min":0.0003841181496682111,"received_addresses":19,"max_pkt_from_sameId":20,"has_attacker":0}
{"received packets":382,"IAT_Mean":0.00519609321611429,"IAT_Std":0.00567167985498242,"IAT_Max":0.01994333813127014,"IAT_Min":0.00016301173309329897,"received_addresses":21,"max_pkt_from_sameId":20,"has_attacker":0}
{"received packets":415,"IAT_Mean":0.0047829057146789488,"IAT_Std":0.005458329893037014,"IAT_Max":0.01840933812854928,"IAT_Min":0.00016300787683576345,"received_addresses":23,"max_pkt_from_sameId":20,"has_attacker":0}
{"received packets":883,"IAT_Mean":0.00224945504996167,"IAT_Std":0.0028679294873311998,"IAT_Max":0.017622784172999674,"IAT_Min":0.0001629999969736673,"received_addresses":22,"max_pkt_from_sameId":407,"has_attacker":1}
{"received packets":492,"IAT_Mean":0.004034344914713976,"IAT_Std":0.0050284419116751349,"IAT_Max":0.01840933812854928,"IAT_Min":0.00016300001516356133,"received_addresses":22,"max_pkt_from_sameId":51,"has_attacker":1}
{"received packets":380,"IAT_Mean":0.005223435748140266,"IAT_Std":0.005525460465911641,"IAT_Max":0.01840933812854928,"IAT_Min":0.00026700000307755545,"received_addresses":19,"max_pkt_from_sameId":20,"has_attacker":0}
{"received packets":380,"IAT_Mean":0.00522341893881132,"IAT_Std":0.0055252011532914168,"IAT_Max":0.01840933812854928,"IAT_Min":0.00026700000671553425,"received_addresses":19,"max_pkt_from_sameId":20,"has_attacker":0}
{"received packets":892,"IAT_Mean":0.002240035643066091,"IAT_Std":0.0030981834725206556,"IAT_Max":0.01840933812854928,"IAT_Min":0.00016300000788760372,"received_addresses":21,"max_pkt_from_sameId":483,"has_attacker":1}
{"received packets":1390,"IAT_Mean":0.0014374910545438653,"IAT_Std":0.0009546303445685656,"IAT_Max":0.011840331801067805,"IAT_Min":0.00010779361400636844,"received_addresses":20,"max_pkt_from_sameId":948,"has_attacker":1}
{"received packets":396,"IAT_Mean":0.005037737385096952,"IAT_Std":0.005108033831230746,"IAT_Max":0.01840933812854928,