{"received packets":520,"IAT_Mean":0.0038422461405599069,"IAT_Std":0.0034036566753213629,"IAT_Max":0.012786630599293858,"IAT_Min":0.00011804955283878371,"received_addresses":26,"max_pkt_from_sameId":20,"has_attacker":0}
{"received packets":520,"IAT_Mean":0.0038422593199426886,"IAT_Std":0.003404790073942863,"IAT_Max":0.012773603670211742,"IAT_Min":0.0001148759329225868,"received_addresses":26,"max_pkt_from_sameId":20,"has_attacker":0}
{"received packets":540,"IAT_Mean":0.003699946452326441,"IAT_Std":0.0032767085537622156,"IAT_Max":0.012786502105882392,"IAT_Min":0.00011482942500151694,"received_addresses":28,"max_pkt_from_sameId":20,"has_attacker":0}
{"received packets":560,"IAT_Mean":0.003567817099695146,"IAT_Std":0.003148093643458177,"IAT_Max":0.012786322029569419,"IAT_Min":0.00010826438665390015,"received_addresses":28,"max_pkt_from_sameId":20,"has_attacker":0}
{"received packets":570,"IAT_Mean":0.003505222021850753,"IAT_Std":0.0029885885237273615,"IAT_Max":0.012773140984791099,"IAT_Min":0.00010821878095157444,"received_addresses":29,"max_pkt_from_sameId":20,"has_attacker":0}
{"received packets":589,"IAT_Mean":0.0033921365382146159,"IAT_Std":0.002799256413074591,"IAT_Max":0.00980141765830922,"IAT_Min":0.00011669016748783179,"received_addresses":30,"max_pkt_from_sameId":20,"has_attacker":0}
{"received packets":590,"IAT_Mean":0.003386392257367734,"IAT_Std":0.0029041378760980348,"IAT_Max":0.009952001189958537,"IAT_Min":0.00011258412632741965,"received_addresses":30,"max_pkt_from_sameId":20,"has_attacker":0}
{"received packets":2329,"IAT_Mean":0.0008586353809433698,"IAT_Std":0.001538221724213151,"IAT_Max":0.009951381889550249,"IAT_Min":0.00010809915329446085,"received_addresses":29,"max_pkt_from_sameId":468,"has_attacker":1}
{"received packets":4359,"IAT_Mean":0.0004587685959670568,"IAT_Std":0.0003756952319624165,"IAT_Max":0.001623043903236976,"IAT_Min":0.00010779689182527363,"received_addresses":27,"max_pkt_from_sameId":984,"has_attacker":1}
{"received packets":475,"IAT_Mean":0.004206259818916136,"IAT_Std":0.0040270501594116638,"IAT_Max":0.017984008340135916,"IAT_Min":0.00016306692850776017,"received_addresses":26,"max_pkt_from_sameId":29,"has_attacker":1}
{"received packets":379,"IAT_Mean":0.005271693118173681,"IAT_Std":0.00495272723894368,"IAT_Max":0.017984001453442035,"IAT_Min":0.00010675839075702243,"received_addresses":22,"max_pkt_from_sameId":20,"has_attacker":1}
{"received packets":791,"IAT_Mean":0.0025260933441066245,"IAT_Std":0.0032689255095549767,"IAT_Max":0.02033979140833253,"IAT_Min":0.0001535273331683129,"received_addresses":20,"max_pkt_from_sameId":480,"has_attacker":1}
{"received packets":510,"IAT_Mean":0.003917603543545827,"IAT_Std":0.004439490416114371,"IAT_Max":0.015996796118997737,"IAT_Min":0.0001289036517846398,"received_addresses":18,"max_pkt_from_sameId":98,"has_attacker":1}
{"received packets":921,"IAT_Mean":0.0021695375706754077,"IAT_Std":0.002573646795933954,"IAT_Max":0.015838178424019135,"IAT_Min":0.00016306692486978136,"received_addresses":20,"max_pkt_from_sameId":479,"has_attacker":1}
{"received packets":1309,"IAT_Mean":0.001526465396914148,"IAT_Std":0.00071803207984951,"IAT_Max":0.0040049997769529,"IAT_Min":0.00011410227671149187,"received_addresses":19,"max_pkt_from_sameId":960,"has_attacker":1}
{"received packets":348,"IAT_Mean":0.0057413047384163779,"IAT_Std":0.005274367538006426,"IAT_Max":0.020334836888650899,"IAT_Min":0.0001132042525568977,"received_addresses":20,"max_pkt_from_sameId":20,"has_attacker":1}
{"received packets":416,"IAT_Mean":0.0048028196025335589,"IAT_Std":0.004872528082373976,"IAT_Max":0.02033821100849309,"IAT_Min":0.0001517788041383028,"received_addresses":19,"max_pkt_from_sameId":38,"has_attacker":1}
{"received packets":476,"IAT_Mean":0.0041974353571735448,"IAT_Std":0.004513050530838335,"IAT_Max":0.01763515477796318,"IAT_Min":0.0001517788077762816,"received_addresses":20,"max_pkt_from_sameId":58,"has_attacker":1}
{"received packets":368,"IAT_Mean":0.005429268498583833,"IAT_Std":0.0049049115621746489,"IAT_Max":0.018310340645257385,"IAT_Min":0.00015157531743170694,"received_addresses":20,"max_pkt_from_sameId":20,"has_attacker":0}
{"received packets":376,"IAT_Mean":0.005313772655659086,"IAT_Std":0.0046789139297964189,"IAT_Max":0.016491409252921586,"IAT_Min":0.00015157385132624768,"received_addresses":21,"max_pkt_from_sameId":20,"has_attacker":0}
{"received packets":364,"IAT_Mean":0.005488948449455675,"IAT_Std":0.0047560052308946178,"IAT_Max":0.016491234589921079,"IAT_Min":0.0001515735566499643,"received_addresses":20,"max_pkt_from_sameId":20,"has_attacker":0}
{"received packets":470,"IAT_Mean":0.004251005630748237,"IAT_Std":0.004620503354624599,"IAT_Max":0.016491231275722386,"IAT_Min":0.00015823521971469745,"received_addresses":20,"max_pkt_from_sameId":55,"has_attacker":1}
{"received packets":882,"IAT_Mean":0.002265457993862397,"IAT_Std":0.0026941350323137324,"IAT_Max":0.015794266706507189,"IAT_Min":0.00015129311213968322,"received_addresses":22,"max_pkt_from_sameId":476,"has_attacker":1}
{"received packets":1300,"IAT_Mean":0.0015370288412752695,"IAT_Std":0.0007326166646219227,"IAT_Max":0.004005000002507586,"IAT_Min":0.00011695058492477983,"received_addresses":18,"max_pkt_from_sameId":960,"has_attacker":1}
{"received packets":363,"IAT_Mean":0.005503467206011614,"IAT_Std":0.004737118385776625,"IAT_Max":0.016491215756104795,"IAT_Min":0.0001074936481018085,"received_addresses":19,"max_pkt_from_sameId":20,"has_attacker":1}
{"received packets":396,"IAT_Mean":0.005044834948237603,"IAT_Std":0.005480475379623347,"IAT_Max":0.018935356682050043,"IAT_Min":0.00016306000179611146,"received_addresses":20,"max_pkt_from_sameId":23,"has_attacker":1}
{"received packets":428,"IAT_Mean":0.004667664241169065,"IAT_Std":0.0051030944498816279,"IAT_Max":0.01651552500698017,"IAT_Min":0.0001630274382478092,"received_addresses":20,"max_pkt_from_sameId":35,"has_attacker":1}
{"received packets":362,"IAT_Mean":0.005518671898334512,"IAT_Std":0.005087987107655809,"IAT_Max":0.016489838984853124,"IAT_Min":0.00038415432572946884,"received_addresses":19,"max_pkt_from_sameId":20,"has_attacker":0}
{"received packets":387,"IAT_Mean":0.005162166998911097,"IAT_Std":0.004680721062342807,"IAT_Max":0.01649124833420501,"IAT_Min":0.00016301865616696887,"received_addresses":22,"max_pkt_from_sameId":20,"has_attacker":0}
{"received packets":427,"IAT_Mean":0.0046785875681843078,"IAT_Std":0.0042705479005672318,"IAT_Max":0.016491388360009297,"IAT_Min":0.00016301345021929592,"received_addresses":24,"max_pkt_from_sameId":20,"has_attacker":0}
{"received packets":1276,"IAT_Mean":0.001565916366727554,"IAT_Std":0.0012586356596909355,"IAT_Max":0.011495036811538739,"IAT_Min":0.00016300001516356133,"received_addresses":23,"max_pkt_from_sameId":780,"has_attacker":1}
{"received packets":533,"IAT_Mean":0.0037481458125008914,"IAT_Std":0.004081285057651373,"IAT_Max":0.01649215073121013,"IAT_Min":0.00016300001880154014,"received_addresses":23,"max_pkt_from_sameId":62,"has_attacker":1}
{"received packets":400,"IAT_Mean":0.004994391510781498,"IAT_Std":0.004589802322568677,"IAT_Max":0.018315390047064285,"IAT_Min":0.00026700000671553425,"received_addresses":20,"max_pkt_from_sameId":20,"has_attacker":0}
{"received packets":390,"IAT_Mean":0.005122469786594873,"IAT_Std":0.004725930045524496,"IAT_Max":0.01831551829673117,"IAT_Min":0.00026700000671553425,"received_addresses":20,"max_pkt_from_sameId":20,"has_attacker":0}
{"received packets":905,"IAT_Mean":0.002207858316934454,"IAT_Std":0.0028235159937787504,"IAT_Max":0.018315565128432355,"IAT_Min":0.00016300001152558252,"received_addresses":21,"max_pkt_from_sameId":485,"has_attacker":1}
{"received packets":1390,"IAT_Mean":0.0014374910424652522,"IAT_Std":0.0009437239291181072,"IAT_Max":0.011482040019473061,"IAT_Min":0.00010777682837215252,"received_addresses":20,"max_pkt_from_sameId":948,"has_attacker":1}
{"received packets":397,"IAT_Mean":0.005032138600819381,"IAT_Std":0.004678599787971582,"IAT_Max":0.018315619628992864,