{"received packets":119,"IAT_Mean":0.01678974578109254,"IAT_Std":0.011649836570918568,"IAT_Max":0.0339352309347305,"IAT_Min":0.003361000337463338,"received_addresses":6,"max_pkt_from_sameId":20,"has_attacker":0}
{"received packets":1109,"IAT_Mean":0.0018017442639915508,"IAT_Std":0.0004745414409586629,"IAT_Max":0.0021589998905255927,"IAT_Min":0.0001631690356589388,"received_addresses":7,"max_pkt_from_sameId":999,"has_attacker":1}
{"received packets":672,"IAT_Mean":0.0029731827798589926,"IAT_Std":0.00437003050335675,"IAT_Max":0.022797481375164354,"IAT_Min":0.00011738919056369923,"received_addresses":9,"max_pkt_from_sameId":512,"has_attacker":1}
{"received packets":200,"IAT_Mean":0.009989887208939763,"IAT_Std":0.008089252548360628,"IAT_Max":0.022797481364250417,"IAT_Min":0.0012315251151449048,"received_addresses":10,"max_pkt_from_sameId":20,"has_attacker":0}
{"received packets":180,"IAT_Mean":0.011099848611552766,"IAT_Std":0.008028954521145909,"IAT_Max":0.02279964531044243,"IAT_Min":0.0012421489627740812,"received_addresses":9,"max_pkt_from_sameId":20,"has_attacker":0}
{"received packets":648,"IAT_Mean":0.003083540194202888,"IAT_Std":0.004424316946005295,"IAT_Max":0.02279964530316647,"IAT_Min":0.00016313447486027144,"received_addresses":9,"max_pkt_from_sameId":508,"has_attacker":1}
{"received packets":1130,"IAT_Mean":0.0017682632274729452,"IAT_Std":0.000520845947764097,"IAT_Max":0.0020093427556275857,"IAT_Min":0.00011704632197506726,"received_addresses":8,"max_pkt_from_sameId":1000,"has_attacker":1}
{"received packets":143,"IAT_Mean":0.013971832808454349,"IAT_Std":0.012857787109655106,"IAT_Max":0.0437358521267015,"IAT_Min":0.00010744763858383521,"received_addresses":7,"max_pkt_from_sameId":23,"has_attacker":1}
{"received packets":140,"IAT_Mean":0.0142712559237095,"IAT_Std":0.012836052780642578,"IAT_Max":0.04373532570753014,"IAT_Min":0.0033534078029333615,"received_addresses":7,"max_pkt_from_sameId":20,"has_attacker":0}
{"received packets":140,"IAT_Mean":0.014271224754676432,"IAT_Std":0.01747932122173465,"IAT_Max":0.0567332297541725,"IAT_Min":0.001906257548398571,"received_addresses":8,"max_pkt_from_sameId":20,"has_attacker":0}
{"received packets":1117,"IAT_Mean":0.0017888453439744244,"IAT_Std":0.0005050024833840649,"IAT_Max":0.006110692062065937,"IAT_Min":0.000163002925546607,"received_addresses":7,"max_pkt_from_sameId":997,"has_attacker":1}
{"received packets":634,"IAT_Mean":0.00315138401759555,"IAT_Std":0.006972474273231668,"IAT_Max":0.05481311150651891,"IAT_Min":0.00011024847117369063,"received_addresses":7,"max_pkt_from_sameId":514,"has_attacker":1}
{"received packets":310,"IAT_Mean":0.006445088733251454,"IAT_Std":0.010012645091785332,"IAT_Max":0.05481292879630928,"IAT_Min":0.00015215943130897358,"received_addresses":26,"max_pkt_from_sameId":20,"has_attacker":0}
{"received packets":812,"IAT_Mean":0.002460555325741028,"IAT_Std":0.005875542049633652,"IAT_Max":0.05177692503275466,"IAT_Min":0.00012889414574601687,"received_addresses":26,"max_pkt_from_sameId":490,"has_attacker":1}
{"received packets":666,"IAT_Mean":0.0030001680482039615,"IAT_Std":0.006395893871354785,"IAT_Max":0.05177704817833728,"IAT_Min":0.00014210956942406483,"received_addresses":9,"max_pkt_from_sameId":506,"has_attacker":1}
{"received packets":1150,"IAT_Mean":0.001737490507274861,"IAT_Std":0.0005194536181602968,"IAT_Max":0.002009000196267152,"IAT_Min":0.00010791933527798392,"received_addresses":9,"max_pkt_from_sameId":1000,"has_attacker":1}
{"received packets":145,"IAT_Mean":0.013779107827576808,"IAT_Std":0.016158536309784079,"IAT_Max":0.051773124247119998,"IAT_Min":0.00011008262299583293,"received_addresses":7,"max_pkt_from_sameId":25,"has_attacker":1}
{"received packets":70,"IAT_Mean":0.02849906258338056,"IAT_Std":0.021360987256245715,"IAT_Max":0.05177826506769634,"IAT_Min":0.0019050025912292768,"received_addresses":5,"max_pkt_from_sameId":20,"has_attacker":0}
{"received packets":63,"IAT_Mean":0.031700734030949657,"IAT_Std":0.021314864487483665,"IAT_Max":0.051776352807792139,"IAT_Min":0.002204031239671167,"received_addresses":4,"max_pkt_from_sameId":20,"has_attacker":0}
{"received packets":70,"IAT_Mean":0.02853080078701688,"IAT_Std":0.02114319927341573,"IAT_Max":0.0605350001824263,"IAT_Min":0.0022034678440832069,"received_addresses":4,"max_pkt_from_sameId":20,"has_attacker":0}
