{"received packets":460,"IAT_Mean":0.0043434073850458728,"IAT_Std":0.004695086963399173,"IAT_Max":0.017955027153220727,"IAT_Min":0.000164190903888084,"received_addresses":23,"max_pkt_from_sameId":20,"has_attacker":0}
{"received packets":469,"IAT_Mean":0.004260073028563987,"IAT_Std":0.0046315110932119659,"IAT_Max":0.0179547838124563,"IAT_Min":0.00016419105304521509,"received_addresses":24,"max_pkt_from_sameId":20,"has_attacker":0}
{"received packets":490,"IAT_Mean":0.004077490768707191,"IAT_Std":0.004490374514361518,"IAT_Max":0.017954521095816746,"IAT_Min":0.00016419672101619653,"received_addresses":26,"max_pkt_from_sameId":20,"has_attacker":0}
{"received packets":530,"IAT_Mean":0.0037697678111795059,"IAT_Std":0.003400575573932876,"IAT_Max":0.014080445798754227,"IAT_Min":0.0001642431743675843,"received_addresses":27,"max_pkt_from_sameId":20,"has_attacker":0}
{"received packets":570,"IAT_Mean":0.003505220827732078,"IAT_Std":0.0031141217728330977,"IAT_Max":0.00975703501899261,"IAT_Min":0.0001643189934839029,"received_addresses":29,"max_pkt_from_sameId":20,"has_attacker":0}
{"received packets":550,"IAT_Mean":0.0036326686517449246,"IAT_Std":0.00361046671334405,"IAT_Max":0.014080565222684527,"IAT_Min":0.00016445143410237506,"received_addresses":29,"max_pkt_from_sameId":20,"has_attacker":0}
{"received packets":539,"IAT_Mean":0.0037068104493553886,"IAT_Std":0.003600528744627696,"IAT_Max":0.014080596545682056,"IAT_Min":0.00016459172547911294,"received_addresses":27,"max_pkt_from_sameId":20,"has_attacker":0}
{"received packets":977,"IAT_Mean":0.0020468382127912497,"IAT_Std":0.002164099899104536,"IAT_Max":0.014107680141023593,"IAT_Min":0.00016300012794090435,"received_addresses":28,"max_pkt_from_sameId":465,"has_attacker":1}
{"received packets":1469,"IAT_Mean":0.0013613147602758412,"IAT_Std":0.0006990612921110842,"IAT_Max":0.002003589252126403,"IAT_Min":0.00016300010975101031,"received_addresses":26,"max_pkt_from_sameId":999,"has_attacker":1}
{"received packets":632,"IAT_Mean":0.00316160755380535,"IAT_Std":0.0036570601909229514,"IAT_Max":0.017984721409447958,"IAT_Min":0.00016300012430292554,"received_addresses":24,"max_pkt_from_sameId":153,"has_attacker":1}
{"received packets":849,"IAT_Mean":0.002353515286307858,"IAT_Std":0.003039957053117448,"IAT_Max":0.0179850862659805,"IAT_Min":0.0001630000042496249,"received_addresses":20,"max_pkt_from_sameId":412,"has_attacker":1}
{"received packets":1279,"IAT_Mean":0.0015622663635983684,"IAT_Std":0.0006210871617586286,"IAT_Max":0.00397929390965146,"IAT_Min":0.0001630000006116461,"received_addresses":18,"max_pkt_from_sameId":980,"has_attacker":1}
{"received packets":300,"IAT_Mean":0.006659925380190544,"IAT_Std":0.005589914128991209,"IAT_Max":0.02033283438140643,"IAT_Min":0.00021500199727597646,"received_addresses":15,"max_pkt_from_sameId":20,"has_attacker":0}
{"received packets":685,"IAT_Mean":0.0029169970087018326,"IAT_Std":0.004132741248467944,"IAT_Max":0.020333022952399916,"IAT_Min":0.0001630000006116461,"received_addresses":16,"max_pkt_from_sameId":309,"has_attacker":1}
