{"sendtime":25269.01,"rcvtime":25269.010112961576,"senderID":262,"messageID":6893924,"position":[5853.279216211777,5143.576934148898,0.0],"speed":[5.68747165170552,11.627901153056327,0.0],"heading":0.46176301342107597,"ddostype":0,"msgtype":0}
{"sendtime":25269.11,"rcvtime":25269.110111585516,"senderID":262,"messageID":6908470,"position":[5858.894008380947,5154.9747064939469,0.0],"speed":[5.653585590616745,11.37047486123359,0.0],"heading":0.46176301342107597,"ddostype":0,"msgtype":0}
{"sendtime":25269.21,"rcvtime":25269.210110209453,"senderID":262,"messageID":6923083,"position":[5858.894008380947,5154.9747064939469,0.0],"speed":[5.653585590616745,11.37047486123359,0.0],"heading":0.46176301342107597,"ddostype":0,"msgtype":0}
{"sendtime":25269.31,"rcvtime":25269.310108833386,"senderID":262,"messageID":6937508,"position":[5858.894008380947,5154.9747064939469,0.0],"speed":[5.653585590616745,11.37047486123359,0.0],"heading":0.46176301342107597,"ddostype":0,"msgtype":0}
{"sendtime":25269.41,"rcvtime":25269.410107457326,"senderID":262,"messageID":6951915,"position":[5858.894008380947,5154.9747064939469,0.0],"speed":[5.653585590616745,11.37047486123359,0.0],"heading":0.46176301342107597,"ddostype":0,"msgtype":0}
{"sendtime":25269.51,"rcvtime":25269.510106081263,"senderID":262,"messageID":6966387,"position":[5858.894008380947,5154.9747064939469,0.0],"speed":[5.653585590616745,11.37047486123359,0.0],"heading":0.46176301342107597,"ddostype":0,"msgtype":0}
{"sendtime":25269.61,"rcvtime":25269.6101177052,"senderID":262,"messageID":6981002,"position":[5858.894008380947,5154.9747064939469,0.0],"speed":[5.653585590616745,11.37047486123359,0.0],"heading":0.46176301342107597,"ddostype":0,"msgtype":0}
{"sendtime":25269.71,"rcvtime":25269.71011632914,"senderID":262,"messageID":6995470,"position":[5858.894008380947,5154.9747064939469,0.0],"speed":[5.653585590616745,11.37047486123359,0.0],"heading":0.46176301342107597,"ddostype":0,"msgtype":0}
{"sendtime":25269.81,"rcvtime":25269.810114953074,"senderID":262,"messageID":7009995,"position":[5858.894008380947,5154.9747064939469,0.0],"speed":[5.653585590616745,11.37047486123359,0.0],"heading":0.46176301342107597,"ddostype":0,"msgtype":0}
{"sendtime":25269.91,"rcvtime":25269.910113577014,"senderID":262,"messageID":7024541,"position":[5858.894008380947,5154.9747064939469,0.0],"speed":[5.653585590616745,11.37047486123359,0.0],"heading":0.46176301342107597,"ddostype":0,"msgtype":0}
{"sendtime":25270.01,"rcvtime":25270.01011215528,"senderID":262,"messageID":7039108,"position":[5858.894008380947,5154.9747064939469,0.0],"speed":[5.653585590616745,11.37047486123359,0.0],"heading":0.46185317368221209,"ddostype":0,"msgtype":0}
{"sendtime":25270.11,"rcvtime":25270.11011068789,"senderID":262,"messageID":7053828,"position":[5865.027174622172,5166.756115016862,0.0],"speed":[6.281685575275554,11.621820963655323,0.0],"heading":0.46185317368221209,"ddostype":0,"msgtype":0}
{"sendtime":25270.21,"rcvtime":25270.210109220494,"senderID":262,"messageID":7068483,"position":[5865.027174622172,5166.756115016862,0.0],"speed":[6.281685575275554,11.621820963655323,0.0],"heading":0.46185317368221209,"ddostype":0,"msgtype":0}
{"sendtime":25270.31,"rcvtime":25270.310107753103,"senderID":262,"messageID":7083146,"position":[5865.027174622172,5166.756115016862,0.0],"speed":[6.281685575275554,11.621820963655323,0.0],"heading":0.46185317368221209,"ddostype":0,"msgtype":0}
{"sendtime":25270.41,"rcvtime":25270.41010628571,"senderID":262,"messageID":7097869,"position":[5865.027174622172,5166.756115016862,0.0],"speed":[6.281685575275554,11.621820963655323,0.0],"heading":0.46185317368221209,"ddostype":0,"msgtype":0}
{"sendtime":25270.51,"rcvtime":25270.510117818314,"senderID":262,"messageID":7112716,"position":[5865.027174622172,5166.756115016862,0.0],"speed":[6.281685575275554,11.621820963655323,0.0],"heading":0.46185317368221209,"ddostype":0,"msgtype":0}
{"sendtime":25270.61,"rcvtime":25270.610116350923,"senderID":262,"messageID":7127445,"position":[5865.027174622172,5166.756115016862,0.0],"speed":[6.281685575275554,11.621820963655323,0.0],"heading":0.46185317368221209,"ddostype":0,"msgtype":0}
{"sendtime":25270.71,"rcvtime":25270.71011488353,"senderID":262,"messageID":7142189,"position":[5865.027174622172,5166.756115016862,0.0],"speed":[6.281685575275554,11.621820963655323,0.0],"heading":0.46185317368221209,"ddostype":0,"msgtype":0}
{"sendtime":25270.81,"rcvtime":25270.810113416137,"senderID":262,"messageID":7156789,"position":[5865.027174622172,5166.756115016862,0.0],"speed":[6.281685575275554,11.621820963655323,0.0],"heading":0.46185317368221209,"ddostype":0,"msgtype":0}
{"sendtime":25270.91,"rcvtime":25270.910111948742,"senderID":262,"messageID":7171483,"position":[5865.027174622172,5166.756115016862,0.0],"speed":[6.281685575275554,11.621820963655323,0.0],"heading":0.46185317368221209,"ddostype":0,"msgtype":0}
{"sendtime":25272.037774715423,"rcvtime":25272.03788298549,"senderID":328,"messageID":7329486,"position":[5863.809522971057,5157.403499005399,0.0],"speed":[6.864497855120676,13.639653004974179,0.0],"heading":0.4617306036104344,"ddostype":0,"msgtype":0}
{"sendtime":25272.137774715422,"rcvtime":25272.137889922564,"senderID":328,"messageID":7336609,"position":[5863.809522971057,5157.403499005399,0.0],"speed":[6.864497855120676,13.639653004974179,0.0],"heading":0.4617306036104344,"ddostype":0,"msgtype":0}
{"sendtime":25272.237774715424,"rcvtime":25272.237883859638,"senderID":328,"messageID":7343737,"position":[5863.809522971057,5157.403499005399,0.0],"speed":[6.864497855120676,13.639653004974179,0.0],"heading":0.4617306036104344,"ddostype":0,"msgtype":0}
{"sendtime":25272.337774715423,"rcvtime":25272.337890796713,"senderID":328,"messageID":7350860,"position":[5863.809522971057,5157.403499005399,0.0],"speed":[6.864497855120676,13.639653004974179,0.0],"heading":0.4617306036104344,"ddostype":0,"msgtype":0}
{"sendtime":25272.437774715425,"rcvtime":25272.437884733783,"senderID":328,"messageID":7357988,"position":[5863.809522971057,5157.403499005399,0.0],"speed":[6.864497855120676,13.639653004974179,0.0],"heading":0.4617306036104344,"ddostype":0,"msgtype":0}
{"sendtime":25272.537774715423,"rcvtime":25272.537891670858,"senderID":328,"messageID":7365143,"position":[5863.809522971057,5157.403499005399,0.0],"speed":[6.864497855120676,13.639653004974179,0.0],"heading":0.4617306036104344,"ddostype":0,"msgtype":0}
{"sendtime":25272.637774715422,"rcvtime":25272.637885607932,"senderID":328,"messageID":7372266,"position":[5863.809522971057,5157.403499005399,0.0],"speed":[6.864497855120676,13.639653004974179,0.0],"heading":0.4617306036104344,"ddostype":0,"msgtype":0}
{"sendtime":25272.737774715424,"rcvtime":25272.737892545007,"senderID":328,"messageID":7379394,"position":[5863.809522971057,5157.403499005399,0.0],"speed":[6.864497855120676,13.639653004974179,0.0],"heading":0.4617306036104344,"ddostype":0,"msgtype":0}
{"sendtime":25272.837774715423,"rcvtime":25272.83788648208,"senderID":328,"messageID":7386517,"position":[5863.809522971057,5157.403499005399,0.0],"speed":[6.864497855120676,13.639653004974179,0.0],"heading":0.4617306036104344,"ddostype":0,"msgtype":0}
{"sendtime":25272.937774715425,"rcvtime":25272.937880419155,"senderID":328,"messageID":7393645,"position":[5863.809522971057,5157.403499005399,0.0],"speed":[6.864497855120676,13.639653004974179,0.0],"heading":0.4617306036104344,"ddostype":0,"msgtype":0}
{"sendtime":25273.037774715423,"rcvtime":25273.037887305894,"senderID":328,"messageID":7400762,"position":[5870.8029266043999,5170.288591184407,0.0],"speed":[7.234195221050307,12.867848495493396,0.0],"heading":0.46173462018485919,"ddostype":0,"msgtype":0}
{"sendtime":25273.137774715422,"rcvtime":25273.13788159635,"senderID":328,"messageID":7407958,"position":[5870.8029266043999,5170.288591184407,0.0],"speed":[7.234195221050307,12.867848495493396,0.0],"heading":0.46173462018485919,"ddostype":0,"msgtype":0}
{"sendtime":25273.237774715424,"rcvtime":25273.23788888681,