{"received packets":306,"IAT_Mean":0.006528629087863449,"IAT_Std":0.005827090767732853,"IAT_Max":0.019313472213980277,"IAT_Min":0.0006310112912615296,"received_addresses":17,"max_pkt_from_sameId":20,"has_attacker":0}
{"received packets":330,"IAT_Mean":0.0060538175634119949,"IAT_Std":0.0056209386043500788,"IAT_Max":0.018318916372663808,"IAT_Min":0.0006310112439678051,"received_addresses":17,"max_pkt_from_sameId":20,"has_attacker":0}
{"received packets":349,"IAT_Mean":0.0057242348142983799,"IAT_Std":0.005971331981931246,"IAT_Max":0.019320826613693499,"IAT_Min":0.000269067630142672,"received_addresses":19,"max_pkt_from_sameId":20,"has_attacker":0}
{"received packets":1307,"IAT_Mean":0.0015287760210970755,"IAT_Std":0.0006255592477538888,"IAT_Max":0.003907004833308747,"IAT_Min":0.00016353820683434606,"received_addresses":17,"max_pkt_from_sameId":996,"has_attacker":1}
{"received packets":845,"IAT_Mean":0.0023642160462140806,"IAT_Std":0.0031973491418612897,"IAT_Max":0.019326389188790928,"IAT_Min":0.00010641919288900681,"received_addresses":18,"max_pkt_from_sameId":515,"has_attacker":1}
{"received packets":360,"IAT_Mean":0.005549325972333463,"IAT_Std":0.0053218788252156709,"IAT_Max":0.018315517063456356,"IAT_Min":0.0002684416285774205,"received_addresses":18,"max_pkt_from_sameId":20,"has_attacker":0}
{"received packets":380,"IAT_Mean":0.005257273479046968,"IAT_Std":0.005191106737922521,"IAT_Max":0.01831558319827309,"IAT_Min":0.00026836029428523034,"received_addresses":21,"max_pkt_from_sameId":20,"has_attacker":0}
{"received packets":883,"IAT_Mean":0.0022628685543015665,"IAT_Std":0.0028013447342616676,"IAT_Max":0.01762924847571412,"IAT_Min":0.00016341268928954378,"received_addresses":21,"max_pkt_from_sameId":485,"has_attacker":1}
{"received packets":905,"IAT_Mean":0.002207464035508771,"IAT_Std":0.002750738255357056,"IAT_Max":0.017630236310651527,"IAT_Min":0.00010893311264226213,"received_addresses":22,"max_pkt_from_sameId":495,"has_attacker":1}
{"received packets":1355,"IAT_Mean":0.0014746262658569135,"IAT_Std":0.0006003597247695415,"IAT_Max":0.003908046150172595,"IAT_Min":0.00021522308088606223,"received_addresses":20,"max_pkt_from_sameId":975,"has_attacker":1}
