{"received packets":240,"IAT_Mean":0.008293127423576153,"IAT_Std":0.007963372771761199,"IAT_Max":0.025669053924502806,"IAT_Min":0.001151049062173115,"received_addresses":12,"max_pkt_from_sameId":20,"has_attacker":0}
