{"received packets":560,"IAT_Mean":0.0035674147811537947,"IAT_Std":0.0031591703181552109,"IAT_Max":0.011694056171108969,"IAT_Min":0.00016426295769633725,"received_addresses":28,"max_pkt_from_sameId":20,"has_attacker":0}
{"received packets":540,"IAT_Mean":0.0036995539457940916,"IAT_Std":0.0033939480705854647,"IAT_Max":0.011694085438648472,"IAT_Min":0.00016427189621026628,"received_addresses":27,"max_pkt_from_sameId":20,"has_attacker":0}
{"received packets":550,"IAT_Mean":0.003632282488390708,"IAT_Std":0.003276319213419646,"IAT_Max":0.011694085209455807,"IAT_Min":0.00016432280608569272,"received_addresses":29,"max_pkt_from_sameId":20,"has_attacker":0}
{"received packets":570,"IAT_Mean":0.003504845368744307,"IAT_Std":0.003026491894666215,"IAT_Max":0.009952067375706975,"IAT_Min":0.00016439545288449153,"received_addresses":29,"max_pkt_from_sameId":20,"has_attacker":0}
{"received packets":590,"IAT_Mean":0.0033860353166269539,"IAT_Std":0.002898042267486809,"IAT_Max":0.009757025181897916,"IAT_Min":0.00016442094420199282,"received_addresses":30,"max_pkt_from_sameId":20,"has_attacker":0}
{"received packets":609,"IAT_Mean":0.003280382110619081,"IAT_Std":0.003012934327573964,"IAT_Max":0.00995200194302015,"IAT_Min":0.0001644252442929428,"received_addresses":31,"max_pkt_from_sameId":20,"has_attacker":0}
{"received packets":600,"IAT_Mean":0.003329592860336561,"IAT_Std":0.003140348851619565,"IAT_Max":0.009952000487828628,"IAT_Min":0.00016442633568658493,"received_addresses":30,"max_pkt_from_sameId":20,"has_attacker":0}
{"received packets":1473,"IAT_Mean":0.001357611059304552,"IAT_Std":0.0018842330107444288,"IAT_Max":0.009951380729035009,"IAT_Min":0.00016300012794090435,"received_addresses":30,"max_pkt_from_sameId":477,"has_attacker":1}
{"received packets":2480,"IAT_Mean":0.0008063595152752016,"IAT_Std":0.000682901890316452,"IAT_Max":0.0020035889974678868,"IAT_Min":0.00016300009519909509,"received_addresses":29,"max_pkt_from_sameId":993,"has_attacker":1}
{"received packets":929,"IAT_Mean":0.0021508459285737707,"IAT_Std":0.0028733319297000396,"IAT_Max":0.017984186444664375,"IAT_Min":0.00012738118311972357,"received_addresses":25,"max_pkt_from_sameId":481,"has_attacker":1}
{"received packets":682,"IAT_Mean":0.0029292609620862146,"IAT_Std":0.003775053484197193,"IAT_Max":0.017984373658691767,"IAT_Min":0.00016300001516356133,"received_addresses":22,"max_pkt_from_sameId":309,"has_attacker":1}
{"received packets":829,"IAT_Mean":0.0024103005084489864,"IAT_Std":0.0031133804660897987,"IAT_Max":0.020339863647677704,"IAT_Min":0.00011943112622248009,"received_addresses":20,"max_pkt_from_sameId":490,"has_attacker":1}
{"received packets":1340,"IAT_Mean":0.0014911501019095842,"IAT_Std":0.0006234311780250077,"IAT_Max":0.002133103767846478,"IAT_Min":0.00021697421470889822,"received_addresses":19,"max_pkt_from_sameId":980,"has_attacker":1}
{"received packets":1394,"IAT_Mean":0.0014333877401365304,"IAT_Std":0.0007088330382630437,"IAT_Max":0.004922009742585942,"IAT_Min":0.00016310363207594492,"received_addresses":19,"max_pkt_from_sameId":499,"has_attacker":1}
{"received packets":1397,"IAT_Mean":0.0014303088472261855,"IAT_Std":0.0016329229580081069,"IAT_Max":0.01853119563747896,"IAT_Min":0.00011250975148868747,"received_addresses":18,"max_pkt_from_sameId":864,"has_attacker":1}
{"received packets":346,"IAT_Mean":0.005773868015386915,"IAT_Std":0.005333459639705953,"IAT_Max":0.02033491244947072,"IAT_Min":0.0001114595761464443,"received_addresses":18,"max_pkt_from_sameId":21,"has_attacker":1}
{"received packets":340,"IAT_Mean":0.005875756585331093,"IAT_Std":0.005323080054886182,"IAT_Max":0.02033821936129243,"IAT_Min":0.00031711914198240265,"received_addresses":17,"max_pkt_from_sameId":20,"has_attacker":0}
{"received packets":379,"IAT_Mean":0.005271143837396355,"IAT_Std":0.00496607256199357,"IAT_Max":0.01831555666285567,"IAT_Min":0.000317130601615645,"received_addresses":19,"max_pkt_from_sameId":20,"has_attacker":0}
{"received packets":1379,"IAT_Mean":0.0014489726331653958,"IAT_Std":0.00061836070024451,"IAT_Max":0.002113895487127593,"IAT_Min":0.000228000102652004,"received_addresses":20,"max_pkt_from_sameId":999,"has_attacker":1}
{"received packets":892,"IAT_Mean":0.0022396443978506608,"IAT_Std":0.0024910492148777156,"IAT_Max":0.014385053302248707,"IAT_Min":0.00011626113700913265,"received_addresses":20,"max_pkt_from_sameId":512,"has_attacker":1}
{"received packets":420,"IAT_Mean":0.004756575047524946,"IAT_Std":0.004017386566218234,"IAT_Max":0.014385053302248707,"IAT_Min":0.000320634942909237,"received_addresses":22,"max_pkt_from_sameId":20,"has_attacker":0}
{"received packets":440,"IAT_Mean":0.004540356660924193,"IAT_Std":0.003952529535888784,"IAT_Max":0.014395215068361722,"IAT_Min":0.00031765909443493,"received_addresses":22,"max_pkt_from_sameId":20,"has_attacker":0}
{"received packets":937,"IAT_Mean":0.002132479529613825,"IAT_Std":0.002405778894656732,"IAT_Max":0.014395215061085765,"IAT_Min":0.00016300001152558252,"received_addresses":23,"max_pkt_from_sameId":508,"has_attacker":1}
{"received packets":1391,"IAT_Mean":0.0014364750601693479,"IAT_Std":0.0006360174903719063,"IAT_Max":0.002009000236284919,"IAT_Min":0.0001163193883257918,"received_addresses":22,"max_pkt_from_sameId":1000,"has_attacker":1}
{"received packets":166,"IAT_Mean":0.011898656792956066,"IAT_Std":0.008562890613857696,"IAT_Max":0.027621973338682439,"IAT_Min":0.00010680843479349278,"received_addresses":11,"max_pkt_from_sameId":20,"has_attacker":1}
{"received packets":150,"IAT_Mean":0.013299594701165915,"IAT_Std":0.013271661641020885,"IAT_Max":0.04855232582121971,"IAT_Min":0.0027897298787138426,"received_addresses":8,"max_pkt_from_sameId":20,"has_attacker":0}
{"received packets":150,"IAT_Mean":0.013299565696094458,"IAT_Std":0.016164433891170714,"IAT_Max":0.053696571398177187,"IAT_Min":0.0019066603199462407,"received_addresses":8,"max_pkt_from_sameId":20,"has_attacker":0}
{"received packets":1147,"IAT_Mean":0.001742058281352263,"IAT_Std":0.0004978115669721167,"IAT_Max":0.003322000957268756,"IAT_Min":0.0002153356581402477,"received_addresses":9,"max_pkt_from_sameId":997,"has_attacker":1}
{"received packets":665,"IAT_Mean":0.002999911103365878,"IAT_Std":0.006390259332660072,"IAT_Max":0.051775945135887017,"IAT_Min":0.00011084800280514173,"received_addresses":9,"max_pkt_from_sameId":505,"has_attacker":1}
{"received packets":80,"IAT_Mean":0.02493676172848609,"IAT_Std":0.02416274713165107,"IAT_Max":0.06655414773194934,"IAT_Min":0.0027950506228080487,"received_addresses":4,"max_pkt_from_sameId":20,"has_attacker":0}
{"received packets":90,"IAT_Mean":0.022165937458218347,"IAT_Std":0.01920910429932078,"IAT_Max":0.06655402681280975,"IAT_Min":0.0027950763833359817,"received_addresses":5,"max_pkt_from_sameId":20,"has_attacker":0}
{"received packets":90,"IAT_Mean":0.02216592516920678,"IAT_Std":0.019208480865003934,"IAT_Max":0.06655317483455292,"IAT_Min":0.002788477806461742,"received_addresses":5,"max_pkt_from_sameId":20,"has_attacker":0}
{"received packets":80,"IAT_Mean":0.024936743556554575,"IAT_Std":0.02416329773337703,"IAT_Max":0.0665571267309133,"IAT_Min":0.002787464854918653,"received_addresses":4,"max_pkt_from_sameId":20,"has_attacker":0}
{"received packets":60,"IAT_Mean":0.033249038253052278,"IAT_Std":0.024672076164436019,"IAT_Max":0.06655172934188158,"IAT_Min":0.002789622183627216,"received_addresses":3,"max_pkt_from_sameId":20,"has_attacker":0}
