{"received packets":118,"IAT_Mean":0.01693015167429467,"IAT_Std":0.021004203003349318,"IAT_Max":0.07798467688189703,"IAT_Min":0.0006312492660072167,"received_addresses":8,"max_pkt_from_sameId":20,"has_attacker":0}
{"received packets":150,"IAT_Mean":0.013318373802224717,"IAT_Std":0.011118814289366942,"IAT_Max":0.036458999682508878,"IAT_Min":0.00010733768067439087,"received_addresses":8,"max_pkt_from_sameId":20,"has_attacker":0}
{"received packets":160,"IAT_Mean":0.012486000522153518,"IAT_Std":0.010827099004383105,"IAT_Max":0.03659294337921892,"IAT_Min":0.00011607127453316934,"received_addresses":8,"max_pkt_from_sameId":20,"has_attacker":0}
{"received packets":1140,"IAT_Mean":0.0017527254161298818,"IAT_Std":0.0005044671947472751,"IAT_Max":0.0021592452430923005,"IAT_Min":0.00010708481568144634,"received_addresses":8,"max_pkt_from_sameId":1000,"has_attacker":1}
{"received packets":534,"IAT_Mean":0.003741131309434695,"IAT_Std":0.006022523122110453,"IAT_Max":0.036591957901691788,"IAT_Min":0.00011597482080105692,"received_addresses":9,"max_pkt_from_sameId":385,"has_attacker":1}
{"received packets":210,"IAT_Mean":0.00951315697126293,"IAT_Std":0.009085444155911022,"IAT_Max":0.03659260853601154,"IAT_Min":0.0006311394281510729,"received_addresses":11,"max_pkt_from_sameId":20,"has_attacker":0}
{"received packets":250,"IAT_Mean":0.00799103163604741,"IAT_Std":0.006974916328168993,"IAT_Max":0.021818092151079328,"IAT_Min":0.0006311377910606097,"received_addresses":13,"max_pkt_from_sameId":20,"has_attacker":0}
{"received packets":767,"IAT_Mean":0.002605103991387732,"IAT_Std":0.00368268524664775,"IAT_Max":0.02033820555152488,"IAT_Min":0.00015161267219809815,"received_addresses":14,"max_pkt_from_sameId":489,"has_attacker":1}
{"received packets":1284,"IAT_Mean":0.0015561588963827265,"IAT_Std":0.0007255196622434181,"IAT_Max":0.01204800998311839,"IAT_Min":0.00011076157170464285,"received_addresses":14,"max_pkt_from_sameId":986,"has_attacker":1}
{"received packets":285,"IAT_Mean":0.007009665261539978,"IAT_Std":0.006771311767786429,"IAT_Max":0.020332466257968919,"IAT_Min":0.00011702296615112573,"received_addresses":15,"max_pkt_from_sameId":22,"has_attacker":1}
{"received packets":283,"IAT_Mean":0.0070592307794624009,"IAT_Std":0.006771495492065475,"IAT_Max":0.02033247045619646,"IAT_Min":0.00015140515461098403,"received_addresses":15,"max_pkt_from_sameId":20,"has_attacker":0}
{"received packets":302,"IAT_Mean":0.006615102740602347,"IAT_Std":0.006123854911727239,"IAT_Max":0.019319511138746749,"IAT_Min":0.00015140485993470065,"received_addresses":16,"max_pkt_from_sameId":20,"has_attacker":0}
{"received packets":1326,"IAT_Mean":0.0015068736344498273,"IAT_Std":0.0007451057116036038,"IAT_Max":0.013980872281535995,"IAT_Min":0.000158066519361455,"received_addresses":16,"max_pkt_from_sameId":991,"has_attacker":1}
{"received packets":828,"IAT_Mean":0.0024127472143199936,"IAT_Std":0.00335962295152876,"IAT_Max":0.01931951113510877,"IAT_Min":0.00011043927952414379,"received_addresses":17,"max_pkt_from_sameId":505,"has_attacker":1}
{"received packets":320,"IAT_Mean":0.006242994656861356,"IAT_Std":0.006098917222298674,"IAT_Max":0.019319511138746749,"IAT_Min":0.0006311330653261393,"received_addresses":16,"max_pkt_from_sameId":20,"has_attacker":0}
{"received packets":320,"IAT_Mean":0.006242996184948879,"IAT_Std":0.006098449441780015,"IAT_Max":0.019319511138746749,"IAT_Min":0.0006311330653261393,"received_addresses":16,"max_pkt_from_sameId":20,"has_attacker":0}
{"received packets":819,"IAT_Mean":0.0024396981974020425,"IAT_Std":0.0033847881215312918,"IAT_Max":0.01931951113510877,"IAT_Min":0.0001629999969736673,"received_addresses":17,"max_pkt_from_sameId":496,"has_attacker":1}
{"received packets":1299,"IAT_Mean":0.0015381874360170442,"IAT_Std":0.0009205885606741257,"IAT_Max":0.01584527926388546,"IAT_Min":0.00010882367132580839,"received_addresses":17,"max_pkt_from_sameId":965,"has_attacker":1}
{"received packets":344,"IAT_Mean":0.0058074401470887188,"IAT_Std":0.005641062447988694,"IAT_Max":0.016489703473780538,"IAT_Min":0.00011447938595665619,"received_addresses":17,"max_pkt_from_sameId":24,"has_attacker":1}
{"received packets":331,"IAT_Mean":0.006035525111733106,"IAT_Std":0.005792736243284324,"IAT_Max":0.01831821320593008,"IAT_Min":0.00016318940834025852,"received_addresses":18,"max_pkt_from_sameId":20,"has_attacker":0}
{"received packets":321,"IAT_Mean":0.0062235422897698598,"IAT_Std":0.005942286746487859,"IAT_Max":0.01831828228023369,"IAT_Min":0.00016318343114107847,"received_addresses":17,"max_pkt_from_sameId":20,"has_attacker":0}
{"received packets":1029,"IAT_Mean":0.0019414493015148386,"IAT_Std":0.002092018725492285,"IAT_Max":0.015781851550855209,"IAT_Min":0.0001629999969736673,"received_addresses":16,"max_pkt_from_sameId":664,"has_attacker":1}
{"received packets":833,"IAT_Mean":0.0023982735911981256,"IAT_Std":0.00319037262890195,"IAT_Max":0.018315008444915294,"IAT_Min":0.00010533202294027433,"received_addresses":17,"max_pkt_from_sameId":482,"has_attacker":1}
{"received packets":320,"IAT_Mean":0.006242989961606327,"IAT_Std":0.0056369350235111318,"IAT_Max":0.01831514574951143,"IAT_Min":0.0002800180154736154,"received_addresses":16,"max_pkt_from_sameId":20,"has_attacker":0}
{"received packets":300,"IAT_Mean":0.006659211333923546,"IAT_Std":0.005611337082068753,"IAT_Max":0.018315273999178318,"IAT_Min":0.0002800180154736154,"received_addresses":15,"max_pkt_from_sameId":20,"has_attacker":0}
{"received packets":785,"IAT_Mean":0.0025453651796156619,"IAT_Std":0.003210353974130417,"IAT_Max":0.0183153208308795,"IAT_Min":0.0001630000006116461,"received_addresses":15,"max_pkt_from_sameId":505,"has_attacker":1}
{"received packets":1279,"IAT_Mean":0.0015622458469139579,"IAT_Std":0.0005841008123273492,"IAT_Max":0.002297831731993938,"IAT_Min":0.00010766600098577328,"received_addresses":15,"max_pkt_from_sameId":999,"has_attacker":1}
{"received packets":286,"IAT_Mean":0.006985172055687831,"IAT_Std":0.006360731160487821,"IAT_Max":0.0193268168331997,"IAT_Min":0.00010843820200534537,"received_addresses":14,"max_pkt_from_sameId":26,"has_attacker":1}
