{"sendtime":25211.01496748638,"rcvtime":25211.015074279825,"senderID":76,"messageID":649059,"position":[5653.962916385077,4931.872103753147,0.0],"speed":[-12.54511878359698,4.975879046938927,0.0],"heading":2.1106201420750327,"ddostype":0,"msgtype":0}
{"sendtime":25211.10710360587,"rcvtime":25211.10721072442,"senderID":34,"messageID":653517,"position":[5652.178351302863,4929.035222362508,0.0],"speed":[-12.245638308170376,4.863297161851189,0.0],"heading":2.1106201420750327,"ddostype":0,"msgtype":0}
{"sendtime":25211.11496748638,"rcvtime":25211.11507882811,"senderID":76,"messageID":654300,"position":[5653.962916385077,4931.872103753147,0.0],"speed":[-12.54511878359698,4.975879046938927,0.0],"heading":2.1106201420750327,"ddostype":0,"msgtype":0}
{"sendtime":25211.207103605873,"rcvtime":25211.207215272705,"senderID":34,"messageID":658758,"position":[5652.178351302863,4929.035222362508,0.0],"speed":[-12.245638308170376,4.863297161851189,0.0],"heading":2.1106201420750327,"ddostype":0,"msgtype":0}
{"sendtime":25211.21496748638,"rcvtime":25211.215083376388,"senderID":76,"messageID":659541,"position":[5653.962916385077,4931.872103753147,0.0],"speed":[-12.54511878359698,4.975879046938927,0.0],"heading":2.1106201420750327,"ddostype":0,"msgtype":0}
{"sendtime":25211.307103605872,"rcvtime":25211.30721982099,"senderID":34,"messageID":663998,"position":[5652.178351302863,4929.035222362508,0.0],"speed":[-12.245638308170376,4.863297161851189,0.0],"heading":2.1106201420750327,"ddostype":0,"msgtype":0}
{"sendtime":25211.314967486378,"rcvtime":25211.31507492467,"senderID":76,"messageID":664781,"position":[5653.962916385077,4931.872103753147,0.0],"speed":[-12.54511878359698,4.975879046938927,0.0],"heading":2.1106201420750327,"ddostype":0,"msgtype":0}
{"sendtime":25211.40710360587,"rcvtime":25211.40721136927,"senderID":34,"messageID":669239,"position":[5652.178351302863,4929.035222362508,0.0],"speed":[-12.245638308170376,4.863297161851189,0.0],"heading":2.1106201420750327,"ddostype":0,"msgtype":0}
{"sendtime":25211.41496748638,"rcvtime":25211.415079472954,"senderID":76,"messageID":670022,"position":[5653.962916385077,4931.872103753147,0.0],"speed":[-12.54511878359698,4.975879046938927,0.0],"heading":2.1106201420750327,"ddostype":0,"msgtype":0}
{"sendtime":25211.507103605873,"rcvtime":25211.50721591755,"senderID":34,"messageID":674479,"position":[5652.178351302863,4929.035222362508,0.0],"speed":[-12.245638308170376,4.863297161851189,0.0],"heading":2.1106201420750327,"ddostype":0,"msgtype":0}
{"sendtime":25211.51496748638,"rcvtime":25211.515084021237,"senderID":76,"messageID":675262,"position":[5653.962916385077,4931.872103753147,0.0],"speed":[-12.54511878359698,4.975879046938927,0.0],"heading":2.1106201420750327,"ddostype":0,"msgtype":0}
{"sendtime":25211.60710360587,"rcvtime":25211.607220465834,"senderID":34,"messageID":679719,"position":[5652.178351302863,4929.035222362508,0.0],"speed":[-12.245638308170376,4.863297161851189,0.0],"heading":2.1106201420750327,"ddostype":0,"msgtype":0}
{"sendtime":25211.61496748638,"rcvtime":25211.61507556952,"senderID":76,"messageID":680502,"position":[5653.962916385077,4931.872103753147,0.0],"speed":[-12.54511878359698,4.975879046938927,0.0],"heading":2.1106201420750327,"ddostype":0,"msgtype":0}
{"sendtime":25211.707103605873,"rcvtime":25211.70721201412,"senderID":34,"messageID":684959,"position":[5652.178351302863,4929.035222362508,0.0],"speed":[-12.245638308170376,4.863297161851189,0.0],"heading":2.1106201420750327,"ddostype":0,"msgtype":0}
{"sendtime":25211.71496748638,"rcvtime":25211.715080117803,"senderID":76,"messageID":685742,"position":[5653.962916385077,4931.872103753147,0.0],"speed":[-12.54511878359698,4.975879046938927,0.0],"heading":2.1106201420750327,"ddostype":0,"msgtype":0}
{"sendtime":25211.807103605872,"rcvtime":25211.807216562407,"senderID":34,"messageID":690199,"position":[5652.178351302863,4929.035222362508,0.0],"speed":[-12.245638308170376,4.863297161851189,0.0],"heading":2.1106201420750327,"ddostype":0,"msgtype":0}
{"sendtime":25211.814967486378,"rcvtime":25211.815084666086,"senderID":76,"messageID":690982,"position":[5653.962916385077,4931.872103753147,0.0],"speed":[-12.54511878359698,4.975879046938927,0.0],"heading":2.1106201420750327,"ddostype":0,"msgtype":0}
{"sendtime":25211.90710360587,"rcvtime":25211.907221110687,"senderID":34,"messageID":695439,"position":[5652.178351302863,4929.035222362508,0.0],"speed":[-12.245638308170376,4.863297161851189,0.0],"heading":2.1106201420750327,"ddostype":0,"msgtype":0}
{"sendtime":25211.91496748638,"rcvtime":25211.915076214373,"senderID":76,"messageID":696222,"position":[5653.962916385077,4931.872103753147,0.0],"speed":[-12.54511878359698,4.975879046938927,0.0],"heading":2.1106201420750327,"ddostype":0,"msgtype":0}
{"sendtime":25212.007103605873,"rcvtime":25212.007212658973,"senderID":34,"messageID":700680,"position":[5652.178351302863,4929.035222362508,0.0],"speed":[-12.245638308170376,4.863297161851189,0.0],"heading":2.1106201420750327,"ddostype":0,"msgtype":0}
