{"received packets":480,"IAT_Mean":0.00416243199698935,"IAT_Std":0.004322569665853262,"IAT_Max":0.01795502744789701,"IAT_Min":0.0001642595962039195,"received_addresses":24,"max_pkt_from_sameId":20,"has_attacker":0}
{"received packets":500,"IAT_Mean":0.003995948397343454,"IAT_Std":0.003495689064098425,"IAT_Max":0.011694013021042338,"IAT_Min":0.00016426787988166325,"received_addresses":25,"max_pkt_from_sameId":20,"has_attacker":0}
{"received packets":540,"IAT_Mean":0.003699945195674243,"IAT_Std":0.0033490125275327119,"IAT_Max":0.011694011333020172,"IAT_Min":0.00016432147094747052,"received_addresses":29,"max_pkt_from_sameId":20,"has_attacker":0}
{"received packets":580,"IAT_Mean":0.0034447877601984334,"IAT_Std":0.0030784992892324664,"IAT_Max":0.009952074011380319,"IAT_Min":0.00016441787374787964,"received_addresses":30,"max_pkt_from_sameId":20,"has_attacker":0}
{"received packets":540,"IAT_Mean":0.0036999554749719985,"IAT_Std":0.002988601763112546,"IAT_Max":0.0097572235208645,"IAT_Min":0.0001645599586481694,"received_addresses":27,"max_pkt_from_sameId":20,"has_attacker":0}
{"received packets":520,"IAT_Mean":0.00384224595689095,"IAT_Std":0.003258007483914149,"IAT_Max":0.009952142187103164,"IAT_Min":0.00016472064453409985,"received_addresses":26,"max_pkt_from_sameId":20,"has_attacker":0}
{"received packets":539,"IAT_Mean":0.003706810703986907,"IAT_Std":0.003219693192712353,"IAT_Max":0.009952170104952529,"IAT_Min":0.00016485114610986784,"received_addresses":27,"max_pkt_from_sameId":20,"has_attacker":0}
{"received packets":1430,"IAT_Mean":0.0013984341027649238,"IAT_Std":0.0019415422371616824,"IAT_Max":0.009951586322131334,"IAT_Min":0.00016300032439175993,"received_addresses":27,"max_pkt_from_sameId":477,"has_attacker":1}
{"received packets":2460,"IAT_Mean":0.0008129151204754849,"IAT_Std":0.0006972940718612618,"IAT_Max":0.0017883746077131946,"IAT_Min":0.00016300021889037453,"received_addresses":27,"max_pkt_from_sameId":999,"has_attacker":1}
{"received packets":571,"IAT_Mean":0.0034990773851182614,"IAT_Std":0.004068282350671762,"IAT_Max":0.01798514633628656,"IAT_Min":0.00016300222705467604,"received_addresses":23,"max_pkt_from_sameId":153,"has_attacker":1}
{"received packets":436,"IAT_Mean":0.0045825035546565458,"IAT_Std":0.004686862951229153,"IAT_Max":0.017985513688472566,"IAT_Min":0.00016300187053275295,"received_addresses":19,"max_pkt_from_sameId":115,"has_attacker":1}
