{"received packets":480,"IAT_Mean":0.004162431997838212,"IAT_Std":0.004285448785609882,"IAT_Max":0.017955031609744766,"IAT_Min":0.00016424638670287095,"received_addresses":24,"max_pkt_from_sameId":20,"has_attacker":0}
{"received packets":490,"IAT_Mean":0.004077498368957206,"IAT_Std":0.0038836683808133288,"IAT_Max":0.017954789400391748,"IAT_Min":0.00016425399735453539,"received_addresses":25,"max_pkt_from_sameId":20,"has_attacker":0}
{"received packets":530,"IAT_Mean":0.003769755472816507,"IAT_Std":0.0033078550869713094,"IAT_Max":0.011694017786794575,"IAT_Min":0.00016430662435595877,"received_addresses":29,"max_pkt_from_sameId":20,"has_attacker":0}
{"received packets":560,"IAT_Mean":0.0035678158999092248,"IAT_Std":0.003031482979529453,"IAT_Max":0.009952071613952285,"IAT_Min":0.00016441156549262814,"received_addresses":29,"max_pkt_from_sameId":20,"has_attacker":0}
{"received packets":540,"IAT_Mean":0.003699955485171813,"IAT_Std":0.0029402455868233069,"IAT_Max":0.00975723288138397,"IAT_Min":0.0001645590346015524,"received_addresses":27,"max_pkt_from_sameId":20,"has_attacker":0}
{"received packets":520,"IAT_Mean":0.0038422460024216539,"IAT_Std":0.0032120438706686766,"IAT_Max":0.009952141073881649,"IAT_Min":0.00016471741764689796,"received_addresses":26,"max_pkt_from_sameId":20,"has_attacker":0}
{"received packets":539,"IAT_Mean":0.003706810798871334,"IAT_Std":0.0031748705801385348,"IAT_Max":0.009952171876648208,"IAT_Min":0.00016488444452988915,"received_addresses":27,"max_pkt_from_sameId":20,"has_attacker":0}
{"received packets":1439,"IAT_Mean":0.0013896877753444854,"IAT_Std":0.0019232829690218209,"IAT_Max":0.009951588952390012,"IAT_Min":0.0001630004589969758,"received_addresses":28,"max_pkt_from_sameId":477,"has_attacker":1}
{"received packets":2459,"IAT_Mean":0.0008132456820804248,"IAT_Std":0.0006992853202415274,"IAT_Max":0.0017885064662550577,"IAT_Min":0.00016300032802973874,"received_addresses":27,"max_pkt_from_sameId":999,"has_attacker":1}
{"received packets":547,"IAT_Mean":0.003652601929895888,"IAT_Std":0.004251997637376181,"IAT_Max":0.020339284285000759,"IAT_Min":0.00016300293282256462,"received_addresses":23,"max_pkt_from_sameId":153,"has_attacker":1}
{"received packets":907,"IAT_Mean":0.002203015016165236,"IAT_Std":0.002677094120928968,"IAT_Max":0.020339466180303135,"IAT_Min":0.0001629999969736673,"received_addresses":19,"max_pkt_from_sameId":491,"has_attacker":1}
