{"received packets":470,"IAT_Mean":0.004250994426307598,"IAT_Std":0.00429907012990938,"IAT_Max":0.017955030689336128,"IAT_Min":0.00016421473264927045,"received_addresses":24,"max_pkt_from_sameId":20,"has_attacker":0}
{"received packets":480,"IAT_Mean":0.004162446316270992,"IAT_Std":0.004282344119331456,"IAT_Max":0.017954787854250755,"IAT_Min":0.00016421584587078542,"received_addresses":24,"max_pkt_from_sameId":20,"has_attacker":0}
{"received packets":500,"IAT_Mean":0.003995940891712962,"IAT_Std":0.00376448215137718,"IAT_Max":0.01795452632723027,"IAT_Min":0.00016423962733824737,"received_addresses":27,"max_pkt_from_sameId":20,"has_attacker":0}
{"received packets":550,"IAT_Mean":0.0036326852517562329,"IAT_Std":0.0030507271081976407,"IAT_Max":0.00995205510116648,"IAT_Min":0.00016431494077551179,"received_addresses":29,"max_pkt_from_sameId":20,"has_attacker":0}
{"received packets":570,"IAT_Mean":0.003505220860135619,"IAT_Std":0.002923133587870427,"IAT_Max":0.009757100706337951,"IAT_Min":0.00016444604989374056,"received_addresses":30,"max_pkt_from_sameId":20,"has_attacker":0}
{"received packets":520,"IAT_Mean":0.003842245826483402,"IAT_Std":0.0032068603166505586,"IAT_Max":0.009952126929420047,"IAT_Min":0.000164604680321645,"received_addresses":26,"max_pkt_from_sameId":20,"has_attacker":0}
{"received packets":549,"IAT_Mean":0.003639291260123867,"IAT_Std":0.0030492963503153055,"IAT_Max":0.009952125259587774,"IAT_Min":0.0001647307835810352,"received_addresses":28,"max_pkt_from_sameId":20,"has_attacker":0}
{"received packets":1424,"IAT_Mean":0.0014043264231731064,"IAT_Std":0.0019269338777048136,"IAT_Max":0.009951542502676603,"IAT_Min":0.00016300027346005663,"received_addresses":27,"max_pkt_from_sameId":477,"has_attacker":1}
{"received packets":2442,"IAT_Mean":0.0008189071512960427,"IAT_Std":0.0006929938690950241,"IAT_Max":0.0019920947670470925,"IAT_Min":0.00016300011338898912,"received_addresses":26,"max_pkt_from_sameId":999,"has_attacker":1}
{"received packets":590,"IAT_Mean":0.003386395116381286,"IAT_Std":0.003694168176619558,"IAT_Max":0.01798501017765375,"IAT_Min":0.0001630012811801862,"received_addresses":24,"max_pkt_from_sameId":153,"has_attacker":1}
{"received packets":452,"IAT_Mean":0.004420290882104881,"IAT_Std":0.004631650543354491,"IAT_Max":0.017985371639952065,"IAT_Min":0.00016300110655720346,"received_addresses":20,"max_pkt_from_sameId":115,"has_attacker":1}
{"received packets":789,"IAT_Mean":0.002532495163517655,"IAT_Std":0.003241263730591923,"IAT_Max":0.020339867267466617,"IAT_Min":0.0001630000006116461,"received_addresses":18,"max_pkt_from_sameId":490,"has_attacker":1}
