{"received packets":229,"IAT_Mean":0.008724750719198019,"IAT_Std":0.00824115761420681,"IAT_Max":0.03221318774740212,"IAT_Min":0.0002150002728740219,"received_addresses":13,"max_pkt_from_sameId":20,"has_attacker":0}
{"received packets":289,"IAT_Mean":0.0069134076857845908,"IAT_Std":0.007393251213210412,"IAT_Max":0.030751151898584795,"IAT_Min":0.00021500141156138852,"received_addresses":16,"max_pkt_from_sameId":20,"has_attacker":0}
{"received packets":221,"IAT_Mean":0.009040593355215877,"IAT_Std":0.007964285453490275,"IAT_Max":0.03075117356274859,"IAT_Min":0.0012030017169308849,"received_addresses":14,"max_pkt_from_sameId":20,"has_attacker":0}
{"received packets":181,"IAT_Mean":0.01103855082244247,"IAT_Std":0.008062637999113548,"IAT_Max":0.03036631559371017,"IAT_Min":0.000891069503268227,"received_addresses":12,"max_pkt_from_sameId":20,"has_attacker":0}
{"received packets":160,"IAT_Mean":0.012487354693530507,"IAT_Std":0.007327749538061702,"IAT_Max":0.027589831697696355,"IAT_Min":0.0012680006511800457,"received_addresses":10,"max_pkt_from_sameId":20,"has_attacker":0}
{"received packets":129,"IAT_Mean":0.01548812943811338,"IAT_Std":0.008127710055968706,"IAT_Max":0.036089942881517348,"IAT_Min":0.007127152319299057,"received_addresses":9,"max_pkt_from_sameId":20,"has_attacker":0}
{"received packets":111,"IAT_Mean":0.01799974577289168,"IAT_Std":0.009435214080680472,"IAT_Max":0.037029857812740377,"IAT_Min":0.006529753900395008,"received_addresses":7,"max_pkt_from_sameId":20,"has_attacker":0}
{"received packets":586,"IAT_Mean":0.0034125629433309748,"IAT_Std":0.0055722716479716,"IAT_Max":0.033931895155546957,"IAT_Min":0.0001633464235055726,"received_addresses":9,"max_pkt_from_sameId":456,"has_attacker":1}
{"received packets":145,"IAT_Mean":0.013780136526901485,"IAT_Std":0.007507237083417168,"IAT_Max":0.03035648945660796,"IAT_Min":0.00029276175337145105,"received_addresses":10,"max_pkt_from_sameId":20,"has_attacker":1}
{"received packets":380,"IAT_Mean":0.005257826289973884,"IAT_Std":0.005766080175378298,"IAT_Max":0.032914432191319068,"IAT_Min":0.00016291473002638668,"received_addresses":10,"max_pkt_from_sameId":183,"has_attacker":1}
