{"received packets":19,"IAT_Mean":0.1007934849669829,"IAT_Std":0.21936598331073155,"IAT_Max":1.0150742798250577,"IAT_Min":0.007855103682231857,"received_addresses":2,"max_pkt_from_sameId":10,"has_attacker":0}
