{"received packets":554,"IAT_Mean":0.003606747510288588,"IAT_Std":0.042803839077004027,"IAT_Max":1.010107706861163,"IAT_Min":0.0001630032784305513,"received_addresses":7,"max_pkt_from_sameId":495,"has_attacker":1}
{"received packets":143,"IAT_Mean":0.013971837661365434,"IAT_Std":0.013568180800829591,"IAT_Max":0.04373708568891743,"IAT_Min":0.00010812119944603182,"received_addresses":7,"max_pkt_from_sameId":23,"has_attacker":1}
{"received packets":160,"IAT_Mean":0.012487353421693114,"IAT_Std":0.01333476669564913,"IAT_Max":0.043736735908169069,"IAT_Min":0.0019061135426454712,"received_addresses":8,"max_pkt_from_sameId":20,"has_attacker":0}
{"received packets":140,"IAT_Mean":0.014271230056588787,"IAT_Std":0.01778108479680764,"IAT_Max":0.054815092433273097,"IAT_Min":0.0019050036316912156,"received_addresses":7,"max_pkt_from_sameId":20,"has_attacker":0}
{"received packets":1117,"IAT_Mean":0.0017888458926643542,"IAT_Std":0.0004898211548186354,"IAT_Max":0.003322226068121381,"IAT_Min":0.00016300006609526463,"received_addresses":7,"max_pkt_from_sameId":997,"has_attacker":1}
{"received packets":644,"IAT_Mean":0.0031024506995789306,"IAT_Std":0.006980511247386095,"IAT_Max":0.054814474318845899,"IAT_Min":0.00011086278755101375,"received_addresses":8,"max_pkt_from_sameId":514,"has_attacker":1}
{"received packets":130,"IAT_Mean":0.014947416595252715,"IAT_Std":0.015599235459135795,"IAT_Max":0.05963115482154535,"IAT_Min":0.0019050000482820906,"received_addresses":7,"max_pkt_from_sameId":20,"has_attacker":0}
{"received packets":100,"IAT_Mean":0.019431700588866078,"IAT_Std":0.02199868373058189,"IAT_Max":0.05963605937358807,"IAT_Min":0.0019050000046263449,"received_addresses":5,"max_pkt_from_sameId":20,"has_attacker":0}
{"received packets":596,"IAT_Mean":0.0033525354356731364,"IAT_Std":0.00820113430036413,"IAT_Max":0.05963199306643219,"IAT_Min":0.0002150206928490661,"received_addresses":6,"max_pkt_from_sameId":506,"has_attacker":1}
{"received packets":1110,"IAT_Mean":0.001800101979454478,"IAT_Std":0.0004397263338175678,"IAT_Max":0.0020090001489734279,"IAT_Min":0.00010711990034906194,"received_addresses":7,"max_pkt_from_sameId":1000,"has_attacker":1}
