{"received packets":480,"IAT_Mean":0.004162432036855535,"IAT_Std":0.004457183505124652,"IAT_Max":0.017955027316929774,"IAT_Min":0.00016422935004811734,"received_addresses":24,"max_pkt_from_sameId":20,"has_attacker":0}
{"received packets":480,"IAT_Mean":0.0041624463076232139,"IAT_Std":0.004458270260638826,"IAT_Max":0.017954784241737799,"IAT_Min":0.0001642298921069596,"received_addresses":24,"max_pkt_from_sameId":20,"has_attacker":0}
{"received packets":510,"IAT_Mean":0.003917589100049501,"IAT_Std":0.0035374701953199574,"IAT_Max":0.011694002951117,"IAT_Min":0.000164257191499928,"received_addresses":27,"max_pkt_from_sameId":20,"has_attacker":0}
{"received packets":550,"IAT_Mean":0.0036326852714873068,"IAT_Std":0.003202860359216078,"IAT_Max":0.010089246847201139,"IAT_Min":0.00016432170741609298,"received_addresses":29,"max_pkt_from_sameId":20,"has_attacker":0}
{"received packets":590,"IAT_Mean":0.0033863997995945669,"IAT_Std":0.002985758279276176,"IAT_Max":0.009757088642800227,"IAT_Min":0.00016442476771771908,"received_addresses":30,"max_pkt_from_sameId":20,"has_attacker":0}
{"received packets":520,"IAT_Mean":0.003842245798275074,"IAT_Std":0.003420902095900483,"IAT_Max":0.01008936102152802,"IAT_Min":0.0001645710326556582,"received_addresses":26,"max_pkt_from_sameId":20,"has_attacker":0}
{"received packets":549,"IAT_Mean":0.0036392912451147197,"IAT_Std":0.003262043394110063,"IAT_Max":0.010089403072925052,"IAT_Min":0.00016470746777486056,"received_addresses":28,"max_pkt_from_sameId":20,"has_attacker":0}
{"received packets":1424,"IAT_Mean":0.0014043264351677066,"IAT_Std":0.00200125381730796,"IAT_Max":0.010089436877024128,"IAT_Min":0.00016300004062941298,"received_addresses":27,"max_pkt_from_sameId":477,"has_attacker":1}
{"received packets":2442,"IAT_Mean":0.000818907157217814,"IAT_Std":0.0006993833605432184,"IAT_Max":0.0019920641570934096,"IAT_Min":0.00016300006973324344,"received_addresses":26,"max_pkt_from_sameId":999,"has_attacker":1}
{"received packets":716,"IAT_Mean":0.0027904652109674579,"IAT_Std":0.003207885561201423,"IAT_Max":0.017984953010454775,"IAT_Min":0.00016300403149216436,"received_addresses":24,"max_pkt_from_sameId":156,"has_attacker":1}
{"received packets":838,"IAT_Mean":0.002384408636505793,"IAT_Std":0.0031294773128655326,"IAT_Max":0.01798528382278164,"IAT_Min":0.00016300185598083772,"received_addresses":20,"max_pkt_from_sameId":412,"has_attacker":1}
{"received packets":1259,"IAT_Mean":0.0015870838995439108,"IAT_Std":0.0006198939879045021,"IAT_Max":0.003979293946031248,"IAT_Min":0.00016300238348776475,"received_addresses":17,"max_pkt_from_sameId":980,"has_attacker":1}
{"received packets":1260,"IAT_Mean":0.0015858259492060393,"IAT_Std":0.0005841941968148211,"IAT_Max":0.0021340795974538198,"IAT_Min":0.00016300049901474267,"received_addresses":15,"max_pkt_from_sameId":980,"has_attacker":1}
