{"received packets":29,"IAT_Mean":0.06755014775664112,"IAT_Std":0.17964577263821308,"IAT_Max":1.0144505466487317,"IAT_Min":0.01033073184589739,"received_addresses":3,"max_pkt_from_sameId":10,"has_attacker":0}
{"received packets":60,"IAT_Mean":0.03264926717911294,"IAT_Std":0.016614028443366639,"IAT_Max":0.04516064960625954,"IAT_Min":0.0041172483543050479,"received_addresses":3,"max_pkt_from_sameId":20,"has_attacker":0}
{"received packets":60,"IAT_Mean":0.03264932080401195,"IAT_Std":0.016613756703233667,"IAT_Max":0.04516062957191025,"IAT_Min":0.0041166803530359179,"received_addresses":3,"max_pkt_from_sameId":20,"has_attacker":0}
{"received packets":1038,"IAT_Mean":0.0019249662884129958,"IAT_Std":0.0003233666319047669,"IAT_Max":0.004115293028007727,"IAT_Min":0.0003320002870168537,"received_addresses":3,"max_pkt_from_sameId":998,"has_attacker":1}
{"received packets":553,"IAT_Mean":0.003542408696994178,"IAT_Std":0.008019852472888065,"IAT_Max":0.0471538272977341,"IAT_Min":0.00011100772098870948,"received_addresses":3,"max_pkt_from_sameId":513,"has_attacker":1}
{"received packets":70,"IAT_Mean":0.028188634235214395,"IAT_Std":0.01666561544296435,"IAT_Max":0.04714781640723231,"IAT_Min":0.006105836735514458,"received_addresses":4,"max_pkt_from_sameId":20,"has_attacker":0}
{"received packets":80,"IAT_Mean":0.024665163155441408,"IAT_Std":0.01458208117413421,"IAT_Max":0.04451794427950517,"IAT_Min":0.0061092895521142058,"received_addresses":4,"max_pkt_from_sameId":20,"has_attacker":0}
{"received packets":549,"IAT_Mean":0.0036395501406373605,"IAT_Std":0.008260758694455625,"IAT_Max":0.04716222601928166,"IAT_Min":0.00033200051620951854,"received_addresses":4,"max_pkt_from_sameId":507,"has_attacker":1}
{"received packets":1106,"IAT_Mean":0.0018066053866406082,"IAT_Std":0.0007229957670247255,"IAT_Max":0.006340203639410902,"IAT_Min":0.00010902761641773395,"received_addresses":16,"max_pkt_from_sameId":901,"has_attacker":1}
{"received packets":343,"IAT_Mean":0.005824371204589651,"IAT_Std":0.00576856791362565,"IAT_Max":0.01892898562073242,"IAT_Min":0.00011455808635219,"received_addresses":19,"max_pkt_from_sameId":20,"has_attacker":1}
{"received packets":431,"IAT_Mean":0.004635170989119452,"IAT_Std":0.004505105413984633,"IAT_Max":0.01558736219885759,"IAT_Min":0.0001236496573255863,"received_addresses":24,"max_pkt_from_sameId":20,"has_attacker":0}
{"received packets":381,"IAT_Mean":0.0052434566806079979,"IAT_Std":0.005236955261195622,"IAT_Max":0.01649120457659592,"IAT_Min":0.00012359224274405278,"received_addresses":21,"max_pkt_from_sameId":20,"has_attacker":0}
{"received packets":1123,"IAT_Mean":0.0017792603819896836,"IAT_Std":0.0010661153954192988,"IAT_Max":0.0116582795199065,"IAT_Min":0.00016303938173223287,"received_addresses":15,"max_pkt_from_sameId":889,"has_attacker":1}
{"received packets":605,"IAT_Mean":0.003237956987742252,"IAT_Std":0.007605896633126386,"IAT_Max":0.060817899808171208,"IAT_Min":0.0001055677785188891,"received_addresses":7,"max_pkt_from_sameId":505,"has_attacker":1}
{"received packets":80,"IAT_Mean":0.024486989044044097,"IAT_Std":0.020822674112540786,"IAT_Max":0.06081792793702334,"IAT_Min":0.005415029965661233,"received_addresses":4,"max_pkt_from_sameId":20,"has_attacker":0}
{"received packets":70,"IAT_Mean":0.02798502389726179,"IAT_Std":0.021886720012052026,"IAT_Max":0.06081916641051066,"IAT_Min":0.005415074389020447,"received_addresses":4,"max_pkt_from_sameId":20,"has_attacker":0}
{"received packets":40,"IAT_Mean":0.04897392200082322,"IAT_Std":0.03378030794056991,"IAT_Max":0.08421592061858974,"IAT_Min":0.01578900007007178,"received_addresses":2,"max_pkt_from_sameId":20,"has_attacker":0}
{"received packets":20,"IAT_Mean":0.0979479292387623,"IAT_Std":0.008945639499651125,"IAT_Max":0.10001144656780525,"IAT_Min":0.058954794902092547,"received_addresses":1,"max_pkt_from_sameId":20,"has_attacker":0}
{"received packets":20,"IAT_Mean":0.09794813747685112,"IAT_Std":0.00894579935317611,"IAT_Max":0.10000729045714252,"IAT_Min":0.05895431117824046,"received_addresses":1,"max_pkt_from_sameId":20,"has_attacker":0}
