{"received packets":309,"IAT_Mean":0.006465914782398895,"IAT_Std":0.007449589379813923,"IAT_Max":0.03075109951532795,"IAT_Min":0.00021500074944924563,"received_addresses":17,"max_pkt_from_sameId":20,"has_attacker":0}
{"received packets":370,"IAT_Mean":0.005399930891026334,"IAT_Std":0.0053418089160951,"IAT_Max":0.019057069748669165,"IAT_Min":0.00021500054936041124,"received_addresses":19,"max_pkt_from_sameId":20,"has_attacker":0}
{"received packets":340,"IAT_Mean":0.0058763840410927729,"IAT_Std":0.0071053265097437419,"IAT_Max":0.03576784847973613,"IAT_Min":0.0002150199252355378,"received_addresses":19,"max_pkt_from_sameId":20,"has_attacker":0}
{"received packets":320,"IAT_Mean":0.0062436780453822399,"IAT_Std":0.00655565409999565,"IAT_Max":0.02582859571703011,"IAT_Min":0.0006830564670963213,"received_addresses":17,"max_pkt_from_sameId":20,"has_attacker":0}
{"received packets":400,"IAT_Mean":0.004994939681737378,"IAT_Std":0.005944252239954536,"IAT_Max":0.025841177928668914,"IAT_Min":0.000164439705258701,"received_addresses":21,"max_pkt_from_sameId":20,"has_attacker":0}
{"received packets":608,"IAT_Mean":0.0032861311125675217,"IAT_Std":0.0037722449472148095,"IAT_Max":0.017954474671569188,"IAT_Min":0.0001644472431507893,"received_addresses":31,"max_pkt_from_sameId":20,"has_attacker":0}
{"received packets":600,"IAT_Mean":0.0033299512120114136,"IAT_Std":0.00388227479731846,"IAT_Max":0.01795456276886398,"IAT_Min":0.00016444819993921556,"received_addresses":30,"max_pkt_from_sameId":20,"has_attacker":0}
{"received packets":1473,"IAT_Mean":0.0013576110518384217,"IAT_Std":0.0021475210875979389,"IAT_Max":0.017950306260900108,"IAT_Min":0.00016300013157888316,"received_addresses":30,"max_pkt_from_sameId":477,"has_attacker":1}
{"received packets":2481,"IAT_Mean":0.0008060344969306288,"IAT_Std":0.0006856798479259868,"IAT_Max":0.0020035889974678868,"IAT_Min":0.00016300009519909509,"received_addresses":29,"max_pkt_from_sameId":993,"has_attacker":1}
{"received packets":809,"IAT_Mean":0.002469883645972004,"IAT_Std":0.003464114753392457,"IAT_Max":0.020568444539094345,"IAT_Min":0.0001273703164770268,"received_addresses":26,"max_pkt_from_sameId":340,"has_attacker":1}
{"received packets":701,"IAT_Mean":0.0028501725922169356,"IAT_Std":0.00404776972387747,"IAT_Max":0.020574985497660238,"IAT_Min":0.00016300001152558252,"received_addresses":23,"max_pkt_from_sameId":308,"has_attacker":1}
{"received packets":849,"IAT_Mean":0.0023535207426504565,"IAT_Std":0.0034446496914828956,"IAT_Max":0.020575184822519078,"IAT_Min":0.00011944208017666824,"received_addresses":21,"max_pkt_from_sameId":490,"has_attacker":1}
{"received packets":1340,"IAT_Mean":0.0014911500937051276,"IAT_Std":0.0006460222107679718,"IAT_Max":0.002133116708137095,"IAT_Min":0.00016394253543694504,"received_addresses":19,"max_pkt_from_sameId":980,"has_attacker":1}
{"received packets":1394,"IAT_Mean":0.0014333877415327419,"IAT_Std":0.0007275711617452316,"IAT_Max":0.0049220097498619,"IAT_Min":0.00016311657600454055,"received_addresses":19,"max_pkt_from_sameId":499,"has_attacker":1}
{"received packets":1397,"IAT_Mean":0.0014303088486220027,"IAT_Std":0.0016577703100856176,"IAT_Max":0.018531217509007548,"IAT_Min":0.00011251169416937046,"received_addresses":18,"max_pkt_from_sameId":864,"has_attacker":1}
{"received packets":346,"IAT_Mean":0.00577448943446574,"IAT_Std":0.006329461459521085,"IAT_Max":0.020567479536111933,"IAT_Min":0.0001114615224651061,"received_addresses":18,"max_pkt_from_sameId":21,"has_attacker":1}
{"received packets":360,"IAT_Mean":0.00554992291669502,"IAT_Std":0.005317015771340422,"IAT_Max":0.020572442717821106,"IAT_Min":0.000215000120078912,"received_addresses":18,"max_pkt_from_sameId":20,"has_attacker":0}
{"received packets":399,"IAT_Mean":0.005007464975857685,"IAT_Std":0.005158541146915671,"IAT_Max":0.020572441258991604,"IAT_Min":0.000215000120078912,"received_addresses":20,"max_pkt_from_sameId":20,"has_attacker":0}
{"received packets":1379,"IAT_Mean":0.0014489726345794327,"IAT_Std":0.0006405493026351297,"IAT_Max":0.0021138974298082759,"IAT_Min":0.00016316024630214088,"received_addresses":20,"max_pkt_from_sameId":999,"has_attacker":1}
{"received packets":892,"IAT_Mean":0.0022398854415740618,"IAT_Std":0.0029117942373782996,"IAT_Max":0.02056743883440504,"IAT_Min":0.00011626308332779445,"received_addresses":20,"max_pkt_from_sameId":512,"has_attacker":1}
{"received packets":429,"IAT_Mean":0.004657287950951311,"IAT_Std":0.0050615200484341979,"IAT_Max":0.02056743883440504,"IAT_Min":0.00015720815645181574,"received_addresses":23,"max_pkt_from_sameId":20,"has_attacker":0}
{"received packets":460,"IAT_Mean":0.004343417264799823,"IAT_Std":0.004951357782080728,"IAT_Max":0.020572441044350854,"IAT_Min":0.0001554716654936783,"received_addresses":23,"max_pkt_from_sameId":20,"has_attacker":0}
{"received packets":938,"IAT_Mean":0.0021302061040008228,"IAT_Std":0.0028187440811920127,"IAT_Max":0.020572441040712876,"IAT_Min":0.00016300036804750562,"received_addresses":23,"max_pkt_from_sameId":508,"has_attacker":1}
{"received packets":1381,"IAT_Mean":0.0014468767911793933,"IAT_Std":0.0006580809155329774,"IAT_Max":0.0020090001489734279,"IAT_Min":0.00011632565656327643,"received_addresses":21,"max_pkt_from_sameId":1000,"has_attacker":1}
{"received packets":364,"IAT_Mean":0.0054889329884855,"IAT_Std":0.005859020147626666,"IAT_Max":0.02056743888897472,"IAT_Min":0.0001068485580617562,"received_addresses":19,"max_pkt_from_sameId":23,"has_attacker":1}
{"received packets":311,"IAT_Mean":0.0064236511125126739,"IAT_Std":0.006312617073558566,"IAT_Max":0.02057244111711043,"IAT_Min":0.0003204056883987505,"received_addresses":18,"max_pkt_from_sameId":20,"has_attacker":0}
{"received packets":290,"IAT_Mean":0.0068888318750019799,"IAT_Std":0.006822512404405507,"IAT_Max":0.020572441120748409,"IAT_Min":0.0006310135358944535,"received_addresses":15,"max_pkt_from_sameId":20,"has_attacker":0}
{"received packets":290,"IAT_Mean":0.006888828522065084,"IAT_Std":0.00586457729149051,"IAT_Max":0.019313472261274,"IAT_Min":0.0006310129356279504,"received_addresses":15,"max_pkt_from_sameId":20,"has_attacker":0}
{"received packets":330,"IAT_Mean":0.006053817428872924,"IAT_Std":0.005505247873337499,"IAT_Max":0.018318582464416978,"IAT_Min":0.000631012830126565,"received_addresses":18,"max_pkt_from_sameId":20,"has_attacker":0}
{"received packets":328,"IAT_Mean":0.006090725733795297,"IAT_Std":0.005958031102743623,"IAT_Max":0.01932082664279733,"IAT_Min":0.00026924300982500426,"received_addresses":18,"max_pkt_from_sameId":20,"has_attacker":0}
