{"received packets":38,"IAT_Mean":0.051599514891150697,"IAT_Std":0.15946030661715608,"IAT_Max":1.0144471267158224,"IAT_Min":0.0046222618548199538,"received_addresses":4,"max_pkt_from_sameId":10,"has_attacker":0}
{"received packets":148,"IAT_Mean":0.013248549876939128,"IAT_Std":0.015878807617495703,"IAT_Max":0.046346510429430057,"IAT_Min":0.00017606507026357576,"received_addresses":6,"max_pkt_from_sameId":58,"has_attacker":1}
{"received packets":172,"IAT_Mean":0.01139995261939137,"IAT_Std":0.013453628993819323,"IAT_Max":0.04252521654780139,"IAT_Min":0.0005140005123394076,"received_addresses":6,"max_pkt_from_sameId":72,"has_attacker":1}
{"received packets":104,"IAT_Mean":0.01885377692615993,"IAT_Std":0.014209037154310463,"IAT_Max":0.042524212858552349,"IAT_Min":0.0008134382223943248,"received_addresses":6,"max_pkt_from_sameId":20,"has_attacker":0}
{"received packets":103,"IAT_Mean":0.019036773828313759,"IAT_Std":0.014160958762353236,"IAT_Max":0.042528856200078738,"IAT_Min":0.0008133206065394916,"received_addresses":6,"max_pkt_from_sameId":20,"has_attacker":0}
{"received packets":112,"IAT_Mean":0.01750702328841466,"IAT_Std":0.012022101150934559,"IAT_Max":0.04252866924070986,"IAT_Min":0.0008133058727253228,"received_addresses":7,"max_pkt_from_sameId":20,"has_attacker":0}
{"received packets":162,"IAT_Mean":0.012103617470855193,"IAT_Std":0.012657806101450155,"IAT_Max":0.042524319535004909,"IAT_Min":0.0003392125290702097,"received_addresses":6,"max_pkt_from_sameId":62,"has_attacker":1}
{"received packets":131,"IAT_Mean":0.014967794165351581,"IAT_Std":0.013924518697735892,"IAT_Max":0.042524230790149889,"IAT_Min":0.0008003035072761122,"received_addresses":6,"max_pkt_from_sameId":31,"has_attacker":1}
{"received packets":100,"IAT_Mean":0.019607847220249824,"IAT_Std":0.0139881045584624,"IAT_Max":0.04252285232723807,"IAT_Min":0.0033039969821402339,"received_addresses":5,"max_pkt_from_sameId":20,"has_attacker":0}
{"received packets":100,"IAT_Mean":0.019607847754123214,"IAT_Std":0.013987103223564307,"IAT_Max":0.04253287110259407,"IAT_Min":0.003307538019726053,"received_addresses":5,"max_pkt_from_sameId":20,"has_attacker":0}
{"received packets":134,"IAT_Mean":0.014632721312423132,"IAT_Std":0.013681710746131474,"IAT_Max":0.04252407838430372,"IAT_Min":0.0018399999935354572,"received_addresses":6,"max_pkt_from_sameId":34,"has_attacker":1}
{"received packets":257,"IAT_Mean":0.007696933130832078,"IAT_Std":0.009605399566589979,"IAT_Max":0.04252406021623756,"IAT_Min":0.00028027176449541,"received_addresses":7,"max_pkt_from_sameId":147,"has_attacker":1}
{"received packets":129,"IAT_Mean":0.015199887215753416,"IAT_Std":0.014425115435830449,"IAT_Max":0.0425328271012404,"IAT_Min":0.0017100111654144712,"received_addresses":7,"max_pkt_from_sameId":20,"has_attacker":0}
{"received packets":140,"IAT_Mean":0.014005630307812161,"IAT_Std":0.01333740031665641,"IAT_Max":0.04253282709760242,"IAT_Min":0.0015540009626420215,"received_addresses":7,"max_pkt_from_sameId":20,"has_attacker":0}
{"received packets":130,"IAT_Mean":0.015082974614219543,"IAT_Std":0.013991473633894884,"IAT_Max":0.04252934160467703,"IAT_Min":0.00155400142466533,"received_addresses":7,"max_pkt_from_sameId":20,"has_attacker":0}
{"received packets":670,"IAT_Mean":0.002982254034936004,"IAT_Std":0.002577531926313732,"IAT_Max":0.01616028057105723,"IAT_Min":0.0002280102089571301,"received_addresses":6,"max_pkt_from_sameId":570,"has_attacker":1}
{"received packets":374,"IAT_Mean":0.00524275910224374,"IAT_Std":0.007092432538350191,"IAT_Max":0.042528864556516058,"IAT_Min":0.0002280101107317023,"received_addresses":7,"max_pkt_from_sameId":254,"has_attacker":1}
{"received packets":140,"IAT_Mean":0.014005621340558199,"IAT_Std":0.012852379125644092,"IAT_Max":0.04252876596729038,"IAT_Min":0.00027999569283565506,"received_addresses":7,"max_pkt_from_sameId":20,"has_attacker":0}
{"received packets":140,"IAT_Mean":0.014005669908250899,"IAT_Std":0.012852581330731538,"IAT_Max":0.042528573161689568,"IAT_Min":0.0002800019829010125,"received_addresses":7,"max_pkt_from_sameId":20,"has_attacker":0}
{"received packets":564,"IAT_Mean":0.003542752697324025,"IAT_Std":0.006280360059681846,"IAT_Max":0.04252838601678377,"IAT_Min":0.0002280104163219221,"received_addresses":7,"max_pkt_from_sameId":444,"has_attacker":1}
{"received packets":1007,"IAT_Mean":0.0019842237254057649,"IAT_Std":0.0014461553544859124,"IAT_Max":0.012108866394555662,"IAT_Min":0.00010852164268726483,"received_addresses":7,"max_pkt_from_sameId":887,"has_attacker":1}
{"received packets":146,"IAT_Mean":0.013430029660549448,"IAT_Std":0.012835256009921133,"IAT_Max":0.04253374481049832,"IAT_Min":0.0001092918282665778,"received_addresses":7,"max_pkt_from_sameId":26,"has_attacker":1}
