{"received packets":240,"IAT_Mean":0.008293127382088036,"IAT_Std":0.008991719275404289,"IAT_Max":0.030005061173142168,"IAT_Min":0.0010470895140315407,"received_addresses":12,"max_pkt_from_sameId":20,"has_attacker":0}
{"received packets":240,"IAT_Mean":0.008293102052357426,"IAT_Std":0.008988004664377107,"IAT_Max":0.030005080789123896,"IAT_Min":0.0010471465939190239,"received_addresses":13,"max_pkt_from_sameId":20,"has_attacker":0}
