{"received packets":45,"IAT_Mean":0.042543420876690007,"IAT_Std":0.04269292181995934,"IAT_Max":0.09538605460329564,"IAT_Min":0.004622513366484782,"received_addresses":3,"max_pkt_from_sameId":20,"has_attacker":0}
{"received packets":291,"IAT_Mean":0.00674951126545404,"IAT_Std":0.01048083566263838,"IAT_Max":0.04570774784224341,"IAT_Min":0.00033921255453606136,"received_addresses":3,"max_pkt_from_sameId":251,"has_attacker":1}
{"received packets":307,"IAT_Mean":0.006460495026299999,"IAT_Std":0.008123317748605549,"IAT_Max":0.03240482978799264,"IAT_Min":0.00033921264912351035,"received_addresses":8,"max_pkt_from_sameId":187,"has_attacker":1}
{"received packets":239,"IAT_Mean":0.008359747574892125,"IAT_Std":0.007096942607319529,"IAT_Max":0.03240440212539397,"IAT_Min":0.00021639125407091342,"received_addresses":14,"max_pkt_from_sameId":20,"has_attacker":0}
{"received packets":311,"IAT_Mean":0.006424355626129096,"IAT_Std":0.005199158683478263,"IAT_Max":0.018313225460588,"IAT_Min":0.00021639051192323677,"received_addresses":18,"max_pkt_from_sameId":20,"has_attacker":0}
{"received packets":846,"IAT_Mean":0.002361838158708935,"IAT_Std":0.002758214091145776,"IAT_Max":0.01557809620135231,"IAT_Min":0.00012869303463958204,"received_addresses":19,"max_pkt_from_sameId":508,"has_attacker":1}
{"received packets":345,"IAT_Mean":0.005791245065631591,"IAT_Std":0.00518787542111609,"IAT_Max":0.015579479411826469,"IAT_Min":0.0001110827288357541,"received_addresses":18,"max_pkt_from_sameId":20,"has_attacker":1}
{"received packets":372,"IAT_Mean":0.005370889829650242,"IAT_Std":0.005053641507716459,"IAT_Max":0.015585915913106874,"IAT_Min":0.00012509574662544765,"received_addresses":19,"max_pkt_from_sameId":20,"has_attacker":0}
{"received packets":380,"IAT_Mean":0.005257838598874131,"IAT_Std":0.0052787165367920219,"IAT_Max":0.018935094070911874,"IAT_Min":0.00012497705756686628,"received_addresses":20,"max_pkt_from_sameId":20,"has_attacker":0}
{"received packets":400,"IAT_Mean":0.004994943441051874,"IAT_Std":0.005522365359935349,"IAT_Max":0.01893510198351578,"IAT_Min":0.00012496074486989528,"received_addresses":20,"max_pkt_from_sameId":20,"has_attacker":0}
{"received packets":1423,"IAT_Mean":0.00140415632340438,"IAT_Std":0.0007872251218140284,"IAT_Max":0.01377880204745452,"IAT_Min":0.00012843765580328181,"received_addresses":21,"max_pkt_from_sameId":991,"has_attacker":1}
{"received packets":1343,"IAT_Mean":0.001487813920546923,"IAT_Std":0.0008366501749472945,"IAT_Max":0.015838017734495226,"IAT_Min":0.00011044820348615758,"received_addresses":22,"max_pkt_from_sameId":496,"has_attacker":1}
{"received packets":1314,"IAT_Mean":0.0015206526912725292,"IAT_Std":0.0007516038594849855,"IAT_Max":0.004005000006145565,"IAT_Min":0.00011709529644576833,"received_addresses":20,"max_pkt_from_sameId":940,"has_attacker":1}
{"received packets":423,"IAT_Mean":0.004722833912110949,"IAT_Std":0.004763295537869055,"IAT_Max":0.01557782483723713,"IAT_Min":0.00010763632599264383,"received_addresses":22,"max_pkt_from_sameId":20,"has_attacker":1}
{"received packets":899,"IAT_Mean":0.0022225949194173714,"IAT_Std":0.003105174092300031,"IAT_Max":0.018126923136151164,"IAT_Min":0.00012019732821499929,"received_addresses":22,"max_pkt_from_sameId":486,"has_attacker":1}
{"received packets":814,"IAT_Mean":0.002454251160025891,"IAT_Std":0.003793060579159036,"IAT_Max":0.016515249979420333,"IAT_Min":0.00010883255527005531,"received_addresses":22,"max_pkt_from_sameId":400,"has_attacker":1}
{"received packets":402,"IAT_Mean":0.00496955068714968,"IAT_Std":0.0051438558006339988,"IAT_Max":0.01648840750203817,"IAT_Min":0.00011643091784208082,"received_addresses":21,"max_pkt_from_sameId":20,"has_attacker":1}
{"received packets":412,"IAT_Mean":0.00484892907189153,"IAT_Std":0.005050939554674241,"IAT_Max":0.016489301171532135,"IAT_Min":0.00012383583816699684,"received_addresses":23,"max_pkt_from_sameId":20,"has_attacker":0}
{"received packets":421,"IAT_Mean":0.004745266129822839,"IAT_Std":0.004871074590632412,"IAT_Max":0.01648551000835141,"IAT_Min":0.00012035670442855917,"received_addresses":24,"max_pkt_from_sameId":20,"has_attacker":0}
{"received packets":653,"IAT_Mean":0.003059343486821472,"IAT_Std":0.003767095898010083,"IAT_Max":0.016333369196217974,"IAT_Min":0.00016303109441651031,"received_addresses":22,"max_pkt_from_sameId":197,"has_attacker":1}
{"received packets":502,"IAT_Mean":0.00397960531295556,"IAT_Std":0.004473293391788408,"IAT_Max":0.015580229643092025,"IAT_Min":0.0001200513361254707,"received_addresses":23,"max_pkt_from_sameId":51,"has_attacker":1}
{"received packets":420,"IAT_Mean":0.004756563698451611,"IAT_Std":0.004646101725794513,"IAT_Max":0.015578097558318405,"IAT_Min":0.00011991403516731225,"received_addresses":21,"max_pkt_from_sameId":20,"has_attacker":0}
{"received packets":415,"IAT_Mean":0.004813887628464376,"IAT_Std":0.004972510382484889,"IAT_Max":0.015578225807985291,"IAT_Min":0.00011978578186244704,"received_addresses":21,"max_pkt_from_sameId":20,"has_attacker":0}
{"received packets":909,"IAT_Mean":0.0021981426566401284,"IAT_Std":0.002863912197187087,"IAT_Max":0.015578272636048496,"IAT_Min":0.00011973895379924215,"received_addresses":22,"max_pkt_from_sameId":489,"has_attacker":1}
{"received packets":1410,"IAT_Mean":0.0014171010263027634,"IAT_Std":0.0009208476895801686,"IAT_Max":0.011482325742690592,"IAT_Min":0.000107674888567999,"received_addresses":21,"max_pkt_from_sameId":948,"has_attacker":1}
{"received packets":458,"IAT_Mean":0.004361919592930943,"IAT_Std":0.004440045509268259,"IAT_Max":0.015578327140246984,"IAT_Min":0.00010844708594959229,"received_addresses":24,"max_pkt_from_sameId":26,"has_attacker":1}
