{"sendtime":25201.078052917564,"rcvtime":25201.078167596854,"senderID":52,"messageID":68215,"position":[5457.186798039958,5113.945360620813,0.0],"speed":[6.860672249990721,-11.160181379630947,0.0],"heading":-1.1236523399716945,"ddostype":0,"msgtype":0}
{"sendtime":25201.178052917563,"rcvtime":25201.178161930933,"senderID":52,"messageID":74643,"position":[5457.186798039958,5113.945360620813,0.0],"speed":[6.860672249990721,-11.160181379630947,0.0],"heading":-1.1236523399716945,"ddostype":0,"msgtype":0}
{"sendtime":25201.278052917565,"rcvtime":25201.27817082119,"senderID":52,"messageID":81071,"position":[5457.186798039958,5113.945360620813,0.0],"speed":[6.860672249990721,-11.160181379630947,0.0],"heading":-1.1236523399716945,"ddostype":0,"msgtype":0}
{"sendtime":25201.378052917564,"rcvtime":25201.37816671144,"senderID":52,"messageID":87499,"position":[5457.186798039958,5113.945360620813,0.0],"speed":[6.860672249990721,-11.160181379630947,0.0],"heading":-1.1236523399716945,"ddostype":0,"msgtype":0}
{"sendtime":25201.478052917562,"rcvtime":25201.478162601696,"senderID":52,"messageID":93927,"position":[5457.186798039958,5113.945360620813,0.0],"speed":[6.860672249990721,-11.160181379630947,0.0],"heading":-1.1236523399716945,"ddostype":0,"msgtype":0}
{"sendtime":25201.578052917564,"rcvtime":25201.578158491957,"senderID":52,"messageID":100355,"position":[5457.186798039958,5113.945360620813,0.0],"speed":[6.860672249990721,-11.160181379630947,0.0],"heading":-1.1236523399716945,"ddostype":0,"msgtype":0}
{"sendtime":25201.678052917563,"rcvtime":25201.67816738221,"senderID":52,"messageID":106783,"position":[5457.186798039958,5113.945360620813,0.0],"speed":[6.860672249990721,-11.160181379630947,0.0],"heading":-1.1236523399716945,"ddostype":0,"msgtype":0}
{"sendtime":25201.778052917565,"rcvtime":25201.778163272462,"senderID":52,"messageID":113211,"position":[5457.186798039958,5113.945360620813,0.0],"speed":[6.860672249990721,-11.160181379630947,0.0],"heading":-1.1236523399716945,"ddostype":0,"msgtype":0}
{"sendtime":25201.878052917564,"rcvtime":25201.87815916272,"senderID":52,"messageID":119639,"position":[5457.186798039958,5113.945360620813,0.0],"speed":[6.860672249990721,-11.160181379630947,0.0],"heading":-1.1236523399716945,"ddostype":0,"msgtype":0}
{"sendtime":25201.978052917562,"rcvtime":25201.978168052978,"senderID":52,"messageID":126066,"position":[5457.186798039958,5113.945360620813,0.0],"speed":[6.860672249990721,-11.160181379630947,0.0],"heading":-1.1236523399716945,"ddostype":0,"msgtype":0}
{"sendtime":25202.078052917564,"rcvtime":25202.07816392457,"senderID":52,"messageID":132505,"position":[5464.830860364109,5101.813281261921,0.0],"speed":[7.672268757844898,-12.139711881625905,0.0],"heading":-1.1236523399716945,"ddostype":0,"msgtype":0}
{"sendtime":25202.178052917563,"rcvtime":25202.178161713953,"senderID":52,"messageID":138962,"position":[5464.830860364109,5101.813281261921,0.0],"speed":[7.672268757844898,-12.139711881625905,0.0],"heading":-1.1236523399716945,"ddostype":0,"msgtype":0}
{"sendtime":25202.278052917565,"rcvtime":25202.278159503327,"senderID":52,"messageID":145421,"position":[5464.830860364109,5101.813281261921,0.0],"speed":[7.672268757844898,-12.139711881625905,0.0],"heading":-1.1236523399716945,"ddostype":0,"msgtype":0}
{"sendtime":25202.378052917564,"rcvtime":25202.37817029271,"senderID":52,"messageID":151878,"position":[5464.830860364109,5101.813281261921,0.0],"speed":[7.672268757844898,-12.139711881625905,0.0],"heading":-1.1236523399716945,"ddostype":0,"msgtype":0}
{"sendtime":25202.478052917562,"rcvtime":25202.478168082092,"senderID":52,"messageID":158335,"position":[5464.830860364109,5101.813281261921,0.0],"speed":[7.672268757844898,-12.139711881625905,0.0],"heading":-1.1236523399716945,"ddostype":0,"msgtype":0}
{"sendtime":25202.578052917564,"rcvtime":25202.578165871477,"senderID":52,"messageID":164792,"position":[5464.830860364109,5101.813281261921,0.0],"speed":[7.672268757844898,-12.139711881625905,0.0],"heading":-1.1236523399716945,"ddostype":0,"msgtype":0}
{"sendtime":25202.678052917563,"rcvtime":25202.67816366086,"senderID":52,"messageID":171249,"position":[5464.830860364109,5101.813281261921,0.0],"speed":[7.672268757844898,-12.139711881625905,0.0],"heading":-1.1236523399716945,"ddostype":0,"msgtype":0}
{"sendtime":25202.778052917565,"rcvtime":25202.77816145024,"senderID":52,"messageID":177707,"position":[5464.830860364109,5101.813281261921,0.0],"speed":[7.672268757844898,-12.139711881625905,0.0],"heading":-1.1236523399716945,"ddostype":0,"msgtype":0}
{"sendtime":25202.878052917564,"rcvtime":25202.87815923962,"senderID":52,"messageID":184164,"position":[5464.830860364109,5101.813281261921,0.0],"speed":[7.672268757844898,-12.139711881625905,0.0],"heading":-1.1236523399716945,"ddostype":0,"msgtype":0}
{"sendtime":25202.978052917562,"rcvtime":25202.978170029004,"senderID":52,"messageID":190623,"position":[5464.830860364109,5101.813281261921,0.0],"speed":[7.672268757844898,-12.139711881625905,0.0],"heading":-1.1236523399716945,"ddostype":0,"msgtype":0}
{"sendtime":25212.028280695948,"rcvtime":25212.028393516543,"senderID":154,"messageID":701879,"position":[5828.511878097714,5076.134448782041,0.0],"speed":[-5.654412706207962,-13.26435163577701,0.0],"heading":0.4801018200989003,"ddostype":0,"msgtype":0}
{"sendtime":25212.128280695946,"rcvtime":25212.12839336443,"senderID":154,"messageID":707201,"position":[5828.511878097714,5076.134448782041,0.0],"speed":[-5.654412706207962,-13.26435163577701,0.0],"heading":0.4801018200989003,"ddostype":0,"msgtype":0}
{"sendtime":25212.22828069595,"rcvtime":25212.22839321231,"senderID":154,"messageID":712524,"position":[5828.511878097714,5076.134448782041,0.0],"speed":[-5.654412706207962,-13.26435163577701,0.0],"heading":0.4801018200989003,"ddostype":0,"msgtype":0}
{"sendtime":25212.328280695947,"rcvtime":25212.3283930602,"senderID":154,"messageID":717846,"position":[5828.511878097714,5076.134448782041,0.0],"speed":[-5.654412706207962,-13.26435163577701,0.0],"heading":0.4801018200989003,"ddostype":0,"msgtype":0}
{"sendtime":25212.42828069595,"rcvtime":25212.428392908085,"senderID":154,"messageID":723169,"position":[5828.511878097714,5076.134448782041,0.0],"speed":[-5.654412706207962,-13.26435163577701,0.0],"heading":0.4801018200989003,"ddostype":0,"msgtype":0}
{"sendtime":25212.528280695948,"rcvtime":25212.52839275597,"senderID":154,"messageID":728491,"position":[5828.511878097714,5076.134448782041,0.0],"speed":[-5.654412706207962,-13.26435163577701,0.0],"heading":0.4801018200989003,"ddostype":0,"msgtype":0}
{"sendtime":25212.628280695946,"rcvtime":25212.628392603856,"senderID":154,"messageID":733814,"position":[5828.511878097714,5076.134448782041,0.0],"speed":[-5.654412706207962,-13.26435163577701,0.0],"heading":0.4801018200989003,"ddostype":0,"msgtype":0}
{"sendtime":25212.72828069595,"rcvtime":25212.72839245174,"senderID":154,"messageID":739137,"position":[5828.511878097714,5076.134448782041,0.0],"speed":[-5.654412706207962,-13.26435163577701,0.0],"heading":0.4801018200989003,"ddostype":0,"msgtype":0}
{"sendtime":25212.828280695947,"rcvtime":25212.828392299623,"senderID":154,"messageID":744460,"position":[5828.511878097714,5076.134448782041,0.0],"speed":[-5.654412706207962,-13.26435163577701,0.0],"heading":0.4801018200989003,"ddostype":0,"msgtype":0}
{"sendtime":25212.92828069595,"rcvtime":25212.92839214751,"senderID":154,"messageID":749783,"position":[5828.511878097714,5076.134448782041,0.0],"speed":[-5.654412706207962,-13.26435163577701,0.0],"heading":0.4801018200989003,"ddostype":0,"msgtype":0}
