{"received packets":80,"IAT_Mean":0.024727101962434975,"IAT_Std":0.008944702847033004,"IAT_Max":0.03628887763625244,"IAT_Min":0.01125201092872885,"received_addresses":4,"max_pkt_from_sameId":20,"has_attacker":0}
{"received packets":100,"IAT_Mean":0.01984226552543987,"IAT_Std":0.009496049000628478,"IAT_Max":0.030224285736039748,"IAT_Min":0.006053586250345688,"received_addresses":5,"max_pkt_from_sameId":20,"has_attacker":0}
{"received packets":220,"IAT_Mean":0.009080708854939572,"IAT_Std":0.007539385110398777,"IAT_Max":0.02516950244171312,"IAT_Min":0.0007870000954426359,"received_addresses":12,"max_pkt_from_sameId":20,"has_attacker":0}
{"received packets":219,"IAT_Mean":0.009122202107209057,"IAT_Std":0.007085524175871051,"IAT_Max":0.025169322598230793,"IAT_Min":0.0007870001172705088,"received_addresses":12,"max_pkt_from_sameId":20,"has_attacker":0}
{"received packets":200,"IAT_Mean":0.00998880528499285,"IAT_Std":0.007046229462035694,"IAT_Max":0.02516914154330152,"IAT_Min":0.0007870001209084876,"received_addresses":10,"max_pkt_from_sameId":20,"has_attacker":0}
{"received packets":210,"IAT_Mean":0.009513108294517485,"IAT_Std":0.007926753799426779,"IAT_Max":0.025169047654344469,"IAT_Min":0.0006239999893296044,"received_addresses":11,"max_pkt_from_sameId":20,"has_attacker":0}
{"received packets":220,"IAT_Mean":0.009080707136705646,"IAT_Std":0.00796872939541929,"IAT_Max":0.025169037289742847,"IAT_Min":0.0006316758954199031,"received_addresses":11,"max_pkt_from_sameId":20,"has_attacker":0}
{"received packets":668,"IAT_Mean":0.0029913556408338807,"IAT_Std":0.004441824490922173,"IAT_Max":0.02516903664218262,"IAT_Min":0.00016324010357493535,"received_addresses":11,"max_pkt_from_sameId":468,"has_attacker":1}
{"received packets":1200,"IAT_Mean":0.0016651892670203476,"IAT_Std":0.0005623143412481869,"IAT_Max":0.0020032453576277477,"IAT_Min":0.00016324010357493535,"received_addresses":11,"max_pkt_from_sameId":1000,"has_attacker":1}
{"received packets":1130,"IAT_Mean":0.0017682624860882782,"IAT_Std":0.0005936343131534468,"IAT_Max":0.004155844704655465,"IAT_Min":0.00027777299328590743,"received_addresses":10,"max_pkt_from_sameId":961,"has_attacker":1}
{"received packets":680,"IAT_Mean":0.0029378756563988538,"IAT_Std":0.004869031945475628,"IAT_Max":0.03568876848657965,"IAT_Min":0.00026985463046003133,"received_addresses":12,"max_pkt_from_sameId":489,"has_attacker":1}
{"received packets":243,"IAT_Mean":0.008221232781033157,"IAT_Std":0.006777512383489094,"IAT_Max":0.020339790182333674,"IAT_Min":0.0002800989204843063,"received_addresses":13,"max_pkt_from_sameId":20,"has_attacker":0}
{"received packets":362,"IAT_Mean":0.005518678347355425,"IAT_Std":0.00575091395220985,"IAT_Max":0.018927933135273635,"IAT_Min":0.0002712183595576789,"received_addresses":15,"max_pkt_from_sameId":98,"has_attacker":1}
{"received packets":799,"IAT_Mean":0.002500805070569518,"IAT_Std":0.0032238866454581259,"IAT_Max":0.018927720931969817,"IAT_Min":0.0002079994956147857,"received_addresses":15,"max_pkt_from_sameId":488,"has_attacker":1}
{"received packets":1220,"IAT_Mean":0.0016378214764013958,"IAT_Std":0.0006653596917456486,"IAT_Max":0.0041560447425581519,"IAT_Min":0.00011325138257234357,"received_addresses":14,"max_pkt_from_sameId":960,"has_attacker":1}
{"received packets":276,"IAT_Mean":0.007238252911243446,"IAT_Std":0.00676353025281569,"IAT_Max":0.020334834833192873,"IAT_Min":0.00011220121086807922,"received_addresses":15,"max_pkt_from_sameId":20,"has_attacker":1}
{"received packets":289,"IAT_Mean":0.006912652972982318,"IAT_Std":0.006406579604782703,"IAT_Max":0.020338206300948515,"IAT_Min":0.0002802338494802825,"received_addresses":15,"max_pkt_from_sameId":28,"has_attacker":1}
{"received packets":317,"IAT_Mean":0.0063020914339196759,"IAT_Std":0.006050338484569759,"IAT_Max":0.018927079378045165,"IAT_Min":0.00038445956670329906,"received_addresses":14,"max_pkt_from_sameId":57,"has_attacker":1}
{"received packets":1198,"IAT_Mean":0.0016678914881186683,"IAT_Std":0.0007557144967731225,"IAT_Max":0.004272229904017877,"IAT_Min":0.0002946329695987515,"received_addresses":15,"max_pkt_from_sameId":938,"has_attacker":1}
{"received packets":746,"IAT_Mean":0.00267796551348808,"IAT_Std":0.003582846870603951,"IAT_Max":0.020332471016445198,"IAT_Min":0.00011700276809278876,"received_addresses":16,"max_pkt_from_sameId":472,"has_attacker":1}
{"received packets":300,"IAT_Mean":0.006659203300465985,"IAT_Std":0.006066404431266343,"IAT_Max":0.01893507587737986,"IAT_Min":0.00038443740049842745,"received_addresses":15,"max_pkt_from_sameId":20,"has_attacker":0}
{"received packets":363,"IAT_Mean":0.00550346115976099,"IAT_Std":0.005869044220975061,"IAT_Max":0.018498245357477573,"IAT_Min":0.0003392157632333692,"received_addresses":18,"max_pkt_from_sameId":52,"has_attacker":1}
{"received packets":342,"IAT_Mean":0.0058413878828504129,"IAT_Std":0.005949625540378266,"IAT_Max":0.01893507587737986,"IAT_Min":0.00038443739686044864,"received_addresses":18,"max_pkt_from_sameId":21,"has_attacker":1}
{"received packets":320,"IAT_Mean":0.006242994539593383,"IAT_Std":0.00605421863864457,"IAT_Max":0.01893507587737986,"IAT_Min":0.00038443739686044864,"received_addresses":16,"max_pkt_from_sameId":20,"has_attacker":0}
{"received packets":330,"IAT_Mean":0.006053814368682321,"IAT_Std":0.006050124491464826,"IAT_Max":0.01893507587374188,"IAT_Min":0.00021503422249224968,"received_addresses":17,"max_pkt_from_sameId":20,"has_attacker":0}
{"received packets":353,"IAT_Mean":0.005659361998257907,"IAT_Std":0.005464354638157678,"IAT_Max":0.01849823840530007,"IAT_Min":0.00038443740049842745,"received_addresses":18,"max_pkt_from_sameId":23,"has_attacker":1}
{"received packets":364,"IAT_Mean":0.005488352860163934,"IAT_Std":0.0056430187688214909,"IAT_Max":0.018498223664209946,"IAT_Min":0.00028021005709888414,"received_addresses":18,"max_pkt_from_sameId":34,"has_attacker":1}
{"received packets":340,"IAT_Mean":0.005875762861989428,"IAT_Std":0.00564838868807574,"IAT_Max":0.016489711411850295,"IAT_Min":0.00038443740049842745,"received_addresses":17,"max_pkt_from_sameId":20,"has_attacker":0}
{"received packets":341,"IAT_Mean":0.005858530130375093,"IAT_Std":0.005648088654572576,"IAT_Max":0.01649112607265124,"IAT_Min":0.00038443740049842745,"received_addresses":18,"max_pkt_from_sameId":20,"has_attacker":0}
{"received packets":321,"IAT_Mean":0.006223542172878541,"IAT_Std":0.0059475181840941819,"IAT_Max":0.018318296104553157,"IAT_Min":0.00038443740049842745,"received_addresses":17,"max_pkt_from_sameId":20,"has_attacker":0}
{"received packets":404,"IAT_Mean":0.004944928944892711,"IAT_Std":0.004586502264609009,"IAT_Max":0.018928670844616137,"IAT_Min":0.00038443739686044864,"received_addresses":18,"max_pkt_from_sameId":85,"has_attacker":1}
{"received packets":371,"IAT_Mean":0.005384802867768968,"IAT_Std":0.005100644087761976,"IAT_Max":0.01831502226923476,"IAT_Min":0.00018903654563473538,"received_addresses":17,"max_pkt_from_sameId":51,"has_attacker":1}
{"received packets":320,"IAT_Mean":0.006242989844349722,"IAT_Std":0.005591458344134973,"IAT_Max":0.018315159573830898,"IAT_Min":0.00038443740049842745,"received_addresses":16,"max_pkt_from_sameId":20,"has_attacker":0}
{"received packets":320,"IAT_Mean":0.0062430105082853519,"IAT_Std":0.005591429961250169,"IAT_Max":0.018315287827135763,"IAT_Min":0.00038443740049842745,"received_addresses":16,"max_pkt_from_sameId":20,"has_attacker":0}
{"received packets":360,"IAT_Mean":0.005549315632530731,"IAT_Std":0.005051436311808848,"IAT_Max":0.018315334655198968,"IAT_Min":0.00016301116193062626,"received_addresses":17,"max_pkt_from_sameId":40,"has_attacker":1}
{"received packets":402,"IAT_Mean":0.0049695383082480619,"IAT_Std":0.004541245393792455,"IAT_Max":0.018317943260626636,"IAT_Min":0.00016301076175295748,"received_addresses":17,"max_pkt_from_sameId":83,"has_attacker":1}
{"received packets":322,"IAT_Mean":0.006204221026101262,"IAT_Std":0.0055889286698566418,"IAT_Max":0.018315389155759477,"IAT_Min":0.00038443739686044864,