{"received packets":240,"IAT_Mean":0.008324868320490472,"IAT_Std":0.009759828276333222,"IAT_Max":0.04082723512328812,"IAT_Min":0.0002150006257579662,"received_addresses":13,"max_pkt_from_sameId":20,"has_attacker":0}
{"received packets":318,"IAT_Mean":0.006282940760930105,"IAT_Std":0.007185753045262812,"IAT_Max":0.03075115197134437,"IAT_Min":0.00021500089496839792,"received_addresses":16,"max_pkt_from_sameId":20,"has_attacker":0}
{"received packets":240,"IAT_Mean":0.008324880448829694,"IAT_Std":0.006916230875535757,"IAT_Max":0.0303664279053919,"IAT_Min":0.00120300124399364,"received_addresses":14,"max_pkt_from_sameId":20,"has_attacker":0}
{"received packets":182,"IAT_Mean":0.010977899498327164,"IAT_Std":0.008908342568418722,"IAT_Max":0.03036631513168686,"IAT_Min":0.0012030374782625586,"received_addresses":13,"max_pkt_from_sameId":20,"has_attacker":0}
{"received packets":179,"IAT_Mean":0.011161880403046247,"IAT_Std":0.005641833876917735,"IAT_Max":0.02048819902483956,"IAT_Min":0.0016726783542253543,"received_addresses":10,"max_pkt_from_sameId":20,"has_attacker":0}
{"received packets":120,"IAT_Mean":0.016649736367495887,"IAT_Std":0.01754237107955721,"IAT_Max":0.06152822732110508,"IAT_Min":0.0016724860288377386,"received_addresses":7,"max_pkt_from_sameId":20,"has_attacker":0}
{"received packets":111,"IAT_Mean":0.01799974124236263,"IAT_Std":0.01755108511707439,"IAT_Max":0.06152318864769768,"IAT_Min":0.001672292211878812,"received_addresses":7,"max_pkt_from_sameId":20,"has_attacker":0}
{"received packets":100,"IAT_Mean":0.01997978709649033,"IAT_Std":0.011242971265543817,"IAT_Max":0.03393755701108603,"IAT_Min":0.0016721096944820602,"received_addresses":5,"max_pkt_from_sameId":20,"has_attacker":0}
{"received packets":120,"IAT_Mean":0.01665099130350427,"IAT_Std":0.010593175826819348,"IAT_Max":0.03393892859094194,"IAT_Min":0.0012136357836425305,"received_addresses":7,"max_pkt_from_sameId":20,"has_attacker":0}
{"received packets":1130,"IAT_Mean":0.0017682620840143533,"IAT_Std":0.0004963976751678814,"IAT_Max":0.00217100965892314,"IAT_Min":0.00016316909022862092,"received_addresses":8,"max_pkt_from_sameId":1000,"has_attacker":1}
{"received packets":610,"IAT_Mean":0.003275362570555623,"IAT_Std":0.006683941777825664,"IAT_Max":0.038974424824118617,"IAT_Min":0.00010615529026836157,"received_addresses":7,"max_pkt_from_sameId":510,"has_attacker":1}
{"received packets":120,"IAT_Mean":0.01664979331098948,"IAT_Std":0.01547468464745353,"IAT_Max":0.03778026834334014,"IAT_Min":0.00027954937468166463,"received_addresses":6,"max_pkt_from_sameId":20,"has_attacker":0}
{"received packets":169,"IAT_Mean":0.01182234985654872,"IAT_Std":0.011940770667343587,"IAT_Max":0.03777989631998935,"IAT_Min":0.00027057866464019753,"received_addresses":10,"max_pkt_from_sameId":20,"has_attacker":0}
{"received packets":768,"IAT_Mean":0.0026017480836012889,"IAT_Std":0.0035769689847132896,"IAT_Max":0.020333020511316137,"IAT_Min":0.00016316925757564604,"received_addresses":15,"max_pkt_from_sameId":499,"has_attacker":1}
{"received packets":1144,"IAT_Mean":0.0017466271659960494,"IAT_Std":0.0017100729815757014,"IAT_Max":0.01869531512420508,"IAT_Min":0.00011252821059315465,"received_addresses":15,"max_pkt_from_sameId":864,"has_attacker":1}
{"received packets":321,"IAT_Mean":0.006224216048862235,"IAT_Std":0.00576785861003519,"IAT_Max":0.020334912001999329,"IAT_Min":0.00011147790064569563,"received_addresses":16,"max_pkt_from_sameId":21,"has_attacker":1}
{"received packets":331,"IAT_Mean":0.006036169961864393,"IAT_Std":0.005399365991714043,"IAT_Max":0.01831621901874314,"IAT_Min":0.00021501460287254304,"received_addresses":17,"max_pkt_from_sameId":20,"has_attacker":0}
{"received packets":339,"IAT_Mean":0.005893741984455709,"IAT_Std":0.005409400890660858,"IAT_Max":0.018315556215384278,"IAT_Min":0.00021501460287254304,"received_addresses":17,"max_pkt_from_sameId":20,"has_attacker":0}
{"received packets":1339,"IAT_Mean":0.0014922578636713533,"IAT_Std":0.0006082706344513492,"IAT_Max":0.0021139138079888655,"IAT_Min":0.00016316925757564604,"received_addresses":18,"max_pkt_from_sameId":999,"has_attacker":1}
{"received packets":852,"IAT_Mean":0.0023450443911353666,"IAT_Std":0.0027027042836054416,"IAT_Max":0.014385053516889457,"IAT_Min":0.00011627945423242636,"received_addresses":18,"max_pkt_from_sameId":512,"has_attacker":1}
{"received packets":360,"IAT_Mean":0.005549934828660399,"IAT_Std":0.004510390318392944,"IAT_Max":0.014385053516889457,"IAT_Min":0.00021501460287254304,"received_addresses":19,"max_pkt_from_sameId":20,"has_attacker":0}
{"received packets":380,"IAT_Mean":0.005257820918871546,"IAT_Std":0.004392041832478355,"IAT_Max":0.014395215283002472,"IAT_Min":0.00021501460287254304,"received_addresses":19,"max_pkt_from_sameId":20,"has_attacker":0}
{"received packets":867,"IAT_Mean":0.0023046520728306526,"IAT_Std":0.0026457394485228725,"IAT_Max":0.014395215283002472,"IAT_Min":0.00016300000788760372,"received_addresses":20,"max_pkt_from_sameId":508,"has_attacker":1}
{"received packets":1369,"IAT_Mean":0.0014595594081728006,"IAT_Std":0.0006417336789112278,"IAT_Max":0.002009000276302686,"IAT_Min":0.00011634720794972964,"received_addresses":22,"max_pkt_from_sameId":1000,"has_attacker":1}
{"received packets":423,"IAT_Mean":0.004723336946294339,"IAT_Std":0.0050449517534463029,"IAT_Max":0.01812319239252247,"IAT_Min":0.00010683006257750094,"received_addresses":21,"max_pkt_from_sameId":23,"has_attacker":1}
{"received packets":160,"IAT_Mean":0.012487345589261168,"IAT_Std":0.011599550303643028,"IAT_Max":0.043726549731218259,"IAT_Min":0.0005149439166416414,"received_addresses":13,"max_pkt_from_sameId":20,"has_attacker":1}
{"received packets":150,"IAT_Mean":0.013319806270471115,"IAT_Std":0.017368858865617805,"IAT_Max":0.05369674738540198,"IAT_Min":0.0019066602253587917,"received_addresses":8,"max_pkt_from_sameId":20,"has_attacker":0}
{"received packets":1147,"IAT_Mean":0.0017420582054843877,"IAT_Std":0.0005039420514912805,"IAT_Max":0.0033220010955119507,"IAT_Min":0.00016400175809394568,"received_addresses":9,"max_pkt_from_sameId":997,"has_attacker":1}
{"received packets":674,"IAT_Mean":0.0029643575160862008,"IAT_Std":0.0066177511835077769,"IAT_Max":0.051776107895420867,"IAT_Min":0.00011076099326601252,"received_addresses":9,"max_pkt_from_sameId":514,"has_attacker":1}
{"received packets":151,"IAT_Mean":0.013231635846196449,"IAT_Std":0.01756760247004476,"IAT_Max":0.05705561885770294,"IAT_Min":0.001905880963022355,"received_addresses":9,"max_pkt_from_sameId":20,"has_attacker":0}
{"received packets":80,"IAT_Mean":0.024974630566521228,"IAT_Std":0.03266133207132738,"IAT_Max":0.08132918496994535,"IAT_Min":0.0027950024232268335,"received_addresses":4,"max_pkt_from_sameId":20,"has_attacker":0}
{"received packets":90,"IAT_Mean":0.022199659352271637,"IAT_Std":0.027020770044184469,"IAT_Max":0.08132934541572468,"IAT_Min":0.0027884044393431397,"received_addresses":5,"max_pkt_from_sameId":20,"has_attacker":0}
{"received packets":80,"IAT_Mean":0.0249746945019524,"IAT_Std":0.032660719624485429,"IAT_Max":0.08133212686516345,"IAT_Min":0.002787388781143818,"received_addresses":4,"max_pkt_from_sameId":20,"has_attacker":0}
{"received packets":60,"IAT_Mean":0.033299503023469397,"IAT_Std":0.0416170906336458,"IAT_Max":0.09215537018462783,"IAT_Min":0.002789546564599732,"received_addresses":3,"max_pkt_from_sameId":20,"has_attacker":0}
