{"received packets":240,"IAT_Mean":0.008293127425486092,"IAT_Std":0.008610644964239937,"IAT_Max":0.026861300098971698,"IAT_Min":0.0010470973938936368,"received_addresses":12,"max_pkt_from_sameId":20,"has_attacker":0}
{"received packets":250,"IAT_Mean":0.007961378045627499,"IAT_Std":0.008559230226699664,"IAT_Max":0.02686120427097194,"IAT_Min":0.0010471694695297629,"received_addresses":13,"max_pkt_from_sameId":20,"has_attacker":0}
