{"received packets":510,"IAT_Mean":0.003917583032121983,"IAT_Std":0.003935340529252024,"IAT_Max":0.01892424130710424,"IAT_Min":0.00016426532602054067,"received_addresses":26,"max_pkt_from_sameId":20,"has_attacker":0}
{"received packets":560,"IAT_Mean":0.0035678110585909705,"IAT_Std":0.0034319244077701718,"IAT_Max":0.011408721034968039,"IAT_Min":0.00016427431182819419,"received_addresses":28,"max_pkt_from_sameId":20,"has_attacker":0}
{"received packets":550,"IAT_Mean":0.00363267350437871,"IAT_Std":0.0033445768293196189,"IAT_Max":0.011694078599248315,"IAT_Min":0.0001643279210838955,"received_addresses":29,"max_pkt_from_sameId":20,"has_attacker":0}
{"received packets":570,"IAT_Mean":0.003505222700506126,"IAT_Std":0.0029900589577601225,"IAT_Max":0.00975724730960792,"IAT_Min":0.00016431615586043335,"received_addresses":29,"max_pkt_from_sameId":20,"has_attacker":0}
{"received packets":530,"IAT_Mean":0.00376976599514167,"IAT_Std":0.003154383495723384,"IAT_Max":0.012377034883684246,"IAT_Min":0.00016416759899584576,"received_addresses":27,"max_pkt_from_sameId":20,"has_attacker":0}
{"received packets":510,"IAT_Mean":0.003917584180453559,"IAT_Std":0.0034181246508826767,"IAT_Max":0.012377072918752674,"IAT_Min":0.00016398592561017722,"received_addresses":26,"max_pkt_from_sameId":20,"has_attacker":0}
{"received packets":509,"IAT_Mean":0.003925286900418893,"IAT_Std":0.0035344609367408579,"IAT_Max":0.012377434039080982,"IAT_Min":0.0001638954818190541,"received_addresses":26,"max_pkt_from_sameId":20,"has_attacker":0}
{"received packets":1881,"IAT_Mean":0.001063137423144253,"IAT_Std":0.0017914098285145124,"IAT_Max":0.012377630333503476,"IAT_Min":0.0001433878715033643,"received_addresses":29,"max_pkt_from_sameId":467,"has_attacker":1}
{"received packets":3396,"IAT_Mean":0.0005888610400417749,"IAT_Std":0.0005991631588993782,"IAT_Max":0.002011830008996185,"IAT_Min":0.00014175617252476513,"received_addresses":27,"max_pkt_from_sameId":982,"has_attacker":1}
{"received packets":451,"IAT_Mean":0.004430095978732868,"IAT_Std":0.004106665148637451,"IAT_Max":0.017984008525672836,"IAT_Min":0.0001632318162592128,"received_addresses":25,"max_pkt_from_sameId":29,"has_attacker":1}
{"received packets":368,"IAT_Mean":0.0054292707136186359,"IAT_Std":0.005599617222960282,"IAT_Max":0.02258408727720962,"IAT_Min":0.00016300019342452288,"received_addresses":22,"max_pkt_from_sameId":20,"has_attacker":1}
{"received packets":791,"IAT_Mean":0.0025260932861289246,"IAT_Std":0.0036966939133555979,"IAT_Max":0.022584255446417957,"IAT_Min":0.0001535610899736639,"received_addresses":20,"max_pkt_from_sameId":480,"has_attacker":1}
{"received packets":510,"IAT_Mean":0.003917603453559351,"IAT_Std":0.005015904959491616,"IAT_Max":0.019486217552184827,"IAT_Min":0.00012898361092084087,"received_addresses":18,"max_pkt_from_sameId":98,"has_attacker":1}
{"received packets":930,"IAT_Mean":0.0021485419968494858,"IAT_Std":0.0028452432931620984,"IAT_Max":0.01948171247568098,"IAT_Min":0.0001630333463253919,"received_addresses":21,"max_pkt_from_sameId":479,"has_attacker":1}
{"received packets":1320,"IAT_Mean":0.0015137448174782824,"IAT_Std":0.0007216330874379257,"IAT_Max":0.0040049997769529,"IAT_Min":0.00011405675468267873,"received_addresses":19,"max_pkt_from_sameId":960,"has_attacker":1}
{"received packets":348,"IAT_Mean":0.0057413046065605539,"IAT_Std":0.0060142623520914,"IAT_Max":0.02033483548439108,"IAT_Min":0.00011315875963191502,"received_addresses":20,"max_pkt_from_sameId":20,"has_attacker":1}
{"received packets":436,"IAT_Mean":0.004582506671494888,"IAT_Std":0.005321762351896841,"IAT_Max":0.019605054672865664,"IAT_Min":0.00015181238268269226,"received_addresses":20,"max_pkt_from_sameId":38,"has_attacker":1}
{"received packets":476,"IAT_Mean":0.004197435260774749,"IAT_Std":0.005103583823884511,"IAT_Max":0.019486217424855569,"IAT_Min":0.00015181238268269226,"received_addresses":20,"max_pkt_from_sameId":58,"has_attacker":1}
{"received packets":368,"IAT_Mean":0.005429268373894086,"IAT_Std":0.005653128861887092,"IAT_Max":0.019592054672102678,"IAT_Min":0.0001516088959760964,"received_addresses":20,"max_pkt_from_sameId":20,"has_attacker":0}
{"received packets":366,"IAT_Mean":0.005458957575524561,"IAT_Std":0.005593492506030122,"IAT_Max":0.019605054672865664,"IAT_Min":0.00015160743350861594,"received_addresses":21,"max_pkt_from_sameId":20,"has_attacker":0}
{"received packets":364,"IAT_Mean":0.005488948323405706,"IAT_Std":0.005532592132267355,"IAT_Max":0.019605054672865664,"IAT_Min":0.00015160713519435376,"received_addresses":20,"max_pkt_from_sameId":20,"has_attacker":0}
{"received packets":470,"IAT_Mean":0.004251005533118819,"IAT_Std":0.005220355420268042,"IAT_Max":0.01948621742121759,"IAT_Min":0.0001582687982590869,"received_addresses":20,"max_pkt_from_sameId":55,"has_attacker":1}
{"received packets":872,"IAT_Mean":0.0022914379652745895,"IAT_Std":0.003024609965376175,"IAT_Max":0.019460217426967576,"IAT_Min":0.00015132669432205148,"received_addresses":21,"max_pkt_from_sameId":476,"has_attacker":1}
{"received packets":1300,"IAT_Mean":0.0015370288063198902,"IAT_Std":0.0007357648573327751,"IAT_Max":0.004005000002507586,"IAT_Min":0.00011690571409417316,"received_addresses":18,"max_pkt_from_sameId":960,"has_attacker":1}
{"received packets":363,"IAT_Mean":0.0055034672261557939,"IAT_Std":0.005537444705884297,"IAT_Max":0.019592054672102678,"IAT_Min":0.00010744820610852912,"received_addresses":19,"max_pkt_from_sameId":20,"has_attacker":1}
{"received packets":413,"IAT_Mean":0.0048371783215845729,"IAT_Std":0.005911091585861498,"IAT_Max":0.019592054672102678,"IAT_Min":0.00016302848962368444,"received_addresses":20,"max_pkt_from_sameId":30,"has_attacker":1}
{"received packets":1019,"IAT_Mean":0.0019608493100802249,"IAT_Std":0.0017985151388338627,"IAT_Max":0.015780094734509477,"IAT_Min":0.000163008564413758,"received_addresses":20,"max_pkt_from_sameId":635,"has_attacker":1}
{"received packets":381,"IAT_Mean":0.005243462557777083,"IAT_Std":0.005788907523012518,"IAT_Max":0.019605054672865664,"IAT_Min":0.0001144469679275062,"received_addresses":19,"max_pkt_from_sameId":21,"has_attacker":1}
{"received packets":383,"IAT_Mean":0.005216079989271363,"IAT_Std":0.005388160332733001,"IAT_Max":0.019605054672865664,"IAT_Min":0.0001630044098419603,"received_addresses":21,"max_pkt_from_sameId":20,"has_attacker":0}
{"received packets":394,"IAT_Mean":0.005070448982048317,"IAT_Std":0.005186769825826343,"IAT_Max":0.018318611419090304,"IAT_Min":0.00016300231800414622,"received_addresses":23,"max_pkt_from_sameId":20,"has_attacker":0}
{"received packets":625,"IAT_Mean":0.0031964018482656686,"IAT_Std":0.003647449156805788,"IAT_Max":0.01762969580522622,"IAT_Min":0.0001630002625461202,"received_addresses":22,"max_pkt_from_sameId":169,"has_attacker":1}
{"received packets":482,"IAT_Mean":0.004144733870073262,"IAT_Std":0.004665040392358526,"IAT_Max":0.018315337587409887,"IAT_Min":0.00016300306378980167,"received_addresses":21,"max_pkt_from_sameId":51,"has_attacker":1}
{"received packets":380,"IAT_Mean":0.005257254241127827,"IAT_Std":0.004930800304351726,"IAT_Max":0.018315474888368045,"IAT_Min":0.00026700297166826203,"received_addresses":19,"max_pkt_from_sameId":20,"has_attacker":0}
{"received packets":380,"IAT_Mean":0.0052572716423272048,"IAT_Std":0.00493055183304705,"IAT_Max":0.01831560314167291,"IAT_Min":0.00026700297894421965,"received_addresses":19,"max_pkt_from_sameId":20,"has_attacker":0}
{"received packets":877,"IAT_Mean":0.002278348700948282,"IAT_Std":0.002895620977176209,"IAT_Max":0.018315649969736115,"IAT_Min":0.0001630029692023527,"received_addresses":21,"max_pkt_from_sameId":457,"has_attacker":1}
{"received packets":1400,"IAT_Mean":0.0014272232735233308,"IAT_Std":0.0009487863096571645,"IAT_Max":0.011482001773401862,"IAT_Min":0.00010781073069665581,"received_addresses":21,"max_pkt_from_sameId":948,"has_attacker":1}
{"received packets":398,"IAT_Mean":0.00501949505485928,"IAT_Std":0.004747514745104976,"IAT_Max":0.018315704470296624,