{"received packets":20,"IAT_Mean":0.0975501190052455,"IAT_Std":0.010677903791144276,"IAT_Max":0.10000889025468496,"IAT_Min":0.05100621990277432,"received_addresses":1,"max_pkt_from_sameId":20,"has_attacker":0}
{"received packets":60,"IAT_Mean":0.03305620651717618,"IAT_Std":0.025471378227620989,"IAT_Max":0.06764527785708197,"IAT_Min":0.0037510225229198115,"received_addresses":4,"max_pkt_from_sameId":20,"has_attacker":0}
{"received packets":29,"IAT_Mean":0.06727612586109899,"IAT_Std":0.024448754087973709,"IAT_Max":0.10000364329607692,"IAT_Min":0.04258913084413507,"received_addresses":2,"max_pkt_from_sameId":20,"has_attacker":0}
{"received packets":41,"IAT_Mean":0.04849328429536843,"IAT_Std":0.03074448586191534,"IAT_Max":0.09999714908190072,"IAT_Min":0.008418402358074673,"received_addresses":4,"max_pkt_from_sameId":20,"has_attacker":0}
{"received packets":70,"IAT_Mean":0.028542520036197468,"IAT_Std":0.01920817528179796,"IAT_Max":0.06153042206278769,"IAT_Min":0.0018660007044672967,"received_addresses":6,"max_pkt_from_sameId":20,"has_attacker":0}
{"received packets":80,"IAT_Mean":0.024974602426073034,"IAT_Std":0.016982567580585283,"IAT_Max":0.06152839983406011,"IAT_Min":0.009153374092420563,"received_addresses":5,"max_pkt_from_sameId":20,"has_attacker":0}
{"received packets":90,"IAT_Mean":0.022199679238474346,"IAT_Std":0.016501946303842976,"IAT_Max":0.06152335976730683,"IAT_Min":0.007127081269572955,"received_addresses":6,"max_pkt_from_sameId":20,"has_attacker":0}
{"received packets":120,"IAT_Mean":0.016649821469339564,"IAT_Std":0.011187408086805739,"IAT_Max":0.03730468195863068,"IAT_Min":0.0016710000709281304,"received_addresses":6,"max_pkt_from_sameId":20,"has_attacker":0}
{"received packets":150,"IAT_Mean":0.013320792251640039,"IAT_Std":0.010009306745094999,"IAT_Max":0.0372997112935991,"IAT_Min":0.0008700512116774917,"received_addresses":8,"max_pkt_from_sameId":20,"has_attacker":0}
{"received packets":657,"IAT_Mean":0.003041302711626292,"IAT_Std":0.0038467890059147899,"IAT_Max":0.020328143113147236,"IAT_Min":0.00016300014249281958,"received_addresses":10,"max_pkt_from_sameId":508,"has_attacker":1}
{"received packets":442,"IAT_Mean":0.004520296604502672,"IAT_Std":0.00692182790195978,"IAT_Max":0.03609341353512718,"IAT_Min":0.0001058818306773901,"received_addresses":8,"max_pkt_from_sameId":312,"has_attacker":1}
{"received packets":135,"IAT_Mean":0.014799816331947956,"IAT_Std":0.011236817581065715,"IAT_Max":0.03610127629508497,"IAT_Min":0.00027931129443459213,"received_addresses":7,"max_pkt_from_sameId":20,"has_attacker":0}
{"received packets":120,"IAT_Mean":0.016649809997458459,"IAT_Std":0.01109855468090618,"IAT_Max":0.03730273999462952,"IAT_Min":0.00027041671273764223,"received_addresses":6,"max_pkt_from_sameId":20,"has_attacker":0}
{"received packets":579,"IAT_Mean":0.0034510232271682489,"IAT_Std":0.006323000107114389,"IAT_Max":0.037290946806024297,"IAT_Min":0.00016300005881930701,"received_addresses":5,"max_pkt_from_sameId":499,"has_attacker":1}
{"received packets":944,"IAT_Mean":0.0021166752101180465,"IAT_Std":0.0018914150872683853,"IAT_Max":0.020166631085885457,"IAT_Min":0.00011244853158132173,"received_addresses":5,"max_pkt_from_sameId":864,"has_attacker":1}
{"received packets":101,"IAT_Mean":0.019781915260783438,"IAT_Std":0.011994746658992056,"IAT_Max":0.03729628185828915,"IAT_Min":0.00011139835260109976,"received_addresses":5,"max_pkt_from_sameId":21,"has_attacker":1}
{"received packets":100,"IAT_Mean":0.01997972347027826,"IAT_Std":0.01192684692752573,"IAT_Max":0.037305445159290687,"IAT_Min":0.002270653214509366,"received_addresses":5,"max_pkt_from_sameId":20,"has_attacker":0}
{"received packets":159,"IAT_Mean":0.012565903285439214,"IAT_Std":0.008723502527483473,"IAT_Max":0.023084933283826105,"IAT_Min":0.0006726365209033247,"received_addresses":8,"max_pkt_from_sameId":20,"has_attacker":0}
{"received packets":1139,"IAT_Mean":0.001754287269457011,"IAT_Std":0.000503219970740848,"IAT_Max":0.0021138342635822484,"IAT_Min":0.00016300005881930701,"received_addresses":8,"max_pkt_from_sameId":999,"has_attacker":1}
{"received packets":652,"IAT_Mean":0.00306438329892338,"IAT_Std":0.004609465096598284,"IAT_Max":0.022797479625296547,"IAT_Min":0.0001161999098258093,"received_addresses":8,"max_pkt_from_sameId":512,"has_attacker":1}
{"received packets":170,"IAT_Mean":0.01175280369397489,"IAT_Std":0.0084610543417903,"IAT_Max":0.022797479628934526,"IAT_Min":0.001244086062797578,"received_addresses":9,"max_pkt_from_sameId":20,"has_attacker":0}
{"received packets":199,"IAT_Mean":0.01004006049659246,"IAT_Std":0.008692937310567866,"IAT_Max":0.022799643607868349,"IAT_Min":0.00015551804608548991,"received_addresses":10,"max_pkt_from_sameId":20,"has_attacker":0}
{"received packets":678,"IAT_Mean":0.0029470992373172688,"IAT_Std":0.004476787292342577,"IAT_Max":0.022799643607868349,"IAT_Min":0.00016300014613079838,"received_addresses":10,"max_pkt_from_sameId":508,"has_attacker":1}
{"received packets":1126,"IAT_Mean":0.0017745442659277285,"IAT_Std":0.0005471531098920844,"IAT_Max":0.004005047881946666,"IAT_Min":0.00011628284119069576,"received_addresses":9,"max_pkt_from_sameId":995,"has_attacker":1}
{"received packets":399,"IAT_Mean":0.0050074474653539128,"IAT_Std":0.00425351645214899,"IAT_Max":0.014385052723810077,"IAT_Min":0.00010684335939004086,"received_addresses":21,"max_pkt_from_sameId":20,"has_attacker":1}
{"received packets":382,"IAT_Mean":0.005230302229592685,"IAT_Std":0.004768759847777437,"IAT_Max":0.020572440949763405,"IAT_Min":0.0002041288316831924,"received_addresses":21,"max_pkt_from_sameId":20,"has_attacker":0}
{"received packets":131,"IAT_Mean":0.01525168904565001,"IAT_Std":0.018543939891702913,"IAT_Max":0.060094230891991177,"IAT_Min":0.0011015257659892087,"received_addresses":8,"max_pkt_from_sameId":20,"has_attacker":0}
{"received packets":1117,"IAT_Mean":0.0017888453617246343,"IAT_Std":0.0004929174666833987,"IAT_Max":0.003322000258776825,"IAT_Min":0.00016318666530423798,"received_addresses":7,"max_pkt_from_sameId":997,"has_attacker":1}
{"received packets":634,"IAT_Mean":0.003151384267319269,"IAT_Std":0.006934816322860279,"IAT_Max":0.054813428192574068,"IAT_Min":0.00011026903302990831,"received_addresses":7,"max_pkt_from_sameId":514,"has_attacker":1}
{"received packets":110,"IAT_Mean":0.017665131046967213,"IAT_Std":0.02041426226951579,"IAT_Max":0.05963042995063006,"IAT_Min":0.0026727076547103936,"received_addresses":6,"max_pkt_from_sameId":20,"has_attacker":0}
{"received packets":100,"IAT_Mean":0.019431701495777818,"IAT_Std":0.021389193879672427,"IAT_Max":0.05963549808075186,"IAT_Min":0.002672370392247103,"received_addresses":5,"max_pkt_from_sameId":20,"has_attacker":0}
{"received packets":586,"IAT_Mean":0.003409746110891701,"IAT_Std":0.008123373812466294,"IAT_Max":0.05963175541910459,"IAT_Min":0.00021527119315578602,"received_addresses":5,"max_pkt_from_sameId":506,"has_attacker":1}
{"received packets":1100,"IAT_Mean":0.0018164665528390535,"IAT_Std":0.0004266326831373348,"IAT_Max":0.0020090000180061908,"IAT_Min":0.00010722094884840772,"received_addresses":6,"max_pkt_from_sameId":1000,"has_attacker":1}
{"received packets":115,"IAT_Mean":0.017347326671417409,"IAT_Std":0.014490471475088286,"IAT_Max":0.051774557010503489,"IAT_Min":0.00010920807108050212,"received_addresses":6,"max_pkt_from_sameId":25,"has_attacker":1}
{"received packets":111,"IAT_Mean":0.01797238752489877,"IAT_Std":0.009925636932022135,"IAT_Max":0.030120320840069327,"IAT_Min":0.002788686444546329,"received_addresses":6,"max_pkt_from_sameId":20,"has_attacker":0}
{"received packets":120,"IAT_Mean":0.01662446307139665,"IAT_Std":0.009196448317856194,"IAT_Max":0.03012277202651603,"IAT_Min":0.005269822548143566,"received_addresses":6,"max_pkt_from_sameId":20,"has_attacker":0}
{"received packets":1095,"IAT_Mean":0.0018247649729300768,"IAT_Std":0.00048756677588141607,"IAT_Max":0.010107366404554341,"IAT_Min":0.00021522189126699232,"received_addresses":6,"max_pkt_from_sameId":995,"has_attacker":1}
