{"received packets":70,"IAT_Mean":0.028077069234599809,"IAT_Std":0.02292975112286094,"IAT_Max":0.07636690364597598,"IAT_Min":0.010069108531752136,"received_addresses":4,"max_pkt_from_sameId":20,"has_attacker":0}
{"received packets":71,"IAT_Mean":0.027681502119199829,"IAT_Std":0.0221236513278158,"IAT_Max":0.07636266748886556,"IAT_Min":0.01006425966261304,"received_addresses":4,"max_pkt_from_sameId":20,"has_attacker":0}
{"received packets":80,"IAT_Mean":0.02456743515222115,"IAT_Std":0.015059583767273897,"IAT_Max":0.049064475559134738,"IAT_Min":0.011252007676375797,"received_addresses":4,"max_pkt_from_sameId":20,"has_attacker":0}
{"received packets":90,"IAT_Mean":0.022046915747624655,"IAT_Std":0.011923504812248335,"IAT_Max":0.04906619428584236,"IAT_Min":0.011242974826018326,"received_addresses":5,"max_pkt_from_sameId":20,"has_attacker":0}
{"received packets":100,"IAT_Mean":0.01984221098919079,"IAT_Std":0.007603981670651242,"IAT_Max":0.030223509616917,"IAT_Min":0.011242993710766314,"received_addresses":5,"max_pkt_from_sameId":20,"has_attacker":0}
{"received packets":149,"IAT_Mean":0.01340773663537373,"IAT_Std":0.005223400239681553,"IAT_Max":0.021980708865157795,"IAT_Min":0.005318940013239626,"received_addresses":8,"max_pkt_from_sameId":20,"has_attacker":0}
{"received packets":170,"IAT_Mean":0.011751503447521827,"IAT_Std":0.005862776066819155,"IAT_Max":0.021980853241984734,"IAT_Min":0.0006316764338407666,"received_addresses":9,"max_pkt_from_sameId":20,"has_attacker":0}
{"received packets":1106,"IAT_Mean":0.0018077663529729959,"IAT_Std":0.0033704433561659648,"IAT_Max":0.02198146800583345,"IAT_Min":0.00016300244533340447,"received_addresses":10,"max_pkt_from_sameId":478,"has_attacker":1}
{"received packets":2160,"IAT_Mean":0.0009256440457108881,"IAT_Std":0.00025590990031127537,"IAT_Max":0.0011770052515203134,"IAT_Min":0.0001630021506571211,"received_addresses":10,"max_pkt_from_sameId":1000,"has_attacker":1}
{"received packets":189,"IAT_Mean":0.010570143850066142,"IAT_Std":0.012334244210150756,"IAT_Max":0.041657049652712888,"IAT_Min":0.00011313873619656079,"received_addresses":10,"max_pkt_from_sameId":20,"has_attacker":0}
{"received packets":191,"IAT_Mean":0.010459452692427825,"IAT_Std":0.012076968087797315,"IAT_Max":0.041663137559226019,"IAT_Min":0.00010662759086699225,"received_addresses":10,"max_pkt_from_sameId":20,"has_attacker":0}
{"received packets":186,"IAT_Mean":0.010740642923103165,"IAT_Std":0.012141380381256584,"IAT_Max":0.04179455966732348,"IAT_Min":0.00011546466339495964,"received_addresses":10,"max_pkt_from_sameId":20,"has_attacker":0}
{"received packets":1154,"IAT_Mean":0.0017314615078480316,"IAT_Std":0.0020169484389015756,"IAT_Max":0.01583800524895196,"IAT_Min":0.00010658410246833228,"received_addresses":13,"max_pkt_from_sameId":847,"has_attacker":1}
{"received packets":676,"IAT_Mean":0.0029552719357019477,"IAT_Std":0.004671847624453113,"IAT_Max":0.020569197593431455,"IAT_Min":0.00011558005644474179,"received_addresses":14,"max_pkt_from_sameId":385,"has_attacker":1}
{"received packets":280,"IAT_Mean":0.007134867065581472,"IAT_Std":0.007506939385338402,"IAT_Max":0.020572775221808116,"IAT_Min":0.00016300524657708593,"received_addresses":14,"max_pkt_from_sameId":20,"has_attacker":0}
{"received packets":266,"IAT_Mean":0.007510367749672785,"IAT_Std":0.007522989804735608,"IAT_Max":0.02056740070474916,"IAT_Min":0.0001583938137628138,"received_addresses":14,"max_pkt_from_sameId":20,"has_attacker":0}
{"received packets":767,"IAT_Mean":0.002605103947200756,"IAT_Std":0.003941511930019787,"IAT_Max":0.02056740070474916,"IAT_Min":0.00015160563270910643,"received_addresses":14,"max_pkt_from_sameId":489,"has_attacker":1}
{"received packets":1284,"IAT_Mean":0.0015561588807343178,"IAT_Std":0.0007501643826715556,"IAT_Max":0.01384904187216307,"IAT_Min":0.00011072750203311443,"received_addresses":14,"max_pkt_from_sameId":986,"has_attacker":1}
{"received packets":285,"IAT_Mean":0.007009665192711971,"IAT_Std":0.007484818442020224,"IAT_Max":0.02056740070474916,"IAT_Min":0.00011700286268023774,"received_addresses":15,"max_pkt_from_sameId":22,"has_attacker":1}
{"received packets":283,"IAT_Mean":0.007059230710147977,"IAT_Std":0.007490127599630691,"IAT_Max":0.02056740070474916,"IAT_Min":0.0001514006798970513,"received_addresses":15,"max_pkt_from_sameId":20,"has_attacker":0}
{"received packets":302,"IAT_Mean":0.0066151026756487659,"IAT_Std":0.006863759977568051,"IAT_Max":0.02056740070474916,"IAT_Min":0.00015140038522076793,"received_addresses":16,"max_pkt_from_sameId":20,"has_attacker":0}
{"received packets":1326,"IAT_Mean":0.0015068736193848637,"IAT_Std":0.0007519385673403388,"IAT_Max":0.013980867806822062,"IAT_Min":0.00015806204100954346,"received_addresses":16,"max_pkt_from_sameId":991,"has_attacker":1}
{"received packets":828,"IAT_Mean":0.002412747190629194,"IAT_Std":0.003611457682387534,"IAT_Max":0.020573417212290225,"IAT_Min":0.00011041930338251404,"received_addresses":17,"max_pkt_from_sameId":505,"has_attacker":1}
{"received packets":320,"IAT_Mean":0.006242994595561413,"IAT_Std":0.00680254036176319,"IAT_Max":0.020573382866132307,"IAT_Min":0.00038447255064966157,"received_addresses":16,"max_pkt_from_sameId":20,"has_attacker":0}
{"received packets":320,"IAT_Mean":0.006242996123648936,"IAT_Std":0.006800875430046181,"IAT_Max":0.02056740070474916,"IAT_Min":0.0003844725579256192,"received_addresses":16,"max_pkt_from_sameId":20,"has_attacker":0}
{"received packets":819,"IAT_Mean":0.002439698173011149,"IAT_Std":0.0036374896409405,"IAT_Max":0.02056740070474916,"IAT_Min":0.00016300490096909925,"received_addresses":17,"max_pkt_from_sameId":496,"has_attacker":1}
{"received packets":1309,"IAT_Mean":0.0015264365618105414,"IAT_Std":0.0009429789165556317,"IAT_Max":0.015845276862819447,"IAT_Min":0.00010880369518417865,"received_addresses":17,"max_pkt_from_sameId":975,"has_attacker":1}
{"received packets":344,"IAT_Mean":0.0058074400900655158,"IAT_Std":0.0064039946141996209,"IAT_Max":0.02056740070474916,"IAT_Min":0.00011445940981502645,"received_addresses":17,"max_pkt_from_sameId":24,"has_attacker":1}
{"received packets":331,"IAT_Mean":0.006035525052470321,"IAT_Std":0.006565602144594056,"IAT_Max":0.020567400701111184,"IAT_Min":0.0001631912491575349,"received_addresses":18,"max_pkt_from_sameId":20,"has_attacker":0}
{"received packets":321,"IAT_Mean":0.006223542228660882,"IAT_Std":0.006720243722737443,"IAT_Max":0.02056740070474916,"IAT_Min":0.00016318491543643177,"received_addresses":17,"max_pkt_from_sameId":20,"has_attacker":0}
{"received packets":1088,"IAT_Mean":0.0018361684849657972,"IAT_Std":0.002038190421712802,"IAT_Max":0.015781850685016253,"IAT_Min":0.0001630003534955904,"received_addresses":17,"max_pkt_from_sameId":714,"has_attacker":1}
{"received packets":843,"IAT_Mean":0.002369824296384409,"IAT_Std":0.003440853177321183,"IAT_Max":0.02056740070474916,"IAT_Min":0.00010531204679864459,"received_addresses":17,"max_pkt_from_sameId":492,"has_attacker":1}
{"received packets":320,"IAT_Mean":0.006242989900306384,"IAT_Std":0.0064115131490047349,"IAT_Max":0.02056740070474916,"IAT_Min":0.00028001147802569903,"received_addresses":16,"max_pkt_from_sameId":20,"has_attacker":0}
{"received packets":310,"IAT_Mean":0.0064443980018099428,"IAT_Std":0.006427304174575027,"IAT_Max":0.02056740070474916,"IAT_Min":0.00028001147802569903,"received_addresses":16,"max_pkt_from_sameId":20,"has_attacker":0}
{"received packets":770,"IAT_Mean":0.0025949501896391595,"IAT_Std":0.0035428924154440059,"IAT_Max":0.02056740070474916,"IAT_Min":0.0001630245787964668,"received_addresses":16,"max_pkt_from_sameId":489,"has_attacker":1}
{"received packets":1228,"IAT_Mean":0.0016271273764061974,"IAT_Std":0.0009200175221871975,"IAT_Max":0.011645968723314582,"IAT_Min":0.00010764602484414354,"received_addresses":15,"max_pkt_from_sameId":948,"has_attacker":1}
{"received packets":296,"IAT_Mean":0.006749186446995736,"IAT_Std":0.006748486052488764,"IAT_Max":0.02056740070474916,"IAT_Min":0.00010841822586371563,