{"received packets":60,"IAT_Mean":0.03254997576823371,"IAT_Std":0.02073784682928484,"IAT_Max":0.061453634971258,"IAT_Min":0.011252064479776891,"received_addresses":3,"max_pkt_from_sameId":20,"has_attacker":0}
{"received packets":248,"IAT_Mean":0.008025586304792077,"IAT_Std":0.004904858263231939,"IAT_Max":0.01762387925919029,"IAT_Min":0.0011510064105095808,"received_addresses":15,"max_pkt_from_sameId":20,"has_attacker":0}
{"received packets":231,"IAT_Mean":0.00861624970812478,"IAT_Std":0.00571604207397706,"IAT_Max":0.019481006645946765,"IAT_Min":0.0011510051554068924,"received_addresses":12,"max_pkt_from_sameId":20,"has_attacker":0}
{"received packets":190,"IAT_Mean":0.01047548068504272,"IAT_Std":0.006339597156335253,"IAT_Max":0.024957368514151314,"IAT_Min":0.002971111774968449,"received_addresses":10,"max_pkt_from_sameId":20,"has_attacker":0}
{"received packets":140,"IAT_Mean":0.014129778188570136,"IAT_Std":0.007973714742181422,"IAT_Max":0.03165763210563455,"IAT_Min":0.004616111153154634,"received_addresses":7,"max_pkt_from_sameId":20,"has_attacker":0}
{"received packets":120,"IAT_Mean":0.016484709177954455,"IAT_Std":0.009452895641693606,"IAT_Max":0.03166769137169467,"IAT_Min":0.004616739450284513,"received_addresses":6,"max_pkt_from_sameId":20,"has_attacker":0}
{"received packets":110,"IAT_Mean":0.017983263170820216,"IAT_Std":0.010002699737931527,"IAT_Max":0.03166443823647569,"IAT_Min":0.00461447379711899,"received_addresses":6,"max_pkt_from_sameId":20,"has_attacker":0}
{"received packets":598,"IAT_Mean":0.0033434610213224607,"IAT_Std":0.004861021207110042,"IAT_Max":0.023687537617661293,"IAT_Min":0.00031059149841894396,"received_addresses":7,"max_pkt_from_sameId":478,"has_attacker":1}
{"received packets":1159,"IAT_Mean":0.0017251002960326614,"IAT_Std":0.0005463877101359724,"IAT_Max":0.002196755387558369,"IAT_Min":0.00016323532690876164,"received_addresses":9,"max_pkt_from_sameId":1000,"has_attacker":1}
{"received packets":199,"IAT_Mean":0.010038980396187177,"IAT_Std":0.010731567596787638,"IAT_Max":0.03644620961131295,"IAT_Min":0.0006311762408586219,"received_addresses":10,"max_pkt_from_sameId":20,"has_attacker":0}
{"received packets":172,"IAT_Mean":0.01161485683634203,"IAT_Std":0.010929164542072712,"IAT_Max":0.03645920961207594,"IAT_Min":0.0001067319572030101,"received_addresses":10,"max_pkt_from_sameId":20,"has_attacker":0}
{"received packets":214,"IAT_Mean":0.009335324744382905,"IAT_Std":0.007198565110458878,"IAT_Max":0.02198791277987766,"IAT_Min":0.0006311381512205116,"received_addresses":12,"max_pkt_from_sameId":20,"has_attacker":0}
{"received packets":318,"IAT_Mean":0.006282268840430265,"IAT_Std":0.005814581631884721,"IAT_Max":0.02050724535001791,"IAT_Min":0.0001760068153089378,"received_addresses":12,"max_pkt_from_sameId":98,"has_attacker":1}
{"received packets":301,"IAT_Mean":0.006637088837658702,"IAT_Std":0.006410768830544221,"IAT_Max":0.021812949526065496,"IAT_Min":0.000176006811670959,"received_addresses":13,"max_pkt_from_sameId":61,"has_attacker":1}
{"received packets":290,"IAT_Mean":0.006888836861955873,"IAT_Std":0.006631213267600531,"IAT_Max":0.02180621129082283,"IAT_Min":0.0006311381039267872,"received_addresses":15,"max_pkt_from_sameId":20,"has_attacker":0}
{"received packets":306,"IAT_Mean":0.006528620042528476,"IAT_Std":0.006250845135566569,"IAT_Max":0.02181809598187101,"IAT_Min":0.0006311381039267872,"received_addresses":17,"max_pkt_from_sameId":20,"has_attacker":0}
{"received packets":386,"IAT_Mean":0.005175535333425939,"IAT_Std":0.005746831082452017,"IAT_Max":0.018935314405098326,"IAT_Min":0.00012812063141609542,"received_addresses":19,"max_pkt_from_sameId":38,"has_attacker":1}
{"received packets":399,"IAT_Mean":0.005006924596640155,"IAT_Std":0.005830247805733449,"IAT_Max":0.018927252785942984,"IAT_Min":0.0001281679687963333,"received_addresses":19,"max_pkt_from_sameId":58,"has_attacker":1}
{"received packets":373,"IAT_Mean":0.005355910164942802,"IAT_Std":0.0056969830583942959,"IAT_Max":0.01892224959374289,"IAT_Min":0.00012470958245103247,"received_addresses":20,"max_pkt_from_sameId":20,"has_attacker":0}
{"received packets":383,"IAT_Mean":0.005216089301765714,"IAT_Std":0.005499063914743834,"IAT_Max":0.016491505528392737,"IAT_Min":0.00012470888759708032,"received_addresses":20,"max_pkt_from_sameId":20,"has_attacker":0}
{"received packets":372,"IAT_Mean":0.005370325052813657,"IAT_Std":0.005524145222607775,"IAT_Max":0.016491416117787595,"IAT_Min":0.0001247088803211227,"received_addresses":20,"max_pkt_from_sameId":20,"has_attacker":0}
{"received packets":425,"IAT_Mean":0.004700603130588527,"IAT_Std":0.005429662873286402,"IAT_Max":0.01651644119192497,"IAT_Min":0.00012818676259485073,"received_addresses":20,"max_pkt_from_sameId":55,"has_attacker":1}
{"received packets":403,"IAT_Mean":0.004957207408043985,"IAT_Std":0.005464939626688835,"IAT_Max":0.016516269537532936,"IAT_Min":0.0001175610268546734,"received_addresses":20,"max_pkt_from_sameId":23,"has_attacker":1}
{"received packets":390,"IAT_Mean":0.005122456877394982,"IAT_Std":0.005251625416569608,"IAT_Max":0.016488534296513536,"IAT_Min":0.00011756315143429674,"received_addresses":20,"max_pkt_from_sameId":20,"has_attacker":0}
{"received packets":390,"IAT_Mean":0.005122458131210386,"IAT_Std":0.00525123877567238,"IAT_Max":0.01649176470891689,"IAT_Min":0.00011993602674920112,"received_addresses":20,"max_pkt_from_sameId":20,"has_attacker":0}
{"received packets":403,"IAT_Mean":0.004957207722679501,"IAT_Std":0.0054423910731206449,"IAT_Max":0.016515630144567696,"IAT_Min":0.00011994659871561453,"received_addresses":20,"max_pkt_from_sameId":23,"has_attacker":1}
{"received packets":414,"IAT_Mean":0.004825508109962282,"IAT_Std":0.005388719301536375,"IAT_Max":0.016515516297658907,"IAT_Min":0.00012818487812182866,"received_addresses":20,"max_pkt_from_sameId":35,"has_attacker":1}
{"received packets":390,"IAT_Mean":0.005122459713003571,"IAT_Std":0.005252864231559251,"IAT_Max":0.016488523378939136,"IAT_Min":0.00011621290832408704,"received_addresses":20,"max_pkt_from_sameId":20,"has_attacker":0}
{"received packets":431,"IAT_Mean":0.004635170973065077,"IAT_Std":0.004286457352993199,"IAT_Max":0.015587393212626921,"IAT_Min":0.00012361842163954861,"received_addresses":23,"max_pkt_from_sameId":20,"has_attacker":0}
{"received packets":470,"IAT_Mean":0.004250546706293306,"IAT_Std":0.004159784038432394,"IAT_Max":0.015587411769956816,"IAT_Min":0.00012014585445285775,"received_addresses":26,"max_pkt_from_sameId":20,"has_attacker":0}
{"received packets":516,"IAT_Mean":0.0038716108800130766,"IAT_Std":0.003937099373360544,"IAT_Max":0.015580456718453206,"IAT_Min":0.0001630151818972081,"received_addresses":23,"max_pkt_from_sameId":85,"has_attacker":1}
{"received packets":481,"IAT_Mean":0.004153350984095051,"IAT_Std":0.004188026617517722,"IAT_Max":0.015580362607579446,"IAT_Min":0.00016303654410876334,"received_addresses":24,"max_pkt_from_sameId":51,"has_attacker":1}
{"received packets":430,"IAT_Mean":0.0046459460184810588,"IAT_Std":0.004429743049703401,"IAT_Max":0.01557803343894193,"IAT_Min":0.00011999582784483209,"received_addresses":22,"max_pkt_from_sameId":20,"has_attacker":0}
{"received packets":440,"IAT_Mean":0.004540371560539246,"IAT_Std":0.004433131406216471,"IAT_Max":0.015577996287902352,"IAT_Min":0.00012001528011751361,"received_addresses":22,"max_pkt_from_sameId":20,"has_attacker":0}
{"received packets":431,"IAT_Mean":0.004635159717563806,"IAT_Std":0.004373779746313546,"IAT_Max":0.015579366128804395,"IAT_Min":0.00012007817713310942,"received_addresses":22,"max_pkt_from_sameId":41,"has_attacker":1}
{"received packets":413,"IAT_Mean":0.004837178443936934,"IAT_Std":0.004360358782631152,"IAT_Max":0.015579274699121016,"IAT_Min":0.00016367821444873698,"received_addresses":19,"max_pkt_from_sameId":83,"has_attacker":1}
{"received packets":243,"IAT_Mean":0.008162031411358592,"IAT_Std":0.007088379297057916,"IAT_Max":0.020567399024002954,"IAT_Min":0.0006241620103537571,"received_addresses":15,