{"received packets":510,"IAT_Mean":0.003917583052979727,"IAT_Std":0.003813339640634982,"IAT_Max":0.017954869279492415,"IAT_Min":0.00016426281945314258,"received_addresses":26,"max_pkt_from_sameId":20,"has_attacker":0}
{"received packets":540,"IAT_Mean":0.0036999522235351769,"IAT_Std":0.003383448158432586,"IAT_Max":0.011694072018144653,"IAT_Min":0.0001642714996705763,"received_addresses":27,"max_pkt_from_sameId":20,"has_attacker":0}
{"received packets":530,"IAT_Mean":0.0037697555776863946,"IAT_Std":0.0034868374722407515,"IAT_Max":0.013521508841222385,"IAT_Min":0.0001643040268390905,"received_addresses":29,"max_pkt_from_sameId":20,"has_attacker":0}
{"received packets":530,"IAT_Mean":0.003769767948043014,"IAT_Std":0.003067453917575295,"IAT_Max":0.01237712495640153,"IAT_Min":0.000164150074851932,"received_addresses":27,"max_pkt_from_sameId":20,"has_attacker":0}
{"received packets":520,"IAT_Mean":0.0038422616742816619,"IAT_Std":0.003208747964923065,"IAT_Max":0.012377028830087511,"IAT_Min":0.00016397599756601267,"received_addresses":26,"max_pkt_from_sameId":20,"has_attacker":0}
{"received packets":510,"IAT_Mean":0.003917584355518806,"IAT_Std":0.0033356246085556415,"IAT_Max":0.012377073129755445,"IAT_Min":0.00016380721717723645,"received_addresses":27,"max_pkt_from_sameId":20,"has_attacker":0}
{"received packets":520,"IAT_Mean":0.0038422521385935118,"IAT_Std":0.003356660959010264,"IAT_Max":0.012377434708469082,"IAT_Min":0.0001637261921132449,"received_addresses":26,"max_pkt_from_sameId":20,"has_attacker":0}
{"received packets":1877,"IAT_Mean":0.001065403071287293,"IAT_Std":0.0017128411779822435,"IAT_Max":0.00995138221696834,"IAT_Min":0.0001435279154975433,"received_addresses":28,"max_pkt_from_sameId":468,"has_attacker":1}
{"received packets":4341,"IAT_Mean":0.00046067085022254427,"IAT_Std":0.0003800532379465436,"IAT_Max":0.001636414377571782,"IAT_Min":0.00010802706310641952,"received_addresses":28,"max_pkt_from_sameId":984,"has_attacker":1}
{"received packets":481,"IAT_Mean":0.004153790733201384,"IAT_Std":0.004098851740303572,"IAT_Max":0.01798400819825474,"IAT_Min":0.00016314380991389044,"received_addresses":26,"max_pkt_from_sameId":29,"has_attacker":1}
{"received packets":378,"IAT_Mean":0.005285639286874492,"IAT_Std":0.005151689154661916,"IAT_Max":0.017984001362492564,"IAT_Min":0.0001630002589081414,"received_addresses":22,"max_pkt_from_sameId":20,"has_attacker":1}
{"received packets":791,"IAT_Mean":0.0025260932935428587,"IAT_Std":0.0033632984991679279,"IAT_Max":0.020339791430160404,"IAT_Min":0.0001535534865979571,"received_addresses":20,"max_pkt_from_sameId":480,"has_attacker":1}
{"received packets":520,"IAT_Mean":0.003842264937254815,"IAT_Std":0.004502330830698915,"IAT_Max":0.0159968222687894,"IAT_Min":0.00012897771739517339,"received_addresses":19,"max_pkt_from_sameId":98,"has_attacker":1}
{"received packets":921,"IAT_Mean":0.0021695375272527139,"IAT_Std":0.00263198441370825,"IAT_Max":0.015838204577448779,"IAT_Min":0.00016304077507811598,"received_addresses":20,"max_pkt_from_sameId":479,"has_attacker":1}
{"received packets":1309,"IAT_Mean":0.0015264653663567936,"IAT_Std":0.0007220588158346607,"IAT_Max":0.004004999773314921,"IAT_Min":0.00011406228441046551,"received_addresses":19,"max_pkt_from_sameId":960,"has_attacker":1}
{"received packets":348,"IAT_Mean":0.0057413046239454929,"IAT_Std":0.005360226413578694,"IAT_Max":0.02033483749619336,"IAT_Min":0.00011316425661789253,"received_addresses":20,"max_pkt_from_sameId":20,"has_attacker":1}
{"received packets":416,"IAT_Mean":0.00480281950677426,"IAT_Std":0.004939822331326957,"IAT_Max":0.020338212252681843,"IAT_Min":0.00015180495392996818,"received_addresses":19,"max_pkt_from_sameId":38,"has_attacker":1}
{"received packets":466,"IAT_Mean":0.004287508991792063,"IAT_Std":0.004575215305155136,"IAT_Max":0.017635229054576486,"IAT_Min":0.00015180495756794699,"received_addresses":20,"max_pkt_from_sameId":58,"has_attacker":1}
{"received packets":368,"IAT_Mean":0.005429268390324306,"IAT_Std":0.00498648564361633,"IAT_Max":0.01831042071353295,"IAT_Min":0.00015160147449932992,"received_addresses":20,"max_pkt_from_sameId":20,"has_attacker":0}
{"received packets":366,"IAT_Mean":0.005458957592054503,"IAT_Std":0.004916340887989753,"IAT_Max":0.01831042321282439,"IAT_Min":0.00015160000839387067,"received_addresses":21,"max_pkt_from_sameId":20,"has_attacker":0}
{"received packets":364,"IAT_Mean":0.005488948340016477,"IAT_Std":0.004844130907607134,"IAT_Max":0.016491312722791919,"IAT_Min":0.00015159970644162968,"received_addresses":20,"max_pkt_from_sameId":20,"has_attacker":0}
{"received packets":470,"IAT_Mean":0.004251005545991071,"IAT_Std":0.00467455703225237,"IAT_Max":0.016491310227138457,"IAT_Min":0.00015826136950636283,"received_addresses":20,"max_pkt_from_sameId":55,"has_attacker":1}
{"received packets":872,"IAT_Mean":0.0022914379708066534,"IAT_Std":0.0027854983874698658,"IAT_Max":0.01649130988153047,"IAT_Min":0.0001513192692073062,"received_addresses":21,"max_pkt_from_sameId":476,"has_attacker":1}
{"received packets":1300,"IAT_Mean":0.0015370288105063643,"IAT_Std":0.0007735057273747224,"IAT_Max":0.004005703933216864,"IAT_Min":0.00011691053805407137,"received_addresses":18,"max_pkt_from_sameId":960,"has_attacker":1}
{"received packets":363,"IAT_Mean":0.005503467206011614,"IAT_Std":0.004849582921081876,"IAT_Max":0.016491294736624697,"IAT_Min":0.00010745364852482453,"received_addresses":19,"max_pkt_from_sameId":20,"has_attacker":1}
{"received packets":396,"IAT_Mean":0.005044834948237603,"IAT_Std":0.005567390999466351,"IAT_Max":0.018935359541501385,"IAT_Min":0.00016303547818097286,"received_addresses":20,"max_pkt_from_sameId":23,"has_attacker":1}
{"received packets":492,"IAT_Mean":0.0040611899419199909,"IAT_Std":0.004639494022633859,"IAT_Max":0.01812804451037664,"IAT_Min":0.00016301268988172524,"received_addresses":20,"max_pkt_from_sameId":108,"has_attacker":1}
{"received packets":371,"IAT_Mean":0.005384795760639066,"IAT_Std":0.005136643712263505,"IAT_Max":0.016489892524987228,"IAT_Min":0.0003840815588773694,"received_addresses":19,"max_pkt_from_sameId":20,"has_attacker":1}
{"received packets":380,"IAT_Mean":0.005257259548891039,"IAT_Std":0.00504607045278982,"IAT_Max":0.01649128279314027,"IAT_Min":0.0001630074439162854,"received_addresses":21,"max_pkt_from_sameId":20,"has_attacker":0}
{"received packets":395,"IAT_Mean":0.0050576123838346818,"IAT_Std":0.00510673305682253,"IAT_Max":0.01831502668574103,"IAT_Min":0.00016300460265483707,"received_addresses":23,"max_pkt_from_sameId":20,"has_attacker":0}
{"received packets":547,"IAT_Mean":0.0036521958827307229,"IAT_Std":0.004383414118765882,"IAT_Max":0.017635213862376987,"IAT_Min":0.0001630000042496249,"received_addresses":22,"max_pkt_from_sameId":91,"has_attacker":1}
{"received packets":482,"IAT_Mean":0.004144733854902437,"IAT_Std":0.004686577713984691,"IAT_Max":0.01831533205404412,"IAT_Min":0.00016300000788760372,"received_addresses":21,"max_pkt_from_sameId":51,"has_attacker":1}
{"received packets":380,"IAT_Mean":0.005257254221875261,"IAT_Std":0.004954505522280278,"IAT_Max":0.01831546935500228,"IAT_Min":0.00026699999943957664,"received_addresses":19,"max_pkt_from_sameId":20,"has_attacker":0}
{"received packets":380,"IAT_Mean":0.005257271623084211,"IAT_Std":0.004954200125325016,"IAT_Max":0.018315597604669166,"IAT_Min":0.00026700000307755545,"received_addresses":19,"max_pkt_from_sameId":20,"has_attacker":0}
{"received packets":860,"IAT_Mean":0.002323385826808632,"IAT_Std":0.0029253107153518235,"IAT_Max":0.01831564443273237,"IAT_Min":0.0001630000042496249,"received_addresses":21,"max_pkt_from_sameId":451,"has_attacker":1}
{"received packets":1390,"IAT_Mean":0.0014374910670909662,"IAT_Std":0.0009466689620969364,"IAT_Max":0.011482000030810014,"IAT_Min":0.00010781105447676964,"received_addresses":20,"max_pkt_from_sameId":948,"has_attacker":1}
{"received packets":396,"IAT_Mean":0.005044846021528521,"IAT_Std":0.004765200073263852,"IAT_Max":0.018315698936930859,