{"received packets":540,"IAT_Mean":0.0036999395594412584,"IAT_Std":0.0031487329214461708,"IAT_Max":0.01169403878157027,"IAT_Min":0.00021512202147278003,"received_addresses":27,"max_pkt_from_sameId":20,"has_attacker":0}
{"received packets":520,"IAT_Mean":0.0038422581065018538,"IAT_Std":0.0033868242555464857,"IAT_Max":0.011694054737745319,"IAT_Min":0.00021513254978344776,"received_addresses":26,"max_pkt_from_sameId":20,"has_attacker":0}
{"received packets":510,"IAT_Mean":0.003917589124045894,"IAT_Std":0.003599546859613741,"IAT_Max":0.013521517230401514,"IAT_Min":0.000215115233004326,"received_addresses":27,"max_pkt_from_sameId":20,"has_attacker":0}
{"received packets":540,"IAT_Mean":0.0036999573052526105,"IAT_Std":0.003159691707223562,"IAT_Max":0.012377291659504408,"IAT_Min":0.00021510797159862705,"received_addresses":27,"max_pkt_from_sameId":20,"has_attacker":0}
{"received packets":510,"IAT_Mean":0.003917599846004033,"IAT_Std":0.0034270624862745935,"IAT_Max":0.012377099650620949,"IAT_Min":0.00029321558758965693,"received_addresses":26,"max_pkt_from_sameId":20,"has_attacker":0}
{"received packets":481,"IAT_Mean":0.00415377918922149,"IAT_Std":0.0037914034562009596,"IAT_Max":0.01237712727379403,"IAT_Min":0.0002868373667297419,"received_addresses":25,"max_pkt_from_sameId":20,"has_attacker":0}
{"received packets":470,"IAT_Mean":0.0042510017039448749,"IAT_Std":0.003986513439018829,"IAT_Max":0.015130101575778099,"IAT_Min":0.00028822215608670376,"received_addresses":24,"max_pkt_from_sameId":20,"has_attacker":0}
{"received packets":1794,"IAT_Mean":0.0011146940392474949,"IAT_Std":0.0020812672644922685,"IAT_Max":0.015130185973248445,"IAT_Min":0.00013315600517671555,"received_addresses":24,"max_pkt_from_sameId":477,"has_attacker":1}
{"received packets":3323,"IAT_Mean":0.0006017970549225455,"IAT_Std":0.0006043413606822488,"IAT_Max":0.0020053862426721027,"IAT_Min":0.00013249761832412332,"received_addresses":22,"max_pkt_from_sameId":999,"has_attacker":1}
{"received packets":332,"IAT_Mean":0.006017990310217747,"IAT_Std":0.00529445987414125,"IAT_Max":0.017984139834879899,"IAT_Min":0.00012774418064509518,"received_addresses":19,"max_pkt_from_sameId":20,"has_attacker":1}
{"received packets":273,"IAT_Mean":0.007318575314267227,"IAT_Std":0.007486699913726428,"IAT_Max":0.029143674808437937,"IAT_Min":0.00016300167044391856,"received_addresses":16,"max_pkt_from_sameId":20,"has_attacker":1}
{"received packets":698,"IAT_Mean":0.0028626635252200548,"IAT_Std":0.0047726438762437169,"IAT_Max":0.029143926440156066,"IAT_Min":0.00011949608597205952,"received_addresses":14,"max_pkt_from_sameId":490,"has_attacker":1}
{"received packets":290,"IAT_Mean":0.00688957646970862,"IAT_Std":0.007321107434221006,"IAT_Max":0.022858411579363748,"IAT_Min":0.00015516660278080963,"received_addresses":12,"max_pkt_from_sameId":50,"has_attacker":1}
{"received packets":273,"IAT_Mean":0.0073186059527517248,"IAT_Std":0.008012883261406536,"IAT_Max":0.033933869999600577,"IAT_Min":0.00015196348613244481,"received_addresses":11,"max_pkt_from_sameId":95,"has_attacker":1}
{"received packets":357,"IAT_Mean":0.00559657808102487,"IAT_Std":0.00463237638845066,"IAT_Max":0.020157161055976759,"IAT_Min":0.00022182300745043904,"received_addresses":9,"max_pkt_from_sameId":214,"has_attacker":1}
{"received packets":154,"IAT_Mean":0.012973853363480696,"IAT_Std":0.010290461781486092,"IAT_Max":0.03393523540944443,"IAT_Min":0.00320509021912585,"received_addresses":8,"max_pkt_from_sameId":20,"has_attacker":0}
{"received packets":641,"IAT_Mean":0.0031171849227455276,"IAT_Std":0.0051019087475202419,"IAT_Max":0.03393041912568151,"IAT_Min":0.00013021181075600907,"received_addresses":8,"max_pkt_from_sameId":501,"has_attacker":1}
{"received packets":1150,"IAT_Mean":0.0017374859224661994,"IAT_Std":0.0005471921867474534,"IAT_Max":0.004162939942034427,"IAT_Min":0.00011153547893627547,"received_addresses":10,"max_pkt_from_sameId":981,"has_attacker":1}
{"received packets":185,"IAT_Mean":0.0107998387918161,"IAT_Std":0.00725640036828436,"IAT_Max":0.022789445334638004,"IAT_Min":0.00011781083594541997,"received_addresses":10,"max_pkt_from_sameId":20,"has_attacker":1}
{"received packets":183,"IAT_Mean":0.010917911953742863,"IAT_Std":0.0072135249917579398,"IAT_Max":0.022797479290602497,"IAT_Min":0.0014710764080518857,"received_addresses":10,"max_pkt_from_sameId":20,"has_attacker":0}
{"received packets":192,"IAT_Mean":0.010406128149024122,"IAT_Std":0.007230888077915767,"IAT_Max":0.022797479290602497,"IAT_Min":0.0012440393256838434,"received_addresses":11,"max_pkt_from_sameId":20,"has_attacker":0}
{"received packets":1186,"IAT_Mean":0.0016847514563861353,"IAT_Std":0.0005958456881531134,"IAT_Max":0.003328565780975623,"IAT_Min":0.00012710478404187597,"received_addresses":11,"max_pkt_from_sameId":986,"has_attacker":1}
{"received packets":811,"IAT_Mean":0.002463588473246675,"IAT_Std":0.0025678165526784558,"IAT_Max":0.014396357528312365,"IAT_Min":0.00011122727664769627,"received_addresses":23,"max_pkt_from_sameId":494,"has_attacker":1}
{"received packets":411,"IAT_Mean":0.004861250104952106,"IAT_Std":0.004252819976234074,"IAT_Max":0.014383361041836907,"IAT_Min":0.00021502584058907814,"received_addresses":22,"max_pkt_from_sameId":20,"has_attacker":0}
{"received packets":392,"IAT_Mean":0.005096866329467401,"IAT_Std":0.004235074735610934,"IAT_Max":0.014385053578735097,"IAT_Min":0.00020815188327105716,"received_addresses":21,"max_pkt_from_sameId":20,"has_attacker":0}
{"received packets":141,"IAT_Mean":0.0141700391843368,"IAT_Std":0.012835765190052785,"IAT_Max":0.04373452665822697,"IAT_Min":0.00278958341004909,"received_addresses":8,"max_pkt_from_sameId":20,"has_attacker":0}
{"received packets":130,"IAT_Mean":0.015369010411142461,"IAT_Std":0.017866505410853208,"IAT_Max":0.05673323085648008,"IAT_Min":0.0019064833031734452,"received_addresses":7,"max_pkt_from_sameId":20,"has_attacker":0}
{"received packets":150,"IAT_Mean":0.013319847824701963,"IAT_Std":0.016846403635089204,"IAT_Max":0.054810349822218999,"IAT_Min":0.0019131810149701778,"received_addresses":8,"max_pkt_from_sameId":20,"has_attacker":0}
{"received packets":140,"IAT_Mean":0.013879743505276566,"IAT_Std":0.01771997141436531,"IAT_Max":0.05963064244861016,"IAT_Min":0.0019130047912767623,"received_addresses":8,"max_pkt_from_sameId":20,"has_attacker":0}
{"received packets":110,"IAT_Mean":0.017665130006935215,"IAT_Std":0.020483607802508208,"IAT_Max":0.059630658812238838,"IAT_Min":0.0019054974072787446,"received_addresses":6,"max_pkt_from_sameId":20,"has_attacker":0}
{"received packets":100,"IAT_Mean":0.019431700264831307,"IAT_Std":0.021462022142045818,"IAT_Max":0.059635735113261038,"IAT_Min":0.001905325858388096,"received_addresses":5,"max_pkt_from_sameId":20,"has_attacker":0}
{"received packets":100,"IAT_Mean":0.019431720846732789,"IAT_Std":0.021461725882069975,"IAT_Max":0.059631981424900008,"IAT_Min":0.0019122003541269806,"received_addresses":5,"max_pkt_from_sameId":20,"has_attacker":0}
{"received packets":120,"IAT_Mean":0.016624500495405909,"IAT_Std":0.017768654717013809,"IAT_Max":0.05177513563830871,"IAT_Min":0.0019123771926388145,"received_addresses":6,"max_pkt_from_sameId":20,"has_attacker":0}
{"received packets":110,"IAT_Mean":0.018135842981229706,"IAT_Std":0.01664902981855019,"IAT_Max":0.051774557679891589,"IAT_Min":0.0019054146541748196,"received_addresses":6,"max_pkt_from_sameId":20,"has_attacker":0}
{"received packets":120,"IAT_Mean":0.016624459874704676,"IAT_Std":0.014124272735475627,"IAT_Max":0.04295665561585338,"IAT_Min":0.0019057312711083796,"received_addresses":8,"max_pkt_from_sameId":20,"has_attacker":0}
{"received packets":121,"IAT_Mean":0.01648707233329904,"IAT_Std":0.013577243147638953,"IAT_Max":0.042953595002472869,"IAT_Min":0.001908794387418311,"received_addresses":7,"max_pkt_from_sameId":20,"has_attacker":0}
{"received packets":120,"IAT_Mean":0.016624537132853828,"IAT_Std":0.014850870882099623,"IAT_Max":0.042950233990268319,"IAT_Min":0.001913741678436054,"received_addresses":6,