{"received packets":628,"IAT_Mean":0.0031817495945265395,"IAT_Std":0.04021741161802549,"IAT_Max":1.010109517032106,"IAT_Min":0.00016300293282256462,"received_addresses":16,"max_pkt_from_sameId":486,"has_attacker":1}
{"received packets":1270,"IAT_Mean":0.0015733391012607774,"IAT_Std":0.0005851063422891366,"IAT_Max":0.002134064485289855,"IAT_Min":0.0001630033875699155,"received_addresses":16,"max_pkt_from_sameId":980,"has_attacker":1}
{"received packets":972,"IAT_Mean":0.002055534775457618,"IAT_Std":0.0026348383299497157,"IAT_Max":0.01962213781371247,"IAT_Min":0.00016313022206304595,"received_addresses":16,"max_pkt_from_sameId":490,"has_attacker":1}
{"received packets":744,"IAT_Mean":0.002685455190095782,"IAT_Std":0.0041014921472040419,"IAT_Max":0.018532229580159766,"IAT_Min":0.00016330106154782698,"received_addresses":14,"max_pkt_from_sameId":290,"has_attacker":1}
{"received packets":288,"IAT_Mean":0.006937408388769957,"IAT_Std":0.005587454083278734,"IAT_Max":0.020334913500846598,"IAT_Min":0.00015568365779472515,"received_addresses":16,"max_pkt_from_sameId":20,"has_attacker":0}
{"received packets":300,"IAT_Mean":0.0066599081059393939,"IAT_Std":0.005541379976840793,"IAT_Max":0.020338220201665537,"IAT_Min":0.0002150071413780097,"received_addresses":15,"max_pkt_from_sameId":20,"has_attacker":0}
{"received packets":329,"IAT_Mean":0.006072883341823404,"IAT_Std":0.005553706021907464,"IAT_Max":0.020331586409156445,"IAT_Min":0.00021500953516806476,"received_addresses":17,"max_pkt_from_sameId":20,"has_attacker":0}
{"received packets":1358,"IAT_Mean":0.0014713793964953239,"IAT_Std":0.00063537417109273,"IAT_Max":0.0021139265882084148,"IAT_Min":0.00016308583144564182,"received_addresses":20,"max_pkt_from_sameId":999,"has_attacker":1}
{"received packets":775,"IAT_Mean":0.002578035934946515,"IAT_Std":0.004397899694908876,"IAT_Max":0.024287610260216753,"IAT_Min":0.00011622048987192102,"received_addresses":20,"max_pkt_from_sameId":512,"has_attacker":1}
{"received packets":170,"IAT_Mean":0.011752803850664778,"IAT_Std":0.008841901363690232,"IAT_Max":0.02428523305206909,"IAT_Min":0.0012436050710675773,"received_addresses":9,"max_pkt_from_sameId":20,"has_attacker":0}
{"received packets":180,"IAT_Mean":0.011099845316554518,"IAT_Std":0.008833553217294956,"IAT_Max":0.024285415711347015,"IAT_Min":0.001243489659827901,"received_addresses":9,"max_pkt_from_sameId":20,"has_attacker":0}
{"received packets":639,"IAT_Mean":0.0031269696853552647,"IAT_Std":0.004650550429187716,"IAT_Max":0.0242855090109515,"IAT_Min":0.0001631332816032227,"received_addresses":9,"max_pkt_from_sameId":508,"has_attacker":1}
{"received packets":5,"IAT_Mean":0.0016218723372730892,"IAT_Std":0.000752627695782645,"IAT_Max":0.0020039863666170278,"IAT_Min":0.0001166289766842965,"received_addresses":1,"max_pkt_from_sameId":5,"has_attacker":1}
{"received packets":9,"IAT_Mean":0.21142211266730252,"IAT_Std":0.31514583816763255,"IAT_Max":1.1027891495177756,"IAT_Min":0.09998985806305427,"received_addresses":1,"max_pkt_from_sameId":9,"has_attacker":0}
{"received packets":491,"IAT_Mean":0.004069532908515186,"IAT_Std":0.04532312790658841,"IAT_Max":1.0073295857400809,"IAT_Min":0.001969999593711691,"received_addresses":2,"max_pkt_from_sameId":490,"has_attacker":1}
{"received packets":586,"IAT_Mean":0.0033429356902660849,"IAT_Std":0.006395718122598929,"IAT_Max":0.04915504899690859,"IAT_Min":0.00011065767466789111,"received_addresses":7,"max_pkt_from_sameId":496,"has_attacker":1}
{"received packets":125,"IAT_Mean":0.01567169740734971,"IAT_Std":0.015143636935023446,"IAT_Max":0.049308869340165987,"IAT_Min":0.0006310680109891109,"received_addresses":7,"max_pkt_from_sameId":20,"has_attacker":0}
{"received packets":695,"IAT_Mean":0.0028744622786990418,"IAT_Std":0.003261078896427785,"IAT_Max":0.01738646370722563,"IAT_Min":0.00016300048446282744,"received_addresses":16,"max_pkt_from_sameId":433,"has_attacker":1}
{"received packets":482,"IAT_Mean":0.004144733998391266,"IAT_Std":0.005004300875613345,"IAT_Max":0.016510148940142245,"IAT_Min":0.00011980858471360989,"received_addresses":21,"max_pkt_from_sameId":51,"has_attacker":1}
{"received packets":460,"IAT_Mean":0.0043429492732289169,"IAT_Std":0.004730236968032239,"IAT_Max":0.016485665168147535,"IAT_Min":0.00011971932326559909,"received_addresses":23,"max_pkt_from_sameId":20,"has_attacker":0}
{"received packets":460,"IAT_Mean":0.004342963707858871,"IAT_Std":0.00473374004230738,"IAT_Max":0.016485826890857426,"IAT_Min":0.00011967297905357555,"received_addresses":23,"max_pkt_from_sameId":20,"has_attacker":0}
{"received packets":818,"IAT_Mean":0.002442679357396908,"IAT_Std":0.0032269972403083694,"IAT_Max":0.018929204110463617,"IAT_Min":0.00016300137212965637,"received_addresses":22,"max_pkt_from_sameId":399,"has_attacker":1}
{"received packets":548,"IAT_Mean":0.0036455374277260239,"IAT_Std":0.00462500824754627,"IAT_Max":0.018921387170848904,"IAT_Min":0.00010771416782517917,"received_addresses":21,"max_pkt_from_sameId":87,"has_attacker":1}
{"received packets":404,"IAT_Mean":0.004944948940556961,"IAT_Std":0.00513428569604731,"IAT_Max":0.019326826950418764,"IAT_Min":0.00011999867638223805,"received_addresses":23,"max_pkt_from_sameId":20,"has_attacker":0}
