{"received packets":460,"IAT_Mean":0.0043434074022155508,"IAT_Std":0.004337143712480802,"IAT_Max":0.017955029652512168,"IAT_Min":0.00016414885976701044,"received_addresses":23,"max_pkt_from_sameId":20,"has_attacker":0}
{"received packets":460,"IAT_Mean":0.0043434222939021829,"IAT_Std":0.004337576600673718,"IAT_Max":0.01795478686108254,"IAT_Min":0.00016417347796959803,"received_addresses":23,"max_pkt_from_sameId":20,"has_attacker":0}
{"received packets":480,"IAT_Mean":0.004162438506712837,"IAT_Std":0.004207990129644537,"IAT_Max":0.017954524424567354,"IAT_Min":0.00016418031009379774,"received_addresses":25,"max_pkt_from_sameId":20,"has_attacker":0}
{"received packets":530,"IAT_Mean":0.00376976780697867,"IAT_Std":0.0030974009234970309,"IAT_Max":0.009952002361387713,"IAT_Min":0.0001642282513785176,"received_addresses":27,"max_pkt_from_sameId":20,"has_attacker":0}
{"received packets":570,"IAT_Mean":0.0035052208086614104,"IAT_Std":0.00294067055253806,"IAT_Max":0.009757028285093839,"IAT_Min":0.00016432569100288674,"received_addresses":29,"max_pkt_from_sameId":20,"has_attacker":0}
{"received packets":550,"IAT_Mean":0.003632668663386457,"IAT_Std":0.0032135150318144047,"IAT_Max":0.00995202396006789,"IAT_Min":0.00016446339577669278,"received_addresses":29,"max_pkt_from_sameId":20,"has_attacker":0}
{"received packets":539,"IAT_Mean":0.0037068104604785596,"IAT_Std":0.0031939649806000719,"IAT_Max":0.009952019347110764,"IAT_Min":0.0001646072487346828,"received_addresses":27,"max_pkt_from_sameId":20,"has_attacker":0}
{"received packets":1434,"IAT_Mean":0.0013945333998605014,"IAT_Std":0.0018509651020569933,"IAT_Max":0.009939076480804943,"IAT_Min":0.00016300013157888316,"received_addresses":28,"max_pkt_from_sameId":477,"has_attacker":1}
{"received packets":2442,"IAT_Mean":0.0008189071795298568,"IAT_Std":0.0007006682696247255,"IAT_Max":0.001991956407437101,"IAT_Min":0.0001630000551813282,"received_addresses":26,"max_pkt_from_sameId":999,"has_attacker":1}
{"received packets":570,"IAT_Mean":0.003505215867813891,"IAT_Std":0.0037084643737774548,"IAT_Max":0.01798486253392184,"IAT_Min":0.0001635628977965098,"received_addresses":23,"max_pkt_from_sameId":153,"has_attacker":1}
{"received packets":446,"IAT_Mean":0.004479756517813897,"IAT_Std":0.004638462890626848,"IAT_Max":0.017985228307225044,"IAT_Min":0.00016359955770894885,"received_addresses":20,"max_pkt_from_sameId":115,"has_attacker":1}
{"received packets":299,"IAT_Mean":0.006682192670743224,"IAT_Std":0.005666242839116271,"IAT_Max":0.02033986716196523,"IAT_Min":0.00016536985276616178,"received_addresses":17,"max_pkt_from_sameId":20,"has_attacker":1}
{"received packets":1280,"IAT_Mean":0.0015610474124116536,"IAT_Std":0.0005859210750651966,"IAT_Max":0.002134081667463761,"IAT_Min":0.0001629999969736673,"received_addresses":16,"max_pkt_from_sameId":980,"has_attacker":1}
