{"received packets":510,"IAT_Mean":0.003917583023954363,"IAT_Std":0.0034365636752152447,"IAT_Max":0.01169404250322259,"IAT_Min":0.00016426813454017974,"received_addresses":26,"max_pkt_from_sameId":20,"has_attacker":0}
{"received packets":540,"IAT_Mean":0.0036999521718826145,"IAT_Std":0.0033845693816127537,"IAT_Max":0.011694075445120689,"IAT_Min":0.00016427752052550204,"received_addresses":27,"max_pkt_from_sameId":20,"has_attacker":0}
{"received packets":540,"IAT_Mean":0.0036999452250340797,"IAT_Std":0.0032696128782365048,"IAT_Max":0.011694091495883186,"IAT_Min":0.0001643327486817725,"received_addresses":29,"max_pkt_from_sameId":20,"has_attacker":0}
{"received packets":510,"IAT_Mean":0.003917601897331884,"IAT_Std":0.003929053884889434,"IAT_Max":0.017954461571207504,"IAT_Min":0.00016443285130662844,"received_addresses":26,"max_pkt_from_sameId":20,"has_attacker":0}
{"received packets":520,"IAT_Mean":0.0038422615691510707,"IAT_Std":0.003806397816266761,"IAT_Max":0.017954636736249087,"IAT_Min":0.00016457382662338205,"received_addresses":26,"max_pkt_from_sameId":20,"has_attacker":0}
{"received packets":520,"IAT_Mean":0.0038422460886837286,"IAT_Std":0.003197838780525913,"IAT_Max":0.00995214323484106,"IAT_Min":0.00016472592324134894,"received_addresses":26,"max_pkt_from_sameId":20,"has_attacker":0}
{"received packets":529,"IAT_Mean":0.0037768829060125998,"IAT_Std":0.0031809581147143218,"IAT_Max":0.009952174215868581,"IAT_Min":0.00016489137487951666,"received_addresses":27,"max_pkt_from_sameId":20,"has_attacker":0}
{"received packets":994,"IAT_Mean":0.0020116153569410169,"IAT_Std":0.002084394912615367,"IAT_Max":0.00995159157901071,"IAT_Min":0.00016300028073601425,"received_addresses":28,"max_pkt_from_sameId":477,"has_attacker":1}
{"received packets":1470,"IAT_Mean":0.0013602333933438315,"IAT_Std":0.0007021296179443656,"IAT_Max":0.002003589233936509,"IAT_Min":0.0001630000551813282,"received_addresses":26,"max_pkt_from_sameId":993,"has_attacker":1}
{"received packets":562,"IAT_Mean":0.0035551126211916027,"IAT_Std":0.003975140385067622,"IAT_Max":0.01798527598293731,"IAT_Min":0.00016300659990520217,"received_addresses":24,"max_pkt_from_sameId":153,"has_attacker":1}
