{"received packets":510,"IAT_Mean":0.0039133863208453659,"IAT_Std":0.004272852182431475,"IAT_Max":0.02238002726153354,"IAT_Min":0.0001630864426260814,"received_addresses":26,"max_pkt_from_sameId":20,"has_attacker":0}
{"received packets":539,"IAT_Mean":0.0037028241566748334,"IAT_Std":0.0042219769107784709,"IAT_Max":0.022380023492587499,"IAT_Min":0.00016312489242409356,"received_addresses":27,"max_pkt_from_sameId":20,"has_attacker":0}
{"received packets":550,"IAT_Mean":0.003628770439979483,"IAT_Std":0.003641506838421029,"IAT_Max":0.022380020032869653,"IAT_Min":0.0001630415026738774,"received_addresses":29,"max_pkt_from_sameId":20,"has_attacker":0}
{"received packets":511,"IAT_Mean":0.0039057362832410019,"IAT_Std":0.0031272744893470446,"IAT_Max":0.013124026045261417,"IAT_Min":0.00016300100469379686,"received_addresses":27,"max_pkt_from_sameId":20,"has_attacker":0}
{"received packets":520,"IAT_Mean":0.003838126919023265,"IAT_Std":0.0030494420282676855,"IAT_Max":0.01312401347240666,"IAT_Min":0.00016300012794090435,"received_addresses":26,"max_pkt_from_sameId":20,"has_attacker":0}
{"received packets":520,"IAT_Mean":0.003838135757688668,"IAT_Std":0.002971344792629138,"IAT_Max":0.013124021086696303,"IAT_Min":0.0001630001061130315,"received_addresses":26,"max_pkt_from_sameId":20,"has_attacker":0}
{"received packets":530,"IAT_Mean":0.0037693510373122444,"IAT_Std":0.0029214434213717347,"IAT_Max":0.013124077679094626,"IAT_Min":0.00016300003699143417,"received_addresses":27,"max_pkt_from_sameId":20,"has_attacker":0}
{"received packets":569,"IAT_Mean":0.003510999022838007,"IAT_Std":0.002842698638344145,"IAT_Max":0.013124080080160639,"IAT_Min":0.00016300001880154014,"received_addresses":28,"max_pkt_from_sameId":24,"has_attacker":1}
{"received packets":1867,"IAT_Mean":0.0010710132538266659,"IAT_Std":0.001258828858595422,"IAT_Max":0.011374069123121445,"IAT_Min":0.0001335983833996579,"received_addresses":27,"max_pkt_from_sameId":267,"has_attacker":1}
{"received packets":639,"IAT_Mean":0.0031263743107664764,"IAT_Std":0.0032593874990873158,"IAT_Max":0.024418440800218378,"IAT_Min":0.00013464404037222266,"received_addresses":21,"max_pkt_from_sameId":156,"has_attacker":1}
