{"received packets":247,"IAT_Mean":0.008091183641875024,"IAT_Std":0.0642201049875199,"IAT_Max":1.0130038275601692,"IAT_Min":0.0001630446349736303,"received_addresses":25,"max_pkt_from_sameId":10,"has_attacker":0}
{"received packets":520,"IAT_Mean":0.0038433013315205667,"IAT_Std":0.004198019083672586,"IAT_Max":0.02238808398396941,"IAT_Min":0.0001630023616598919,"received_addresses":26,"max_pkt_from_sameId":20,"has_attacker":0}
{"received packets":529,"IAT_Mean":0.0037779040973163577,"IAT_Std":0.0041841298768216339,"IAT_Max":0.022387698365491816,"IAT_Min":0.0001630010810913518,"received_addresses":27,"max_pkt_from_sameId":20,"has_attacker":0}
{"received packets":521,"IAT_Mean":0.0038359226070886528,"IAT_Std":0.004140664525975186,"IAT_Max":0.02238731731995358,"IAT_Min":0.00016300113929901272,"received_addresses":27,"max_pkt_from_sameId":20,"has_attacker":0}
{"received packets":529,"IAT_Mean":0.003777915234035999,"IAT_Std":0.004128300693885079,"IAT_Max":0.02238712748658145,"IAT_Min":0.00016300219067488797,"received_addresses":27,"max_pkt_from_sameId":20,"has_attacker":0}
{"received packets":570,"IAT_Mean":0.003506174984004087,"IAT_Std":0.0037901423698072417,"IAT_Max":0.02238766894879518,"IAT_Min":0.00016313082960550673,"received_addresses":28,"max_pkt_from_sameId":24,"has_attacker":1}
{"received packets":1830,"IAT_Mean":0.0010920863972064407,"IAT_Std":0.0013253292375455736,"IAT_Max":0.015484647243283689,"IAT_Min":0.00010451308116898872,"received_addresses":30,"max_pkt_from_sameId":266,"has_attacker":1}
{"received packets":470,"IAT_Mean":0.004252159272994291,"IAT_Std":0.004397872204055144,"IAT_Max":0.026376711182820146,"IAT_Min":0.00010763777027023025,"received_addresses":24,"max_pkt_from_sameId":60,"has_attacker":1}
{"received packets":595,"IAT_Mean":0.0033609524323505218,"IAT_Std":0.003275905737878397,"IAT_Max":0.03268040415059659,"IAT_Min":0.000163003849593224,"received_addresses":22,"max_pkt_from_sameId":212,"has_attacker":1}
{"received packets":415,"IAT_Mean":0.004817878559785081,"IAT_Std":0.005158784607307624,"IAT_Max":0.03391602898045676,"IAT_Min":0.0001127531795646064,"received_addresses":20,"max_pkt_from_sameId":40,"has_attacker":1}
{"received packets":605,"IAT_Mean":0.0033020806192814407,"IAT_Std":0.002775402012706826,"IAT_Max":0.024819991343974836,"IAT_Min":0.00015773840277688578,"received_addresses":23,"max_pkt_from_sameId":279,"has_attacker":1}
{"received packets":511,"IAT_Mean":0.003909504715425982,"IAT_Std":0.004366328033736367,"IAT_Max":0.024832516955939356,"IAT_Min":0.00011285968503216282,"received_addresses":20,"max_pkt_from_sameId":106,"has_attacker":1}
{"received packets":572,"IAT_Mean":0.0034925781422386469,"IAT_Std":0.003240209252468107,"IAT_Max":0.024794053573714338,"IAT_Min":0.00015452705702045932,"received_addresses":20,"max_pkt_from_sameId":252,"has_attacker":1}
{"received packets":695,"IAT_Mean":0.002874466527298197,"IAT_Std":0.003140359698974275,"IAT_Max":0.02481385108694667,"IAT_Min":0.00010987133646267466,"received_addresses":20,"max_pkt_from_sameId":225,"has_attacker":1}
{"received packets":470,"IAT_Mean":0.00425055632527182,"IAT_Std":0.004287345483993908,"IAT_Max":0.02480731728792307,"IAT_Min":0.00011424205149523914,"received_addresses":20,"max_pkt_from_sameId":135,"has_attacker":1}
{"received packets":753,"IAT_Mean":0.002654177131187373,"IAT_Std":0.002540225285813805,"IAT_Max":0.016607999998086599,"IAT_Min":0.00011600686411838979,"received_addresses":19,"max_pkt_from_sameId":174,"has_attacker":1}
{"received packets":464,"IAT_Mean":0.004305513815630735,"IAT_Std":0.004917083887563453,"IAT_Max":0.024825786396831974,"IAT_Min":0.0001105115698010195,"received_addresses":20,"max_pkt_from_sameId":78,"has_attacker":1}
{"received packets":703,"IAT_Mean":0.002841759505263145,"IAT_Std":0.002588840423924696,"IAT_Max":0.021470354997290998,"IAT_Min":0.00011810759679065086,"received_addresses":20,"max_pkt_from_sameId":271,"has_attacker":1}
{"received packets":601,"IAT_Mean":0.0033240561993888924,"IAT_Std":0.004354595425579503,"IAT_Max":0.033986413709499178,"IAT_Min":0.00011060249744332395,"received_addresses":20,"max_pkt_from_sameId":173,"has_attacker":1}
{"received packets":643,"IAT_Mean":0.0031095180195028616,"IAT_Std":0.003151045768079743,"IAT_Max":0.03069740592763992,"IAT_Min":0.00011714006177498959,"received_addresses":20,"max_pkt_from_sameId":288,"has_attacker":1}
{"received packets":678,"IAT_Mean":0.0029465357618869418,"IAT_Std":0.003653770178652713,"IAT_Max":0.03398641370222322,"IAT_Min":0.00010879596447921358,"received_addresses":21,"max_pkt_from_sameId":216,"has_attacker":1}
{"received packets":525,"IAT_Mean":0.003808759589079446,"IAT_Std":0.0046815327935039638,"IAT_Max":0.033986413705861199,"IAT_Min":0.00015739779701107182,"received_addresses":21,"max_pkt_from_sameId":176,"has_attacker":1}
{"received packets":754,"IAT_Mean":0.0026495385934745885,"IAT_Std":0.0027257019649767919,"IAT_Max":0.028252007796254476,"IAT_Min":0.00014891043247189373,"received_addresses":20,"max_pkt_from_sameId":206,"has_attacker":1}
{"received packets":463,"IAT_Mean":0.004315373088457203,"IAT_Std":0.004905181154304654,"IAT_Max":0.03142549311451148,"IAT_Min":0.00011210592856514268,"received_addresses":21,"max_pkt_from_sameId":81,"has_attacker":1}
{"received packets":672,"IAT_Mean":0.0029728578122428319,"IAT_Std":0.0024155480879998918,"IAT_Max":0.021456999998918037,"IAT_Min":0.00010602880865917541,"received_addresses":20,"max_pkt_from_sameId":251,"has_attacker":1}
{"received packets":515,"IAT_Mean":0.0038791398706397234,"IAT_Std":0.004911346589166463,"IAT_Max":0.033977236758801158,"IAT_Min":0.00010745627514552325,"received_addresses":20,"max_pkt_from_sameId":168,"has_attacker":1}
{"received packets":640,"IAT_Mean":0.0031214985576013987,"IAT_Std":0.002908666566034487,"IAT_Max":0.024807312114717207,"IAT_Min":0.00011474921848275699,"received_addresses":20,"max_pkt_from_sameId":284,"has_attacker":1}
{"received packets":661,"IAT_Mean":0.00302231879393788,"IAT_Std":0.0027966040691356477,"IAT_Max":0.014457092725933763,"IAT_Min":0.00010608331649564207,"received_addresses":22,"max_pkt_from_sameId":249,"has_attacker":1}
{"received packets":576,"IAT_Mean":0.0034695073441955378,"IAT_Std":0.0030873598102101938,"IAT_Max":0.014458182798989583,"IAT_Min":0.00010677744649001397,"received_addresses":22,"max_pkt_from_sameId":214,"has_attacker":1}
{"received packets":772,"IAT_Mean":0.002587764205689787,"IAT_Std":0.0021456948623504864,"IAT_Max":0.01410604884949862,"IAT_Min":0.00011823809472844005,"received_addresses":20,"max_pkt_from_sameId":276,"has_attacker":1}
{"received packets":459,"IAT_Mean":0.004352419060488304,"IAT_Std":0.003763359700527995,"IAT_Max":0.014458182802627562,"IAT_Min":0.00011397254274925217,"received_addresses":20,"max_pkt_from_sameId":97,"has_attacker":1}
{"received packets":759,"IAT_Mean":0.002634532085527609,"IAT_Std":0.0020949618038688395,"IAT_Max":0.012669401567109162,"IAT_Min":0.00011561225255718455,"received_addresses":20,"max_pkt_from_sameId":213,"has_attacker":1}
{"received packets":527,"IAT_Mean":0.0037939767429033654,"IAT_Std":0.0034785032851288694,"IAT_Max":0.014458182798989583,"IAT_Min":0.00011093161811004393,"received_addresses":21,"max_pkt_from_sameId":126,"has_attacker":1}
{"received packets":665,"IAT_Mean":0.0030045327607442055,"IAT_Std":0.002478407030654455,"IAT_Max":0.014093048856011592,"IAT_Min":0.00010874489453271963,"received_addresses":19,"max_pkt_from_sameId":278,"has_attacker":1}
{"received packets":639,"IAT_Mean":0.0031266530718718069,"IAT_Std":0.0027215926803788724,"IAT_Max":0.012677492999500828,"IAT_Min":0.00011436460044933483,"received_addresses":21,"max_pkt_from_sameId":233,"has_attacker":1}
