{"received packets":83,"IAT_Mean":0.0236502215299101,"IAT_Std":0.10953398233984985,"IAT_Max":1.0119914501046879,"IAT_Min":0.0001630810038477648,"received_addresses":7,"max_pkt_from_sameId":25,"has_attacker":1}
{"received packets":381,"IAT_Mean":0.005242144620873531,"IAT_Std":0.0045409182073349149,"IAT_Max":0.03625210108657484,"IAT_Min":0.00011883871775353327,"received_addresses":7,"max_pkt_from_sameId":252,"has_attacker":1}
{"received packets":461,"IAT_Mean":0.004306652836080571,"IAT_Std":0.0036937600100357406,"IAT_Max":0.04049755835876567,"IAT_Min":0.00016300006609526463,"received_addresses":8,"max_pkt_from_sameId":283,"has_attacker":1}
{"received packets":259,"IAT_Mean":0.007707844533649985,"IAT_Std":0.00845834066451899,"IAT_Max":0.05264003858246724,"IAT_Min":0.00010648147508618422,"received_addresses":7,"max_pkt_from_sameId":137,"has_attacker":1}
{"received packets":509,"IAT_Mean":0.003920267561510866,"IAT_Std":0.002274994447474561,"IAT_Max":0.01936400005433825,"IAT_Min":0.00016300018978654407,"received_addresses":7,"max_pkt_from_sameId":233,"has_attacker":1}
{"received packets":190,"IAT_Mean":0.010500594497429312,"IAT_Std":0.013030166971858395,"IAT_Max":0.05600041409707046,"IAT_Min":0.00011633956819423474,"received_addresses":8,"max_pkt_from_sameId":78,"has_attacker":1}
{"received packets":481,"IAT_Mean":0.004155811399451105,"IAT_Std":0.0025139968924633609,"IAT_Max":0.01936400004706229,"IAT_Min":0.00017752196072251536,"received_addresses":7,"max_pkt_from_sameId":274,"has_attacker":1}
{"received packets":277,"IAT_Mean":0.007124631994168336,"IAT_Std":0.010554429841953667,"IAT_Max":0.0690647797746351,"IAT_Min":0.00010942529479507357,"received_addresses":5,"max_pkt_from_sameId":194,"has_attacker":1}
{"received packets":396,"IAT_Mean":0.005040611726043507,"IAT_Std":0.004868338858575971,"IAT_Max":0.03774054850873654,"IAT_Min":0.00011506460577948019,"received_addresses":6,"max_pkt_from_sameId":290,"has_attacker":1}
{"received packets":384,"IAT_Mean":0.0050847708506296389,"IAT_Std":0.005479083241893209,"IAT_Max":0.052918323042831619,"IAT_Min":0.00010624404967529699,"received_addresses":7,"max_pkt_from_sameId":276,"has_attacker":1}
