{"received packets":468,"IAT_Mean":0.004270324951382781,"IAT_Std":0.004468108170815925,"IAT_Max":0.0223800810672401,"IAT_Min":0.00016301787763950415,"received_addresses":24,"max_pkt_from_sameId":20,"has_attacker":0}
{"received packets":480,"IAT_Mean":0.004163583965131086,"IAT_Std":0.004405313804803527,"IAT_Max":0.022380131984391484,"IAT_Min":0.000163011958647985,"received_addresses":24,"max_pkt_from_sameId":20,"has_attacker":0}
{"received packets":500,"IAT_Mean":0.003997043718081841,"IAT_Std":0.0036783360465017327,"IAT_Max":0.022380157555744519,"IAT_Min":0.0001630016959097702,"received_addresses":27,"max_pkt_from_sameId":20,"has_attacker":0}
{"received packets":549,"IAT_Mean":0.003640284824003188,"IAT_Std":0.0028150268651092695,"IAT_Max":0.013124000743118814,"IAT_Min":0.00016300608695019037,"received_addresses":29,"max_pkt_from_sameId":20,"has_attacker":0}
{"received packets":571,"IAT_Mean":0.0035000194811880254,"IAT_Std":0.0027913814408171294,"IAT_Max":0.01312400160895777,"IAT_Min":0.00016300900097121485,"received_addresses":30,"max_pkt_from_sameId":20,"has_attacker":0}
{"received packets":520,"IAT_Mean":0.0038432994817062888,"IAT_Std":0.00283919059829333,"IAT_Max":0.013124011653417256,"IAT_Min":0.0001630096485314425,"received_addresses":26,"max_pkt_from_sameId":20,"has_attacker":0}
{"received packets":549,"IAT_Mean":0.0036402863487669139,"IAT_Std":0.002865016761199034,"IAT_Max":0.013124267821694957,"IAT_Min":0.00016302598669426516,"received_addresses":28,"max_pkt_from_sameId":20,"has_attacker":0}
{"received packets":557,"IAT_Mean":0.0035880064735965219,"IAT_Std":0.002918505061567938,"IAT_Max":0.013124388697178802,"IAT_Min":0.00016304838209180161,"received_addresses":28,"max_pkt_from_sameId":24,"has_attacker":1}
{"received packets":1680,"IAT_Mean":0.0011902271275782066,"IAT_Std":0.0013532529030363802,"IAT_Max":0.011374071407772135,"IAT_Min":0.000133600588014815,"received_addresses":26,"max_pkt_from_sameId":268,"has_attacker":1}
{"received packets":608,"IAT_Mean":0.003287030197067284,"IAT_Std":0.003321647946132432,"IAT_Max":0.0244184441435209,"IAT_Min":0.0001394032224197872,"received_addresses":23,"max_pkt_from_sameId":147,"has_attacker":1}
{"received packets":599,"IAT_Mean":0.003338509161577335,"IAT_Std":0.0033035071742878229,"IAT_Max":0.03268040408511297,"IAT_Min":0.00010747014675871469,"received_addresses":23,"max_pkt_from_sameId":212,"has_attacker":1}
{"received packets":433,"IAT_Mean":0.004617599255530923,"IAT_Std":0.004959582949399986,"IAT_Max":0.033917581120476828,"IAT_Min":0.00011343860751367174,"received_addresses":21,"max_pkt_from_sameId":46,"has_attacker":1}
