{"received packets":300,"IAT_Mean":0.006666645501560803,"IAT_Std":0.008574550588328086,"IAT_Max":0.03625100837962236,"IAT_Min":0.00016073528968263417,"received_addresses":15,"max_pkt_from_sameId":20,"has_attacker":0}
{"received packets":289,"IAT_Mean":0.006913385414758094,"IAT_Std":0.00879066474815321,"IAT_Max":0.036251013953005898,"IAT_Min":0.00016163536565727554,"received_addresses":15,"max_pkt_from_sameId":20,"has_attacker":0}
{"received packets":252,"IAT_Mean":0.007936476399981263,"IAT_Std":0.010188360177278805,"IAT_Max":0.03973512710217619,"IAT_Min":0.0000033907635952346029,"received_addresses":14,"max_pkt_from_sameId":21,"has_attacker":0}
{"received packets":200,"IAT_Mean":0.009999996195056156,"IAT_Std":0.013137504089151273,"IAT_Max":0.046749398210522489,"IAT_Min":0.00016275133748422377,"received_addresses":10,"max_pkt_from_sameId":20,"has_attacker":0}
{"received packets":150,"IAT_Mean":0.013232754748896696,"IAT_Std":0.019194889923084745,"IAT_Max":0.06183313738438301,"IAT_Min":0.00022875365539221093,"received_addresses":8,"max_pkt_from_sameId":20,"has_attacker":0}
{"received packets":170,"IAT_Mean":0.011675939877536354,"IAT_Std":0.01646194945798161,"IAT_Max":0.0618390324889333,"IAT_Min":0.00022856888608657755,"received_addresses":9,"max_pkt_from_sameId":20,"has_attacker":0}
{"received packets":189,"IAT_Mean":0.01053191115825607,"IAT_Std":0.012238218070009719,"IAT_Max":0.0433468641822401,"IAT_Min":0.00022838651420897804,"received_addresses":10,"max_pkt_from_sameId":20,"has_attacker":0}
{"received packets":452,"IAT_Mean":0.004420185923180749,"IAT_Std":0.006942468403717216,"IAT_Max":0.04333436296656146,"IAT_Min":0.00016309840430039912,"received_addresses":10,"max_pkt_from_sameId":106,"has_attacker":1}
{"received packets":740,"IAT_Mean":0.0026999098962905184,"IAT_Std":0.0020841745171999808,"IAT_Max":0.006122891980339773,"IAT_Min":0.00016305644749081694,"received_addresses":10,"max_pkt_from_sameId":200,"has_attacker":1}
{"received packets":213,"IAT_Mean":0.009345583490272569,"IAT_Std":0.007551144086868027,"IAT_Max":0.03980343243893003,"IAT_Min":0.00016307724945363589,"received_addresses":8,"max_pkt_from_sameId":87,"has_attacker":1}
{"received packets":239,"IAT_Mean":0.008328280740113837,"IAT_Std":0.007429568499235378,"IAT_Max":0.04323242240207037,"IAT_Min":0.00016304152086377144,"received_addresses":7,"max_pkt_from_sameId":100,"has_attacker":1}
{"received packets":190,"IAT_Mean":0.010476137168160149,"IAT_Std":0.011110086710636649,"IAT_Max":0.05660154230645276,"IAT_Min":0.000158911308972165,"received_addresses":8,"max_pkt_from_sameId":65,"has_attacker":1}
{"received packets":236,"IAT_Mean":0.008434199745660393,"IAT_Std":0.007030106091854544,"IAT_Max":0.03967013686269638,"IAT_Min":0.00016312766456394456,"received_addresses":10,"max_pkt_from_sameId":90,"has_attacker":1}
{"received packets":233,"IAT_Mean":0.008542681624747532,"IAT_Std":0.00921689638069664,"IAT_Max":0.03979971026637941,"IAT_Min":0.00016301889991154894,"received_addresses":14,"max_pkt_from_sameId":46,"has_attacker":1}
{"received packets":216,"IAT_Mean":0.00921508500404242,"IAT_Std":0.011831611559715731,"IAT_Max":0.05204938526003389,"IAT_Min":0.00015709205399616621,"received_addresses":12,"max_pkt_from_sameId":27,"has_attacker":1}
{"received packets":241,"IAT_Mean":0.00825882186228337,"IAT_Std":0.009443744990071139,"IAT_Max":0.039902549502585319,"IAT_Min":0.00016301944560837,"received_addresses":14,"max_pkt_from_sameId":22,"has_attacker":1}
{"received packets":260,"IAT_Mean":0.007655665212615321,"IAT_Std":0.008961349770535763,"IAT_Max":0.03990183879432152,"IAT_Min":0.00016301879441016354,"received_addresses":16,"max_pkt_from_sameId":29,"has_attacker":1}
{"received packets":263,"IAT_Mean":0.007568189306586902,"IAT_Std":0.007052454411840936,"IAT_Max":0.025640267616836355,"IAT_Min":0.00016312766092596576,"received_addresses":12,"max_pkt_from_sameId":61,"has_attacker":1}
{"received packets":265,"IAT_Mean":0.007511686502389153,"IAT_Std":0.009239332921393132,"IAT_Max":0.03532177811212023,"IAT_Min":0.00016125784895848483,"received_addresses":16,"max_pkt_from_sameId":29,"has_attacker":1}
{"received packets":248,"IAT_Mean":0.008025709798153737,"IAT_Std":0.009200364995535195,"IAT_Max":0.03596026313971379,"IAT_Min":0.00015613975119777024,"received_addresses":15,"max_pkt_from_sameId":20,"has_attacker":1}
{"received packets":280,"IAT_Mean":0.00710847045767358,"IAT_Std":0.008977370202433197,"IAT_Max":0.0353901431117265,"IAT_Min":0.00016303620941471308,"received_addresses":14,"max_pkt_from_sameId":20,"has_attacker":1}
{"received packets":270,"IAT_Mean":0.007372018218841361,"IAT_Std":0.009043307737870413,"IAT_Max":0.03531205196486553,"IAT_Min":0.00017600108185433783,"received_addresses":14,"max_pkt_from_sameId":33,"has_attacker":1}
{"received packets":287,"IAT_Mean":0.006933066420456762,"IAT_Std":0.00859391147526353,"IAT_Max":0.03531205196122755,"IAT_Min":0.00016304509335896,"received_addresses":15,"max_pkt_from_sameId":21,"has_attacker":1}
{"received packets":303,"IAT_Mean":0.006566965489027497,"IAT_Std":0.008256869330945599,"IAT_Max":0.03532183352217544,"IAT_Min":0.00016304509335896,"received_addresses":15,"max_pkt_from_sameId":29,"has_attacker":1}
{"received packets":242,"IAT_Mean":0.008224675070830792,"IAT_Std":0.00918602730810842,"IAT_Max":0.0353878734895261,"IAT_Min":0.0005771369869762566,"received_addresses":13,"max_pkt_from_sameId":20,"has_attacker":0}
{"received packets":269,"IAT_Mean":0.007399430408707922,"IAT_Std":0.009070105601702064,"IAT_Max":0.03538787026627688,"IAT_Min":0.00016303763186442666,"received_addresses":16,"max_pkt_from_sameId":23,"has_attacker":1}
{"received packets":305,"IAT_Mean":0.00652613684764756,"IAT_Std":0.008651675549782873,"IAT_Max":0.03531202166414005,"IAT_Min":0.000163147382409079,"received_addresses":15,"max_pkt_from_sameId":49,"has_attacker":1}
{"received packets":287,"IAT_Mean":0.0069354046269491128,"IAT_Std":0.005550993278821015,"IAT_Max":0.025744755927007647,"IAT_Min":0.0005570627326960675,"received_addresses":16,"max_pkt_from_sameId":20,"has_attacker":1}
{"received packets":330,"IAT_Mean":0.0060470474396314599,"IAT_Std":0.005818189164136761,"IAT_Max":0.024398099212703529,"IAT_Min":0.0001630095393920783,"received_addresses":19,"max_pkt_from_sameId":20,"has_attacker":1}
{"received packets":370,"IAT_Mean":0.005393323404643672,"IAT_Std":0.005300240779628517,"IAT_Max":0.02439773202786455,"IAT_Min":0.00010875726002268493,"received_addresses":21,"max_pkt_from_sameId":20,"has_attacker":1}
{"received packets":400,"IAT_Mean":0.004988836884067495,"IAT_Std":0.004054734272789946,"IAT_Max":0.017129087369539776,"IAT_Min":0.00015341864127549343,"received_addresses":18,"max_pkt_from_sameId":87,"has_attacker":1}
{"received packets":382,"IAT_Mean":0.0052238872665943919,"IAT_Std":0.0032974019522152024,"IAT_Max":0.012371174812869868,"IAT_Min":0.00016324041280313395,"received_addresses":19,"max_pkt_from_sameId":54,"has_attacker":1}
{"received packets":366,"IAT_Mean":0.005452257024215791,"IAT_Std":0.0037198894964522758,"IAT_Max":0.016732343967305498,"IAT_Min":0.00016336179032805376,"received_addresses":18,"max_pkt_from_sameId":60,"has_attacker":1}
{"received packets":289,"IAT_Mean":0.00690496247169869,"IAT_Std":0.005824729930859541,"IAT_Max":0.023207445145089879,"IAT_Min":0.0003390890451555606,"received_addresses":15,"max_pkt_from_sameId":20,"has_attacker":0}
{"received packets":240,"IAT_Mean":0.008314686110694917,"IAT_Std":0.008255228630911322,"IAT_Max":0.030220277432817967,"IAT_Min":0.00020228174980729818,"received_addresses":13,"max_pkt_from_sameId":48,"has_attacker":1}
{"received packets":350,"IAT_Mean":0.005701499985246171,"IAT_Std":0.004823918662123382,"IAT_Max":0.02457822627548012,"IAT_Min":0.00016300018978654407,"received_addresses":11,"max_pkt_from_sameId":140,"has_attacker":1}
{"received packets":159,"IAT_Mean":0.012550491754417916,"IAT_Std":0.009428229083380839,"IAT_Max":0.03022792001866037,"IAT_Min":0.0001083026327250991,"received_addresses":8,"max_pkt_from_sameId":20,