{"received packets":402,"IAT_Mean":0.004963740502879868,"IAT_Std":0.0034937038606756636,"IAT_Max":0.02446309789593215,"IAT_Min":0.0001596825968590565,"received_addresses":8,"max_pkt_from_sameId":259,"has_attacker":1}
{"received packets":487,"IAT_Mean":0.004106301201889743,"IAT_Std":0.003677678144929563,"IAT_Max":0.032517446470592407,"IAT_Min":0.00013871522605768405,"received_addresses":8,"max_pkt_from_sameId":213,"has_attacker":1}
{"received packets":521,"IAT_Mean":0.003837658048200123,"IAT_Std":0.0032088651631563219,"IAT_Max":0.031178423385426869,"IAT_Min":0.00011299667312414385,"received_addresses":8,"max_pkt_from_sameId":271,"has_attacker":1}
{"received packets":438,"IAT_Mean":0.004556684015631318,"IAT_Std":0.004060810991841338,"IAT_Max":0.0345041833097639,"IAT_Min":0.0001395501967635937,"received_addresses":8,"max_pkt_from_sameId":279,"has_attacker":1}
{"received packets":485,"IAT_Mean":0.004119449868516519,"IAT_Std":0.003936574738163092,"IAT_Max":0.02496300035272725,"IAT_Min":0.00011310281843179837,"received_addresses":9,"max_pkt_from_sameId":156,"has_attacker":1}
{"received packets":483,"IAT_Mean":0.00413613798424179,"IAT_Std":0.0030995459651005964,"IAT_Max":0.019371709815459327,"IAT_Min":0.00016300039351335727,"received_addresses":10,"max_pkt_from_sameId":251,"has_attacker":1}
{"received packets":560,"IAT_Mean":0.003567418101290189,"IAT_Std":0.003722834979665305,"IAT_Max":0.033977101600612517,"IAT_Min":0.00013824491179548204,"received_addresses":14,"max_pkt_from_sameId":247,"has_attacker":1}
{"received packets":371,"IAT_Mean":0.005384801424148375,"IAT_Std":0.005563985567306314,"IAT_Max":0.03125797003303887,"IAT_Min":0.00011415116387070157,"received_addresses":14,"max_pkt_from_sameId":135,"has_attacker":1}
{"received packets":612,"IAT_Mean":0.003265411817570043,"IAT_Std":0.0029440166648700965,"IAT_Max":0.024085000579361805,"IAT_Min":0.00013845131979906,"received_addresses":12,"max_pkt_from_sameId":185,"has_attacker":1}
{"received packets":361,"IAT_Mean":0.005533956386457463,"IAT_Std":0.006399926302856276,"IAT_Max":0.03398167539126007,"IAT_Min":0.00011063275815104134,"received_addresses":15,"max_pkt_from_sameId":88,"has_attacker":1}
{"received packets":591,"IAT_Mean":0.0033802991155027267,"IAT_Std":0.0028852910678781485,"IAT_Max":0.024085000579361805,"IAT_Min":0.00010526204641791992,"received_addresses":13,"max_pkt_from_sameId":271,"has_attacker":1}
{"received packets":521,"IAT_Mean":0.003834467602478324,"IAT_Std":0.005098566330089254,"IAT_Max":0.03398629241200979,"IAT_Min":0.00011705970973707736,"received_addresses":16,"max_pkt_from_sameId":179,"has_attacker":1}
{"received packets":570,"IAT_Mean":0.003507754267341449,"IAT_Std":0.0033784691458564445,"IAT_Max":0.03069732062795083,"IAT_Min":0.00011762742360588163,"received_addresses":16,"max_pkt_from_sameId":288,"has_attacker":1}
{"received packets":598,"IAT_Mean":0.003340720889005192,"IAT_Std":0.004180161463711293,"IAT_Max":0.03398629241200979,"IAT_Min":0.00012570916805998422,"received_addresses":17,"max_pkt_from_sameId":244,"has_attacker":1}
{"received packets":452,"IAT_Mean":0.004423891383476477,"IAT_Std":0.005051371874214546,"IAT_Max":0.03398629241200979,"IAT_Min":0.00011109815386589617,"received_addresses":17,"max_pkt_from_sameId":175,"has_attacker":1}
{"received packets":672,"IAT_Mean":0.0029728451555629798,"IAT_Std":0.002767368006420517,"IAT_Max":0.021457000002556016,"IAT_Min":0.0001372128099319525,"received_addresses":15,"max_pkt_from_sameId":226,"has_attacker":1}
{"received packets":385,"IAT_Mean":0.005189656781871023,"IAT_Std":0.0061139301633629078,"IAT_Max":0.03397813045012299,"IAT_Min":0.00011222699322388507,"received_addresses":17,"max_pkt_from_sameId":59,"has_attacker":1}
{"received packets":648,"IAT_Mean":0.003082963418039049,"IAT_Std":0.002728961842691489,"IAT_Max":0.026419000059831889,"IAT_Min":0.00013622814367408864,"received_addresses":15,"max_pkt_from_sameId":251,"has_attacker":1}
{"received packets":495,"IAT_Mean":0.004035872481692808,"IAT_Std":0.0050584721121090599,"IAT_Max":0.03397708559350576,"IAT_Min":0.00010757733980426565,"received_addresses":18,"max_pkt_from_sameId":171,"has_attacker":1}
{"received packets":593,"IAT_Mean":0.0033689020605851868,"IAT_Std":0.0030460699711193199,"IAT_Max":0.02480727611691691,"IAT_Min":0.00011688497397699393,"received_addresses":18,"max_pkt_from_sameId":284,"has_attacker":1}
{"received packets":596,"IAT_Mean":0.003351933838682985,"IAT_Std":0.004015209613350214,"IAT_Max":0.03398660191669478,"IAT_Min":0.00010620438115438446,"received_addresses":17,"max_pkt_from_sameId":246,"has_attacker":1}
{"received packets":479,"IAT_Mean":0.004172100942215633,"IAT_Std":0.004481984406970192,"IAT_Max":0.033986349608312597,"IAT_Min":0.00010687709072954021,"received_addresses":16,"max_pkt_from_sameId":213,"has_attacker":1}
{"received packets":666,"IAT_Mean":0.0029996303481300845,"IAT_Std":0.0025023243414303909,"IAT_Max":0.016598651323874948,"IAT_Min":0.00016300016795867123,"received_addresses":15,"max_pkt_from_sameId":270,"has_attacker":1}
{"received packets":366,"IAT_Mean":0.0054583611853076898,"IAT_Std":0.005248337151054872,"IAT_Max":0.02482851878448855,"IAT_Min":0.00011381839067325927,"received_addresses":16,"max_pkt_from_sameId":97,"has_attacker":1}
{"received packets":637,"IAT_Mean":0.003139104707629107,"IAT_Std":0.0024600410881222315,"IAT_Max":0.016607999998086599,"IAT_Min":0.00016300016432069242,"received_addresses":14,"max_pkt_from_sameId":212,"has_attacker":1}
{"received packets":398,"IAT_Mean":0.005023683076811795,"IAT_Std":0.005339259536526222,"IAT_Max":0.024824813212035225,"IAT_Min":0.00011105267913080752,"received_addresses":15,"max_pkt_from_sameId":130,"has_attacker":1}
{"received packets":548,"IAT_Mean":0.003646011189305078,"IAT_Std":0.003018220736726853,"IAT_Max":0.016611154685961084,"IAT_Min":0.00010886473683058284,"received_addresses":13,"max_pkt_from_sameId":277,"has_attacker":1}
{"received packets":499,"IAT_Mean":0.004004197495615409,"IAT_Std":0.004986365265499568,"IAT_Max":0.035239181604993067,"IAT_Min":0.00011448565783211961,"received_addresses":14,"max_pkt_from_sameId":235,"has_attacker":1}
