{"received packets":480,"IAT_Mean":0.004163578924991877,"IAT_Std":0.003243742904732357,"IAT_Max":0.011642053821560694,"IAT_Min":0.00016305411190842278,"received_addresses":24,"max_pkt_from_sameId":20,"has_attacker":0}
{"received packets":500,"IAT_Mean":0.003997021030598262,"IAT_Std":0.0031984255947281336,"IAT_Max":0.01164207676629303,"IAT_Min":0.00016300658171530813,"received_addresses":25,"max_pkt_from_sameId":20,"has_attacker":0}
{"received packets":540,"IAT_Mean":0.0037009490907722569,"IAT_Std":0.0030889374381937236,"IAT_Max":0.011642089830274927,"IAT_Min":0.00016302639778587036,"received_addresses":29,"max_pkt_from_sameId":20,"has_attacker":0}
{"received packets":580,"IAT_Mean":0.003445714475969124,"IAT_Std":0.0029316428646421366,"IAT_Max":0.010868714718526462,"IAT_Min":0.00016331627557519823,"received_addresses":30,"max_pkt_from_sameId":20,"has_attacker":0}
{"received packets":540,"IAT_Mean":0.003700948015358773,"IAT_Std":0.0029474807303457638,"IAT_Max":0.010017166467150674,"IAT_Min":0.0001634846194065176,"received_addresses":27,"max_pkt_from_sameId":20,"has_attacker":0}
{"received packets":520,"IAT_Mean":0.0038432996614084496,"IAT_Std":0.0032187844304060609,"IAT_Max":0.011642135232250439,"IAT_Min":0.0001638397079659626,"received_addresses":26,"max_pkt_from_sameId":20,"has_attacker":0}
{"received packets":540,"IAT_Mean":0.0037009639249205338,"IAT_Std":0.003217988331607129,"IAT_Max":0.011642135283182143,"IAT_Min":0.0001641384333197493,"received_addresses":27,"max_pkt_from_sameId":20,"has_attacker":0}
{"received packets":964,"IAT_Mean":0.0020746214241169518,"IAT_Std":0.0022608275233652749,"IAT_Max":0.011642134941212135,"IAT_Min":0.00016300005881930701,"received_addresses":27,"max_pkt_from_sameId":108,"has_attacker":1}
{"received packets":1404,"IAT_Mean":0.0014244620073353085,"IAT_Std":0.0011690167923425392,"IAT_Max":0.004104072853806429,"IAT_Min":0.00016300003699143417,"received_addresses":27,"max_pkt_from_sameId":200,"has_attacker":1}
{"received packets":579,"IAT_Mean":0.003451677599344722,"IAT_Std":0.0035863534972753869,"IAT_Max":0.013633752321766224,"IAT_Min":0.0001527262429590337,"received_addresses":21,"max_pkt_from_sameId":118,"has_attacker":1}
{"received packets":535,"IAT_Mean":0.0037355407211664634,"IAT_Std":0.003617591136557396,"IAT_Max":0.013469146771967644,"IAT_Min":0.00015057185373734683,"received_addresses":18,"max_pkt_from_sameId":92,"has_attacker":1}
