{"sendtime":25269.01,"rcvtime":25269.010112124466,"senderID":262,"messageID":6891335,"position":[5853.279216211777,5143.576934148898,0.0],"speed":[5.68747165170552,11.627901153056327,0.0],"heading":0.46176301342107597,"ddostype":0,"msgtype":2}
{"sendtime":25269.11,"rcvtime":25269.110109677804,"senderID":262,"messageID":6905935,"position":[5858.894008380947,5154.9747064939469,0.0],"speed":[5.653585590616745,11.37047486123359,0.0],"heading":0.46176301342107597,"ddostype":0,"msgtype":2}
{"sendtime":25269.21,"rcvtime":25269.210118011033,"senderID":262,"messageID":6920489,"position":[5858.894008380947,5154.9747064939469,0.0],"speed":[5.653585590616745,11.37047486123359,0.0],"heading":0.46176301342107597,"ddostype":0,"msgtype":2}
{"sendtime":25269.31,"rcvtime":25269.310106020104,"senderID":262,"messageID":6934901,"position":[5858.894008380947,5154.9747064939469,0.0],"speed":[5.653585590616745,11.37047486123359,0.0],"heading":0.46176301342107597,"ddostype":0,"msgtype":2}
{"sendtime":25269.41,"rcvtime":25269.410118313728,"senderID":262,"messageID":6949476,"position":[5858.894008380947,5154.9747064939469,0.0],"speed":[5.653585590616745,11.37047486123359,0.0],"heading":0.46176301342107597,"ddostype":0,"msgtype":2}
{"sendtime":25269.51,"rcvtime":25269.510110165334,"senderID":262,"messageID":6963942,"position":[5858.894008380947,5154.9747064939469,0.0],"speed":[5.653585590616745,11.37047486123359,0.0],"heading":0.46176301342107597,"ddostype":0,"msgtype":2}
{"sendtime":25269.61,"rcvtime":25269.61011667335,"senderID":262,"messageID":6978305,"position":[5858.894008380947,5154.9747064939469,0.0],"speed":[5.653585590616745,11.37047486123359,0.0],"heading":0.46176301342107597,"ddostype":0,"msgtype":2}
{"sendtime":25269.71,"rcvtime":25269.710117782,"senderID":262,"messageID":6992802,"position":[5858.894008380947,5154.9747064939469,0.0],"speed":[5.653585590616745,11.37047486123359,0.0],"heading":0.46176301342107597,"ddostype":0,"msgtype":2}
{"sendtime":25269.81,"rcvtime":25269.810115131284,"senderID":262,"messageID":7007108,"position":[5858.894008380947,5154.9747064939469,0.0],"speed":[5.653585590616745,11.37047486123359,0.0],"heading":0.46176301342107597,"ddostype":0,"msgtype":2}
{"sendtime":25269.91,"rcvtime":25269.910110261877,"senderID":262,"messageID":7021712,"position":[5858.894008380947,5154.9747064939469,0.0],"speed":[5.653585590616745,11.37047486123359,0.0],"heading":0.46176301342107597,"ddostype":0,"msgtype":2}
{"sendtime":25270.01,"rcvtime":25270.01011672422,"senderID":262,"messageID":7036107,"position":[5858.894008380947,5154.9747064939469,0.0],"speed":[5.653585590616745,11.37047486123359,0.0],"heading":0.46185317368221209,"ddostype":0,"msgtype":2}
{"sendtime":25270.11,"rcvtime":25270.11011827751,"senderID":262,"messageID":7050843,"position":[5865.027174622172,5166.756115016862,0.0],"speed":[6.281685575275554,11.621820963655323,0.0],"heading":0.46185317368221209,"ddostype":0,"msgtype":2}
{"sendtime":25270.21,"rcvtime":25270.210118226634,"senderID":262,"messageID":7065525,"position":[5865.027174622172,5166.756115016862,0.0],"speed":[6.281685575275554,11.621820963655323,0.0],"heading":0.46185317368221209,"ddostype":0,"msgtype":2}
{"sendtime":25270.31,"rcvtime":25270.310118175763,"senderID":262,"messageID":7080209,"position":[5865.027174622172,5166.756115016862,0.0],"speed":[6.281685575275554,11.621820963655323,0.0],"heading":0.46185317368221209,"ddostype":0,"msgtype":2}
{"sendtime":25270.41,"rcvtime":25270.410118125863,"senderID":262,"messageID":7094890,"position":[5865.027174622172,5166.756115016862,0.0],"speed":[6.281685575275554,11.621820963655323,0.0],"heading":0.46185317368221209,"ddostype":0,"msgtype":2}
{"sendtime":25270.51,"rcvtime":25270.510118075967,"senderID":262,"messageID":7109571,"position":[5865.027174622172,5166.756115016862,0.0],"speed":[6.281685575275554,11.621820963655323,0.0],"heading":0.46185317368221209,"ddostype":0,"msgtype":2}
{"sendtime":25270.61,"rcvtime":25270.610118026063,"senderID":262,"messageID":7124254,"position":[5865.027174622172,5166.756115016862,0.0],"speed":[6.281685575275554,11.621820963655323,0.0],"heading":0.46185317368221209,"ddostype":0,"msgtype":2}
{"sendtime":25270.71,"rcvtime":25270.710117976167,"senderID":262,"messageID":7138897,"position":[5865.027174622172,5166.756115016862,0.0],"speed":[6.281685575275554,11.621820963655323,0.0],"heading":0.46185317368221209,"ddostype":0,"msgtype":2}
{"sendtime":25270.81,"rcvtime":25270.810114171414,"senderID":262,"messageID":7153592,"position":[5865.027174622172,5166.756115016862,0.0],"speed":[6.281685575275554,11.621820963655323,0.0],"heading":0.46185317368221209,"ddostype":0,"msgtype":2}
{"sendtime":25270.91,"rcvtime":25270.91011792305,"senderID":262,"messageID":7168421,"position":[5865.027174622172,5166.756115016862,0.0],"speed":[6.281685575275554,11.621820963655323,0.0],"heading":0.46185317368221209,"ddostype":0,"msgtype":2}
{"sendtime":25272.037774715423,"rcvtime":25272.03788555956,"senderID":328,"messageID":7326040,"position":[5863.809522971057,5157.403499005399,0.0],"speed":[6.864497855120676,13.639653004974179,0.0],"heading":0.4617306036104344,"ddostype":0,"msgtype":0}
{"sendtime":25272.137774715422,"rcvtime":25272.137892497816,"senderID":328,"messageID":7333179,"position":[5863.809522971057,5157.403499005399,0.0],"speed":[6.864497855120676,13.639653004974179,0.0],"heading":0.4617306036104344,"ddostype":0,"msgtype":0}
{"sendtime":25272.237774715424,"rcvtime":25272.237886436073,"senderID":328,"messageID":7340311,"position":[5863.809522971057,5157.403499005399,0.0],"speed":[6.864497855120676,13.639653004974179,0.0],"heading":0.4617306036104344,"ddostype":0,"msgtype":0}
{"sendtime":25272.337774715423,"rcvtime":25272.337893374326,"senderID":328,"messageID":7347450,"position":[5863.809522971057,5157.403499005399,0.0],"speed":[6.864497855120676,13.639653004974179,0.0],"heading":0.4617306036104344,"ddostype":0,"msgtype":0}
{"sendtime":25272.437774715425,"rcvtime":25272.437887312582,"senderID":328,"messageID":7354584,"position":[5863.809522971057,5157.403499005399,0.0],"speed":[6.864497855120676,13.639653004974179,0.0],"heading":0.4617306036104344,"ddostype":0,"msgtype":0}
{"sendtime":25272.537774715423,"rcvtime":25272.53788125084,"senderID":328,"messageID":7361723,"position":[5863.809522971057,5157.403499005399,0.0],"speed":[6.864497855120676,13.639653004974179,0.0],"heading":0.4617306036104344,"ddostype":0,"msgtype":0}
{"sendtime":25272.637774715422,"rcvtime":25272.637888189096,"senderID":328,"messageID":7368887,"position":[5863.809522971057,5157.403499005399,0.0],"speed":[6.864497855120676,13.639653004974179,0.0],"heading":0.4617306036104344,"ddostype":0,"msgtype":0}
{"sendtime":25272.737774715424,"rcvtime":25272.737882127352,"senderID":328,"messageID":7376026,"position":[5863.809522971057,5157.403499005399,0.0],"speed":[6.864497855120676,13.639653004974179,0.0],"heading":0.4617306036104344,"ddostype":0,"msgtype":0}
{"sendtime":25272.837774715423,"rcvtime":25272.837889065606,"senderID":328,"messageID":7383165,"position":[5863.809522971057,5157.403499005399,0.0],"speed":[6.864497855120676,13.639653004974179,0.0],"heading":0.4617306036104344,"ddostype":0,"msgtype":0}
{"sendtime":25272.937774715425,"rcvtime":25272.937883003862,"senderID":328,"messageID":7390304,"position":[5863.809522971057,5157.403499005399,0.0],"speed":[6.864497855120676,13.639653004974179,0.0],"heading":0.4617306036104344,"ddostype":0,"msgtype":0}
{"sendtime":25273.037774715423,"rcvtime":25273.03788989179,"senderID":328,"messageID":7397443,"position":[5870.8029266043999,5170.288591184407,0.0],"speed":[7.234195221050307,12.867848495493396,0.0],"heading":0.46173462018485919,"ddostype":0,"msgtype":0}
{"sendtime":25273.137774715422,"rcvtime":25273.137884183456,"senderID":328,"messageID":7404650,"position":[5870.8029266043999,5170.288591184407,0.0],"speed":[7.234195221050307,12.867848495493396,0.0],"heading":0.46173462018485919,"ddostype":0,"msgtype":0}
{"sendtime":25273.237774715424,