{"received packets":39,"IAT_Mean":0.05089509422647937,"IAT_Std":0.03474674823757074,"IAT_Max":0.08491318052620045,"IAT_Min":0.015194368199445308,"received_addresses":2,"max_pkt_from_sameId":20,"has_attacker":0}
{"received packets":40,"IAT_Mean":0.04962275063116976,"IAT_Std":0.03522379804292531,"IAT_Max":0.08480947035786812,"IAT_Min":0.00010692773139453493,"received_addresses":2,"max_pkt_from_sameId":20,"has_attacker":0}
{"received packets":130,"IAT_Mean":0.015309764386508435,"IAT_Std":0.020212544625028619,"IAT_Max":0.08480759551821393,"IAT_Min":0.00011192784586455673,"received_addresses":2,"max_pkt_from_sameId":110,"has_attacker":1}
{"received packets":216,"IAT_Mean":0.009213455982750963,"IAT_Std":0.002526915622375298,"IAT_Max":0.019996695751615336,"IAT_Min":0.00011152360821142793,"received_addresses":2,"max_pkt_from_sameId":196,"has_attacker":1}
{"received packets":41,"IAT_Mean":0.048412570649017609,"IAT_Std":0.026100994406852299,"IAT_Max":0.07481019309852855,"IAT_Min":0.0002711087217903696,"received_addresses":2,"max_pkt_from_sameId":21,"has_attacker":1}
{"received packets":40,"IAT_Mean":0.049622848455601348,"IAT_Std":0.025285715549432907,"IAT_Max":0.0748092443755013,"IAT_Min":0.010107495523698163,"received_addresses":2,"max_pkt_from_sameId":20,"has_attacker":0}
{"received packets":30,"IAT_Mean":0.0661637896765266,"IAT_Std":0.03185613589031346,"IAT_Max":0.10000314004719258,"IAT_Min":0.01010732670329162,"received_addresses":2,"max_pkt_from_sameId":20,"has_attacker":0}
{"received packets":169,"IAT_Mean":0.011775779248798713,"IAT_Std":0.008784104301236192,"IAT_Max":0.05015747836296214,"IAT_Min":0.0009951445026672446,"received_addresses":4,"max_pkt_from_sameId":129,"has_attacker":1}
{"received packets":159,"IAT_Mean":0.012518088998258006,"IAT_Std":0.014958066232855878,"IAT_Max":0.05999872610846069,"IAT_Min":0.00010721943908720277,"received_addresses":7,"max_pkt_from_sameId":53,"has_attacker":1}
{"received packets":222,"IAT_Mean":0.008965638714217421,"IAT_Std":0.013759839413808957,"IAT_Max":0.05211689212228521,"IAT_Min":0.00016305441749864258,"received_addresses":13,"max_pkt_from_sameId":20,"has_attacker":1}
{"received packets":278,"IAT_Mean":0.00715987401221512,"IAT_Std":0.009215962997173828,"IAT_Max":0.03967401049521868,"IAT_Min":0.00017600105638848618,"received_addresses":15,"max_pkt_from_sameId":33,"has_attacker":1}
{"received packets":319,"IAT_Mean":0.006222276289975248,"IAT_Std":0.008983788074548097,"IAT_Max":0.05188291559534264,"IAT_Min":0.0001630005062907003,"received_addresses":17,"max_pkt_from_sameId":29,"has_attacker":1}
{"received packets":412,"IAT_Mean":0.004817734507252804,"IAT_Std":0.005393285983537784,"IAT_Max":0.0219722935835307,"IAT_Min":0.00016300050265272148,"received_addresses":18,"max_pkt_from_sameId":72,"has_attacker":1}
{"received packets":245,"IAT_Mean":0.008123964992291247,"IAT_Std":0.008329101222794879,"IAT_Max":0.03187942762087914,"IAT_Min":0.0002690814362722449,"received_addresses":14,"max_pkt_from_sameId":20,"has_attacker":1}
{"received packets":241,"IAT_Mean":0.008259115460049434,"IAT_Std":0.011198254010756645,"IAT_Max":0.05210817782062804,"IAT_Min":0.00016305400640703738,"received_addresses":15,"max_pkt_from_sameId":23,"has_attacker":1}
{"received packets":285,"IAT_Mean":0.006984111408382887,"IAT_Std":0.009400722029934698,"IAT_Max":0.04000152857770445,"IAT_Min":0.00016317053814418614,"received_addresses":15,"max_pkt_from_sameId":49,"has_attacker":1}
{"received packets":333,"IAT_Mean":0.005977360786291628,"IAT_Std":0.005380523073405719,"IAT_Max":0.02574476198424236,"IAT_Min":0.00016301430150633678,"received_addresses":15,"max_pkt_from_sameId":84,"has_attacker":1}
{"received packets":288,"IAT_Mean":0.00692890806366601,"IAT_Std":0.007044968879003227,"IAT_Max":0.034576056415971837,"IAT_Min":0.0001630182596272789,"received_addresses":14,"max_pkt_from_sameId":58,"has_attacker":1}
{"received packets":111,"IAT_Mean":0.01797774262449165,"IAT_Std":0.026051548711599597,"IAT_Max":0.07309350125433412,"IAT_Min":0.0001088116187020205,"received_addresses":7,"max_pkt_from_sameId":20,"has_attacker":1}
{"received packets":88,"IAT_Mean":0.02267653072414594,"IAT_Std":0.023250163474839708,"IAT_Max":0.07309703835562687,"IAT_Min":0.0009950628409569618,"received_addresses":5,"max_pkt_from_sameId":20,"has_attacker":0}
{"received packets":121,"IAT_Mean":0.01649194254131852,"IAT_Std":0.01900636434905558,"IAT_Max":0.0730969657706737,"IAT_Min":0.001008101287879981,"received_addresses":5,"max_pkt_from_sameId":51,"has_attacker":1}
{"received packets":50,"IAT_Mean":0.039910524681254177,"IAT_Std":0.027385858202412865,"IAT_Max":0.07309705917577958,"IAT_Min":0.011614272640144918,"received_addresses":3,"max_pkt_from_sameId":20,"has_attacker":0}
{"received packets":20,"IAT_Mean":0.09843058527258109,"IAT_Std":0.006839191414720561,"IAT_Max":0.10000924262567423,"IAT_Min":0.0686192509419925,"received_addresses":1,"max_pkt_from_sameId":20,"has_attacker":0}
{"received packets":40,"IAT_Mean":0.04970024776703212,"IAT_Std":0.03036532839086805,"IAT_Max":0.08061824116157368,"IAT_Min":0.019384179078770104,"received_addresses":2,"max_pkt_from_sameId":20,"has_attacker":0}
{"received packets":20,"IAT_Mean":0.09843061339161068,"IAT_Std":0.006838764903377507,"IAT_Max":0.10000245119954343,"IAT_Min":0.06862112989620073,"received_addresses":1,"max_pkt_from_sameId":20,"has_attacker":0}
{"received packets":20,"IAT_Mean":0.09843110163801612,"IAT_Std":0.006838563472555805,"IAT_Max":0.10001111034216592,"IAT_Min":0.06862250541598769,"received_addresses":1,"max_pkt_from_sameId":20,"has_attacker":0}
