{"received packets":560,"IAT_Mean":0.003568782077913316,"IAT_Std":0.00310473386484558,"IAT_Max":0.010873952065594495,"IAT_Min":0.00016303560914820991,"received_addresses":28,"max_pkt_from_sameId":20,"has_attacker":0}
{"received packets":540,"IAT_Mean":0.0037009455200893205,"IAT_Std":0.003104021191931136,"IAT_Max":0.010866816592169926,"IAT_Min":0.00016303074517054483,"received_addresses":27,"max_pkt_from_sameId":20,"has_attacker":0}
{"received packets":550,"IAT_Mean":0.0036336591608348747,"IAT_Std":0.003107811092483591,"IAT_Max":0.01086671526718419,"IAT_Min":0.00016305903409374878,"received_addresses":29,"max_pkt_from_sameId":20,"has_attacker":0}
{"received packets":570,"IAT_Mean":0.0035061655576180529,"IAT_Std":0.003016710792058093,"IAT_Max":0.010868741406738991,"IAT_Min":0.00016300436982419342,"received_addresses":29,"max_pkt_from_sameId":20,"has_attacker":0}
{"received packets":590,"IAT_Mean":0.0033873081726211488,"IAT_Std":0.002890727872308046,"IAT_Max":0.010017389111453668,"IAT_Min":0.00016300017523462884,"received_addresses":30,"max_pkt_from_sameId":20,"has_attacker":0}
{"received packets":610,"IAT_Mean":0.003276255300156887,"IAT_Std":0.002902286233805703,"IAT_Max":0.010873322429688415,"IAT_Min":0.00016300180504913442,"received_addresses":31,"max_pkt_from_sameId":20,"has_attacker":0}
{"received packets":600,"IAT_Mean":0.0033308674929079038,"IAT_Std":0.002995071083544377,"IAT_Max":0.010867689095903188,"IAT_Min":0.0001630313381610904,"received_addresses":30,"max_pkt_from_sameId":20,"has_attacker":0}
{"received packets":1027,"IAT_Mean":0.001947356666970737,"IAT_Std":0.0021021190533888269,"IAT_Max":0.010866147797059967,"IAT_Min":0.00016300027709803544,"received_addresses":30,"max_pkt_from_sameId":108,"has_attacker":1}
{"received packets":1467,"IAT_Mean":0.0013632890220073278,"IAT_Std":0.0010878130472029653,"IAT_Max":0.004103335028048605,"IAT_Min":0.00016300018978654407,"received_addresses":29,"max_pkt_from_sameId":200,"has_attacker":1}
{"received packets":562,"IAT_Mean":0.0035560878869640149,"IAT_Std":0.003416310250138021,"IAT_Max":0.013802568690152839,"IAT_Min":0.00015651602370780893,"received_addresses":22,"max_pkt_from_sameId":117,"has_attacker":1}
{"received packets":468,"IAT_Mean":0.004270329981875712,"IAT_Std":0.004282321562152134,"IAT_Max":0.016570027466514149,"IAT_Min":0.00011442432878538966,"received_addresses":21,"max_pkt_from_sameId":86,"has_attacker":1}
{"received packets":372,"IAT_Mean":0.005372354767416098,"IAT_Std":0.004899256543279994,"IAT_Max":0.016577713937294904,"IAT_Min":0.00015458939742529765,"received_addresses":19,"max_pkt_from_sameId":67,"has_attacker":1}
{"received packets":262,"IAT_Mean":0.007627942278117091,"IAT_Std":0.00620605215191268,"IAT_Max":0.02036980402408517,"IAT_Min":0.00010910931814578362,"received_addresses":17,"max_pkt_from_sameId":20,"has_attacker":1}
{"received packets":342,"IAT_Mean":0.005843627661721385,"IAT_Std":0.005147119057657197,"IAT_Max":0.020373717507027324,"IAT_Min":0.0001630018923606258,"received_addresses":17,"max_pkt_from_sameId":76,"has_attacker":1}
{"received packets":390,"IAT_Mean":0.005116727483516279,"IAT_Std":0.0032996048933438308,"IAT_Max":0.013822575881931698,"IAT_Min":0.00011367765910108574,"received_addresses":14,"max_pkt_from_sameId":154,"has_attacker":1}
{"received packets":237,"IAT_Mean":0.008419967293986763,"IAT_Std":0.006408759336645427,"IAT_Max":0.026705571261118167,"IAT_Min":0.00010673774886527099,"received_addresses":14,"max_pkt_from_sameId":22,"has_attacker":1}
{"received packets":260,"IAT_Mean":0.0076750959754113309,"IAT_Std":0.005608733114679524,"IAT_Max":0.026711883569078056,"IAT_Min":0.0001630011756788008,"received_addresses":14,"max_pkt_from_sameId":56,"has_attacker":1}
{"received packets":354,"IAT_Mean":0.005637075156583464,"IAT_Std":0.003955966005225985,"IAT_Max":0.019995050206489397,"IAT_Min":0.00010811794345499948,"received_addresses":13,"max_pkt_from_sameId":134,"has_attacker":1}
{"received packets":442,"IAT_Mean":0.0045147773440369159,"IAT_Std":0.003302288908528959,"IAT_Max":0.011968775510467822,"IAT_Min":0.00010777586066978984,"received_addresses":15,"max_pkt_from_sameId":198,"has_attacker":1}
{"received packets":326,"IAT_Mean":0.006121241084695562,"IAT_Std":0.005503137540303771,"IAT_Max":0.026710597514465918,"IAT_Min":0.00011462263864814304,"received_addresses":13,"max_pkt_from_sameId":110,"has_attacker":1}
{"received packets":280,"IAT_Mean":0.007126869742751296,"IAT_Std":0.006706663282377168,"IAT_Max":0.024740251290495509,"IAT_Min":0.00016300134302582592,"received_addresses":15,"max_pkt_from_sameId":20,"has_attacker":1}
{"received packets":253,"IAT_Mean":0.007887478630767543,"IAT_Std":0.006799323750690224,"IAT_Max":0.026704425035859459,"IAT_Min":0.0001630007682251744,"received_addresses":15,"max_pkt_from_sameId":20,"has_attacker":1}
{"received packets":397,"IAT_Mean":0.005026533833955754,"IAT_Std":0.005178200655766308,"IAT_Max":0.026704333195084474,"IAT_Min":0.00015741142487968318,"received_addresses":19,"max_pkt_from_sameId":85,"has_attacker":1}
{"received packets":434,"IAT_Mean":0.004586254643567171,"IAT_Std":0.004211073770861072,"IAT_Max":0.020166552585578758,"IAT_Min":0.00016306948964484036,"received_addresses":16,"max_pkt_from_sameId":116,"has_attacker":1}
{"received packets":120,"IAT_Mean":0.016496618137959257,"IAT_Std":0.013581821553742557,"IAT_Max":0.042658462280087409,"IAT_Min":0.00010521446529310197,"received_addresses":10,"max_pkt_from_sameId":20,"has_attacker":1}
{"received packets":211,"IAT_Mean":0.00943256495911857,"IAT_Std":0.011923890972071732,"IAT_Max":0.045884311741247078,"IAT_Min":0.00015979493036866188,"received_addresses":8,"max_pkt_from_sameId":99,"has_attacker":1}
{"received packets":280,"IAT_Mean":0.007107523645442727,"IAT_Std":0.003628382214991247,"IAT_Max":0.010168559518206166,"IAT_Min":0.00011405983241274953,"received_addresses":6,"max_pkt_from_sameId":190,"has_attacker":1}
{"received packets":236,"IAT_Mean":0.0084237675825642,"IAT_Std":0.006542737210637378,"IAT_Max":0.034225186180265158,"IAT_Min":0.00011268883099546656,"received_addresses":9,"max_pkt_from_sameId":105,"has_attacker":1}
{"received packets":199,"IAT_Mean":0.009990005322440847,"IAT_Std":0.00884688865924041,"IAT_Max":0.03949133790229098,"IAT_Min":0.00016300145580316894,"received_addresses":8,"max_pkt_from_sameId":74,"has_attacker":1}
{"received packets":80,"IAT_Mean":0.02474484765998568,"IAT_Std":0.014444075159988746,"IAT_Max":0.039483158117946007,"IAT_Min":0.00219113361890777,"received_addresses":4,"max_pkt_from_sameId":20,"has_attacker":0}
{"received packets":90,"IAT_Mean":0.021995475349427176,"IAT_Std":0.014155388913517114,"IAT_Max":0.03949002650915645,"IAT_Min":0.0021780006718472579,"received_addresses":5,"max_pkt_from_sameId":20,"has_attacker":0}
{"received packets":176,"IAT_Mean":0.011307460033136026,"IAT_Std":0.009635004013906332,"IAT_Max":0.039481781128415608,"IAT_Min":0.0005140003886481281,"received_addresses":5,"max_pkt_from_sameId":106,"has_attacker":1}
{"received packets":260,"IAT_Mean":0.007654283110521367,"IAT_Std":0.003326115851855249,"IAT_Max":0.010011153954110342,"IAT_Min":0.00011696583169396035,"received_addresses":4,"max_pkt_from_sameId":200,"has_attacker":1}
