{"received packets":560,"IAT_Mean":0.0035687820939853869,"IAT_Std":0.0030451062702774769,"IAT_Max":0.01087391173132346,"IAT_Min":0.0001630120095796883,"received_addresses":28,"max_pkt_from_sameId":20,"has_attacker":0}
{"received packets":530,"IAT_Mean":0.003770774612630188,"IAT_Std":0.0030789392561545298,"IAT_Max":0.011642107503575972,"IAT_Min":0.0001630000042496249,"received_addresses":27,"max_pkt_from_sameId":20,"has_attacker":0}
{"received packets":510,"IAT_Mean":0.003918651915463509,"IAT_Std":0.003241916227317183,"IAT_Max":0.011642056677374058,"IAT_Min":0.0001630000006116461,"received_addresses":28,"max_pkt_from_sameId":20,"has_attacker":0}
{"received packets":540,"IAT_Mean":0.0037009526531147898,"IAT_Std":0.003015500608495962,"IAT_Max":0.01001745591929648,"IAT_Min":0.00016300004426739179,"received_addresses":27,"max_pkt_from_sameId":20,"has_attacker":0}
{"received packets":550,"IAT_Mean":0.003633658314151531,"IAT_Std":0.0032802902145994676,"IAT_Max":0.011519128591316985,"IAT_Min":0.00016300016432069242,"received_addresses":28,"max_pkt_from_sameId":20,"has_attacker":0}
{"received packets":560,"IAT_Mean":0.0035687788022707017,"IAT_Std":0.003325338112980078,"IAT_Max":0.01151928145554848,"IAT_Min":0.00016300019706250168,"received_addresses":28,"max_pkt_from_sameId":20,"has_attacker":0}
{"received packets":560,"IAT_Mean":0.0035687874791619836,"IAT_Std":0.003324953673815741,"IAT_Max":0.011519440904521617,"IAT_Min":0.00016300024799420498,"received_addresses":28,"max_pkt_from_sameId":20,"has_attacker":0}
{"received packets":1027,"IAT_Mean":0.0019473572359690428,"IAT_Std":0.0024180395857585485,"IAT_Max":0.011519524752657162,"IAT_Min":0.00016300029892590828,"received_addresses":30,"max_pkt_from_sameId":108,"has_attacker":1}
{"received packets":1454,"IAT_Mean":0.0013754784462337476,"IAT_Std":0.0015839853259038985,"IAT_Max":0.00681344199256273,"IAT_Min":0.00016300048082484864,"received_addresses":29,"max_pkt_from_sameId":200,"has_attacker":1}
{"received packets":634,"IAT_Mean":0.003152243037487438,"IAT_Std":0.0036823389290624008,"IAT_Max":0.019833641315926799,"IAT_Min":0.00015488684221054427,"received_addresses":23,"max_pkt_from_sameId":123,"has_attacker":1}
{"received packets":568,"IAT_Mean":0.0035185125447190935,"IAT_Std":0.003769585429928118,"IAT_Max":0.0218492453059298,"IAT_Min":0.00015196417007246055,"received_addresses":22,"max_pkt_from_sameId":98,"has_attacker":1}
{"received packets":485,"IAT_Mean":0.004120652922259622,"IAT_Std":0.004152443924992734,"IAT_Max":0.02168648538645357,"IAT_Min":0.0001559209413244389,"received_addresses":19,"max_pkt_from_sameId":157,"has_attacker":1}
{"received packets":321,"IAT_Mean":0.006225923895769237,"IAT_Std":0.006576587661076676,"IAT_Max":0.03221292320813518,"IAT_Min":0.00016300561037496664,"received_addresses":16,"max_pkt_from_sameId":72,"has_attacker":1}
{"received packets":375,"IAT_Mean":0.005329390276921913,"IAT_Std":0.005376448772908025,"IAT_Max":0.032212901267484998,"IAT_Min":0.00015488124699913897,"received_addresses":20,"max_pkt_from_sameId":39,"has_attacker":1}
{"received packets":392,"IAT_Mean":0.005090623491868223,"IAT_Std":0.005657540869484892,"IAT_Max":0.03184745721591753,"IAT_Min":0.00011090355110354722,"received_addresses":15,"max_pkt_from_sameId":70,"has_attacker":1}
{"received packets":421,"IAT_Mean":0.004739983225988048,"IAT_Std":0.0038162370915217067,"IAT_Max":0.021681855778297178,"IAT_Min":0.00016300038987537846,"received_addresses":17,"max_pkt_from_sameId":179,"has_attacker":1}
{"received packets":347,"IAT_Mean":0.00575079435520951,"IAT_Std":0.005260266601344079,"IAT_Max":0.030002366547705607,"IAT_Min":0.00011593814997468144,"received_addresses":15,"max_pkt_from_sameId":95,"has_attacker":1}
{"received packets":292,"IAT_Mean":0.00683399071213861,"IAT_Std":0.006214946241739381,"IAT_Max":0.030002273284480908,"IAT_Min":0.00016300561037496664,"received_addresses":14,"max_pkt_from_sameId":64,"has_attacker":1}
{"received packets":454,"IAT_Mean":0.004395445459418136,"IAT_Std":0.006104124717855066,"IAT_Max":0.039836599466070769,"IAT_Min":0.0001630010810913518,"received_addresses":17,"max_pkt_from_sameId":92,"has_attacker":1}
{"received packets":419,"IAT_Mean":0.004750300634621536,"IAT_Std":0.005880182810369165,"IAT_Max":0.039836599527916408,"IAT_Min":0.00010700811617425643,"received_addresses":18,"max_pkt_from_sameId":80,"has_attacker":1}
{"received packets":407,"IAT_Mean":0.004890348069073463,"IAT_Std":0.004622992833867256,"IAT_Max":0.020171452160866467,"IAT_Min":0.0001630536644370295,"received_addresses":14,"max_pkt_from_sameId":164,"has_attacker":1}
{"received packets":260,"IAT_Mean":0.007655557134827317,"IAT_Std":0.009480534925741193,"IAT_Max":0.03967417969033704,"IAT_Min":0.00011569596972549334,"received_addresses":14,"max_pkt_from_sameId":33,"has_attacker":1}
{"received packets":359,"IAT_Mean":0.005544379087089442,"IAT_Std":0.007521130214140465,"IAT_Max":0.039674179683061087,"IAT_Min":0.00016215686264331453,"received_addresses":18,"max_pkt_from_sameId":56,"has_attacker":1}
{"received packets":489,"IAT_Mean":0.004070416842028427,"IAT_Std":0.0044393638277273289,"IAT_Max":0.019670415935252096,"IAT_Min":0.00011112412175862119,"received_addresses":17,"max_pkt_from_sameId":114,"has_attacker":1}
{"received packets":379,"IAT_Mean":0.005251639322187299,"IAT_Std":0.004029722162491358,"IAT_Max":0.0219651350271306,"IAT_Min":0.00011286761582596228,"received_addresses":14,"max_pkt_from_sameId":165,"has_attacker":1}
{"received packets":309,"IAT_Mean":0.006441575141649895,"IAT_Std":0.007483781074584878,"IAT_Max":0.04980197776603745,"IAT_Min":0.00011533496217452921,"received_addresses":15,"max_pkt_from_sameId":89,"has_attacker":1}
{"received packets":281,"IAT_Mean":0.007083529090192198,"IAT_Std":0.010755814550658159,"IAT_Max":0.05204537301688106,"IAT_Min":0.00016300560673698783,"received_addresses":14,"max_pkt_from_sameId":39,"has_attacker":1}
{"received packets":379,"IAT_Mean":0.005251876156469826,"IAT_Std":0.005751872214963989,"IAT_Max":0.032373479385569229,"IAT_Min":0.00016300458446494304,"received_addresses":16,"max_pkt_from_sameId":100,"has_attacker":1}
{"received packets":426,"IAT_Mean":0.004672230082669472,"IAT_Std":0.004881343583476161,"IAT_Max":0.03237347961112391,"IAT_Min":0.000114095164462924,"received_addresses":19,"max_pkt_from_sameId":86,"has_attacker":1}
{"received packets":480,"IAT_Mean":0.004146612886165713,"IAT_Std":0.0035438069385926565,"IAT_Max":0.012208021165861283,"IAT_Min":0.00010867879245779477,"received_addresses":18,"max_pkt_from_sameId":180,"has_attacker":1}
{"received packets":362,"IAT_Mean":0.005512526805809434,"IAT_Std":0.004215726448257356,"IAT_Max":0.017129067586211023,"IAT_Min":0.00011266703950241208,"received_addresses":17,"max_pkt_from_sameId":87,"has_attacker":1}
{"received packets":429,"IAT_Mean":0.004651573052307447,"IAT_Std":0.0033894874667273284,"IAT_Max":0.012368622574285837,"IAT_Min":0.00016300002607749775,"received_addresses":19,"max_pkt_from_sameId":57,"has_attacker":1}
{"received packets":473,"IAT_Mean":0.004218870871083197,"IAT_Std":0.0033062744647467787,"IAT_Max":0.012371490549412556,"IAT_Min":0.00010785538688651286,"received_addresses":18,"max_pkt_from_sameId":111,"has_attacker":1}
{"received packets":420,"IAT_Mean":0.0047512714095362409,"IAT_Std":0.0031902859261725734,"IAT_Max":0.01220813312465907,"IAT_Min":0.00010892809223150834,"received_addresses":17,"max_pkt_from_sameId":155,"has_attacker":1}
{"received packets":393,"IAT_Mean":0.005077670664771943,"IAT_Std":0.0033014587821279756,"IAT_Max":0.012371134554996388,"IAT_Min":0.00011703155541908927,"received_addresses":15,"max_pkt_from_sameId":85,"has_attacker":1}
{"received packets":363,"IAT_Mean":0.005497314032825761,"IAT_Std":0.0034357931015763225,"IAT_Max":0.013873720879928442,"IAT_Min":0.00017600560749997385,"received_addresses":15,"max_pkt_from_sameId":102,"has_attacker":1}
{"received packets":434,"IAT_Mean":0.004597991425067901,"IAT_Std":0.004253007445453156,"IAT_Max":0.02221224807362887,