{"received packets":80,"IAT_Mean":0.02493226096280523,"IAT_Std":0.006146397801079842,"IAT_Max":0.0319955199083779,"IAT_Min":0.014996617999713635,"received_addresses":4,"max_pkt_from_sameId":20,"has_attacker":0}
{"received packets":100,"IAT_Mean":0.01994572626252193,"IAT_Std":0.006469215731210867,"IAT_Max":0.026588597018417205,"IAT_Min":0.010197674459050177,"received_addresses":5,"max_pkt_from_sameId":20,"has_attacker":0}
{"received packets":219,"IAT_Mean":0.00910765204238296,"IAT_Std":0.00464138044942732,"IAT_Max":0.020957214717782337,"IAT_Min":0.002598600523924688,"received_addresses":12,"max_pkt_from_sameId":20,"has_attacker":0}
{"received packets":218,"IAT_Mean":0.009149446188964307,"IAT_Std":0.006006056440780694,"IAT_Max":0.026579202738503228,"IAT_Min":0.002606999874842586,"received_addresses":12,"max_pkt_from_sameId":20,"has_attacker":0}
{"received packets":200,"IAT_Mean":0.009972892756668444,"IAT_Std":0.007734374703985373,"IAT_Max":0.026579208963084967,"IAT_Min":0.0025939999395632187,"received_addresses":10,"max_pkt_from_sameId":20,"has_attacker":0}
{"received packets":210,"IAT_Mean":0.009503955875334213,"IAT_Std":0.00866999733207709,"IAT_Max":0.026579211866192055,"IAT_Min":0.0012031794321956114,"received_addresses":11,"max_pkt_from_sameId":20,"has_attacker":0}
{"received packets":220,"IAT_Mean":0.009071922212768352,"IAT_Std":0.008648713560806095,"IAT_Max":0.02657921212448855,"IAT_Min":0.0012031911574013066,"received_addresses":11,"max_pkt_from_sameId":20,"has_attacker":0}
{"received packets":226,"IAT_Mean":0.008831085559429882,"IAT_Std":0.008372810309437174,"IAT_Max":0.03278000132922898,"IAT_Min":0.00016301736468449235,"received_addresses":11,"max_pkt_from_sameId":24,"has_attacker":1}
{"received packets":718,"IAT_Mean":0.002784710216532464,"IAT_Std":0.0029064086030092305,"IAT_Max":0.02588141042360803,"IAT_Min":0.00010844261487363838,"received_addresses":11,"max_pkt_from_sameId":269,"has_attacker":1}
{"received packets":498,"IAT_Mean":0.0040076971739010668,"IAT_Std":0.0032676961708959517,"IAT_Max":0.023780757015629207,"IAT_Min":0.00015739207083242945,"received_addresses":11,"max_pkt_from_sameId":259,"has_attacker":1}
{"received packets":619,"IAT_Mean":0.0032306431298240454,"IAT_Std":0.002786318260029755,"IAT_Max":0.02130100000067614,"IAT_Min":0.00013868039604858495,"received_addresses":12,"max_pkt_from_sameId":213,"has_attacker":1}
{"received packets":542,"IAT_Mean":0.003688965543761022,"IAT_Std":0.0052862135288953208,"IAT_Max":0.03398652250689338,"IAT_Min":0.0001123717738664709,"received_addresses":14,"max_pkt_from_sameId":119,"has_attacker":1}
{"received packets":570,"IAT_Mean":0.0035052848289253014,"IAT_Std":0.002886880083596535,"IAT_Max":0.021466549951583148,"IAT_Min":0.00011536115562194027,"received_addresses":15,"max_pkt_from_sameId":279,"has_attacker":1}
{"received packets":617,"IAT_Mean":0.0032381408081557986,"IAT_Std":0.003595738730219918,"IAT_Max":0.024087900354061277,"IAT_Min":0.00011268990056123585,"received_addresses":15,"max_pkt_from_sameId":197,"has_attacker":1}
{"received packets":508,"IAT_Mean":0.003932587543447622,"IAT_Std":0.003423310585797566,"IAT_Max":0.02149883279344067,"IAT_Min":0.00011091461055912077,"received_addresses":15,"max_pkt_from_sameId":249,"has_attacker":1}
{"received packets":570,"IAT_Mean":0.0035048316757558754,"IAT_Std":0.003657619945375733,"IAT_Max":0.033977112881984797,"IAT_Min":0.00013821096217725426,"received_addresses":15,"max_pkt_from_sameId":217,"has_attacker":1}
{"received packets":389,"IAT_Mean":0.005135633153801247,"IAT_Std":0.005417888043439813,"IAT_Max":0.031257976337656149,"IAT_Min":0.00011408031787141226,"received_addresses":15,"max_pkt_from_sameId":135,"has_attacker":1}
{"received packets":613,"IAT_Mean":0.003260084878587104,"IAT_Std":0.0029459219624699609,"IAT_Max":0.024085035980533577,"IAT_Min":0.0001384159259032458,"received_addresses":13,"max_pkt_from_sameId":174,"has_attacker":1}
{"received packets":371,"IAT_Mean":0.005384793086901148,"IAT_Std":0.006260392005633027,"IAT_Max":0.03398168125204393,"IAT_Min":0.00011059470489271916,"received_addresses":16,"max_pkt_from_sameId":80,"has_attacker":1}
{"received packets":605,"IAT_Mean":0.0033020772842831298,"IAT_Std":0.002836705514577737,"IAT_Max":0.024085035980533577,"IAT_Min":0.00010526038386160508,"received_addresses":15,"max_pkt_from_sameId":270,"has_attacker":1}
{"received packets":523,"IAT_Mean":0.0038198042076871684,"IAT_Std":0.005105277132043246,"IAT_Max":0.03398629827279365,"IAT_Min":0.00011702178017003462,"received_addresses":17,"max_pkt_from_sameId":162,"has_attacker":1}
{"received packets":595,"IAT_Mean":0.003360369631459549,"IAT_Std":0.0032398328002873099,"IAT_Max":0.030697326896188316,"IAT_Min":0.00011762576104956679,"received_addresses":18,"max_pkt_from_sameId":288,"has_attacker":1}
{"received packets":586,"IAT_Mean":0.0034091315210761929,"IAT_Std":0.004265592029192681,"IAT_Max":0.03398629826915567,"IAT_Min":0.0001256737668882124,"received_addresses":18,"max_pkt_from_sameId":221,"has_attacker":1}
{"received packets":449,"IAT_Mean":0.004453449593314394,"IAT_Std":0.005071833865332075,"IAT_Max":0.03398629826551769,"IAT_Min":0.00011109649130958132,"received_addresses":17,"max_pkt_from_sameId":175,"has_attacker":1}
{"received packets":663,"IAT_Mean":0.0030132004890912587,"IAT_Std":0.0028657429985403757,"IAT_Max":0.021456999998918037,"IAT_Min":0.00011560602797544561,"received_addresses":16,"max_pkt_from_sameId":207,"has_attacker":1}
{"received packets":386,"IAT_Mean":0.005176211976900261,"IAT_Std":0.006123909991714716,"IAT_Max":0.033978135525103429,"IAT_Min":0.00011218906001886353,"received_addresses":18,"max_pkt_from_sameId":59,"has_attacker":1}
{"received packets":648,"IAT_Mean":0.0030829633867513084,"IAT_Std":0.002726882459132126,"IAT_Max":0.02641900056914892,"IAT_Min":0.00013619274250231683,"received_addresses":16,"max_pkt_from_sameId":251,"has_attacker":1}
{"received packets":473,"IAT_Mean":0.004223587437985459,"IAT_Std":0.0052572875371234019,"IAT_Max":0.033977086466620679,"IAT_Min":0.0001075394065992441,"received_addresses":18,"max_pkt_from_sameId":149,"has_attacker":1}
{"received packets":601,"IAT_Mean":0.0033240580726392645,"IAT_Std":0.0030525380203201117,"IAT_Max":0.024807275705825306,"IAT_Min":0.00011688331142067909,"received_addresses":18,"max_pkt_from_sameId":284,"has_attacker":1}
{"received packets":582,"IAT_Mean":0.0034325645147495556,"IAT_Std":0.004058580244941644,"IAT_Max":0.03398660140737775,"IAT_Min":0.00010616644431138411,"received_addresses":17,"max_pkt_from_sameId":232,"has_attacker":1}
{"received packets":496,"IAT_Mean":0.004029105470540491,"IAT_Std":0.004328811392866883,"IAT_Max":0.033986348997132157,"IAT_Min":0.00010687542817322537,"received_addresses":18,"max_pkt_from_sameId":213,"has_attacker":1}
{"received packets":622,"IAT_Mean":0.003211822816051155,"IAT_Std":0.00289603026327878,"IAT_Max":0.016598615922703176,"IAT_Min":0.00016301706273225136,"received_addresses":15,"max_pkt_from_sameId":226,"has_attacker":1}
{"received packets":366,"IAT_Mean":0.0054583611299229418,"IAT_Std":0.0052334964346279649,"IAT_Max":0.024828521767631174,"IAT_Min":0.00011381672811694443,"received_addresses":16,"max_pkt_from_sameId":97,"has_attacker":1}
{"received packets":631,"IAT_Mean":0.00316895356116828,"IAT_Std":0.002639527074013679,"IAT_Max":0.016608000001724578,"IAT_Min":0.0001630000006116461,"received_addresses":15,"max_pkt_from_sameId":212,"has_attacker":1}
{"received packets":416,"IAT_Mean":0.004806312083264157,"IAT_Std":0.0050091247713541279,"IAT_Max":0.02482481981132878,"IAT_Min":0.00011101474592578597,"received_addresses":17,"max_pkt_from_sameId":108,"has_attacker":1}
{"received packets":582,"IAT_Mean":0.0034330139692038254,"IAT_Std":0.002863690485388593,"IAT_Max":0.016611154678685126,"IAT_Min":0.0001088630706362892,"received_addresses":15,"max_pkt_from_sameId":277,"has_attacker":1}
{"received packets":519,"IAT_Mean":0.003849893091304525,"IAT_Std":0.004185565327163595,"IAT_Max":0.024822266921546544,