{"received packets":540,"IAT_Mean":0.003700949413164549,"IAT_Std":0.0037107441754308226,"IAT_Max":0.016355427043890815,"IAT_Min":0.00016300120842061006,"received_addresses":27,"max_pkt_from_sameId":20,"has_attacker":0}
{"received packets":540,"IAT_Mean":0.0037009646532708388,"IAT_Std":0.0037107391570087436,"IAT_Max":0.016352156868379099,"IAT_Min":0.00016300141578540206,"received_addresses":27,"max_pkt_from_sameId":20,"has_attacker":0}
{"received packets":560,"IAT_Mean":0.0035687901678621918,"IAT_Std":0.003322844724320934,"IAT_Max":0.016355822699551937,"IAT_Min":0.0001630057959118858,"received_addresses":29,"max_pkt_from_sameId":20,"has_attacker":0}
{"received packets":580,"IAT_Mean":0.003445719061741768,"IAT_Std":0.0029104390802422756,"IAT_Max":0.013124004639394116,"IAT_Min":0.00016307031910400838,"received_addresses":29,"max_pkt_from_sameId":20,"has_attacker":0}
{"received packets":590,"IAT_Mean":0.003387308283265033,"IAT_Std":0.002836355773221325,"IAT_Max":0.01312400542155956,"IAT_Min":0.00016334245810867287,"received_addresses":30,"max_pkt_from_sameId":20,"has_attacker":0}
{"received packets":610,"IAT_Mean":0.003276256665192138,"IAT_Std":0.0027609252631434816,"IAT_Max":0.013124017328664195,"IAT_Min":0.0001636731503822375,"received_addresses":31,"max_pkt_from_sameId":20,"has_attacker":0}
{"received packets":610,"IAT_Mean":0.0032762591844507145,"IAT_Std":0.002800626397486853,"IAT_Max":0.013124286590027623,"IAT_Min":0.00016401795801357366,"received_addresses":31,"max_pkt_from_sameId":20,"has_attacker":0}
{"received packets":620,"IAT_Mean":0.0032234202925117705,"IAT_Std":0.0028393403792166,"IAT_Max":0.013124667020747438,"IAT_Min":0.0001087705823010765,"received_addresses":30,"max_pkt_from_sameId":24,"has_attacker":1}
{"received packets":2116,"IAT_Mean":0.0009449820400699613,"IAT_Std":0.0011612327192140704,"IAT_Max":0.010628368694597157,"IAT_Min":0.00012148920359322801,"received_addresses":29,"max_pkt_from_sameId":268,"has_attacker":1}
{"received packets":683,"IAT_Mean":0.002926084174746719,"IAT_Std":0.0035539708009900965,"IAT_Max":0.0256461169301474,"IAT_Min":0.0001350028469460085,"received_addresses":25,"max_pkt_from_sameId":186,"has_attacker":1}
{"received packets":581,"IAT_Mean":0.003441660788760846,"IAT_Std":0.00442335361573171,"IAT_Max":0.032673158009856709,"IAT_Min":0.0001542762947792653,"received_addresses":26,"max_pkt_from_sameId":156,"has_attacker":1}
{"received packets":677,"IAT_Mean":0.0029528806138938627,"IAT_Std":0.0036959940173938224,"IAT_Max":0.03266609732963843,"IAT_Min":0.00011865120177390054,"received_addresses":22,"max_pkt_from_sameId":133,"has_attacker":1}
{"received packets":420,"IAT_Mean":0.004756567766205643,"IAT_Std":0.004582566043313606,"IAT_Max":0.024807080091704849,"IAT_Min":0.00011525571244419552,"received_addresses":23,"max_pkt_from_sameId":54,"has_attacker":1}
{"received packets":725,"IAT_Mean":0.002755769297921155,"IAT_Std":0.0026221391025646916,"IAT_Max":0.02394298664512462,"IAT_Min":0.00012352949852356687,"received_addresses":22,"max_pkt_from_sameId":207,"has_attacker":1}
{"received packets":425,"IAT_Mean":0.004700599030124175,"IAT_Std":0.004697596818505635,"IAT_Max":0.024827253608236789,"IAT_Min":0.00011078103489126079,"received_addresses":20,"max_pkt_from_sameId":96,"has_attacker":1}
{"received packets":679,"IAT_Mean":0.0029422005461767644,"IAT_Std":0.0032493603099557585,"IAT_Max":0.02480708008806687,"IAT_Min":0.0001099656437872909,"received_addresses":20,"max_pkt_from_sameId":233,"has_attacker":1}
{"received packets":502,"IAT_Mean":0.0039796044073742218,"IAT_Std":0.0040140723816879269,"IAT_Max":0.024834801246470307,"IAT_Min":0.00016050094927777536,"received_addresses":19,"max_pkt_from_sameId":183,"has_attacker":1}
{"received packets":603,"IAT_Mean":0.003314420307774217,"IAT_Std":0.003908518687441796,"IAT_Max":0.024821711362164934,"IAT_Min":0.00010845105498447083,"received_addresses":19,"max_pkt_from_sameId":173,"has_attacker":1}
{"received packets":620,"IAT_Mean":0.0032221908885760295,"IAT_Std":0.0031281745322444159,"IAT_Max":0.024826430697430625,"IAT_Min":0.00011375929534551688,"received_addresses":20,"max_pkt_from_sameId":199,"has_attacker":1}
{"received packets":457,"IAT_Mean":0.004371459239966013,"IAT_Std":0.005208856831798592,"IAT_Max":0.030534158009686509,"IAT_Min":0.00011816068581538275,"received_addresses":20,"max_pkt_from_sameId":84,"has_attacker":1}
{"received packets":726,"IAT_Mean":0.002751732391593941,"IAT_Std":0.002642752057433126,"IAT_Max":0.01660808038286632,"IAT_Min":0.00011061578697990626,"received_addresses":20,"max_pkt_from_sameId":175,"has_attacker":1}
{"received packets":440,"IAT_Mean":0.004540368230126743,"IAT_Std":0.005900011958176455,"IAT_Max":0.03398615801052074,"IAT_Min":0.00011719315079972148,"received_addresses":20,"max_pkt_from_sameId":88,"has_attacker":1}
{"received packets":726,"IAT_Mean":0.00275172339810444,"IAT_Std":0.0029100836167931605,"IAT_Max":0.02130100000067614,"IAT_Min":0.00010884905714192428,"received_addresses":22,"max_pkt_from_sameId":212,"has_attacker":1}
{"received packets":506,"IAT_Mean":0.0039481397594543009,"IAT_Std":0.004879817593638672,"IAT_Max":0.03399015801551286,"IAT_Min":0.0001574507768964395,"received_addresses":21,"max_pkt_from_sameId":160,"has_attacker":1}
{"received packets":633,"IAT_Mean":0.0031560063822185094,"IAT_Std":0.003924637720405498,"IAT_Max":0.030547158010449495,"IAT_Min":0.00011276399163762107,"received_addresses":20,"max_pkt_from_sameId":200,"has_attacker":1}
{"received packets":566,"IAT_Mean":0.0035296177985359525,"IAT_Std":0.004037036856574971,"IAT_Max":0.03399014073511353,"IAT_Min":0.0001183029671665281,"received_addresses":20,"max_pkt_from_sameId":159,"has_attacker":1}
{"received packets":453,"IAT_Mean":0.004410067086736556,"IAT_Std":0.005298766788853393,"IAT_Max":0.03398613474564627,"IAT_Min":0.00010609476885292679,"received_addresses":20,"max_pkt_from_sameId":128,"has_attacker":1}
{"received packets":666,"IAT_Mean":0.002999635095861763,"IAT_Std":0.0025900231378438466,"IAT_Max":0.01660808038286632,"IAT_Min":0.00011526316302479245,"received_addresses":20,"max_pkt_from_sameId":183,"has_attacker":1}
{"received packets":426,"IAT_Mean":0.004689575158058709,"IAT_Std":0.0052373453934632329,"IAT_Max":0.03398482154443627,"IAT_Min":0.00011463266127975658,"received_addresses":21,"max_pkt_from_sameId":59,"has_attacker":1}
{"received packets":758,"IAT_Mean":0.0026371275749447478,"IAT_Std":0.0023534372678682016,"IAT_Max":0.014119010094873375,"IAT_Min":0.00016300016432069242,"received_addresses":24,"max_pkt_from_sameId":242,"has_attacker":1}
{"received packets":540,"IAT_Mean":0.0036995428968010755,"IAT_Std":0.0036410548005273385,"IAT_Max":0.014457040044362657,"IAT_Min":0.00010679016850190237,"received_addresses":23,"max_pkt_from_sameId":137,"has_attacker":1}
{"received packets":726,"IAT_Mean":0.002751727144987094,"IAT_Std":0.0026517919214508907,"IAT_Max":0.015693098179326627,"IAT_Min":0.00010720998398028314,"received_addresses":22,"max_pkt_from_sameId":265,"has_attacker":1}
{"received packets":558,"IAT_Mean":0.0035802155721008,"IAT_Std":0.003138842601696197,"IAT_Max":0.014451040042331443,"IAT_Min":0.00016300150309689343,"received_addresses":21,"max_pkt_from_sameId":185,"has_attacker":1}
{"received packets":560,"IAT_Mean":0.0035674228350541985,"IAT_Std":0.0033451038080617998,"IAT_Max":0.014458040044701193,"IAT_Min":0.00010732778173405677,"received_addresses":21,"max_pkt_from_sameId":153,"has_attacker":1}
{"received packets":661,"IAT_Mean":0.0030243473382076796,"IAT_Std":0.002502580418096361,"IAT_Max":0.01266328478595824,"IAT_Min":0.00011807243572548032,"received_addresses":21,"max_pkt_from_sameId":182,"has_attacker":1}
{"received packets":411,"IAT_Mean":0.004860730463768984,"IAT_Std":0.004065851278444775,"IAT_Max":0.015693499615736074,"IAT_Min":0.00010875761654460803,"received_addresses":19,"max_pkt_from_sameId":51,"has_attacker":1}
{"received packets":687,"IAT_Mean":0.0029084343215609257,"IAT_Std":0.0023947279950958138,"IAT_Max":0.012676284790359205,