{"received packets":240,"IAT_Mean":0.008324003119848081,"IAT_Std":0.008434163015587346,"IAT_Max":0.032189044322876728,"IAT_Min":0.00016301858340739273,"received_addresses":12,"max_pkt_from_sameId":20,"has_attacker":0}
