{"received packets":40,"IAT_Mean":0.04962289786599285,"IAT_Std":0.16131685297289473,"IAT_Max":1.046978472648334,"IAT_Min":0.0012550000174087473,"received_addresses":4,"max_pkt_from_sameId":10,"has_attacker":0}
{"received packets":90,"IAT_Mean":0.02205460569853636,"IAT_Std":0.01869913207173579,"IAT_Max":0.062066821665212049,"IAT_Min":0.0012550000428745989,"received_addresses":5,"max_pkt_from_sameId":20,"has_attacker":0}
{"received packets":100,"IAT_Mean":0.019849143438623288,"IAT_Std":0.013836447818198688,"IAT_Max":0.040842223697836747,"IAT_Min":0.001255000057426514,"received_addresses":5,"max_pkt_from_sameId":20,"has_attacker":0}
{"received packets":278,"IAT_Mean":0.007158659826057524,"IAT_Std":0.003875260480824487,"IAT_Max":0.0257477207123884,"IAT_Min":0.001255000701348763,"received_addresses":6,"max_pkt_from_sameId":178,"has_attacker":1}
{"received packets":193,"IAT_Mean":0.01028453812463519,"IAT_Std":0.009396127223621843,"IAT_Max":0.04083748000994092,"IAT_Min":0.00010795803245855495,"received_addresses":6,"max_pkt_from_sameId":93,"has_attacker":1}
{"received packets":110,"IAT_Mean":0.018044650511398108,"IAT_Std":0.013093888654034924,"IAT_Max":0.04083629164597369,"IAT_Min":0.0012550042483780999,"received_addresses":6,"max_pkt_from_sameId":20,"has_attacker":0}
{"received packets":100,"IAT_Mean":0.019849177989199233,"IAT_Std":0.013836998450403477,"IAT_Max":0.04083814877594705,"IAT_Min":0.0012550053725135513,"received_addresses":5,"max_pkt_from_sameId":20,"has_attacker":0}
{"received packets":187,"IAT_Mean":0.010642299986982757,"IAT_Std":0.009750735344339979,"IAT_Max":0.04083924400038086,"IAT_Min":0.0012550043902592734,"received_addresses":6,"max_pkt_from_sameId":87,"has_attacker":1}
{"received packets":280,"IAT_Mean":0.007107537778847472,"IAT_Std":0.003518217665111954,"IAT_Max":0.014375228431163123,"IAT_Min":0.00011219119551242329,"received_addresses":6,"max_pkt_from_sameId":180,"has_attacker":1}
{"received packets":104,"IAT_Mean":0.019085684569710376,"IAT_Std":0.013896322683243838,"IAT_Max":0.040847022017260318,"IAT_Min":0.00011393468594178557,"received_addresses":6,"max_pkt_from_sameId":20,"has_attacker":1}
{"received packets":105,"IAT_Mean":0.01890394607149314,"IAT_Std":0.013894249102871468,"IAT_Max":0.040847022017260318,"IAT_Min":0.001255002000107197,"received_addresses":6,"max_pkt_from_sameId":20,"has_attacker":0}
{"received packets":110,"IAT_Mean":0.018044666198792668,"IAT_Std":0.01388724399444451,"IAT_Max":0.04083048511529341,"IAT_Min":0.0012550084757094738,"received_addresses":6,"max_pkt_from_sameId":20,"has_attacker":0}
{"received packets":289,"IAT_Mean":0.006886757706461863,"IAT_Std":0.004434839283101903,"IAT_Max":0.025743766978848727,"IAT_Min":0.00016301884170388803,"received_addresses":7,"max_pkt_from_sameId":173,"has_attacker":1}
{"received packets":217,"IAT_Mean":0.009147050098585387,"IAT_Std":0.008579912618260669,"IAT_Max":0.04083402201649733,"IAT_Min":0.0001157802325906232,"received_addresses":7,"max_pkt_from_sameId":97,"has_attacker":1}
{"received packets":120,"IAT_Mean":0.01654095028749604,"IAT_Std":0.01323568807655835,"IAT_Max":0.040847022017260318,"IAT_Min":0.0012550087049021386,"received_addresses":7,"max_pkt_from_sameId":20,"has_attacker":0}
{"received packets":105,"IAT_Mean":0.01890396439963037,"IAT_Std":0.013814303670136169,"IAT_Max":0.04084421507650404,"IAT_Min":0.0012550087049021386,"received_addresses":6,"max_pkt_from_sameId":20,"has_attacker":0}
{"received packets":225,"IAT_Mean":0.008869003525728153,"IAT_Std":0.007263900231092862,"IAT_Max":0.030224729656765704,"IAT_Min":0.0012550087049021386,"received_addresses":7,"max_pkt_from_sameId":105,"has_attacker":1}
{"received packets":320,"IAT_Mean":0.00623602138592787,"IAT_Std":0.0027982130302204126,"IAT_Max":0.010167055846977746,"IAT_Min":0.00010879749243031256,"received_addresses":7,"max_pkt_from_sameId":200,"has_attacker":1}
{"received packets":145,"IAT_Mean":0.013762309226801556,"IAT_Std":0.01023014466284303,"IAT_Max":0.030219010182918283,"IAT_Min":0.00010984373147948645,"received_addresses":7,"max_pkt_from_sameId":25,"has_attacker":1}
{"received packets":140,"IAT_Mean":0.014253751868350914,"IAT_Std":0.010320287163747723,"IAT_Max":0.030224320507841186,"IAT_Min":0.0012550087049021386,"received_addresses":7,"max_pkt_from_sameId":20,"has_attacker":0}
{"received packets":140,"IAT_Mean":0.014253753579396289,"IAT_Std":0.010320942847358269,"IAT_Max":0.030227233830373735,"IAT_Min":0.0012550087049021386,"received_addresses":7,"max_pkt_from_sameId":20,"has_attacker":0}
{"received packets":315,"IAT_Mean":0.006335011439324941,"IAT_Std":0.0030970428239091008,"IAT_Max":0.025749742078915007,"IAT_Min":0.0012550087049021386,"received_addresses":7,"max_pkt_from_sameId":195,"has_attacker":1}
