{"received packets":60,"IAT_Mean":0.032896763374507528,"IAT_Std":0.03253944461562852,"IAT_Max":0.07850350197259104,"IAT_Min":0.0006960584614716936,"received_addresses":3,"max_pkt_from_sameId":20,"has_attacker":0}
{"received packets":248,"IAT_Mean":0.008056324303446848,"IAT_Std":0.010014032924394023,"IAT_Max":0.03972286621865351,"IAT_Min":0.00016162905376404524,"received_addresses":15,"max_pkt_from_sameId":20,"has_attacker":0}
{"received packets":232,"IAT_Mean":0.008620655484891955,"IAT_Std":0.011468191343416139,"IAT_Max":0.039735126978484917,"IAT_Min":0.0000034336444514337929,"received_addresses":13,"max_pkt_from_sameId":21,"has_attacker":0}
{"received packets":190,"IAT_Mean":0.010526311882303593,"IAT_Std":0.014523438016117658,"IAT_Max":0.046749394368816869,"IAT_Min":0.00016274717927444726,"received_addresses":10,"max_pkt_from_sameId":20,"has_attacker":0}
{"received packets":140,"IAT_Mean":0.014098601362379018,"IAT_Std":0.023842242361212158,"IAT_Max":0.07294217378512258,"IAT_Min":0.00022931528656044975,"received_addresses":7,"max_pkt_from_sameId":20,"has_attacker":0}
{"received packets":120,"IAT_Mean":0.016448339646437186,"IAT_Std":0.02512042370659941,"IAT_Max":0.07294982499297476,"IAT_Min":0.00022916785019333474,"received_addresses":6,"max_pkt_from_sameId":20,"has_attacker":0}
{"received packets":110,"IAT_Mean":0.01803554391897871,"IAT_Std":0.023626023164254139,"IAT_Max":0.07295040311510093,"IAT_Min":0.0002290182419528719,"received_addresses":6,"max_pkt_from_sameId":20,"has_attacker":0}
{"received packets":309,"IAT_Mean":0.006461960234352264,"IAT_Std":0.011065851822402049,"IAT_Max":0.06284618002246134,"IAT_Min":0.00016309505008393899,"received_addresses":7,"max_pkt_from_sameId":106,"has_attacker":1}
{"received packets":537,"IAT_Mean":0.00371832718682318,"IAT_Std":0.0025811913704308906,"IAT_Max":0.007305749772058334,"IAT_Min":0.00016305154349538498,"received_addresses":9,"max_pkt_from_sameId":200,"has_attacker":1}
{"received packets":372,"IAT_Mean":0.0053511002301073399,"IAT_Std":0.00420727366335588,"IAT_Max":0.019841156175971265,"IAT_Min":0.00013941474389866926,"received_addresses":7,"max_pkt_from_sameId":184,"has_attacker":1}
{"received packets":302,"IAT_Mean":0.006590924192319138,"IAT_Std":0.004066881884470558,"IAT_Max":0.019839000000501984,"IAT_Min":0.00010630503311404027,"received_addresses":6,"max_pkt_from_sameId":102,"has_attacker":1}
{"received packets":293,"IAT_Mean":0.006793399561595278,"IAT_Std":0.0034703621631089317,"IAT_Max":0.020004319932922955,"IAT_Min":0.00015892601732048206,"received_addresses":8,"max_pkt_from_sameId":177,"has_attacker":1}
{"received packets":216,"IAT_Mean":0.009215144211052743,"IAT_Std":0.005926794665308552,"IAT_Max":0.029846894158254146,"IAT_Min":0.00010608356024022214,"received_addresses":9,"max_pkt_from_sameId":90,"has_attacker":1}
{"received packets":322,"IAT_Mean":0.006181505677559245,"IAT_Std":0.00541727018473924,"IAT_Max":0.03670776158105582,"IAT_Min":0.00011116158202639781,"received_addresses":11,"max_pkt_from_sameId":107,"has_attacker":1}
{"received packets":404,"IAT_Mean":0.004926877154665106,"IAT_Std":0.004009370033815074,"IAT_Max":0.020003877172712238,"IAT_Min":0.00011084017023677006,"received_addresses":10,"max_pkt_from_sameId":185,"has_attacker":1}
{"received packets":236,"IAT_Mean":0.00843379694246539,"IAT_Std":0.006945825843043487,"IAT_Max":0.02017262525987462,"IAT_Min":0.0001630134356673807,"received_addresses":13,"max_pkt_from_sameId":22,"has_attacker":1}
{"received packets":255,"IAT_Mean":0.007805776332893669,"IAT_Std":0.006668264196326584,"IAT_Max":0.025484131612756756,"IAT_Min":0.00016302473522955552,"received_addresses":16,"max_pkt_from_sameId":29,"has_attacker":1}
{"received packets":225,"IAT_Mean":0.00884637243219509,"IAT_Std":0.0068807459214509799,"IAT_Max":0.025484079407760875,"IAT_Min":0.00016312247680616565,"received_addresses":11,"max_pkt_from_sameId":61,"has_attacker":1}
{"received packets":423,"IAT_Mean":0.00470590291428999,"IAT_Std":0.0038822372501257959,"IAT_Max":0.025477193979895675,"IAT_Min":0.00015574005010421388,"received_addresses":16,"max_pkt_from_sameId":178,"has_attacker":1}
{"received packets":332,"IAT_Mean":0.005995108552861532,"IAT_Std":0.005644463370095768,"IAT_Max":0.02974028850076138,"IAT_Min":0.00010694473530747928,"received_addresses":15,"max_pkt_from_sameId":104,"has_attacker":1}
{"received packets":270,"IAT_Mean":0.007371747176889416,"IAT_Std":0.007657944697687134,"IAT_Max":0.029752090908004904,"IAT_Min":0.00016303061056532897,"received_addresses":14,"max_pkt_from_sameId":20,"has_attacker":1}
{"received packets":260,"IAT_Mean":0.0076555574180719519,"IAT_Std":0.007654032720889997,"IAT_Max":0.029674074288777775,"IAT_Min":0.00017600026694708504,"received_addresses":14,"max_pkt_from_sameId":33,"has_attacker":1}
{"received packets":349,"IAT_Mean":0.005702318293054156,"IAT_Std":0.00601554564109215,"IAT_Max":0.029674074285139797,"IAT_Min":0.00015193058061413467,"received_addresses":15,"max_pkt_from_sameId":82,"has_attacker":1}
{"received packets":432,"IAT_Mean":0.004606735103657734,"IAT_Std":0.004039938659205607,"IAT_Max":0.01672979165232391,"IAT_Min":0.00011117790199932642,"received_addresses":15,"max_pkt_from_sameId":149,"has_attacker":1}
{"received packets":230,"IAT_Mean":0.008653788594576485,"IAT_Std":0.009062129404545578,"IAT_Max":0.03538788203513832,"IAT_Min":0.0001129213924286887,"received_addresses":13,"max_pkt_from_sameId":20,"has_attacker":1}
{"received packets":258,"IAT_Mean":0.0077149100383704619,"IAT_Std":0.008024623125969858,"IAT_Max":0.03538788203150034,"IAT_Min":0.00016303061420330778,"received_addresses":15,"max_pkt_from_sameId":41,"has_attacker":1}
{"received packets":275,"IAT_Mean":0.007238079041165872,"IAT_Std":0.00882942167933485,"IAT_Max":0.03531205483886879,"IAT_Min":0.00016312591105815955,"received_addresses":13,"max_pkt_from_sameId":59,"has_attacker":1}
{"received packets":348,"IAT_Mean":0.005719715875031774,"IAT_Std":0.005217695735040731,"IAT_Max":0.02574477817324805,"IAT_Min":0.0001630042606848292,"received_addresses":15,"max_pkt_from_sameId":111,"has_attacker":1}
{"received packets":366,"IAT_Mean":0.005452255830243074,"IAT_Std":0.005125612969785921,"IAT_Max":0.024398134493822,"IAT_Min":0.00016301279538311064,"received_addresses":18,"max_pkt_from_sameId":76,"has_attacker":1}
{"received packets":340,"IAT_Mean":0.005869204782859871,"IAT_Std":0.005376045022135965,"IAT_Max":0.02439777825566125,"IAT_Min":0.00010875276711885817,"received_addresses":20,"max_pkt_from_sameId":20,"has_attacker":1}
{"received packets":382,"IAT_Mean":0.005223912830309575,"IAT_Std":0.004059746548053594,"IAT_Max":0.01712906363172806,"IAT_Min":0.00015336090291384608,"received_addresses":17,"max_pkt_from_sameId":87,"has_attacker":1}
{"received packets":399,"IAT_Mean":0.0050013154576204889,"IAT_Std":0.0032497251146520616,"IAT_Max":0.012371175405860413,"IAT_Min":0.0001535623669042252,"received_addresses":21,"max_pkt_from_sameId":54,"has_attacker":1}
{"received packets":382,"IAT_Mean":0.0052238900226204728,"IAT_Std":0.003417388570175417,"IAT_Max":0.01673217747884337,"IAT_Min":0.00016313432206516154,"received_addresses":18,"max_pkt_from_sameId":63,"has_attacker":1}
{"received packets":284,"IAT_Mean":0.007026528410022647,"IAT_Std":0.004804081276244059,"IAT_Max":0.0167374365410069,"IAT_Min":0.000163152304594405,"received_addresses":16,"max_pkt_from_sameId":20,"has_attacker":1}
{"received packets":318,"IAT_Mean":0.006275234527710376,"IAT_Std":0.004402671596122833,"IAT_Max":0.016737381916755113,"IAT_Min":0.00020228579887771048,"received_addresses":15,"max_pkt_from_sameId":48,"has_attacker":1}
{"received packets":326,"IAT_Mean":0.006121242045791534,"IAT_Std":0.004336003892444513,"IAT_Max":0.014835382986348123,"IAT_Min":0.00017618915080674924,"received_addresses":15,"max_pkt_from_sameId":102,"has_attacker":1}
{"received packets":320,"IAT_Mean":0.0062360252982330169,"IAT_Std":0.004616501674350324,"IAT_Max":0.025631918168073754,"IAT_Min":0.00016943554146564566,"received_addresses":11,