{"received packets":460,"IAT_Mean":0.00434460404081303,"IAT_Std":0.0033777455303434808,"IAT_Max":0.011642000594292768,"IAT_Min":0.0001630002079764381,"received_addresses":23,"max_pkt_from_sameId":20,"has_attacker":0}
{"received packets":460,"IAT_Mean":0.004344587987195511,"IAT_Std":0.0033780204269803868,"IAT_Max":0.011642000245046802,"IAT_Min":0.00016300018978654407,"received_addresses":23,"max_pkt_from_sameId":20,"has_attacker":0}
{"received packets":480,"IAT_Mean":0.0041635675927182099,"IAT_Std":0.003401592108617266,"IAT_Max":0.011642000143183396,"IAT_Min":0.00016300000788760372,"received_addresses":25,"max_pkt_from_sameId":20,"has_attacker":0}
{"received packets":530,"IAT_Mean":0.0037707816965025216,"IAT_Std":0.00322782448850342,"IAT_Max":0.011629000062384876,"IAT_Min":0.00016300001152558252,"received_addresses":27,"max_pkt_from_sameId":20,"has_attacker":0}
{"received packets":570,"IAT_Mean":0.003506161050577168,"IAT_Std":0.003008952041227451,"IAT_Max":0.010017431137384847,"IAT_Min":0.00016300052448059432,"received_addresses":29,"max_pkt_from_sameId":20,"has_attacker":0}
{"received packets":550,"IAT_Mean":0.003633664901366997,"IAT_Std":0.0032458151775958739,"IAT_Max":0.011642000165011268,"IAT_Min":0.00016300316929118708,"received_addresses":29,"max_pkt_from_sameId":20,"has_attacker":0}
{"received packets":540,"IAT_Mean":0.00370096369134882,"IAT_Std":0.003353105436037824,"IAT_Max":0.01164200012863148,"IAT_Min":0.00016303048323607072,"received_addresses":27,"max_pkt_from_sameId":20,"has_attacker":0}
{"received packets":890,"IAT_Mean":0.0022471180930643756,"IAT_Std":0.002417919319144544,"IAT_Max":0.011642000052233925,"IAT_Min":0.00016300195784424432,"received_addresses":28,"max_pkt_from_sameId":108,"has_attacker":1}
{"received packets":1227,"IAT_Mean":0.001629946805699012,"IAT_Std":0.0013902350598880443,"IAT_Max":0.004103863284399267,"IAT_Min":0.00016300219431286678,"received_addresses":26,"max_pkt_from_sameId":200,"has_attacker":1}
{"received packets":592,"IAT_Mean":0.0033758803847315388,"IAT_Std":0.0035822377162981727,"IAT_Max":0.013633750353619689,"IAT_Min":0.00015272513701347634,"received_addresses":22,"max_pkt_from_sameId":118,"has_attacker":1}
{"received packets":539,"IAT_Mean":0.003707818446997266,"IAT_Std":0.003834361256515414,"IAT_Max":0.01657000562045141,"IAT_Min":0.0001505725595052354,"received_addresses":20,"max_pkt_from_sameId":90,"has_attacker":1}
{"received packets":401,"IAT_Mean":0.004983829430145086,"IAT_Std":0.004011495332741189,"IAT_Max":0.016557006390939934,"IAT_Min":0.0001609308055776637,"received_addresses":18,"max_pkt_from_sameId":137,"has_attacker":1}
{"received packets":225,"IAT_Mean":0.00888231301415039,"IAT_Std":0.007035049600847867,"IAT_Max":0.020369909587316216,"IAT_Min":0.0007108239478839096,"received_addresses":14,"max_pkt_from_sameId":20,"has_attacker":1}
