{"received packets":240,"IAT_Mean":0.008324844882630108,"IAT_Std":0.00847351804280668,"IAT_Max":0.03230616768996697,"IAT_Min":0.00016300781135214493,"received_addresses":12,"max_pkt_from_sameId":20,"has_attacker":0}
