{"received packets":294,"IAT_Mean":0.006797945415974336,"IAT_Std":0.009656960395914516,"IAT_Max":0.05264497075768304,"IAT_Min":0.00013799184671370313,"received_addresses":6,"max_pkt_from_sameId":105,"has_attacker":1}
{"received packets":458,"IAT_Mean":0.004334981924926089,"IAT_Std":0.0038471637513522248,"IAT_Max":0.0379445135476999,"IAT_Min":0.000157104976096889,"received_addresses":7,"max_pkt_from_sameId":286,"has_attacker":1}
{"received packets":253,"IAT_Mean":0.007875155586999056,"IAT_Std":0.008451393358293412,"IAT_Max":0.03564930047286907,"IAT_Min":0.00010719212514231913,"received_addresses":9,"max_pkt_from_sameId":57,"has_attacker":1}
{"received packets":534,"IAT_Mean":0.003738945839617958,"IAT_Std":0.003458593992357076,"IAT_Max":0.02244665740727214,"IAT_Min":0.00015200494453893043,"received_addresses":10,"max_pkt_from_sameId":195,"has_attacker":1}
{"received packets":278,"IAT_Mean":0.007192751154643898,"IAT_Std":0.0077383914602289758,"IAT_Max":0.03565600179717876,"IAT_Min":0.00010635151193127967,"received_addresses":9,"max_pkt_from_sameId":115,"has_attacker":1}
{"received packets":431,"IAT_Mean":0.004629367754414214,"IAT_Std":0.005108321127241141,"IAT_Max":0.02761810716765467,"IAT_Min":0.00011182147136423737,"received_addresses":9,"max_pkt_from_sameId":126,"has_attacker":1}
{"received packets":347,"IAT_Mean":0.005656970479835619,"IAT_Std":0.006921411815287443,"IAT_Max":0.03729942145582754,"IAT_Min":0.0001262879122805316,"received_addresses":8,"max_pkt_from_sameId":232,"has_attacker":1}
{"received packets":382,"IAT_Mean":0.005228419912377807,"IAT_Std":0.005142997404871,"IAT_Max":0.036252101130230588,"IAT_Min":0.00011816515689133666,"received_addresses":7,"max_pkt_from_sameId":252,"has_attacker":1}
{"received packets":441,"IAT_Mean":0.004501964261359971,"IAT_Std":0.004247175295145708,"IAT_Max":0.04049612477319897,"IAT_Min":0.00012355206490610726,"received_addresses":7,"max_pkt_from_sameId":283,"has_attacker":1}
{"received packets":256,"IAT_Mean":0.007798167937750122,"IAT_Std":0.008275428055160029,"IAT_Max":0.03942563619057182,"IAT_Min":0.00010576339627732523,"received_addresses":8,"max_pkt_from_sameId":136,"has_attacker":1}
{"received packets":510,"IAT_Mean":0.003912579271526934,"IAT_Std":0.0021639594023859776,"IAT_Max":0.019364000057976228,"IAT_Min":0.00016300039715133607,"received_addresses":7,"max_pkt_from_sameId":234,"has_attacker":1}
{"received packets":216,"IAT_Mean":0.009236631889473723,"IAT_Std":0.008351554021935539,"IAT_Max":0.04278420801711036,"IAT_Min":0.00011557721154531464,"received_addresses":7,"max_pkt_from_sameId":78,"has_attacker":1}
{"received packets":390,"IAT_Mean":0.005122444526027837,"IAT_Std":0.004392204521346417,"IAT_Max":0.025841590664640536,"IAT_Min":0.00010631446275510825,"received_addresses":26,"max_pkt_from_sameId":124,"has_attacker":1}
{"received packets":299,"IAT_Mean":0.006600411913419873,"IAT_Std":0.006938448632150262,"IAT_Max":0.03771323316686903,"IAT_Min":0.0001172321499325335,"received_addresses":24,"max_pkt_from_sameId":28,"has_attacker":1}
{"received packets":462,"IAT_Mean":0.004320525384189128,"IAT_Std":0.003780321305677477,"IAT_Max":0.036238087610399819,"IAT_Min":0.00011337402247590944,"received_addresses":9,"max_pkt_from_sameId":288,"has_attacker":1}
{"received packets":422,"IAT_Mean":0.004646203548929053,"IAT_Std":0.004353951519914062,"IAT_Max":0.042771318068844269,"IAT_Min":0.0001067268785845954,"received_addresses":9,"max_pkt_from_sameId":275,"has_attacker":1}
{"received packets":299,"IAT_Mean":0.006687637951527177,"IAT_Std":0.007157577015417741,"IAT_Max":0.049564845645363678,"IAT_Min":0.00010791816021082923,"received_addresses":7,"max_pkt_from_sameId":176,"has_attacker":1}
{"received packets":245,"IAT_Mean":0.007961437324767609,"IAT_Std":0.015309288577115218,"IAT_Max":0.08385942217500997,"IAT_Min":0.00016757165212766267,"received_addresses":6,"max_pkt_from_sameId":127,"has_attacker":1}
{"received packets":62,"IAT_Mean":0.031871382613145777,"IAT_Std":0.01770723370519795,"IAT_Max":0.058385561969771519,"IAT_Min":0.008569601715862519,"received_addresses":4,"max_pkt_from_sameId":20,"has_attacker":0}
{"received packets":70,"IAT_Mean":0.028228944448294769,"IAT_Std":0.015407364442389932,"IAT_Max":0.04981047092951485,"IAT_Min":0.011771926077926765,"received_addresses":4,"max_pkt_from_sameId":20,"has_attacker":0}
