{"received packets":559,"IAT_Mean":0.003575155791056622,"IAT_Std":0.004077574837020136,"IAT_Max":0.02238001186924521,"IAT_Min":0.0005660000097122975,"received_addresses":28,"max_pkt_from_sameId":20,"has_attacker":0}
{"received packets":541,"IAT_Mean":0.0036941224445698956,"IAT_Std":0.004105099395102,"IAT_Max":0.02238004147511674,"IAT_Min":0.0005660273018293083,"received_addresses":28,"max_pkt_from_sameId":20,"has_attacker":0}
{"received packets":531,"IAT_Mean":0.003763694615983983,"IAT_Std":0.003526846361281808,"IAT_Max":0.022380090311344249,"IAT_Min":0.0005661074355884921,"received_addresses":29,"max_pkt_from_sameId":20,"has_attacker":0}
{"received packets":540,"IAT_Mean":0.003700956423111805,"IAT_Std":0.0027333797512621488,"IAT_Max":0.013124009070452303,"IAT_Min":0.0005661117065756116,"received_addresses":27,"max_pkt_from_sameId":20,"has_attacker":0}
{"received packets":540,"IAT_Mean":0.0037009470185862655,"IAT_Std":0.0027338943535174318,"IAT_Max":0.013124006229190855,"IAT_Min":0.0005660998031089548,"received_addresses":27,"max_pkt_from_sameId":20,"has_attacker":0}
{"received packets":550,"IAT_Mean":0.0036336657455897445,"IAT_Std":0.002835722014312276,"IAT_Max":0.013124017645168351,"IAT_Min":0.0002506219389033504,"received_addresses":28,"max_pkt_from_sameId":20,"has_attacker":0}
{"received packets":571,"IAT_Mean":0.003500031146797129,"IAT_Std":0.002762308850633503,"IAT_Max":0.013124286644597305,"IAT_Min":0.0002505832235328853,"received_addresses":30,"max_pkt_from_sameId":20,"has_attacker":0}
{"received packets":600,"IAT_Mean":0.0033308672541716079,"IAT_Std":0.0028114160111053444,"IAT_Max":0.013124666969815735,"IAT_Min":0.00010920650674961507,"received_addresses":29,"max_pkt_from_sameId":24,"has_attacker":1}
{"received packets":2102,"IAT_Mean":0.0009512758613166146,"IAT_Std":0.0011494946771298332,"IAT_Max":0.010628029245708604,"IAT_Min":0.00012114483251934871,"received_addresses":29,"max_pkt_from_sameId":269,"has_attacker":1}
{"received packets":569,"IAT_Mean":0.003512329409623323,"IAT_Std":0.003692563818423885,"IAT_Max":0.02441871623886982,"IAT_Min":0.00010886458039749414,"received_addresses":25,"max_pkt_from_sameId":94,"has_attacker":1}
{"received packets":755,"IAT_Mean":0.002648483310453748,"IAT_Std":0.00265127972359363,"IAT_Max":0.031262018714187437,"IAT_Min":0.00015427252219524235,"received_addresses":26,"max_pkt_from_sameId":213,"has_attacker":1}
{"received packets":562,"IAT_Mean":0.003557685406620333,"IAT_Std":0.004170598952836502,"IAT_Max":0.03266611398794339,"IAT_Min":0.00011224714398849756,"received_addresses":22,"max_pkt_from_sameId":101,"has_attacker":1}
{"received packets":674,"IAT_Mean":0.002964033351501701,"IAT_Std":0.0024588764762631138,"IAT_Max":0.016607999998086599,"IAT_Min":0.00011523845387273468,"received_addresses":23,"max_pkt_from_sameId":279,"has_attacker":1}
{"received packets":655,"IAT_Mean":0.003050010256698748,"IAT_Std":0.003657785099016836,"IAT_Max":0.024832895633153386,"IAT_Min":0.00011256364086875692,"received_addresses":23,"max_pkt_from_sameId":183,"has_attacker":1}
{"received packets":593,"IAT_Mean":0.003368894778259576,"IAT_Std":0.0032238726943426556,"IAT_Max":0.024794045708404157,"IAT_Min":0.00011076384180341847,"received_addresses":20,"max_pkt_from_sameId":252,"has_attacker":1}
{"received packets":715,"IAT_Mean":0.002794061799373289,"IAT_Std":0.003114251696963619,"IAT_Max":0.02481394388814806,"IAT_Min":0.0001099618966691196,"received_addresses":21,"max_pkt_from_sameId":234,"has_attacker":1}
{"received packets":480,"IAT_Mean":0.00416200297541612,"IAT_Std":0.004260308566567965,"IAT_Max":0.024807309499010445,"IAT_Min":0.0001142316687037237,"received_addresses":20,"max_pkt_from_sameId":135,"has_attacker":1}
{"received packets":760,"IAT_Mean":0.0026297308219047986,"IAT_Std":0.002537420587227599,"IAT_Max":0.016607999998086599,"IAT_Min":0.00011601137521211058,"received_addresses":19,"max_pkt_from_sameId":178,"has_attacker":1}
{"received packets":468,"IAT_Mean":0.0042687144585790959,"IAT_Std":0.004923000276168418,"IAT_Max":0.024825866774335738,"IAT_Min":0.00011046844520024024,"received_addresses":20,"max_pkt_from_sameId":82,"has_attacker":1}
{"received packets":713,"IAT_Mean":0.002801903069231902,"IAT_Std":0.0025904092194303175,"IAT_Max":0.02147031909771613,"IAT_Min":0.00011815693505923264,"received_addresses":20,"max_pkt_from_sameId":271,"has_attacker":1}
{"received packets":608,"IAT_Mean":0.0032857857434069766,"IAT_Std":0.004350744823481348,"IAT_Max":0.033986420323344649,"IAT_Min":0.0001106071395042818,"received_addresses":20,"max_pkt_from_sameId":179,"has_attacker":1}
{"received packets":653,"IAT_Mean":0.003061899053693703,"IAT_Std":0.003130713553414799,"IAT_Max":0.03069742032312206,"IAT_Min":0.00011718940368155017,"received_addresses":21,"max_pkt_from_sameId":288,"has_attacker":1}
{"received packets":680,"IAT_Mean":0.0029378694157672087,"IAT_Std":0.0036307249524513624,"IAT_Max":0.033986420323344649,"IAT_Min":0.00010884530638577417,"received_addresses":21,"max_pkt_from_sameId":218,"has_attacker":1}
{"received packets":526,"IAT_Mean":0.0038015185192746589,"IAT_Std":0.004679993743025318,"IAT_Max":0.033986420323344649,"IAT_Min":0.00015744720803922974,"received_addresses":21,"max_pkt_from_sameId":176,"has_attacker":1}
{"received packets":752,"IAT_Mean":0.0026565851803704218,"IAT_Std":0.002726115365419595,"IAT_Max":0.028252019445062616,"IAT_Min":0.00014895985805196688,"received_addresses":20,"max_pkt_from_sameId":204,"has_attacker":1}
{"received packets":473,"IAT_Mean":0.004224138893919257,"IAT_Std":0.004748571668471216,"IAT_Max":0.03142541736087878,"IAT_Min":0.0001120628003263846,"received_addresses":21,"max_pkt_from_sameId":81,"has_attacker":1}
{"received packets":683,"IAT_Mean":0.002924978632483017,"IAT_Std":0.0023621833795618295,"IAT_Max":0.021457000002556016,"IAT_Min":0.00010607345393509604,"received_addresses":20,"max_pkt_from_sameId":251,"has_attacker":1}
{"received packets":516,"IAT_Mean":0.0038716220727554515,"IAT_Std":0.004919399199694397,"IAT_Max":0.033977231541939548,"IAT_Min":0.00010741314690676518,"received_addresses":20,"max_pkt_from_sameId":169,"has_attacker":1}
{"received packets":642,"IAT_Mean":0.003111774194746496,"IAT_Std":0.0029082517762273219,"IAT_Max":0.024807304336718518,"IAT_Min":0.00011466380601632409,"received_addresses":20,"max_pkt_from_sameId":284,"has_attacker":1}
{"received packets":683,"IAT_Mean":0.0029249673191146326,"IAT_Std":0.002812219193644838,"IAT_Max":0.014457102119195043,"IAT_Min":0.00010604018461890519,"received_addresses":24,"max_pkt_from_sameId":252,"has_attacker":1}
{"received packets":600,"IAT_Mean":0.0033307269785473184,"IAT_Std":0.0029942314652128597,"IAT_Max":0.014458192192250863,"IAT_Min":0.00010677297177608125,"received_addresses":22,"max_pkt_from_sameId":214,"has_attacker":1}
{"received packets":779,"IAT_Mean":0.0025645108125222995,"IAT_Std":0.0021401735434785136,"IAT_Max":0.014106053891737247,"IAT_Min":0.00011832351083285175,"received_addresses":21,"max_pkt_from_sameId":273,"has_attacker":1}
{"received packets":458,"IAT_Mean":0.004361922063158269,"IAT_Std":0.003763834179856812,"IAT_Max":0.014458192192250863,"IAT_Min":0.00016300965944537893,"received_addresses":20,"max_pkt_from_sameId":97,"has_attacker":1}
{"received packets":757,"IAT_Mean":0.002641492534267822,"IAT_Std":0.0021006058896047136,"IAT_Max":0.012669315565290163,"IAT_Min":0.00011552684009075165,"received_addresses":20,"max_pkt_from_sameId":213,"has_attacker":1}
{"received packets":525,"IAT_Mean":0.0038084299054822799,"IAT_Std":0.0034923011247655515,"IAT_Max":0.014458192188612884,"IAT_Min":0.00011088848623330705,"received_addresses":21,"max_pkt_from_sameId":124,"has_attacker":1}
{"received packets":675,"IAT_Mean":0.0029600211576595299,"IAT_Std":0.0024686979012504058,"IAT_Max":0.01409305389461224,"IAT_Min":0.00010874042345676571,"received_addresses":20,"max_pkt_from_sameId":278,"has_attacker":1}
{"received packets":635,"IAT_Mean":0.0031466052881336597,"IAT_Std":0.0027371907483856067,"IAT_Max":0.012677406997681829,