{"sendtime":25270.014251805624,"rcvtime":25270.0143682399,"senderID":394,"messageID":7036747,"position":[5924.726622692456,4806.731332278737,0.0],"speed":[9.23668525607728,5.467658453936969,0.0],"heading":-0.23675403706726576,"ddostype":0,"msgtype":0}
{"sendtime":25270.097405721026,"rcvtime":25270.097517146733,"senderID":418,"messageID":7048292,"position":[5729.784004102793,4750.3969178989659,0.0],"speed":[-11.219094713299418,-0.6684998746515514,0.0],"heading":-0.23675403706726576,"ddostype":0,"msgtype":0}
{"sendtime":25270.114251805622,"rcvtime":25270.11436673076,"senderID":394,"messageID":7051395,"position":[5924.726622692456,4806.731332278737,0.0],"speed":[9.23668525607728,5.467658453936969,0.0],"heading":-0.23675403706726576,"ddostype":0,"msgtype":0}
{"sendtime":25270.19740572103,"rcvtime":25270.19751659121,"senderID":418,"messageID":7062975,"position":[5729.784004102793,4750.3969178989659,0.0],"speed":[-11.219094713299418,-0.6684998746515514,0.0],"heading":-0.23675403706726576,"ddostype":0,"msgtype":0}
{"sendtime":25270.214251805624,"rcvtime":25270.214366175238,"senderID":394,"messageID":7066077,"position":[5924.726622692456,4806.731332278737,0.0],"speed":[9.23668525607728,5.467658453936969,0.0],"heading":-0.23675403706726576,"ddostype":0,"msgtype":0}
{"sendtime":25270.297405721027,"rcvtime":25270.29751603569,"senderID":418,"messageID":7077658,"position":[5729.784004102793,4750.3969178989659,0.0],"speed":[-11.219094713299418,-0.6684998746515514,0.0],"heading":-0.23675403706726576,"ddostype":0,"msgtype":0}
{"sendtime":25270.314251805623,"rcvtime":25270.31436561972,"senderID":394,"messageID":7080794,"position":[5924.726622692456,4806.731332278737,0.0],"speed":[9.23668525607728,5.467658453936969,0.0],"heading":-0.23675403706726576,"ddostype":0,"msgtype":0}
{"sendtime":25270.39740572103,"rcvtime":25270.39751548017,"senderID":418,"messageID":7092340,"position":[5729.784004102793,4750.3969178989659,0.0],"speed":[-11.219094713299418,-0.6684998746515514,0.0],"heading":-0.23675403706726576,"ddostype":0,"msgtype":0}
{"sendtime":25270.414251805625,"rcvtime":25270.4143650642,"senderID":394,"messageID":7095474,"position":[5924.726622692456,4806.731332278737,0.0],"speed":[9.23668525607728,5.467658453936969,0.0],"heading":-0.23675403706726576,"ddostype":0,"msgtype":0}
{"sendtime":25270.497405721027,"rcvtime":25270.497514924653,"senderID":418,"messageID":7107020,"position":[5729.784004102793,4750.3969178989659,0.0],"speed":[-11.219094713299418,-0.6684998746515514,0.0],"heading":-0.23675403706726576,"ddostype":0,"msgtype":0}
{"sendtime":25270.514251805624,"rcvtime":25270.51436450868,"senderID":394,"messageID":7110156,"position":[5924.726622692456,4806.731332278737,0.0],"speed":[9.23668525607728,5.467658453936969,0.0],"heading":-0.23675403706726576,"ddostype":0,"msgtype":0}
{"sendtime":25270.597405721026,"rcvtime":25270.597514369132,"senderID":418,"messageID":7121703,"position":[5729.784004102793,4750.3969178989659,0.0],"speed":[-11.219094713299418,-0.6684998746515514,0.0],"heading":-0.23675403706726576,"ddostype":0,"msgtype":0}
{"sendtime":25270.614251805622,"rcvtime":25270.61436395316,"senderID":394,"messageID":7124839,"position":[5924.726622692456,4806.731332278737,0.0],"speed":[9.23668525607728,5.467658453936969,0.0],"heading":-0.23675403706726576,"ddostype":0,"msgtype":0}
{"sendtime":25270.69740572103,"rcvtime":25270.697513813615,"senderID":418,"messageID":7136385,"position":[5729.784004102793,4750.3969178989659,0.0],"speed":[-11.219094713299418,-0.6684998746515514,0.0],"heading":-0.23675403706726576,"ddostype":0,"msgtype":0}
{"sendtime":25270.714251805624,"rcvtime":25270.71436339764,"senderID":394,"messageID":7139448,"position":[5924.726622692456,4806.731332278737,0.0],"speed":[9.23668525607728,5.467658453936969,0.0],"heading":-0.23675403706726576,"ddostype":0,"msgtype":0}
{"sendtime":25270.797405721027,"rcvtime":25270.797513258094,"senderID":418,"messageID":7151131,"position":[5729.784004102793,4750.3969178989659,0.0],"speed":[-11.219094713299418,-0.6684998746515514,0.0],"heading":-0.23675403706726576,"ddostype":0,"msgtype":0}
{"sendtime":25270.814251805623,"rcvtime":25270.81436284212,"senderID":394,"messageID":7154260,"position":[5924.726622692456,4806.731332278737,0.0],"speed":[9.23668525607728,5.467658453936969,0.0],"heading":-0.23675403706726576,"ddostype":0,"msgtype":0}
{"sendtime":25270.89740572103,"rcvtime":25270.897512702577,"senderID":418,"messageID":7165907,"position":[5729.784004102793,4750.3969178989659,0.0],"speed":[-11.219094713299418,-0.6684998746515514,0.0],"heading":-0.23675403706726576,"ddostype":0,"msgtype":0}
{"sendtime":25270.914251805625,"rcvtime":25270.9143622866,"senderID":394,"messageID":7168973,"position":[5924.726622692456,4806.731332278737,0.0],"speed":[9.23668525607728,5.467658453936969,0.0],"heading":-0.23675403706726576,"ddostype":0,"msgtype":0}
{"sendtime":25270.997405721027,"rcvtime":25270.997512147056,"senderID":418,"messageID":7180659,"position":[5729.784004102793,4750.3969178989659,0.0],"speed":[-11.219094713299418,-0.6684998746515514,0.0],"heading":-0.23675403706726576,"ddostype":0,"msgtype":0}
{"sendtime":25271.081485273888,"rcvtime":25271.081597791504,"senderID":430,"messageID":7192677,"position":[5758.203469081348,4755.861447711868,0.0],"speed":[15.541440610842799,1.3349432610271295,0.0],"heading":-0.23675403706744237,"ddostype":0,"msgtype":0}
{"sendtime":25271.097405721026,"rcvtime":25271.097511643307,"senderID":418,"messageID":7194913,"position":[5719.2255559183399,4749.767783243436,0.0],"speed":[-10.559342719807996,-0.629187957226874,0.0],"heading":-0.23675403706744237,"ddostype":0,"msgtype":0}
{"sendtime":25271.181485273886,"rcvtime":25271.18159724461,"senderID":430,"messageID":7206802,"position":[5758.203469081348,4755.861447711868,0.0],"speed":[15.541440610842799,1.3349432610271295,0.0],"heading":-0.23675403706744237,"ddostype":0,"msgtype":0}
{"sendtime":25271.19740572103,"rcvtime":25271.197524096417,"senderID":418,"messageID":7209020,"position":[5719.2255559183399,4749.767783243436,0.0],"speed":[-10.559342719807996,-0.629187957226874,0.0],"heading":-0.23675403706744237,"ddostype":0,"msgtype":0}
{"sendtime":25271.28148527389,"rcvtime":25271.281596697718,"senderID":430,"messageID":7220925,"position":[5758.203469081348,4755.861447711868,0.0],"speed":[15.541440610842799,1.3349432610271295,0.0],"heading":-0.23675403706744237,"ddostype":0,"msgtype":0}
{"sendtime":25271.297405721027,"rcvtime":25271.297523549525,"senderID":418,"messageID":7223143,"position":[5719.2255559183399,4749.767783243436,0.0],"speed":[-10.559342719807996,-0.629187957226874,0.0],"heading":-0.23675403706744237,"ddostype":0,"msgtype":0}
{"sendtime":25271.381485273887,"rcvtime":25271.381596150826,"senderID":430,"messageID":7235118,"position":[5758.203469081348,4755.861447711868,0.0],"speed":[15.541440610842799,1.3349432610271295,0.0],"heading":-0.23675403706744237,"ddostype":0,"msgtype":0}
{"sendtime":25271.39740572103,"rcvtime":25271.39752300263,"senderID":418,"messageID":7237336,"position":[5719.2255559183399,4749.767783243436,0.0],"speed":[-10.559342719807996,-0.629187957226874,0.0],"heading":-0.23675403706744237,"ddostype":0,"msgtype":0}
{"sendtime":25271.48148527389,"rcvtime":25271.481595603935,"senderID":430,"messageID":7249230,"position":[5758.203469081348,4755.861447711868,0.0],"speed":[15.541440610842799,1.3349432610271295,0.0],"heading":-0.23675403706744237,"ddostype":0,"msgtype":0}
{"sendtime":25271.497405721027,"rcvtime":25271.49752245574,"senderID":418,"messageID":7251448,"position":[5719.2255559183399,4749.767783243436,0.0],"speed":[-10.559342719807996,-0.629187957226874,0.0],"heading":-0.23675403706744237,"ddostype":0,"msgtype":0}
{"sendtime":25271.581485273888,"rcvtime":25271.581595057043,"senderID":430,"messageID":7263382,"position":[5758.203469081348,4755.861447711868,0.0],"speed":[15.541440610842799,1.3349432610271295,0.0],"heading":-0.23675403706744237,"ddostype":0,"msgtype":0}
{"sendtime":25271.597405721026,