{"received packets":40,"IAT_Mean":0.04962272055317953,"IAT_Std":0.011915023682817203,"IAT_Max":0.062070035051874587,"IAT_Min":0.037928533609374429,"received_addresses":2,"max_pkt_from_sameId":20,"has_attacker":0}
{"received packets":40,"IAT_Mean":0.049622753251424,"IAT_Std":0.011913820775433218,"IAT_Max":0.06207125846412964,"IAT_Min":0.03792814899861696,"received_addresses":2,"max_pkt_from_sameId":20,"has_attacker":0}
{"received packets":187,"IAT_Mean":0.010644093814743608,"IAT_Std":0.01378924552562701,"IAT_Max":0.05654056471030344,"IAT_Min":0.00015413813889608718,"received_addresses":8,"max_pkt_from_sameId":42,"has_attacker":1}
{"received packets":323,"IAT_Mean":0.006162411677035692,"IAT_Std":0.0069436043989599539,"IAT_Max":0.03983639996658894,"IAT_Min":0.00015075850024004467,"received_addresses":10,"max_pkt_from_sameId":89,"has_attacker":1}
{"received packets":237,"IAT_Mean":0.0084199726155055,"IAT_Std":0.01031091240864639,"IAT_Max":0.044582382957742087,"IAT_Min":0.0001630007718631532,"received_addresses":15,"max_pkt_from_sameId":22,"has_attacker":1}
{"received packets":255,"IAT_Mean":0.00782559254095723,"IAT_Std":0.010023226669539932,"IAT_Max":0.04694851545718848,"IAT_Min":0.00016300207062158734,"received_addresses":16,"max_pkt_from_sameId":20,"has_attacker":1}
{"received packets":206,"IAT_Mean":0.009687017614869016,"IAT_Std":0.008447307405597283,"IAT_Max":0.03022277821219177,"IAT_Min":0.00016300368224619888,"received_addresses":13,"max_pkt_from_sameId":20,"has_attacker":1}
{"received packets":367,"IAT_Mean":0.005437418175582493,"IAT_Std":0.0064244160070149919,"IAT_Max":0.030225194943341195,"IAT_Min":0.00015721508680144325,"received_addresses":16,"max_pkt_from_sameId":71,"has_attacker":1}
{"received packets":280,"IAT_Mean":0.007108486179354908,"IAT_Std":0.008460831399119023,"IAT_Max":0.035378089276491667,"IAT_Min":0.0001630492406548001,"received_addresses":16,"max_pkt_from_sameId":32,"has_attacker":1}
{"received packets":280,"IAT_Mean":0.0071084707865468649,"IAT_Std":0.008981905909251529,"IAT_Max":0.03538991720415652,"IAT_Min":0.00016304977907566354,"received_addresses":14,"max_pkt_from_sameId":20,"has_attacker":1}
{"received packets":379,"IAT_Mean":0.005251833801287166,"IAT_Std":0.005247972622532626,"IAT_Max":0.025748737760295627,"IAT_Min":0.00016300588686135598,"received_addresses":14,"max_pkt_from_sameId":142,"has_attacker":1}
{"received packets":375,"IAT_Mean":0.005306957855937071,"IAT_Std":0.006119821566203377,"IAT_Max":0.03177590370250982,"IAT_Min":0.00015193388753687032,"received_addresses":17,"max_pkt_from_sameId":82,"has_attacker":1}
{"received packets":416,"IAT_Mean":0.004783150023950629,"IAT_Std":0.004974622064214592,"IAT_Max":0.021972296672174708,"IAT_Min":0.00016300491552101448,"received_addresses":18,"max_pkt_from_sameId":71,"has_attacker":1}
{"received packets":224,"IAT_Mean":0.008885586868992895,"IAT_Std":0.009277624998333876,"IAT_Max":0.035387648713367528,"IAT_Min":0.00026911485838354565,"received_addresses":14,"max_pkt_from_sameId":20,"has_attacker":1}
{"received packets":281,"IAT_Mean":0.007083440833875008,"IAT_Std":0.008644866768853383,"IAT_Max":0.03538764870609157,"IAT_Min":0.00016304976816172712,"received_addresses":14,"max_pkt_from_sameId":62,"has_attacker":1}
{"received packets":383,"IAT_Mean":0.00519705438614378,"IAT_Std":0.004714083035888506,"IAT_Max":0.01968304110050667,"IAT_Min":0.0001631789782550186,"received_addresses":14,"max_pkt_from_sameId":157,"has_attacker":1}
{"received packets":300,"IAT_Mean":0.006634870729515872,"IAT_Std":0.005266005040231554,"IAT_Max":0.016724752578738845,"IAT_Min":0.00016314226741087623,"received_addresses":15,"max_pkt_from_sameId":39,"has_attacker":1}
{"received packets":322,"IAT_Mean":0.006181273822244152,"IAT_Std":0.005793881095789139,"IAT_Max":0.024397901426709724,"IAT_Min":0.00016300488277920522,"received_addresses":18,"max_pkt_from_sameId":22,"has_attacker":1}
{"received packets":310,"IAT_Mean":0.006420562390039484,"IAT_Std":0.006119197340117895,"IAT_Max":0.02439754526494653,"IAT_Min":0.00010884724906645715,"received_addresses":18,"max_pkt_from_sameId":20,"has_attacker":1}
{"received packets":445,"IAT_Mean":0.004484347807427572,"IAT_Std":0.003232977236984884,"IAT_Max":0.016728416183468654,"IAT_Min":0.0001632798848731909,"received_addresses":16,"max_pkt_from_sameId":175,"has_attacker":1}
{"received packets":448,"IAT_Mean":0.004454296633834279,"IAT_Std":0.0032055770494861135,"IAT_Max":0.012371176740998635,"IAT_Min":0.00011778457701439038,"received_addresses":19,"max_pkt_from_sameId":94,"has_attacker":1}
{"received packets":393,"IAT_Mean":0.005077674154056465,"IAT_Std":0.0033150336695136888,"IAT_Max":0.01673209553337074,"IAT_Min":0.00016309806960634887,"received_addresses":18,"max_pkt_from_sameId":67,"has_attacker":1}
{"received packets":293,"IAT_Mean":0.006810696052839112,"IAT_Std":0.0047535374794982379,"IAT_Max":0.016737269033910708,"IAT_Min":0.00033896570676006377,"received_addresses":17,"max_pkt_from_sameId":20,"has_attacker":1}
{"received packets":385,"IAT_Mean":0.005183180328307359,"IAT_Std":0.0038095984866001648,"IAT_Max":0.016737042547902094,"IAT_Min":0.00020227988716214895,"received_addresses":16,"max_pkt_from_sameId":85,"has_attacker":1}
{"received packets":461,"IAT_Mean":0.004328687280998755,"IAT_Std":0.002602282738723893,"IAT_Max":0.01235842113965191,"IAT_Min":0.00010752067100838758,"received_addresses":15,"max_pkt_from_sameId":181,"has_attacker":1}
{"received packets":351,"IAT_Mean":0.005685265300611941,"IAT_Std":0.004048581304723914,"IAT_Max":0.016736416502681096,"IAT_Min":0.00010792075408971868,"received_addresses":19,"max_pkt_from_sameId":57,"has_attacker":1}
