{"received packets":20,"IAT_Mean":0.0966859737662162,"IAT_Std":0.014444582425238953,"IAT_Max":0.10001164061031887,"IAT_Min":0.03372350375138922,"received_addresses":1,"max_pkt_from_sameId":20,"has_attacker":0}
{"received packets":20,"IAT_Mean":0.09668586811094429,"IAT_Std":0.014445954491283234,"IAT_Max":0.10001094637846109,"IAT_Min":0.03371741556111374,"received_addresses":1,"max_pkt_from_sameId":20,"has_attacker":0}
{"received packets":20,"IAT_Mean":0.09668577769170953,"IAT_Std":0.01444641581388416,"IAT_Max":0.10001096218911698,"IAT_Min":0.03371531428274466,"received_addresses":1,"max_pkt_from_sameId":20,"has_attacker":0}
{"received packets":20,"IAT_Mean":0.0966856960199948,"IAT_Std":0.014446808770115446,"IAT_Max":0.10001096966152545,"IAT_Min":0.03371351975511061,"received_addresses":1,"max_pkt_from_sameId":20,"has_attacker":0}
{"received packets":40,"IAT_Mean":0.049489777043527288,"IAT_Std":0.004791160337550256,"IAT_Max":0.054133938523591499,"IAT_Min":0.033711873315041888,"received_addresses":2,"max_pkt_from_sameId":20,"has_attacker":0}
{"received packets":30,"IAT_Mean":0.06634819772686267,"IAT_Std":0.0245695859802629,"IAT_Max":0.1000114137896162,"IAT_Min":0.03371317595883738,"received_addresses":2,"max_pkt_from_sameId":20,"has_attacker":0}
{"received packets":30,"IAT_Mean":0.032796827339673959,"IAT_Std":0.015328081369918189,"IAT_Max":0.05019792350503849,"IAT_Min":0.013279586644785013,"received_addresses":3,"max_pkt_from_sameId":10,"has_attacker":0}
{"received packets":30,"IAT_Mean":0.06445730699245662,"IAT_Std":0.04387692976237975,"IAT_Max":0.10001126110728365,"IAT_Min":0.0049369149819540329,"received_addresses":2,"max_pkt_from_sameId":20,"has_attacker":0}
{"received packets":139,"IAT_Mean":0.014317317905597324,"IAT_Std":0.02367631062400477,"IAT_Max":0.10000001527441782,"IAT_Min":0.0005145495888427831,"received_addresses":5,"max_pkt_from_sameId":89,"has_attacker":1}
{"received packets":136,"IAT_Mean":0.014555851764003713,"IAT_Std":0.013497212609456433,"IAT_Max":0.04265176147237071,"IAT_Min":0.0001132569886976853,"received_addresses":7,"max_pkt_from_sameId":34,"has_attacker":1}
{"received packets":205,"IAT_Mean":0.00965654533856872,"IAT_Std":0.009901053805932672,"IAT_Max":0.04265483345443499,"IAT_Min":0.00016299998969770968,"received_addresses":7,"max_pkt_from_sameId":80,"has_attacker":1}
{"received packets":70,"IAT_Mean":0.02827982776798308,"IAT_Std":0.017969365309259905,"IAT_Max":0.05081742651236709,"IAT_Min":0.006533210373163456,"received_addresses":4,"max_pkt_from_sameId":20,"has_attacker":0}
{"received packets":236,"IAT_Mean":0.008432650246705033,"IAT_Std":0.005145082861299187,"IAT_Max":0.022242355276830496,"IAT_Min":0.0005140011417097412,"received_addresses":4,"max_pkt_from_sameId":176,"has_attacker":1}
{"received packets":251,"IAT_Mean":0.007928714156658107,"IAT_Std":0.005110626471615987,"IAT_Max":0.020008089071779979,"IAT_Min":0.00010945822214125656,"received_addresses":6,"max_pkt_from_sameId":95,"has_attacker":1}
{"received packets":270,"IAT_Mean":0.007370771586917086,"IAT_Std":0.005047845872114778,"IAT_Max":0.020008047849842116,"IAT_Min":0.00011125332093797624,"received_addresses":6,"max_pkt_from_sameId":180,"has_attacker":1}
{"received packets":74,"IAT_Mean":0.02675131578935425,"IAT_Std":0.013243313359836307,"IAT_Max":0.04265481004767935,"IAT_Min":0.00011232846736675128,"received_addresses":5,"max_pkt_from_sameId":20,"has_attacker":1}
{"received packets":207,"IAT_Mean":0.009614060410405403,"IAT_Std":0.0077993263989512289,"IAT_Max":0.03069461560517084,"IAT_Min":0.00014729642134625465,"received_addresses":8,"max_pkt_from_sameId":86,"has_attacker":1}
{"received packets":279,"IAT_Mean":0.00713303777235677,"IAT_Std":0.005255522576274857,"IAT_Max":0.020008119216072374,"IAT_Min":0.00011450495730969124,"received_addresses":6,"max_pkt_from_sameId":180,"has_attacker":1}
{"received packets":259,"IAT_Mean":0.007683848795725656,"IAT_Std":0.00527604968317869,"IAT_Max":0.02999914080282906,"IAT_Min":0.00010853848289116286,"received_addresses":6,"max_pkt_from_sameId":174,"has_attacker":1}
