{"received packets":80,"IAT_Mean":0.024971967775400118,"IAT_Std":0.01780475235123303,"IAT_Max":0.05236822529695928,"IAT_Min":0.003167162438330706,"received_addresses":4,"max_pkt_from_sameId":20,"has_attacker":0}
{"received packets":80,"IAT_Mean":0.024971940412387995,"IAT_Std":0.01780228957446312,"IAT_Max":0.05236809369671391,"IAT_Min":0.003167158145515714,"received_addresses":4,"max_pkt_from_sameId":20,"has_attacker":0}
{"received packets":133,"IAT_Mean":0.015020712202905478,"IAT_Std":0.013514808436730778,"IAT_Max":0.05236314508874784,"IAT_Min":0.0002280797198181972,"received_addresses":7,"max_pkt_from_sameId":34,"has_attacker":1}
{"received packets":313,"IAT_Mean":0.0063826257896036089,"IAT_Std":0.007169313695016478,"IAT_Max":0.02931858454758185,"IAT_Min":0.00016300714560202323,"received_addresses":10,"max_pkt_from_sameId":145,"has_attacker":1}
{"received packets":686,"IAT_Mean":0.0029134053897335598,"IAT_Std":0.002883225272547289,"IAT_Max":0.023050752766721417,"IAT_Min":0.00011059275857405737,"received_addresses":16,"max_pkt_from_sameId":172,"has_attacker":1}
{"received packets":463,"IAT_Mean":0.00431481344142532,"IAT_Std":0.0043064602108412969,"IAT_Max":0.014043619987205603,"IAT_Min":0.00011109789920737967,"received_addresses":19,"max_pkt_from_sameId":86,"has_attacker":1}
{"received packets":684,"IAT_Mean":0.0029206974383206424,"IAT_Std":0.00253810158739482,"IAT_Max":0.020761349387612428,"IAT_Min":0.00011036334399250336,"received_addresses":17,"max_pkt_from_sameId":271,"has_attacker":1}
{"received packets":572,"IAT_Mean":0.003492583561357885,"IAT_Std":0.004185251684866622,"IAT_Max":0.023049200281093364,"IAT_Min":0.00011013032417395152,"received_addresses":17,"max_pkt_from_sameId":190,"has_attacker":1}
{"received packets":618,"IAT_Mean":0.0032353080633645699,"IAT_Std":0.003028557354609507,"IAT_Max":0.02303709757688921,"IAT_Min":0.0001065301985363476,"received_addresses":19,"max_pkt_from_sameId":288,"has_attacker":1}
{"received packets":600,"IAT_Mean":0.003329585150531784,"IAT_Std":0.00370262617985931,"IAT_Max":0.0230495925352443,"IAT_Min":0.0001088410645024851,"received_addresses":22,"max_pkt_from_sameId":105,"has_attacker":1}
{"received packets":542,"IAT_Mean":0.0036892968579343109,"IAT_Std":0.0040941703330530389,"IAT_Max":0.023044284451316345,"IAT_Min":0.00010967684283968993,"received_addresses":23,"max_pkt_from_sameId":175,"has_attacker":1}
{"received packets":708,"IAT_Mean":0.002821683500430589,"IAT_Std":0.003050769922120998,"IAT_Max":0.02304816538526211,"IAT_Min":0.0001096131163649261,"received_addresses":21,"max_pkt_from_sameId":135,"has_attacker":1}
{"received packets":436,"IAT_Mean":0.0045826096819829059,"IAT_Std":0.005001892827771577,"IAT_Max":0.02305172221895191,"IAT_Min":0.00011220857413718477,"received_addresses":22,"max_pkt_from_sameId":59,"has_attacker":1}
{"received packets":620,"IAT_Mean":0.003222193966042053,"IAT_Std":0.0033781815707724898,"IAT_Max":0.02305429308762541,"IAT_Min":0.00010962397573166527,"received_addresses":19,"max_pkt_from_sameId":251,"has_attacker":1}
{"received packets":449,"IAT_Mean":0.004449347087969594,"IAT_Std":0.00539835604716899,"IAT_Max":0.023049670326145134,"IAT_Min":0.00010753727110568434,"received_addresses":22,"max_pkt_from_sameId":64,"has_attacker":1}
{"received packets":646,"IAT_Mean":0.003092506015454776,"IAT_Std":0.0028082419647238994,"IAT_Max":0.01898503840493504,"IAT_Min":0.00010962349915644154,"received_addresses":22,"max_pkt_from_sameId":284,"has_attacker":1}
{"received packets":604,"IAT_Mean":0.0033075373044897827,"IAT_Std":0.0034906824913338086,"IAT_Max":0.01811990231726668,"IAT_Min":0.00010616429426590912,"received_addresses":24,"max_pkt_from_sameId":145,"has_attacker":1}
{"received packets":608,"IAT_Mean":0.003286901827694141,"IAT_Std":0.003067540719801843,"IAT_Max":0.018119978845788866,"IAT_Min":0.0001069234058377333,"received_addresses":24,"max_pkt_from_sameId":213,"has_attacker":1}
{"received packets":669,"IAT_Mean":0.00298617903723678,"IAT_Std":0.0029858154624359167,"IAT_Max":0.01300229487605975,"IAT_Min":0.00011859905498567969,"received_addresses":21,"max_pkt_from_sameId":153,"has_attacker":1}
{"received packets":478,"IAT_Mean":0.004179414556240631,"IAT_Std":0.003987878351441075,"IAT_Max":0.018125512695405633,"IAT_Min":0.00016300018251058646,"received_addresses":22,"max_pkt_from_sameId":97,"has_attacker":1}
{"received packets":710,"IAT_Mean":0.002816351753631672,"IAT_Std":0.0025486694846124596,"IAT_Max":0.013463211136695464,"IAT_Min":0.00010962350279442035,"received_addresses":22,"max_pkt_from_sameId":210,"has_attacker":1}
{"received packets":519,"IAT_Mean":0.003852458236014416,"IAT_Std":0.004052443253167385,"IAT_Max":0.018130422406102299,"IAT_Min":0.00011101259951828979,"received_addresses":24,"max_pkt_from_sameId":73,"has_attacker":1}
{"received packets":676,"IAT_Mean":0.002955642275228241,"IAT_Std":0.0024888969171504877,"IAT_Max":0.013463211136695464,"IAT_Min":0.00010962349915644154,"received_addresses":21,"max_pkt_from_sameId":277,"has_attacker":1}
{"received packets":590,"IAT_Mean":0.003386600885450962,"IAT_Std":0.00342013209676206,"IAT_Max":0.01410000034229597,"IAT_Min":0.00011444557821960188,"received_addresses":24,"max_pkt_from_sameId":137,"has_attacker":1}
