{"received packets":460,"IAT_Mean":0.004344591496579676,"IAT_Std":0.0046378043235803909,"IAT_Max":0.02238010030851001,"IAT_Min":0.00016300231800414622,"received_addresses":23,"max_pkt_from_sameId":20,"has_attacker":0}
{"received packets":465,"IAT_Mean":0.004297893156520635,"IAT_Std":0.0046112844322040769,"IAT_Max":0.022380149901437109,"IAT_Min":0.00016300057177431881,"received_addresses":24,"max_pkt_from_sameId":20,"has_attacker":0}
{"received packets":490,"IAT_Mean":0.004078616095381332,"IAT_Std":0.003929092102072788,"IAT_Max":0.022380174494173845,"IAT_Min":0.0001630000042496249,"received_addresses":26,"max_pkt_from_sameId":20,"has_attacker":0}
{"received packets":530,"IAT_Mean":0.003770785695739488,"IAT_Std":0.0029811560239527809,"IAT_Max":0.01312400188180618,"IAT_Min":0.00016304297969327308,"received_addresses":27,"max_pkt_from_sameId":20,"has_attacker":0}
{"received packets":569,"IAT_Mean":0.003512321964841754,"IAT_Std":0.0029458486544852678,"IAT_Max":0.013124003300617915,"IAT_Min":0.0001631058839848265,"received_addresses":29,"max_pkt_from_sameId":20,"has_attacker":0}
{"received packets":551,"IAT_Mean":0.003627070427950467,"IAT_Std":0.0030310225619105777,"IAT_Max":0.013124014712957433,"IAT_Min":0.0001631236846151296,"received_addresses":29,"max_pkt_from_sameId":20,"has_attacker":0}
{"received packets":540,"IAT_Mean":0.0037009579181930924,"IAT_Std":0.0030289348411091114,"IAT_Max":0.013124280991178239,"IAT_Min":0.00016315092943841591,"received_addresses":27,"max_pkt_from_sameId":20,"has_attacker":0}
{"received packets":570,"IAT_Mean":0.0035061749351849647,"IAT_Std":0.0030577530092800477,"IAT_Max":0.013561740579461912,"IAT_Min":0.00016308328486047685,"received_addresses":28,"max_pkt_from_sameId":24,"has_attacker":1}
{"received packets":1910,"IAT_Mean":0.0010469012858994618,"IAT_Std":0.0012948496359398154,"IAT_Max":0.011949793428357225,"IAT_Min":0.00013360241428017616,"received_addresses":26,"max_pkt_from_sameId":267,"has_attacker":1}
{"received packets":715,"IAT_Mean":0.0027951251802885814,"IAT_Std":0.002794691505544392,"IAT_Max":0.019053475039982005,"IAT_Min":0.00013464659423334524,"received_addresses":21,"max_pkt_from_sameId":236,"has_attacker":1}
{"received packets":585,"IAT_Mean":0.00341840486310106,"IAT_Std":0.003428660752565951,"IAT_Max":0.03268040402690531,"IAT_Min":0.00016300088100251742,"received_addresses":22,"max_pkt_from_sameId":212,"has_attacker":1}
{"received packets":417,"IAT_Mean":0.0047947729782564139,"IAT_Std":0.005197929295662132,"IAT_Max":0.033917301523615609,"IAT_Min":0.00011329590415698476,"received_addresses":20,"max_pkt_from_sameId":46,"has_attacker":1}
{"received packets":570,"IAT_Mean":0.0035048415605910636,"IAT_Std":0.002937467402460415,"IAT_Max":0.024818172845698429,"IAT_Min":0.00015520345914410427,"received_addresses":19,"max_pkt_from_sameId":279,"has_attacker":1}
{"received packets":527,"IAT_Mean":0.003790812173325801,"IAT_Std":0.004622985973482942,"IAT_Max":0.024830605212628144,"IAT_Min":0.00011377663031453267,"received_addresses":17,"max_pkt_from_sameId":120,"has_attacker":1}
