{"received packets":240,"IAT_Mean":0.008333303254600348,"IAT_Std":0.009549240902589527,"IAT_Max":0.0362510376071441,"IAT_Min":0.0006960063874430489,"received_addresses":12,"max_pkt_from_sameId":20,"has_attacker":0}
{"received packets":239,"IAT_Mean":0.008359696347020818,"IAT_Std":0.00951030265142241,"IAT_Max":0.036251026118407029,"IAT_Min":0.000696006329235388,"received_addresses":13,"max_pkt_from_sameId":20,"has_attacker":0}
{"received packets":192,"IAT_Mean":0.01041662064145991,"IAT_Std":0.010898426715569423,"IAT_Max":0.039735118891258029,"IAT_Min":0.0000024798137019388379,"received_addresses":11,"max_pkt_from_sameId":21,"has_attacker":0}
{"received packets":140,"IAT_Mean":0.01428570295195511,"IAT_Std":0.016130289527246965,"IAT_Max":0.052304515600553717,"IAT_Min":0.000695999973686412,"received_addresses":7,"max_pkt_from_sameId":20,"has_attacker":0}
{"received packets":70,"IAT_Mean":0.02835591386044273,"IAT_Std":0.025362309951251544,"IAT_Max":0.06738645353107131,"IAT_Min":0.000696018982125679,"received_addresses":4,"max_pkt_from_sameId":20,"has_attacker":0}
{"received packets":90,"IAT_Mean":0.022054560704580379,"IAT_Std":0.021078216430800196,"IAT_Max":0.06135117233498022,"IAT_Min":0.0060297851559880659,"received_addresses":5,"max_pkt_from_sameId":20,"has_attacker":0}
{"received packets":359,"IAT_Mean":0.005566913163313991,"IAT_Std":0.004229859645407765,"IAT_Max":0.018671245372388513,"IAT_Min":0.0001630000042496249,"received_addresses":22,"max_pkt_from_sameId":20,"has_attacker":0}
{"received packets":972,"IAT_Mean":0.00205754789836916,"IAT_Std":0.0022989826235831855,"IAT_Max":0.011519524807226844,"IAT_Min":0.00016299998605973087,"received_addresses":28,"max_pkt_from_sameId":108,"has_attacker":1}
{"received packets":1414,"IAT_Mean":0.0014143890991866139,"IAT_Std":0.001169581226314242,"IAT_Max":0.0041020009011845108,"IAT_Min":0.00016300013157888316,"received_addresses":27,"max_pkt_from_sameId":200,"has_attacker":1}
{"received packets":586,"IAT_Mean":0.00341044797622853,"IAT_Std":0.0037639619869473098,"IAT_Max":0.01983900000413996,"IAT_Min":0.0001553741458337754,"received_addresses":20,"max_pkt_from_sameId":104,"has_attacker":1}
{"received packets":422,"IAT_Mean":0.0047358186840326219,"IAT_Std":0.0048337263465655778,"IAT_Max":0.021849346168892226,"IAT_Min":0.0001592700973560568,"received_addresses":18,"max_pkt_from_sameId":46,"has_attacker":1}
{"received packets":374,"IAT_Mean":0.005343628225101107,"IAT_Std":0.004754726474008432,"IAT_Max":0.021849447577551474,"IAT_Min":0.00015591554620186798,"received_addresses":19,"max_pkt_from_sameId":64,"has_attacker":1}
{"received packets":330,"IAT_Mean":0.0060561266323047959,"IAT_Std":0.0060617390959581689,"IAT_Max":0.03221322777608293,"IAT_Min":0.00016329982463503256,"received_addresses":16,"max_pkt_from_sameId":81,"has_attacker":1}
{"received packets":453,"IAT_Mean":0.004411747295415994,"IAT_Std":0.0037809370515444419,"IAT_Max":0.01787601297837682,"IAT_Min":0.00011131002611364238,"received_addresses":21,"max_pkt_from_sameId":102,"has_attacker":1}
{"received packets":317,"IAT_Mean":0.0062950301960692559,"IAT_Std":0.005159835666030629,"IAT_Max":0.020236421394656646,"IAT_Min":0.00011095864829258062,"received_addresses":17,"max_pkt_from_sameId":51,"has_attacker":1}
{"received packets":294,"IAT_Mean":0.006787527555531108,"IAT_Std":0.006724810779859462,"IAT_Max":0.02671024075243622,"IAT_Min":0.00016300521019729786,"received_addresses":18,"max_pkt_from_sameId":22,"has_attacker":1}
{"received packets":366,"IAT_Mean":0.005452256296490812,"IAT_Std":0.006207498779987371,"IAT_Max":0.02671024151641177,"IAT_Min":0.00016300562128890306,"received_addresses":18,"max_pkt_from_sameId":85,"has_attacker":1}
{"received packets":427,"IAT_Mean":0.004673361712613781,"IAT_Std":0.004476950026859175,"IAT_Max":0.02197311693817028,"IAT_Min":0.00016329186837538145,"received_addresses":15,"max_pkt_from_sameId":165,"has_attacker":1}
{"received packets":405,"IAT_Mean":0.0049272404981753358,"IAT_Std":0.006237714688845336,"IAT_Max":0.0267196885724843,"IAT_Min":0.00015592101044603623,"received_addresses":18,"max_pkt_from_sameId":69,"has_attacker":1}
{"received packets":312,"IAT_Mean":0.006379410653689541,"IAT_Std":0.007533369881761646,"IAT_Max":0.031872826904873367,"IAT_Min":0.0001630665828997735,"received_addresses":17,"max_pkt_from_sameId":32,"has_attacker":1}
{"received packets":300,"IAT_Mean":0.00663457274051325,"IAT_Std":0.008034353953179873,"IAT_Max":0.031875886088528208,"IAT_Min":0.00016304890232277103,"received_addresses":15,"max_pkt_from_sameId":20,"has_attacker":1}
{"received packets":406,"IAT_Mean":0.0049025739238822119,"IAT_Std":0.004642707041891843,"IAT_Max":0.022232480721868343,"IAT_Min":0.00016301782306982204,"received_addresses":15,"max_pkt_from_sameId":149,"has_attacker":1}
{"received packets":398,"IAT_Mean":0.005000274355753486,"IAT_Std":0.005841207791107939,"IAT_Max":0.03177590191262425,"IAT_Min":0.00015194663501461037,"received_addresses":17,"max_pkt_from_sameId":83,"has_attacker":1}
{"received packets":404,"IAT_Mean":0.004925223793098568,"IAT_Std":0.006254990177173763,"IAT_Max":0.0318063501654251,"IAT_Min":0.00015592867566738278,"received_addresses":18,"max_pkt_from_sameId":49,"has_attacker":1}
{"received packets":234,"IAT_Mean":0.008505860945085735,"IAT_Std":0.009510541024309188,"IAT_Max":0.03538764879704104,"IAT_Min":0.0002691146328288596,"received_addresses":15,"max_pkt_from_sameId":20,"has_attacker":1}
{"received packets":281,"IAT_Mean":0.007083440842756337,"IAT_Std":0.008948493359959514,"IAT_Max":0.03538764879704104,"IAT_Min":0.00016304890232277103,"received_addresses":14,"max_pkt_from_sameId":62,"has_attacker":1}
{"received packets":395,"IAT_Mean":0.005039169195920812,"IAT_Std":0.00462238398164915,"IAT_Max":0.019683029124280439,"IAT_Min":0.00016319064525305294,"received_addresses":14,"max_pkt_from_sameId":169,"has_attacker":1}
{"received packets":320,"IAT_Mean":0.006220191316708678,"IAT_Std":0.006050848061749247,"IAT_Max":0.0210644630024035,"IAT_Min":0.00016304897508234717,"received_addresses":15,"max_pkt_from_sameId":39,"has_attacker":1}
{"received packets":332,"IAT_Mean":0.0059950908832970858,"IAT_Std":0.006484507662333713,"IAT_Max":0.024397903762292118,"IAT_Min":0.0001630057486181613,"received_addresses":18,"max_pkt_from_sameId":33,"has_attacker":1}
{"received packets":310,"IAT_Mean":0.006420562398078243,"IAT_Std":0.00678555018091802,"IAT_Max":0.024397547593252967,"IAT_Min":0.00010885008668992668,"received_addresses":18,"max_pkt_from_sameId":20,"has_attacker":1}
{"received packets":446,"IAT_Mean":0.0044742932046256309,"IAT_Std":0.0033189370846043394,"IAT_Max":0.01672841612889897,"IAT_Min":0.00016329186473740265,"received_addresses":16,"max_pkt_from_sameId":176,"has_attacker":1}
{"received packets":458,"IAT_Mean":0.004357041242699811,"IAT_Std":0.003346356625170574,"IAT_Max":0.012371177461318439,"IAT_Min":0.00011777508916566148,"received_addresses":19,"max_pkt_from_sameId":94,"has_attacker":1}
{"received packets":432,"IAT_Mean":0.004619273014196989,"IAT_Std":0.0035027240070272479,"IAT_Max":0.012208457432279829,"IAT_Min":0.00016308348131133243,"received_addresses":18,"max_pkt_from_sameId":106,"has_attacker":1}
{"received packets":304,"IAT_Mean":0.006564256406363711,"IAT_Std":0.004697733304232753,"IAT_Max":0.016737268975703047,"IAT_Min":0.00016331460210494697,"received_addresses":17,"max_pkt_from_sameId":20,"has_attacker":1}
{"received packets":375,"IAT_Mean":0.005321398496278561,"IAT_Std":0.004159920397982869,"IAT_Max":0.01673704248969443,"IAT_Min":0.0002022918670263607,"received_addresses":16,"max_pkt_from_sameId":85,"has_attacker":1}
{"received packets":462,"IAT_Mean":0.004319317836466699,"IAT_Std":0.0028228964800387885,"IAT_Max":0.009998331810493255,"IAT_Min":0.00010751118679763749,"received_addresses":15,"max_pkt_from_sameId":182,"has_attacker":1}
{"received packets":397,"IAT_Mean":0.0050265192021882649,"IAT_Std":0.003704563907933996,"IAT_Max":0.016731133404391586,"IAT_Min":0.0001079112698789686,