{"received packets":10,"IAT_Mean":0.19723151700236486,"IAT_Std":0.29169595033473619,"IAT_Max":1.072319367871387,"IAT_Min":0.09998942245874787,"received_addresses":1,"max_pkt_from_sameId":10,"has_attacker":0}
{"received packets":20,"IAT_Mean":0.09861591460521595,"IAT_Std":0.006033231853343577,"IAT_Max":0.10000897778445506,"IAT_Min":0.07231767959456193,"received_addresses":1,"max_pkt_from_sameId":20,"has_attacker":0}
{"received packets":50,"IAT_Mean":0.03972114039381267,"IAT_Std":0.037702228629370958,"IAT_Max":0.08626095714134863,"IAT_Min":0.0017148171609733254,"received_addresses":3,"max_pkt_from_sameId":20,"has_attacker":0}
{"received packets":244,"IAT_Mean":0.008156174881464052,"IAT_Std":0.003283737730996884,"IAT_Max":0.020162762582913275,"IAT_Min":0.0002689618486328982,"received_addresses":4,"max_pkt_from_sameId":194,"has_attacker":1}
{"received packets":204,"IAT_Mean":0.00973556789966667,"IAT_Std":0.00915257924174247,"IAT_Max":0.03617325284722028,"IAT_Min":0.0001514694740762934,"received_addresses":6,"max_pkt_from_sameId":72,"has_attacker":1}
{"received packets":106,"IAT_Mean":0.01873645600385059,"IAT_Std":0.0060307054349923879,"IAT_Max":0.03618906455449178,"IAT_Min":0.00010787704741233028,"received_addresses":7,"max_pkt_from_sameId":20,"has_attacker":0}
{"received packets":115,"IAT_Mean":0.017270057732505098,"IAT_Std":0.007210110678531411,"IAT_Max":0.03618757133517647,"IAT_Min":0.00010932941222563386,"received_addresses":7,"max_pkt_from_sameId":20,"has_attacker":0}
{"received packets":189,"IAT_Mean":0.010530554227770871,"IAT_Std":0.012999589338268383,"IAT_Max":0.05870330355173792,"IAT_Min":0.00015072446331032552,"received_addresses":6,"max_pkt_from_sameId":64,"has_attacker":1}
{"received packets":325,"IAT_Mean":0.006123903891465698,"IAT_Std":0.0046988518571786249,"IAT_Max":0.01598607104824623,"IAT_Min":0.00011381736840121448,"received_addresses":5,"max_pkt_from_sameId":174,"has_attacker":1}
{"received packets":81,"IAT_Mean":0.024241146034506126,"IAT_Std":0.013269485112387878,"IAT_Max":0.046736063704884148,"IAT_Min":0.00010678829858079553,"received_addresses":5,"max_pkt_from_sameId":20,"has_attacker":1}
{"received packets":109,"IAT_Mean":0.018014105955594586,"IAT_Std":0.013870041742523194,"IAT_Max":0.05870403294466087,"IAT_Min":0.0019622432555479465,"received_addresses":5,"max_pkt_from_sameId":33,"has_attacker":1}
{"received packets":195,"IAT_Mean":0.010233459706610004,"IAT_Std":0.006353153494923136,"IAT_Max":0.030170277277647985,"IAT_Min":0.0005179322033654898,"received_addresses":7,"max_pkt_from_sameId":87,"has_attacker":1}
{"received packets":343,"IAT_Mean":0.005817876486038978,"IAT_Std":0.004506190842423667,"IAT_Max":0.021965097083011643,"IAT_Min":0.0001512647831987124,"received_addresses":8,"max_pkt_from_sameId":157,"has_attacker":1}
{"received packets":234,"IAT_Mean":0.00852788342650518,"IAT_Std":0.007128039768631673,"IAT_Max":0.024753252775553848,"IAT_Min":0.00011463506234576926,"received_addresses":8,"max_pkt_from_sameId":82,"has_attacker":1}
{"received packets":150,"IAT_Mean":0.013303491064046587,"IAT_Std":0.007254071477890818,"IAT_Max":0.02474025271294522,"IAT_Min":0.0019570000767998865,"received_addresses":8,"max_pkt_from_sameId":20,"has_attacker":0}
{"received packets":171,"IAT_Mean":0.01166977909824124,"IAT_Std":0.0069763061116467,"IAT_Max":0.026704256913944847,"IAT_Min":0.0019570000767998865,"received_addresses":9,"max_pkt_from_sameId":20,"has_attacker":1}
{"received packets":264,"IAT_Mean":0.00755884111351241,"IAT_Std":0.006124192506273204,"IAT_Max":0.026704164720285918,"IAT_Min":0.0001512670387455728,"received_addresses":10,"max_pkt_from_sameId":77,"has_attacker":1}
{"received packets":372,"IAT_Mean":0.0053501887445999009,"IAT_Std":0.004965499203934838,"IAT_Max":0.019839009652059759,"IAT_Min":0.00011705404904205352,"received_addresses":8,"max_pkt_from_sameId":163,"has_attacker":1}
{"received packets":122,"IAT_Mean":0.016226181577517534,"IAT_Std":0.012325062729552543,"IAT_Max":0.04265846197085921,"IAT_Min":0.0001052129919116851,"received_addresses":8,"max_pkt_from_sameId":20,"has_attacker":1}
{"received packets":327,"IAT_Mean":0.006086995068449628,"IAT_Std":0.005739304371647888,"IAT_Max":0.031809107793378647,"IAT_Min":0.00025409005320398137,"received_addresses":14,"max_pkt_from_sameId":90,"has_attacker":1}
{"received packets":186,"IAT_Mean":0.010701464262530608,"IAT_Std":0.009634637870440177,"IAT_Max":0.03332627918643993,"IAT_Min":0.0007222619824460708,"received_addresses":13,"max_pkt_from_sameId":20,"has_attacker":1}
{"received packets":251,"IAT_Mean":0.007928719701198699,"IAT_Std":0.00827157568957662,"IAT_Max":0.03333437524997862,"IAT_Min":0.00016314891036017798,"received_addresses":7,"max_pkt_from_sameId":117,"has_attacker":1}
{"received packets":199,"IAT_Mean":0.009990001967383446,"IAT_Std":0.010272411955105992,"IAT_Max":0.03423600056703435,"IAT_Min":0.00011264500062679872,"received_addresses":7,"max_pkt_from_sameId":64,"has_attacker":1}
{"received packets":98,"IAT_Mean":0.020285779354132818,"IAT_Std":0.014338075793909696,"IAT_Max":0.05080917786472128,"IAT_Min":0.0065337066662323199,"received_addresses":5,"max_pkt_from_sameId":20,"has_attacker":0}
{"received packets":80,"IAT_Mean":0.024850065037071546,"IAT_Std":0.018462850737175533,"IAT_Max":0.05082104233588325,"IAT_Min":0.006533369025419233,"received_addresses":4,"max_pkt_from_sameId":20,"has_attacker":0}
{"received packets":176,"IAT_Mean":0.011307427512437326,"IAT_Std":0.012406749061606122,"IAT_Max":0.0508212167333113,"IAT_Min":0.0005140656903677154,"received_addresses":6,"max_pkt_from_sameId":86,"has_attacker":1}
{"received packets":290,"IAT_Mean":0.006862442117173863,"IAT_Std":0.004992177529302379,"IAT_Max":0.020008047849842116,"IAT_Min":0.00011124218872282654,"received_addresses":7,"max_pkt_from_sameId":180,"has_attacker":1}
{"received packets":94,"IAT_Mean":0.021149102860401903,"IAT_Std":0.013117394157688032,"IAT_Max":0.04167992276052246,"IAT_Min":0.00011221398017369211,"received_addresses":6,"max_pkt_from_sameId":20,"has_attacker":1}
{"received packets":91,"IAT_Mean":0.021846264014879287,"IAT_Std":0.013188800265886675,"IAT_Max":0.05009303440601798,"IAT_Min":0.0013546974405471702,"received_addresses":6,"max_pkt_from_sameId":20,"has_attacker":0}
{"received packets":89,"IAT_Mean":0.022337268277338258,"IAT_Std":0.01592223146912744,"IAT_Max":0.0500934435367526,"IAT_Min":0.0010210227555944585,"received_addresses":5,"max_pkt_from_sameId":20,"has_attacker":0}
{"received packets":294,"IAT_Mean":0.006769102550334247,"IAT_Std":0.005229033510758808,"IAT_Max":0.032190278951020449,"IAT_Min":0.00021303606263245456,"received_addresses":7,"max_pkt_from_sameId":174,"has_attacker":1}
