{"received packets":240,"IAT_Mean":0.008333303020890526,"IAT_Std":0.009309230122675242,"IAT_Max":0.036251011755666698,"IAT_Min":0.0006960076570976526,"received_addresses":12,"max_pkt_from_sameId":20,"has_attacker":0}
{"received packets":249,"IAT_Mean":0.008023965491530585,"IAT_Std":0.009010004696148584,"IAT_Max":0.03625101624857052,"IAT_Min":0.0006960076607356314,"received_addresses":13,"max_pkt_from_sameId":20,"has_attacker":0}
