{"received packets":247,"IAT_Mean":0.008091183648355633,"IAT_Std":0.06415095056639245,"IAT_Max":1.0130038286479249,"IAT_Min":0.00016304429664160125,"received_addresses":25,"max_pkt_from_sameId":10,"has_attacker":0}
{"received packets":510,"IAT_Mean":0.003918660240122014,"IAT_Std":0.003109604431352521,"IAT_Max":0.01312507771217497,"IAT_Min":0.0001630027254577726,"received_addresses":26,"max_pkt_from_sameId":20,"has_attacker":0}
{"received packets":520,"IAT_Mean":0.003843290998114613,"IAT_Std":0.0030321956569401566,"IAT_Max":0.01312469815093209,"IAT_Min":0.00016300106653943658,"received_addresses":26,"max_pkt_from_sameId":20,"has_attacker":0}
{"received packets":529,"IAT_Mean":0.00377791256499743,"IAT_Std":0.0029581661679760156,"IAT_Max":0.01312431584301521,"IAT_Min":0.0001630010738153942,"received_addresses":27,"max_pkt_from_sameId":20,"has_attacker":0}
{"received packets":521,"IAT_Mean":0.003835925295645766,"IAT_Std":0.002953349176182538,"IAT_Max":0.013124126973707462,"IAT_Min":0.00016300156130455434,"received_addresses":27,"max_pkt_from_sameId":20,"has_attacker":0}
{"received packets":560,"IAT_Mean":0.0035687850654280088,"IAT_Std":0.00297394216846578,"IAT_Max":0.013124460911058123,"IAT_Min":0.00016300630159093998,"received_addresses":27,"max_pkt_from_sameId":24,"has_attacker":1}
{"received packets":1855,"IAT_Mean":0.0010779414418598418,"IAT_Std":0.00127689457802268,"IAT_Max":0.012910432651551674,"IAT_Min":0.00013359799049794674,"received_addresses":26,"max_pkt_from_sameId":267,"has_attacker":1}
{"received packets":629,"IAT_Mean":0.0031772889199359725,"IAT_Std":0.003366930185692748,"IAT_Max":0.02636655825699563,"IAT_Min":0.00013464371295413002,"received_addresses":23,"max_pkt_from_sameId":222,"has_attacker":1}
{"received packets":686,"IAT_Mean":0.0029151116252288209,"IAT_Std":0.0025013960800839318,"IAT_Max":0.030377098762983225,"IAT_Min":0.0001228998698934447,"received_addresses":25,"max_pkt_from_sameId":211,"has_attacker":1}
{"received packets":563,"IAT_Mean":0.0035513672449254969,"IAT_Std":0.0036057276122004008,"IAT_Max":0.033192349765158727,"IAT_Min":0.00011289317990303971,"received_addresses":21,"max_pkt_from_sameId":109,"has_attacker":1}
{"received packets":619,"IAT_Mean":0.003227397333289894,"IAT_Std":0.002782635337912164,"IAT_Max":0.024819643167575124,"IAT_Min":0.00015542157780146226,"received_addresses":21,"max_pkt_from_sameId":279,"has_attacker":1}
{"received packets":669,"IAT_Mean":0.0029864470799371249,"IAT_Std":0.0031189316042144674,"IAT_Max":0.02394298234139569,"IAT_Min":0.00011303377686999738,"received_addresses":21,"max_pkt_from_sameId":146,"has_attacker":1}
{"received packets":494,"IAT_Mean":0.004044038240727061,"IAT_Std":0.0038863223594584308,"IAT_Max":0.029569431961135707,"IAT_Min":0.00015932521273498423,"received_addresses":16,"max_pkt_from_sameId":251,"has_attacker":1}
{"received packets":515,"IAT_Mean":0.003879134737762444,"IAT_Std":0.004517212622558719,"IAT_Max":0.028095719437260415,"IAT_Min":0.00010951194781227969,"received_addresses":19,"max_pkt_from_sameId":135,"has_attacker":1}
{"received packets":455,"IAT_Mean":0.004390684726096659,"IAT_Std":0.005059558273325319,"IAT_Max":0.02519176785790478,"IAT_Min":0.00011439441004768014,"received_addresses":19,"max_pkt_from_sameId":135,"has_attacker":1}
{"received packets":746,"IAT_Mean":0.0026790822358505386,"IAT_Std":0.0026213969274763977,"IAT_Max":0.01692750501752016,"IAT_Min":0.00011600450307014398,"received_addresses":19,"max_pkt_from_sameId":174,"has_attacker":1}
{"received packets":712,"IAT_Mean":0.0028058404921906139,"IAT_Std":0.002590098126594887,"IAT_Max":0.021927095425780864,"IAT_Min":0.00011054343849536963,"received_addresses":20,"max_pkt_from_sameId":269,"has_attacker":1}
{"received packets":703,"IAT_Mean":0.0028417595331508658,"IAT_Std":0.002633697235808005,"IAT_Max":0.021470354353368749,"IAT_Min":0.00010543087410042062,"received_addresses":20,"max_pkt_from_sameId":271,"has_attacker":1}
{"received packets":763,"IAT_Mean":0.0026182933098648469,"IAT_Std":0.0024431669622690329,"IAT_Max":0.01660800969330012,"IAT_Min":0.00011060091128456406,"received_addresses":20,"max_pkt_from_sameId":183,"has_attacker":1}
{"received packets":734,"IAT_Mean":0.0027240055934700097,"IAT_Std":0.002244567094331055,"IAT_Max":0.016608000001724578,"IAT_Min":0.00011710104445228353,"received_addresses":20,"max_pkt_from_sameId":288,"has_attacker":1}
{"received packets":732,"IAT_Mean":0.002729168396394503,"IAT_Std":0.0029823800144702157,"IAT_Max":0.02130100000067614,"IAT_Min":0.00010875695079448633,"received_addresses":21,"max_pkt_from_sameId":214,"has_attacker":1}
{"received packets":723,"IAT_Mean":0.0027656968244675736,"IAT_Std":0.0022631420405535178,"IAT_Max":0.016608000001724578,"IAT_Min":0.0001561307071824558,"received_addresses":21,"max_pkt_from_sameId":217,"has_attacker":1}
{"received packets":757,"IAT_Mean":0.002639038466412145,"IAT_Std":0.0027683720679628485,"IAT_Max":0.02825200531151495,"IAT_Min":0.00011280428589088842,"received_addresses":20,"max_pkt_from_sameId":205,"has_attacker":1}
{"received packets":688,"IAT_Mean":0.002904095581074174,"IAT_Std":0.0032622297615529868,"IAT_Max":0.030599439636716853,"IAT_Min":0.00011212575191166252,"received_addresses":21,"max_pkt_from_sameId":249,"has_attacker":1}
{"received packets":673,"IAT_Mean":0.0029684405192050148,"IAT_Std":0.0024452310332534856,"IAT_Max":0.021456999998918037,"IAT_Min":0.00010600895984680392,"received_addresses":20,"max_pkt_from_sameId":251,"has_attacker":1}
{"received packets":706,"IAT_Mean":0.0028296842110159339,"IAT_Std":0.0023189951436531385,"IAT_Max":0.01660800968966214,"IAT_Min":0.00010747609849204309,"received_addresses":20,"max_pkt_from_sameId":212,"has_attacker":1}
{"received packets":684,"IAT_Mean":0.002920700433424981,"IAT_Std":0.002456153869573156,"IAT_Max":0.01898512684419984,"IAT_Min":0.00011478765372885391,"received_addresses":20,"max_pkt_from_sameId":284,"has_attacker":1}
{"received packets":749,"IAT_Mean":0.0026688154109587986,"IAT_Std":0.0022327207072432807,"IAT_Max":0.012228501080244314,"IAT_Min":0.00010610313984216191,"received_addresses":22,"max_pkt_from_sameId":247,"has_attacker":1}
{"received packets":721,"IAT_Mean":0.002771756241442408,"IAT_Std":0.002086189499090671,"IAT_Max":0.011993283431365854,"IAT_Min":0.00010679652041289955,"received_addresses":20,"max_pkt_from_sameId":214,"has_attacker":1}
{"received packets":786,"IAT_Mean":0.0025416717384100608,"IAT_Std":0.002188880696277778,"IAT_Max":0.0169274402433075,"IAT_Min":0.00010725027459557168,"received_addresses":20,"max_pkt_from_sameId":275,"has_attacker":1}
{"received packets":667,"IAT_Mean":0.002995142981046905,"IAT_Std":0.0025410360293616669,"IAT_Max":0.014106092352449196,"IAT_Min":0.0001630000006116461,"received_addresses":20,"max_pkt_from_sameId":229,"has_attacker":1}
{"received packets":762,"IAT_Mean":0.002624159936984386,"IAT_Std":0.002156682249821287,"IAT_Max":0.016927440239669524,"IAT_Min":0.0001073687817552127,"received_addresses":20,"max_pkt_from_sameId":213,"has_attacker":1}
{"received packets":736,"IAT_Mean":0.0027166110914806824,"IAT_Std":0.0023194566590949256,"IAT_Max":0.014093092358962167,"IAT_Min":0.00011095143781858496,"received_addresses":21,"max_pkt_from_sameId":230,"has_attacker":1}
{"received packets":682,"IAT_Mean":0.002929639743350706,"IAT_Std":0.0024326846685638265,"IAT_Max":0.019755531608097955,"IAT_Min":0.00010876396845560521,"received_addresses":19,"max_pkt_from_sameId":278,"has_attacker":1}
{"received packets":739,"IAT_Mean":0.0027037812353759886,"IAT_Std":0.0023110912357527694,"IAT_Max":0.0120850924977276,"IAT_Min":0.00011438442015787587,"received_addresses":21,"max_pkt_from_sameId":231,"has_attacker":1}
