{"received packets":212,"IAT_Mean":0.009431228931409249,"IAT_Std":0.06944720493428124,"IAT_Max":1.0146570862889349,"IAT_Min":0.00015131861800909974,"received_addresses":18,"max_pkt_from_sameId":29,"has_attacker":1}
{"received packets":578,"IAT_Mean":0.0034563316944907025,"IAT_Std":0.0029752967123005868,"IAT_Max":0.03170220839456306,"IAT_Min":0.00015525137132499367,"received_addresses":20,"max_pkt_from_sameId":279,"has_attacker":1}
{"received packets":530,"IAT_Mean":0.0037693544615220438,"IAT_Std":0.005030711737504647,"IAT_Max":0.03524202512198826,"IAT_Min":0.00011380576688679866,"received_addresses":17,"max_pkt_from_sameId":122,"has_attacker":1}
{"received packets":468,"IAT_Mean":0.004268708673158922,"IAT_Std":0.003901938840032496,"IAT_Max":0.03195893192605581,"IAT_Min":0.00011187223572051153,"received_addresses":14,"max_pkt_from_sameId":250,"has_attacker":1}
{"received packets":586,"IAT_Mean":0.003409138485999035,"IAT_Std":0.003640683109076156,"IAT_Max":0.034517269719799518,"IAT_Min":0.00010859822214115411,"received_addresses":16,"max_pkt_from_sameId":217,"has_attacker":1}
{"received packets":380,"IAT_Mean":0.00525726921795898,"IAT_Std":0.005561899834469778,"IAT_Max":0.03251318362163147,"IAT_Min":0.00012432017683750018,"received_addresses":15,"max_pkt_from_sameId":134,"has_attacker":1}
{"received packets":626,"IAT_Mean":0.0031926434729338014,"IAT_Std":0.0030729372194695078,"IAT_Max":0.035226213363785067,"IAT_Min":0.00013033482537139207,"received_addresses":15,"max_pkt_from_sameId":174,"has_attacker":1}
{"received packets":565,"IAT_Mean":0.0035358567361949649,"IAT_Std":0.0034333104661615576,"IAT_Max":0.024794312284939225,"IAT_Min":0.00010925718743237667,"received_addresses":20,"max_pkt_from_sameId":191,"has_attacker":1}
{"received packets":487,"IAT_Mean":0.004091197927203041,"IAT_Std":0.004960493830822775,"IAT_Max":0.047328392654890197,"IAT_Min":0.00011326668754918501,"received_addresses":18,"max_pkt_from_sameId":182,"has_attacker":1}
{"received packets":560,"IAT_Mean":0.0035653505175559988,"IAT_Std":0.0031983190581244818,"IAT_Max":0.02408760272737709,"IAT_Min":0.00015201019778032787,"received_addresses":9,"max_pkt_from_sameId":194,"has_attacker":1}
{"received packets":278,"IAT_Mean":0.007192749019333546,"IAT_Std":0.007950678639909366,"IAT_Max":0.03729257460508961,"IAT_Min":0.00010556559209362604,"received_addresses":9,"max_pkt_from_sameId":115,"has_attacker":1}
{"received packets":421,"IAT_Mean":0.0047393279928742248,"IAT_Std":0.005436804015934869,"IAT_Max":0.03713959721062565,"IAT_Min":0.00011122694195364602,"received_addresses":9,"max_pkt_from_sameId":126,"has_attacker":1}
{"received packets":3,"IAT_Mean":0.0032687324346625248,"IAT_Std":0.001376921139917747,"IAT_Max":0.004843000016990118,"IAT_Min":0.0014890620332153049,"received_addresses":2,"max_pkt_from_sameId":2,"has_attacker":1}
{"received packets":10,"IAT_Mean":0.1932467325270409,"IAT_Std":0.27973790581701415,"IAT_Max":1.0324604496490793,"IAT_Min":0.09998894084856147,"received_addresses":1,"max_pkt_from_sameId":10,"has_attacker":0}
{"received packets":9,"IAT_Mean":0.21149730080287555,"IAT_Std":0.3153604345719717,"IAT_Max":1.1034713079825452,"IAT_Min":0.09999542740843026,"received_addresses":1,"max_pkt_from_sameId":9,"has_attacker":0}
{"received packets":263,"IAT_Mean":0.007583950034529391,"IAT_Std":0.010652486008015897,"IAT_Max":0.05194470712376642,"IAT_Min":0.00016302081712638028,"received_addresses":7,"max_pkt_from_sameId":163,"has_attacker":1}
{"received packets":122,"IAT_Mean":0.016349011959272368,"IAT_Std":0.015871982411515656,"IAT_Max":0.05194221216152073,"IAT_Min":0.000106362142105354,"received_addresses":6,"max_pkt_from_sameId":22,"has_attacker":1}
{"received packets":515,"IAT_Mean":0.0038804588851561879,"IAT_Std":0.0034239848439826549,"IAT_Max":0.020451265554584098,"IAT_Min":0.00016300071001751348,"received_addresses":15,"max_pkt_from_sameId":213,"has_attacker":1}
{"received packets":528,"IAT_Mean":0.0037836247968932709,"IAT_Std":0.004109336052034393,"IAT_Max":0.020754342429427198,"IAT_Min":0.00010733259114203975,"received_addresses":20,"max_pkt_from_sameId":95,"has_attacker":1}
{"received packets":485,"IAT_Mean":0.004119093272858719,"IAT_Std":0.0037887604004546049,"IAT_Max":0.014458323828876019,"IAT_Min":0.00016300527204293758,"received_addresses":22,"max_pkt_from_sameId":97,"has_attacker":1}
{"received packets":668,"IAT_Mean":0.0029906537403836346,"IAT_Std":0.002918524842889927,"IAT_Max":0.014452311570494203,"IAT_Min":0.00010946613838314079,"received_addresses":22,"max_pkt_from_sameId":212,"has_attacker":1}
{"received packets":461,"IAT_Mean":0.004337149331976337,"IAT_Std":0.004196718373572196,"IAT_Max":0.014458499372267397,"IAT_Min":0.00011095502850366756,"received_addresses":24,"max_pkt_from_sameId":34,"has_attacker":1}
{"received packets":667,"IAT_Mean":0.0029951427138763598,"IAT_Std":0.0025715221553855589,"IAT_Max":0.014444366366660688,"IAT_Min":0.00010975961049553007,"received_addresses":21,"max_pkt_from_sameId":277,"has_attacker":1}
{"received packets":492,"IAT_Mean":0.0040611681416869139,"IAT_Std":0.0039702134931575128,"IAT_Max":0.014458366706094239,"IAT_Min":0.00011455464118625969,"received_addresses":23,"max_pkt_from_sameId":68,"has_attacker":1}
