{"received packets":558,"IAT_Mean":0.003581562876649928,"IAT_Std":0.004104916052807683,"IAT_Max":0.02238001689693192,"IAT_Min":0.000163208635058254,"received_addresses":28,"max_pkt_from_sameId":20,"has_attacker":0}
{"received packets":532,"IAT_Mean":0.0037566170157901127,"IAT_Std":0.004167912341770293,"IAT_Max":0.022380066257028376,"IAT_Min":0.00016311818035319448,"received_addresses":28,"max_pkt_from_sameId":20,"has_attacker":0}
{"received packets":500,"IAT_Mean":0.003997043808405578,"IAT_Std":0.0037352877916681187,"IAT_Max":0.022380155711289264,"IAT_Min":0.00016301577488775365,"received_addresses":27,"max_pkt_from_sameId":20,"has_attacker":0}
{"received packets":530,"IAT_Mean":0.003770785976618908,"IAT_Std":0.0030049715427571679,"IAT_Max":0.013124006567522884,"IAT_Min":0.00016307123587466776,"received_addresses":27,"max_pkt_from_sameId":20,"has_attacker":0}
{"received packets":560,"IAT_Mean":0.0035687705368608088,"IAT_Std":0.0028704710644569645,"IAT_Max":0.013124005796271377,"IAT_Min":0.00016334256724803708,"received_addresses":28,"max_pkt_from_sameId":20,"has_attacker":0}
{"received packets":571,"IAT_Mean":0.0035000285151941198,"IAT_Std":0.002815965782953024,"IAT_Max":0.013124017397785792,"IAT_Min":0.00016367313219234347,"received_addresses":30,"max_pkt_from_sameId":20,"has_attacker":0}
{"received packets":590,"IAT_Mean":0.003387318510684023,"IAT_Std":0.0028439019542224979,"IAT_Max":0.013124286488164217,"IAT_Min":0.00016401789980591275,"received_addresses":30,"max_pkt_from_sameId":20,"has_attacker":0}
{"received packets":620,"IAT_Mean":0.0032234201669838985,"IAT_Std":0.002836643001645595,"IAT_Max":0.01312466686067637,"IAT_Min":0.00010891166675719433,"received_addresses":30,"max_pkt_from_sameId":24,"has_attacker":1}
{"received packets":2116,"IAT_Mean":0.000944982032075348,"IAT_Std":0.0011761966004575423,"IAT_Max":0.010628298910887679,"IAT_Min":0.00012141864499426447,"received_addresses":29,"max_pkt_from_sameId":268,"has_attacker":1}
{"received packets":793,"IAT_Mean":0.0025201960792834755,"IAT_Std":0.0026996702566167505,"IAT_Max":0.021966006239381387,"IAT_Min":0.00013500863133231178,"received_addresses":25,"max_pkt_from_sameId":245,"has_attacker":1}
{"received packets":764,"IAT_Mean":0.002617283926294324,"IAT_Std":0.00264096839181905,"IAT_Max":0.03126202974453918,"IAT_Min":0.00015427387188537978,"received_addresses":26,"max_pkt_from_sameId":215,"has_attacker":1}
{"received packets":774,"IAT_Mean":0.002583228923296786,"IAT_Std":0.0027657914656892569,"IAT_Max":0.03266408661875175,"IAT_Min":0.00011223368346691132,"received_addresses":22,"max_pkt_from_sameId":226,"has_attacker":1}
{"received packets":687,"IAT_Mean":0.0029079453555720159,"IAT_Std":0.002500415460837997,"IAT_Max":0.016608000001724578,"IAT_Min":0.00011525719310157001,"received_addresses":23,"max_pkt_from_sameId":279,"has_attacker":1}
{"received packets":771,"IAT_Mean":0.002591352448969149,"IAT_Std":0.0026626171453396948,"IAT_Max":0.024830649705108955,"IAT_Min":0.00011255180652369745,"received_addresses":23,"max_pkt_from_sameId":179,"has_attacker":1}
{"received packets":711,"IAT_Mean":0.0028097814124451038,"IAT_Std":0.0022394823666902986,"IAT_Max":0.016608000001724578,"IAT_Min":0.00011078251918661408,"received_addresses":20,"max_pkt_from_sameId":252,"has_attacker":1}
{"received packets":736,"IAT_Mean":0.0027143399012174997,"IAT_Std":0.002862997431576803,"IAT_Max":0.021434588521515253,"IAT_Min":0.00010996316632372327,"received_addresses":21,"max_pkt_from_sameId":228,"has_attacker":1}
{"received packets":712,"IAT_Mean":0.0028058446754830278,"IAT_Std":0.002277626846147673,"IAT_Max":0.016608000001724578,"IAT_Min":0.00016049846817622893,"received_addresses":20,"max_pkt_from_sameId":257,"has_attacker":1}
{"received packets":760,"IAT_Mean":0.002629730848146114,"IAT_Std":0.0025230553419482825,"IAT_Max":0.016608000001724578,"IAT_Min":0.00010844821372302249,"received_addresses":19,"max_pkt_from_sameId":175,"has_attacker":1}
{"received packets":712,"IAT_Mean":0.0028058403755044875,"IAT_Std":0.0025159826733698747,"IAT_Max":0.021927004021563336,"IAT_Min":0.00011045661085518077,"received_addresses":20,"max_pkt_from_sameId":271,"has_attacker":1}
{"received packets":711,"IAT_Mean":0.002809784626028867,"IAT_Std":0.0026403995574436069,"IAT_Max":0.02147028326362488,"IAT_Min":0.00010538663264014758,"received_addresses":20,"max_pkt_from_sameId":272,"has_attacker":1}
{"received packets":775,"IAT_Mean":0.0025777518874007998,"IAT_Std":0.002290075617802617,"IAT_Max":0.01660808038286632,"IAT_Min":0.00011060999531764537,"received_addresses":20,"max_pkt_from_sameId":192,"has_attacker":1}
{"received packets":732,"IAT_Mean":0.002729183084281674,"IAT_Std":0.0022256962678430705,"IAT_Max":0.016608000001724578,"IAT_Min":0.00011719067333615385,"received_addresses":20,"max_pkt_from_sameId":288,"has_attacker":1}
{"received packets":743,"IAT_Mean":0.0026887633694022609,"IAT_Std":0.002803450610166225,"IAT_Max":0.02130100000067614,"IAT_Min":0.00010884657604037784,"received_addresses":22,"max_pkt_from_sameId":212,"has_attacker":1}
{"received packets":724,"IAT_Mean":0.0027618766979388999,"IAT_Std":0.0021895289676321599,"IAT_Max":0.016607999998086599,"IAT_Min":0.00015744851043564267,"received_addresses":21,"max_pkt_from_sameId":222,"has_attacker":1}
{"received packets":748,"IAT_Mean":0.0026707914924902879,"IAT_Std":0.002729413025589339,"IAT_Max":0.028252029751456577,"IAT_Min":0.00011276115401415154,"received_addresses":20,"max_pkt_from_sameId":192,"has_attacker":1}
{"received packets":709,"IAT_Mean":0.002818078540192862,"IAT_Std":0.0029610044009687347,"IAT_Max":0.030599299247114688,"IAT_Min":0.00011205096598132513,"received_addresses":22,"max_pkt_from_sameId":264,"has_attacker":1}
{"received packets":672,"IAT_Mean":0.002972857718348331,"IAT_Std":0.0024760019967406726,"IAT_Max":0.021456999998918037,"IAT_Min":0.00010609331729938276,"received_addresses":20,"max_pkt_from_sameId":251,"has_attacker":1}
{"received packets":711,"IAT_Mean":0.002809784768334727,"IAT_Std":0.002259896511996743,"IAT_Max":0.016608080386504299,"IAT_Min":0.00010740131619968452,"received_addresses":20,"max_pkt_from_sameId":233,"has_attacker":1}
{"received packets":703,"IAT_Mean":0.002841762466246698,"IAT_Std":0.002454185146690039,"IAT_Max":0.016607999998086599,"IAT_Min":0.00011462664042483084,"received_addresses":21,"max_pkt_from_sameId":284,"has_attacker":1}
{"received packets":761,"IAT_Mean":0.002626731536097891,"IAT_Std":0.002577854269010591,"IAT_Max":0.014445084172621137,"IAT_Min":0.00010602835391182452,"received_addresses":24,"max_pkt_from_sameId":213,"has_attacker":1}
{"received packets":781,"IAT_Mean":0.002558817125856653,"IAT_Std":0.002040242711844513,"IAT_Max":0.014932150195818395,"IAT_Min":0.00010679164915927686,"received_addresses":23,"max_pkt_from_sameId":214,"has_attacker":1}
{"received packets":773,"IAT_Mean":0.0025844164342807886,"IAT_Std":0.002634378737016136,"IAT_Max":0.015693495217419696,"IAT_Min":0.0001072071427188348,"received_addresses":22,"max_pkt_from_sameId":231,"has_attacker":1}
{"received packets":727,"IAT_Mean":0.0027479508743750555,"IAT_Std":0.002224470211828694,"IAT_Max":0.013118410832248629,"IAT_Min":0.0001139182822953444,"received_addresses":21,"max_pkt_from_sameId":276,"has_attacker":1}
{"received packets":744,"IAT_Mean":0.0026851569678392579,"IAT_Std":0.002498231743595561,"IAT_Max":0.015693495221057675,"IAT_Min":0.00010732494411058724,"received_addresses":21,"max_pkt_from_sameId":214,"has_attacker":1}
{"received packets":735,"IAT_Mean":0.002720307059253235,"IAT_Std":0.002278718906988601,"IAT_Max":0.014458084173384123,"IAT_Min":0.0001108766591642052,"received_addresses":21,"max_pkt_from_sameId":257,"has_attacker":1}
{"received packets":683,"IAT_Mean":0.0029249783558581395,"IAT_Std":0.0025539704378536637,"IAT_Max":0.015693495217419696,"IAT_Min":0.00010875909720198251,"received_addresses":20,"max_pkt_from_sameId":278,"has_attacker":1}
{"received packets":701,"IAT_Mean":0.0028503486133823585,"IAT_Std":0.002543597553062784,