{"received packets":480,"IAT_Mean":0.004163566788762788,"IAT_Std":0.004394187106294005,"IAT_Max":0.02238005053368397,"IAT_Min":0.0001630473961995449,"received_addresses":24,"max_pkt_from_sameId":20,"has_attacker":0}
{"received packets":490,"IAT_Mean":0.004078612802951117,"IAT_Std":0.004289153476734778,"IAT_Max":0.02238008560379967,"IAT_Min":0.00016305108147207648,"received_addresses":25,"max_pkt_from_sameId":20,"has_attacker":0}
{"received packets":529,"IAT_Mean":0.0037779240313839718,"IAT_Std":0.0035457085758056315,"IAT_Max":0.02238009817301645,"IAT_Min":0.0001630253937037196,"received_addresses":29,"max_pkt_from_sameId":20,"has_attacker":0}
{"received packets":560,"IAT_Mean":0.003568779115039433,"IAT_Std":0.0028033724592259675,"IAT_Max":0.013124000473908382,"IAT_Min":0.0001630002043384593,"received_addresses":29,"max_pkt_from_sameId":20,"has_attacker":0}
{"received packets":541,"IAT_Mean":0.003694105459620168,"IAT_Std":0.0027567583312286278,"IAT_Max":0.013124000852258178,"IAT_Min":0.00016300086281262338,"received_addresses":28,"max_pkt_from_sameId":20,"has_attacker":0}
{"received packets":520,"IAT_Mean":0.0038432993118966316,"IAT_Std":0.002823491127809879,"IAT_Max":0.013124008750310168,"IAT_Min":0.0001630012338864617,"received_addresses":26,"max_pkt_from_sameId":20,"has_attacker":0}
{"received packets":540,"IAT_Mean":0.003700957576519512,"IAT_Std":0.002844453128649266,"IAT_Max":0.013124130906362553,"IAT_Min":0.0001630012302484829,"received_addresses":27,"max_pkt_from_sameId":20,"has_attacker":0}
{"received packets":566,"IAT_Mean":0.003530953158854833,"IAT_Std":0.0028632404019665977,"IAT_Max":0.013124147211783566,"IAT_Min":0.00016300157949444838,"received_addresses":28,"max_pkt_from_sameId":24,"has_attacker":1}
{"received packets":1631,"IAT_Mean":0.001225985106557156,"IAT_Std":0.0013361796733741996,"IAT_Max":0.011374071164027555,"IAT_Min":0.00013359952936298214,"received_addresses":27,"max_pkt_from_sameId":267,"has_attacker":1}
{"received packets":668,"IAT_Mean":0.0029917877657729965,"IAT_Std":0.0030833138688015008,"IAT_Max":0.021226247528829846,"IAT_Min":0.00013464490257319994,"received_addresses":22,"max_pkt_from_sameId":165,"has_attacker":1}
{"received packets":595,"IAT_Mean":0.0033609531575433829,"IAT_Std":0.003467671549252102,"IAT_Max":0.033915818232344466,"IAT_Min":0.00010733315139077604,"received_addresses":23,"max_pkt_from_sameId":212,"has_attacker":1}
