{"received packets":500,"IAT_Mean":0.003997024069278268,"IAT_Std":0.004403624693124445,"IAT_Max":0.02238001491059549,"IAT_Min":0.0001630857186682988,"received_addresses":25,"max_pkt_from_sameId":20,"has_attacker":0}
{"received packets":539,"IAT_Mean":0.003707829743292684,"IAT_Std":0.004330079431829904,"IAT_Max":0.022380010996130296,"IAT_Min":0.00016312248772010207,"received_addresses":27,"max_pkt_from_sameId":20,"has_attacker":0}
{"received packets":550,"IAT_Mean":0.0036336759156454887,"IAT_Std":0.0037637893139770637,"IAT_Max":0.022380009166226956,"IAT_Min":0.00016303879237966612,"received_addresses":29,"max_pkt_from_sameId":20,"has_attacker":0}
{"received packets":511,"IAT_Mean":0.003910990717874133,"IAT_Std":0.0032791256316509265,"IAT_Max":0.01312401722316281,"IAT_Min":0.00016300036804750562,"received_addresses":27,"max_pkt_from_sameId":20,"has_attacker":0}
{"received packets":520,"IAT_Mean":0.003843290432359936,"IAT_Std":0.003202340167279353,"IAT_Max":0.013124017164955149,"IAT_Min":0.0001630000006116461,"received_addresses":26,"max_pkt_from_sameId":20,"has_attacker":0}
{"received packets":520,"IAT_Mean":0.0038432992798894144,"IAT_Std":0.003128230284141979,"IAT_Max":0.013124017190421,"IAT_Min":0.00016300000788760372,"received_addresses":26,"max_pkt_from_sameId":20,"has_attacker":0}
{"received packets":530,"IAT_Mean":0.0037707869606098066,"IAT_Std":0.003132964317794319,"IAT_Max":0.013124017717927928,"IAT_Min":0.0001630000479053706,"received_addresses":27,"max_pkt_from_sameId":20,"has_attacker":0}
{"received packets":570,"IAT_Mean":0.0035061745353519465,"IAT_Std":0.0030679938712450695,"IAT_Max":0.013124009845341789,"IAT_Min":0.00016300005881930701,"received_addresses":28,"max_pkt_from_sameId":24,"has_attacker":1}
{"received packets":1870,"IAT_Mean":0.0010692950749664286,"IAT_Std":0.0012751339436445262,"IAT_Max":0.01137407026180881,"IAT_Min":0.0001335986817139201,"received_addresses":26,"max_pkt_from_sameId":268,"has_attacker":1}
{"received packets":611,"IAT_Mean":0.0032708907260183865,"IAT_Std":0.003700733485045733,"IAT_Max":0.03196321641371469,"IAT_Min":0.00013464427320286632,"received_addresses":21,"max_pkt_from_sameId":125,"has_attacker":1}
